Date,City,Temperature,Humidity,Pressure,Wind_Speed,Cloud_Cover,Weather,Rainfall
2011-12-25 03:00:00,Mysuru,13.7,81,925.7,24.12,57,Clear,0
2023-08-05 22:00:00,Anand,27.6,86,1002,40.68,100,Cloudy,0
2018-05-21 05:00:00,Bharuch,27.5,90,1002.3,46.8,0,Clear,0
2026-01-24 14:00:00,New_Delhi,16.4,46,996.7,37.08,6,Clear,0
2024-01-30 08:00:00,Mangaluru,25.6,64,1012.8,30.96,98,Cloudy,0
2000-02-29 08:00:00,Amravati,20.5,53,975.8,7.56,0,Clear,0
2014-11-27 23:00:00,Wayanad,20.5,86,927,6.48,100,Cloudy,0
2016-06-03 22:00:00,Ahmedabad,34,35,998.2,30.96,1,Clear,0
2007-03-11 06:00:00,Udaipur,15.7,74,946.5,16.2,0,Clear,0
2014-05-19 15:00:00,Karimnagar,38.8,29,973.5,32.04,67,Rain,0.1
2025-04-15 18:00:00,Kalaburagi,35.8,16,955.9,33.48,8,Clear,0
2008-11-05 04:00:00,Warangal,18.1,68,978.8,27.72,19,Clear,0
2005-10-16 15:00:00,Amravati,24.2,90,970.3,23.4,97,Rain,1.1
2025-04-23 02:00:00,Bikaner,26,9,981.4,33.12,0,Clear,0
2021-07-07 15:00:00,Mumbai,29.4,76,1003.9,50.04,89,Rain,0.1
2011-10-02 04:00:00,Kota,22.5,76,978.2,40.32,0,Clear,0
2016-07-19 13:00:00,Ganganagar,35,54,980.9,33.12,16,Clear,0
2009-09-24 20:00:00,Delhi_North,29.9,66,978.4,29.52,0,Clear,0
1997-10-02 06:00:00,Solapur,21.8,93,961.4,28.44,0,Clear,0
2021-05-02 04:00:00,Kolhapur,25,87,946.6,16.56,44,Clear,0
1997-05-04 23:00:00,Ratnagiri,25.6,87,1000.7,31.32,1,Clear,0
2003-09-05 15:00:00,Bikaner,32.8,44,976.3,35.28,91,Cloudy,0
1998-12-22 13:00:00,Kalaburagi,27.5,31,961.8,21.96,0,Clear,0
2020-07-25 07:00:00,Jaipur,26.5,86,957.5,24.48,84,Cloudy,0
2005-08-23 02:00:00,Mumbai,25.1,89,1008,25.2,100,Cloudy,0
2020-12-12 19:00:00,Ajmer,17.5,57,960.1,32.4,2,Clear,0
2006-06-04 06:00:00,Shivamogga,21.2,98,943.1,55.8,100,Rain,0.2
2009-09-23 03:00:00,Thrissur,24.7,93,1006.7,12.6,82,Rain,0.2
1997-08-30 10:00:00,Anand,28.2,82,1002.2,28.8,99,Cloudy,0
2010-06-09 05:00:00,Kochi,25.2,94,1007.2,11.52,100,Rain,0.2
2019-10-29 11:00:00,Shivamogga,27.1,66,947.8,54,11,Rain,0.1
2010-04-09 23:00:00,Solapur,32.9,34,957.6,68.04,58,Clear,0
2020-10-18 22:00:00,Hubballi,21.9,98,940.4,29.88,97,Cloudy,0
2006-05-13 16:00:00,Mysuru,29.3,54,927,55.8,67,Rain,2.6
2013-11-04 12:00:00,Kota,30,24,988.8,23.4,0,Clear,0
2001-12-30 04:00:00,Kalaburagi,20,63,965,25.56,96,Cloudy,0
2008-08-28 08:00:00,Warangal,26.4,87,979,30.24,94,Rain,0.1
2021-03-18 15:00:00,Bengaluru,32.2,17,912,58.32,96,Cloudy,0
2024-11-23 10:00:00,Kollam,30.5,58,1010.2,49.32,100,Cloudy,0
2009-09-24 07:00:00,Kolhapur,22.6,95,949.2,21.96,50,Clear,0
2005-11-20 06:00:00,Nashik,14,72,947.9,32.76,0,Clear,0
2007-12-15 03:00:00,Warangal,21.8,75,980.7,10.8,63,Cloudy,0
2012-01-28 15:00:00,Udaipur,23.1,25,947.9,31.68,14,Clear,0
2000-06-22 18:00:00,Kolhapur,24.2,86,944.3,55.08,98,Cloudy,0
2013-03-25 11:00:00,Udaipur,29.2,19,951.4,32.4,23,Clear,0
2011-03-10 03:00:00,Surat,20.1,85,1008.9,40.68,0,Clear,0
2003-10-07 03:00:00,Khammam,23.9,94,986,55.8,100,Rain,1.1
2010-01-25 18:00:00,Delhi_North,20.7,68,989.5,27.36,0,Clear,0
2025-11-01 04:00:00,Nashik,21.6,100,945.1,19.08,100,Cloudy,0
2019-12-18 17:00:00,Kochi,28.6,67,1007.7,23.4,17,Clear,0
2019-06-09 00:00:00,Idukki,20.4,98,897.6,43.92,81,Rain,0.1
2025-07-09 17:00:00,Surat,28.4,80,1000,61.56,96,Rain,0.1
2005-01-07 03:00:00,Bengaluru,14.3,95,912.7,33.84,8,Clear,0
2025-09-27 10:00:00,Junagadh,29.4,76,1000.1,30.24,80,Cloudy,0
2013-03-19 02:00:00,Ratnagiri,24.2,91,1000.4,6.48,34,Clear,0
2003-11-30 16:00:00,Ratnagiri,31,46,1001.8,25.2,100,Cloudy,0
2020-12-28 20:00:00,Shivamogga,21.7,44,945.5,38.52,19,Clear,0
2020-04-26 06:00:00,Mangaluru,27.2,81,1006.2,24.12,54,Clear,0
2006-09-11 06:00:00,Jaipur,23.4,82,957.8,33.48,28,Clear,0
2009-06-26 09:00:00,Kochi,24.4,93,1010.5,11.88,100,Rain,2.1
2025-11-30 03:00:00,Bikaner,14.4,55,988.5,26.64,97,Cloudy,0
2022-05-04 02:00:00,Bengaluru,21.6,83,908.7,21.24,18,Clear,0
2003-08-08 15:00:00,Thrissur,27,84,1004.6,55.44,100,Rain,0.3
2000-11-09 23:00:00,Kochi,25.7,89,1009.5,14.76,75,Cloudy,0
2019-10-03 11:00:00,Hyderabad,28.5,68,956.9,24.12,82,Rain,0.1
2011-10-11 00:00:00,Shivamogga,22.5,93,947.9,16.56,100,Rain,1.5
2011-12-02 08:00:00,Nashik,21.7,73,948.2,22.32,0,Clear,0
1996-04-02 07:00:00,Khammam,27,81,993.5,30.24,41,Clear,0
2017-09-06 02:00:00,Nashik,20.8,99,943.8,16.2,98,Cloudy,0
2021-10-18 20:00:00,Thrissur,24.6,94,1008.4,15.84,100,Cloudy,0
2007-08-18 01:00:00,Jodhpur,25.7,84,977.3,83.88,9,Clear,0
2000-03-10 18:00:00,Ratnagiri,26.4,43,1000.6,33.84,0,Clear,0
2023-09-21 09:00:00,Hyderabad,26.6,81,954.8,50.4,100,Rain,0.1
2010-01-03 04:00:00,Chikkamagaluru,14.5,82,899.5,20.16,0,Clear,0
2000-03-18 01:00:00,Kochi,27,77,1008,6.48,6,Clear,0
2025-10-31 03:00:00,Kozhikode,22.8,100,1009.8,4.68,95,Cloudy,0
1996-12-12 09:00:00,Junagadh,19.2,40,1006.6,39.24,0,Clear,0
2025-05-07 20:00:00,Shivamogga,25.6,72,945.1,45.72,5,Clear,0
2012-11-28 10:00:00,Aurangabad,27,52,949.5,14.04,0,Clear,0
2021-02-22 21:00:00,Bharuch,24.5,44,1011.7,32.04,0,Clear,0
1997-09-08 01:00:00,Jaipur,24.9,80,958.7,16.92,100,Cloudy,0
2000-04-17 10:00:00,Nagpur,37.7,24,973.7,23.76,0,Clear,0
1996-07-20 07:00:00,Thiruvananthapuram,23.6,94,1007.6,84.24,99,Rain,0.6
2000-07-02 07:00:00,Khammam,24.5,88,988.5,35.64,100,Rain,0.2
2023-03-06 23:00:00,Amravati,23.8,44,976.9,39.24,94,Cloudy,0
1997-07-06 10:00:00,Kozhikode,26.1,86,1009.5,37.8,100,Rain,0.9
2021-03-07 22:00:00,Kochi,27.2,90,1011.3,9.36,14,Clear,0
2007-09-25 10:00:00,Solapur,26.7,79,953.8,59.76,54,Clear,0
2003-01-20 17:00:00,Kolhapur,30.5,32,949.7,7.92,63,Cloudy,0
2009-12-12 14:00:00,Karimnagar,29.4,37,979.4,34.2,50,Clear,0
1998-03-22 11:00:00,Kota,35.3,24,981,57.24,5,Clear,0
1996-07-13 18:00:00,Barmer,37.2,32,974.3,92.16,84,Cloudy,0
2019-10-26 05:00:00,Hubballi,21,94,937.8,62.64,100,Rain,2.3
2003-06-17 23:00:00,Chikkamagaluru,20.5,98,897.5,32.04,100,Rain,0.4
2007-11-30 05:00:00,Bharuch,19.9,67,1011.1,32.4,13,Clear,0
2006-10-24 03:00:00,Hubballi,21,63,941.8,33.48,39,Clear,0
2005-06-11 13:00:00,Surat,34,48,1002.1,74.16,0,Clear,0
2018-01-23 07:00:00,Thrissur,23.9,81,1008.1,26.64,33,Clear,0
2010-06-20 17:00:00,Junagadh,34.4,49,992.3,67.32,70,Cloudy,0
2019-06-17 14:00:00,Thiruvananthapuram,29.5,77,1006.9,82.08,93,Rain,0.1
1998-02-08 01:00:00,Ganganagar,12.7,48,997.8,23.04,35,Clear,0
2004-12-03 12:00:00,Rajkot,29.4,30,1004.9,40.32,92,Cloudy,0
1998-06-06 20:00:00,Rajkot,32.9,49,989.5,73.44,7,Clear,0
2001-07-31 00:00:00,Ganganagar,27.2,86,982.1,14.4,19,Clear,0
2021-08-25 17:00:00,Thrissur,27.5,80,1004,32.04,74,Rain,0.1
2002-05-19 12:00:00,Shivamogga,26.2,75,943.7,70.56,99,Rain,0.1
2003-07-23 07:00:00,Kollam,24.9,92,1007.3,39.6,100,Cloudy,0
2009-12-29 06:00:00,Shivamogga,20,98,945.4,9,99,Cloudy,0
2013-10-15 20:00:00,Amravati,25.3,81,971.5,23.76,37,Clear,0
2003-05-17 12:00:00,Wayanad,27.6,69,926.4,49.68,94,Cloudy,0
2009-09-26 04:00:00,Warangal,27.4,63,975.4,46.8,75,Cloudy,0
2007-12-06 01:00:00,Rajkot,20.5,59,1002.2,36,97,Cloudy,0
1996-12-17 15:00:00,Ratnagiri,29.9,50,1002.2,45.72,99,Cloudy,0
2000-04-11 10:00:00,Ajmer,33.9,16,955,41.04,0,Clear,0
2000-02-13 19:00:00,Ganganagar,12.7,52,996.2,33.12,0,Clear,0
1999-02-28 02:00:00,Warangal,24.1,58,981.7,36.36,15,Clear,0
2010-07-31 03:00:00,Pune,22.4,97,941.9,49.32,100,Rain,1
2021-07-18 16:00:00,Karimnagar,29.8,73,970,32.76,77,Rain,0.1
1998-09-17 03:00:00,Kozhikode,24.1,92,1006.4,7.92,98,Rain,0.3
2004-04-17 15:00:00,Udaipur,35.9,15,942.1,65.16,48,Clear,0
1997-06-25 22:00:00,Pune,23.5,95,942.2,55.8,100,Rain,0.1
2006-10-26 11:00:00,Ahmedabad,32.9,30,1009.8,15.84,0,Clear,0
2017-03-10 09:00:00,Bharuch,25.6,58,1007.4,44.28,66,Cloudy,0
1998-12-15 01:00:00,Ratnagiri,25.1,75,1004.2,12.24,80,Cloudy,0
2013-08-28 06:00:00,Warangal,23.3,92,976.9,21.96,100,Rain,1
2023-03-20 11:00:00,Delhi_North,23.2,63,984.2,34.92,100,Cloudy,0
2021-11-05 16:00:00,Amravati,29,48,971.8,13.68,5,Clear,0
2002-11-28 03:00:00,Ajmer,16.1,50,960.2,33.48,5,Clear,0
2022-09-11 14:00:00,Idukki,20.8,92,895.7,65.52,100,Rain,1.1
2006-04-29 19:00:00,Wayanad,23.3,83,925.5,31.32,65,Cloudy,0
2017-08-11 06:00:00,Hubballi,22.2,93,939.2,29.88,100,Cloudy,0
2008-11-28 16:00:00,Ratnagiri,30.3,51,999.6,65.88,100,Cloudy,0
2007-12-14 13:00:00,Hubballi,28.8,40,940.6,50.76,37,Clear,0
2000-08-02 04:00:00,Rajkot,25.6,86,988.8,56.88,59,Clear,0
2004-05-19 00:00:00,Kalaburagi,24.7,81,955.6,76.32,98,Rain,0.1
2001-08-03 18:00:00,Thrissur,23.7,94,1004.8,39.24,100,Rain,0.9
2012-01-07 06:00:00,Aurangabad,12.8,81,946.9,26.64,18,Clear,0
1997-03-28 15:00:00,Solapur,34.6,30,955.7,11.16,25,Clear,0
2003-09-13 04:00:00,Delhi_North,23.4,88,977.1,4.68,42,Clear,0
1996-12-27 03:00:00,Pune,16.2,70,951.8,29.88,79,Cloudy,0
2007-01-11 04:00:00,Delhi_North,6.8,82,991.3,38.16,64,Cloudy,0
2025-03-01 12:00:00,Bhavnagar,32.5,27,1010.8,38.88,71,Cloudy,0
2018-10-24 07:00:00,Shivamogga,20.8,85,948,12.96,18,Clear,0
2007-10-30 05:00:00,Adilabad,18.9,85,977,21.6,10,Clear,0
1999-02-16 14:00:00,Udaipur,26,46,952,14.04,49,Rain,0.2
2026-02-07 23:00:00,New_Delhi,15.9,79,991.4,24.84,0,Clear,0
2002-07-02 18:00:00,Bhavnagar,30.8,70,999.8,70.56,95,Cloudy,0
2014-04-12 17:00:00,Surat,32,39,1005,64.44,0,Clear,0
2020-10-09 12:00:00,Amravati,29.8,74,970.3,13.32,58,Rain,0.2
2011-10-29 12:00:00,Udaipur,29.2,29,951.1,39.24,0,Clear,0
2008-05-07 18:00:00,Kochi,26.7,85,1006.6,8.28,96,Rain,0.2
2018-02-20 01:00:00,Aurangabad,23.1,31,945.1,61.56,8,Clear,0
1996-10-19 07:00:00,Shivamogga,20.9,99,944,32.04,100,Rain,1.2
1999-03-30 19:00:00,Adilabad,34.1,16,976.4,24.84,0,Clear,0
2010-10-24 22:00:00,Rajkot,25.6,70,995.2,30.96,19,Clear,0
1997-02-04 14:00:00,Bengaluru,27,39,910.7,21.24,57,Clear,0
2002-04-23 16:00:00,Nagpur,41.4,10,967.7,27,0,Clear,0
2010-04-15 11:00:00,Solapur,37.5,28,959.7,42.48,46,Clear,0
2020-06-07 00:00:00,New_Delhi,28.5,61,978.4,34.2,18,Clear,0
2022-04-23 22:00:00,Kota,29,22,978.3,26.28,0,Clear,0
2020-09-23 15:00:00,Ajmer,34.4,34,947.2,27.36,49,Clear,0
2022-07-04 19:00:00,Ajmer,29.6,72,944.6,15.12,16,Clear,0
2013-02-09 23:00:00,Solapur,26.4,36,959.4,56.52,47,Clear,0
2018-10-18 11:00:00,Pune,27,60,952,17.64,99,Cloudy,0
2021-05-05 07:00:00,Pune,27,55,948.3,16.92,0,Clear,0
2021-07-16 16:00:00,Ahmedabad,32.5,66,993.7,47.52,28,Rain,0.2
2020-07-07 15:00:00,Karimnagar,31.9,56,970.7,52.92,91,Cloudy,0
1996-10-07 20:00:00,Warangal,26,81,981.6,24.84,98,Cloudy,0
2016-03-20 02:00:00,Chikkamagaluru,21.9,95,899.9,14.04,66,Cloudy,0
2007-09-05 04:00:00,Karimnagar,25.6,83,970.3,41.4,100,Rain,0.2
2017-08-12 03:00:00,Nagpur,25.5,81,969.3,32.04,100,Cloudy,0
2010-03-10 03:00:00,Chikkamagaluru,19.6,72,900.1,23.76,0,Clear,0
2015-12-12 07:00:00,Nagpur,20.8,86,976.1,30.24,16,Clear,0
2004-08-03 06:00:00,Bhavnagar,25.5,91,996.1,49.32,100,Rain,0.7
2002-09-17 23:00:00,Aurangabad,22.1,81,946.1,25.92,25,Clear,0
2023-03-05 00:00:00,Jaipur,20.1,60,970,12.96,91,Cloudy,0
2015-08-28 11:00:00,Ahmedabad,29.9,67,1000.9,24.48,80,Cloudy,0
1999-09-28 05:00:00,Bikaner,27.8,41,981.4,28.08,5,Clear,0
2007-07-25 14:00:00,Adilabad,32,61,974.6,12.24,92,Cloudy,0
2013-06-12 03:00:00,Kochi,24.6,94,1005.8,20.88,100,Rain,4.3
2021-08-05 05:00:00,Ganganagar,28.8,75,979,21.24,32,Clear,0
2005-01-16 10:00:00,Warangal,24.4,61,986.1,50.4,21,Clear,0
2011-02-18 05:00:00,Anand,15.9,64,1006.3,24.12,0,Clear,0
2009-08-07 05:00:00,Ganganagar,29.7,63,976.9,57.24,0,Clear,0
2020-10-17 02:00:00,Anand,28.1,76,998.4,16.92,33,Clear,0
2006-03-14 00:00:00,Hubballi,20.1,84,941.3,30.24,1,Clear,0
2000-04-07 21:00:00,Nashik,29,42,947.2,23.4,80,Cloudy,0
2005-03-27 22:00:00,Ganganagar,20,64,988.1,33.84,0,Clear,0
2018-08-17 23:00:00,Barmer,27.9,88,976.3,18,100,Rain,0.1
2009-11-29 18:00:00,Kozhikode,26.8,79,1009.8,16.56,22,Clear,0
2005-06-09 15:00:00,Ganganagar,40.2,24,978.4,15.48,23,Clear,0
1996-01-02 21:00:00,Hyderabad,20.9,59,959.7,55.8,7,Clear,0
2006-09-22 03:00:00,Idukki,18,100,897.1,15.48,100,Cloudy,0
2018-05-14 20:00:00,Ganganagar,31.9,30,982.8,37.8,3,Clear,0
2008-06-05 05:00:00,Ratnagiri,25.7,87,999.2,44.64,65,Cloudy,0
1998-12-16 19:00:00,Warangal,21.8,58,984.4,28.8,63,Cloudy,0
2019-05-01 05:00:00,Bikaner,27.8,30,975,59.76,0,Clear,0
2022-11-23 21:00:00,Warangal,24.2,79,982.8,32.4,99,Cloudy,0
2001-07-29 15:00:00,Junagadh,29,78,993.9,73.8,91,Rain,0.2
2019-08-29 20:00:00,Hyderabad,25.8,80,949.4,20.16,93,Cloudy,0
2023-12-16 11:00:00,Wayanad,27.2,55,930.1,26.64,100,Cloudy,0
2001-12-08 15:00:00,Pune,28.8,26,951.3,23.4,0,Clear,0
2019-12-13 03:00:00,Solapur,21.8,54,958.5,46.08,24,Clear,0
2017-04-20 17:00:00,Wayanad,26.5,78,925.3,34.56,95,Cloudy,0
2007-09-04 04:00:00,Rajkot,25.1,97,986.5,21.96,99,Cloudy,0
2011-11-02 04:00:00,Ratnagiri,23.9,98,1000.1,13.68,65,Cloudy,0
2005-06-05 23:00:00,Bengaluru,21.3,95,908.4,29.52,80,Cloudy,0
2002-09-09 07:00:00,Mysuru,21.4,85,928.6,56.88,98,Cloudy,0
2016-11-20 02:00:00,Aurangabad,15,72,944.5,25.2,0,Clear,0
2021-07-10 14:00:00,Nizamabad,28.1,76,956.7,33.12,98,Rain,2.2
1998-10-08 21:00:00,Shivamogga,22.3,96,944,18.36,100,Rain,0.1
2017-01-29 12:00:00,Bhavnagar,25.8,39,1013.9,32.4,0,Clear,0
2019-08-07 04:00:00,Kota,25.3,96,966.9,27.72,100,Rain,1.8
2001-12-14 08:00:00,Wayanad,18.6,70,932.3,26.64,0,Clear,0
2012-11-23 04:00:00,Bharuch,16.8,68,1009,28.8,0,Clear,0
2015-05-02 12:00:00,Kozhikode,30.9,66,1008.9,28.44,46,Clear,0
1996-01-01 08:00:00,Nagpur,19.4,79,982,27.36,92,Rain,0.2
2007-12-02 20:00:00,Mysuru,21.5,64,931.2,39.24,18,Clear,0
2016-11-16 05:00:00,Barmer,15.3,59,993,44.28,0,Clear,0
2007-12-23 12:00:00,Bikaner,23.2,31,989.9,17.64,59,Clear,0
2019-08-08 12:00:00,Hyderabad,28.9,68,943.7,116.64,100,Rain,0.1
2024-12-12 23:00:00,Kolhapur,21.2,57,949.6,30.24,100,Cloudy,0
2017-08-09 00:00:00,Bhavnagar,27.3,80,1002.2,41.04,86,Cloudy,0
2006-08-29 08:00:00,Warangal,26,74,976.4,71.28,100,Cloudy,0
2006-08-25 23:00:00,Warangal,26.1,76,979.2,24.48,97,Cloudy,0
2010-08-24 11:00:00,New_Delhi,30.2,71,977.8,28.08,24,Clear,0
2013-06-25 11:00:00,Wayanad,21.5,95,926.3,50.4,100,Rain,1
2022-06-20 20:00:00,Anand,29.1,79,995.1,70.92,19,Clear,0
2000-11-02 04:00:00,Mangaluru,25.4,91,1005.5,27.36,92,Cloudy,0
2014-08-29 18:00:00,Kochi,24.7,91,1006.5,41.04,98,Rain,1.6
1999-03-31 08:00:00,Ratnagiri,25.8,84,1002.4,15.84,63,Cloudy,0
2018-02-04 03:00:00,Ahmedabad,16.3,48,1005.6,33.12,0,Clear,0
2002-04-05 04:00:00,Nashik,21.2,89,943.3,25.92,8,Clear,0
2001-08-26 22:00:00,Amravati,25.2,86,967.6,38.88,11,Clear,0
1997-12-22 18:00:00,Mumbai,24.2,67,1014,30.6,32,Clear,0
2020-07-02 04:00:00,Kollam,24.8,94,1004.8,28.44,93,Cloudy,0
2016-10-27 10:00:00,Mysuru,27.5,45,932,33.48,7,Clear,0
1999-07-29 10:00:00,Thrissur,26.2,82,1007.8,50.04,97,Rain,0.2
2003-09-30 03:00:00,Bikaner,24.6,81,980.9,29.52,38,Clear,0
1999-02-17 20:00:00,Aurangabad,24.7,49,948.8,23.04,31,Clear,0
2019-11-24 11:00:00,Kalaburagi,27.5,48,964.3,43.2,1,Clear,0
2024-05-13 18:00:00,Dharwad,32.5,35,928.9,13.68,34,Clear,0
1997-12-26 18:00:00,Bharuch,26.1,54,1010.1,16.92,64,Cloudy,0
2018-12-09 16:00:00,Karimnagar,29.1,51,979.1,17.64,22,Clear,0
2010-04-10 20:00:00,Idukki,22.9,82,897.5,14.4,93,Cloudy,0
2024-11-27 18:00:00,Nizamabad,22,49,967.2,29.88,22,Clear,0
2019-07-24 23:00:00,Pune,23.5,90,945.1,68.04,99,Rain,0.1
2009-08-11 03:00:00,Nashik,22,95,940.5,36.36,100,Cloudy,0
2017-10-02 04:00:00,Mangaluru,23.9,95,1004,36,94,Cloudy,0
2022-02-08 01:00:00,Bharuch,17.1,94,1011.4,27.36,0,Clear,0
2012-02-20 04:00:00,Solapur,22.6,40,958.1,42.12,0,Clear,0
2002-02-20 19:00:00,Surat,27.4,36,1011.6,36.72,0,Clear,0
2004-06-10 11:00:00,Ganganagar,34.6,40,984.3,4.68,4,Clear,0
2006-03-22 09:00:00,Kozhikode,28.3,73,1009.7,9,30,Clear,0
2000-03-19 09:00:00,Bharuch,28.4,18,1010.3,20.16,0,Clear,0
2009-05-04 04:00:00,Warangal,28.6,65,975.6,35.64,0,Clear,0
2006-06-29 18:00:00,Kalaburagi,25.3,85,952.7,47.52,100,Rain,1.1
2009-08-10 14:00:00,Udaipur,29.1,66,940.6,48.24,92,Rain,0.1
2020-10-21 08:00:00,Aurangabad,24.9,84,945.2,21.6,59,Clear,0
2024-06-09 01:00:00,Jaipur,30.4,29,953.9,21.24,0,Clear,0
2021-07-15 19:00:00,Barmer,31.6,64,976.9,39.24,38,Clear,0
2022-04-15 14:00:00,Shivamogga,32.2,38,942.6,10.44,50,Clear,0
2003-03-05 06:00:00,Adilabad,18.9,21,981.4,39.96,0,Clear,0
2017-11-15 11:00:00,Kollam,29.1,69,1008,45.36,96,Cloudy,0
2019-11-12 22:00:00,Idukki,19.1,97,899.1,42.12,41,Clear,0
2022-10-03 07:00:00,Kota,24.6,69,979.9,39.96,0,Clear,0
2017-10-14 17:00:00,Mysuru,22.9,87,924.7,41.76,100,Cloudy,0
2009-06-16 11:00:00,Dharwad,27.1,64,929.8,46.8,74,Cloudy,0
2006-06-18 18:00:00,Nizamabad,34.1,41,958.8,12.96,28,Clear,0
1999-06-15 22:00:00,Wayanad,20.2,99,927.4,31.32,100,Rain,0.3
1998-07-22 21:00:00,Hyderabad,26.4,84,949.2,18,18,Clear,0
2013-02-24 05:00:00,Bikaner,10.2,99,991.2,24.84,81,Cloudy,0
2018-10-29 08:00:00,Nizamabad,24.9,51,970.8,22.68,0,Clear,0
1999-04-11 09:00:00,New_Delhi,32.9,15,981.1,11.52,0,Clear,0
2001-04-25 14:00:00,Rajkot,39.9,12,991.7,40.68,23,Clear,0
2011-12-30 04:00:00,Bhavnagar,18,59,1011.8,45.72,0,Clear,0
2001-01-07 03:00:00,Pune,18.3,74,948.8,7.56,33,Clear,0
2019-11-18 11:00:00,Mysuru,26.6,62,931.5,58.68,100,Cloudy,0
2023-06-23 13:00:00,Pune,32.2,49,945.2,68.76,43,Rain,0.2
2021-12-17 09:00:00,Pune,20.9,69,955.3,24.12,14,Clear,0
1997-06-12 02:00:00,Jaipur,26.9,64,954.3,30.24,2,Clear,0
2008-10-31 05:00:00,Ganganagar,18.9,90,992.7,21.96,0,Clear,0
2013-08-02 20:00:00,Khammam,26.6,78,988.5,19.8,78,Cloudy,0
2005-02-18 00:00:00,Chikkamagaluru,19.8,96,899.5,15.48,63,Cloudy,0
2008-02-22 14:00:00,Ahmedabad,31.5,18,1005.7,31.32,0,Clear,0
2011-09-17 16:00:00,Barmer,28.8,69,979.8,62.28,49,Clear,0
1999-02-23 04:00:00,Jodhpur,15.7,63,987,18.36,86,Cloudy,0
2024-05-16 04:00:00,Jaipur,28.2,19,960.6,28.8,0,Clear,0
1996-06-14 00:00:00,Solapur,24.3,92,950.4,37.8,100,Rain,1.7
2011-09-29 20:00:00,Wayanad,22,96,927,25.56,97,Cloudy,0
2016-11-05 17:00:00,Kolhapur,29,25,947,5.4,3,Clear,0
2004-12-24 00:00:00,Barmer,14.1,40,992.4,44.64,1,Clear,0
1999-09-05 23:00:00,Hyderabad,22.8,90,950.8,55.08,85,Rain,0.8
1997-05-23 09:00:00,Mumbai,29.2,68,1010.8,29.88,75,Rain,0.1
1997-11-11 14:00:00,Nagpur,29.3,48,976.7,26.64,93,Cloudy,0
2015-04-15 17:00:00,Bharuch,32.7,41,1006.2,7.92,36,Clear,0
2006-05-14 16:00:00,Kalaburagi,41.7,10,954.1,38.52,62,Cloudy,0
2017-08-02 03:00:00,Mysuru,21.4,92,928.1,35.64,99,Cloudy,0
2024-12-09 09:00:00,Hubballi,25.9,70,944.2,27,5,Clear,0
1997-03-02 08:00:00,Mysuru,22,45,932,16.92,0,Clear,0
1997-07-13 01:00:00,Thrissur,23.8,91,1007.8,9,83,Rain,0.1
2006-07-15 08:00:00,Kochi,25.1,92,1009.9,24.84,100,Rain,0.3
2007-12-02 08:00:00,Barmer,18.6,58,994,47.52,22,Clear,0
2014-11-12 06:00:00,Ahmedabad,24.4,55,1005.6,43.2,10,Clear,0
2018-08-17 05:00:00,Thrissur,24.1,94,1005.2,45.72,100,Rain,1.4
2002-10-12 17:00:00,Idukki,20.2,86,896.1,19.44,98,Rain,0.1
2023-05-04 21:00:00,Wayanad,22.5,94,926.8,18.36,100,Cloudy,0
2009-04-26 10:00:00,Nagpur,38.4,10,976.3,46.44,0,Clear,0
2011-03-14 04:00:00,Mangaluru,25.3,90,1006.6,23.04,56,Clear,0
2017-10-02 17:00:00,Nizamabad,28.9,74,961.1,20.52,100,Rain,0.1
2018-03-27 19:00:00,Solapur,36.7,18,956.9,23.76,35,Clear,0
2005-05-07 13:00:00,Aurangabad,37,19,942.1,36,13,Clear,0
2017-09-08 18:00:00,Wayanad,24.1,87,923.1,22.32,96,Cloudy,0
2007-06-12 10:00:00,Ajmer,32.8,48,947.2,66.6,1,Clear,0
2024-06-23 04:00:00,Karimnagar,25.2,93,969.5,18.72,100,Rain,1.3
2025-02-27 07:00:00,Thrissur,27,56,1010.6,65.52,92,Cloudy,0
2004-03-12 12:00:00,Mangaluru,32.5,51,1008.9,40.32,45,Clear,0
2007-01-25 08:00:00,Kozhikode,23.7,76,1013.6,15.48,24,Clear,0
1999-02-04 07:00:00,Mangaluru,23.9,92,1009.7,14.76,51,Clear,0
2017-02-22 11:00:00,Khammam,32.6,41,997.9,29.16,0,Clear,0
2012-06-19 19:00:00,Mangaluru,24.9,92,1006.4,54,100,Rain,0.8
2018-04-19 04:00:00,Khammam,27,82,992,42.12,71,Cloudy,0
2012-04-18 14:00:00,New_Delhi,33.3,32,981.3,40.68,11,Clear,0
2011-12-22 04:00:00,Hyderabad,14.6,63,955.7,35.28,35,Clear,0
2014-08-07 14:00:00,Thiruvananthapuram,26.9,78,1006.5,78.12,100,Cloudy,0
2021-02-23 21:00:00,Nagpur,24.9,32,977.5,16.56,0,Clear,0
2012-12-12 03:00:00,Nashik,17.7,85,945.9,12.96,0,Clear,0
2026-02-09 16:00:00,Adilabad,29.5,25,982.5,23.4,0,Clear,0
2014-09-25 05:00:00,Hyderabad,21.7,92,953.1,21.96,98,Cloudy,0
2008-07-07 23:00:00,Ratnagiri,25.3,91,999.1,46.08,99,Rain,0.5
2023-01-24 22:00:00,Mysuru,20,94,930.4,12.96,99,Cloudy,0
2021-10-09 13:00:00,Chikkamagaluru,20.7,93,898,43.92,99,Rain,3.2
2013-05-01 18:00:00,Delhi_North,33.9,15,977.2,31.32,92,Cloudy,0
2023-06-18 20:00:00,Ahmedabad,31.8,58,996.4,69.12,100,Cloudy,0
2000-01-15 16:00:00,Bengaluru,28.2,35,911,31.32,44,Clear,0
2012-11-29 20:00:00,Barmer,22.6,32,991,62.28,0,Clear,0
2025-01-12 16:00:00,Surat,28,29,1011.1,42.84,0,Clear,0
2012-12-05 21:00:00,Bengaluru,20.4,89,913.8,42.84,79,Cloudy,0
2000-08-30 23:00:00,Mangaluru,23.9,96,1008.4,11.52,97,Rain,0.3
2002-07-11 18:00:00,Mumbai,27.9,78,1003.6,63,100,Rain,0.1
2005-04-18 05:00:00,Jaipur,21.9,26,961.3,28.44,0,Clear,0
1996-10-21 10:00:00,Ratnagiri,27.9,72,1001.1,40.32,58,Clear,0
2014-11-11 05:00:00,Udaipur,18.7,65,949.2,28.8,63,Cloudy,0
2017-01-30 02:00:00,Bharuch,18.2,63,1011.4,28.8,0,Clear,0
2023-12-20 02:00:00,Nagpur,12.8,71,981.7,25.92,73,Cloudy,0
2014-01-18 15:00:00,Shivamogga,30,38,946.8,10.08,51,Clear,0
2014-12-05 18:00:00,Mumbai,28.5,57,1010.4,42.12,0,Clear,0
2020-10-06 09:00:00,Karimnagar,28.8,62,977.9,56.88,100,Cloudy,0
2018-09-01 21:00:00,Ahmedabad,25.3,94,1000.4,31.32,100,Rain,0.1
2020-12-24 07:00:00,Bharuch,15.1,95,1010.2,23.04,0,Clear,0
2009-12-11 07:00:00,Kochi,23,83,1009.3,20.16,91,Cloudy,0
1996-03-26 02:00:00,Adilabad,26,47,974.4,22.68,0,Clear,0
2011-08-05 20:00:00,Udaipur,26.5,80,938,40.32,99,Cloudy,0
2003-02-10 20:00:00,Nizamabad,26.2,45,966.4,25.92,16,Clear,0
2000-07-12 01:00:00,Mysuru,20.7,95,923.8,70.56,100,Rain,0.8
1998-04-18 20:00:00,Chikkamagaluru,27.4,59,901.6,28.8,39,Clear,0
1998-06-05 18:00:00,Chikkamagaluru,25,74,897.4,46.8,12,Clear,0
1996-12-09 21:00:00,Aurangabad,17.4,55,948.6,33.12,0,Clear,0
2006-09-27 09:00:00,Amravati,27.7,74,970.7,53.28,20,Clear,0
1998-07-05 19:00:00,Barmer,30.8,67,975.8,74.88,100,Cloudy,0
2016-10-28 12:00:00,Thrissur,29.2,79,1008,26.28,13,Clear,0
1996-10-10 02:00:00,Nizamabad,23.2,73,966.9,22.32,1,Clear,0
2011-06-26 22:00:00,Nagpur,25.2,90,965.9,42.84,100,Rain,0.9
2019-08-23 11:00:00,Bikaner,35.3,45,978.5,66.96,4,Clear,0
2018-10-13 07:00:00,Pune,23,74,950.6,19.44,34,Clear,0
1999-04-19 05:00:00,Surat,25.1,78,1004.2,7.2,0,Clear,0
2016-11-12 20:00:00,Kochi,26.7,87,1011.6,15.84,25,Clear,0
2023-10-16 01:00:00,Dharwad,22.8,84,930.5,23.76,61,Cloudy,0
2023-01-13 17:00:00,Ganganagar,13.9,54,993.9,36.72,7,Clear,0
2017-06-12 11:00:00,Ratnagiri,25.9,96,996.8,11.16,100,Rain,1.3
1996-10-07 02:00:00,Barmer,26,47,986,62.28,1,Clear,0
2022-06-10 13:00:00,Surat,34.5,53,1001.3,65.88,40,Clear,0
2016-11-20 08:00:00,Solapur,21.1,50,962.1,33.84,81,Cloudy,0
2002-06-24 02:00:00,Mumbai,26.8,93,1003.2,51.48,100,Rain,1.2
2003-05-26 00:00:00,Kozhikode,27.6,89,1009.8,10.44,36,Clear,0
2010-10-02 21:00:00,Solapur,25,82,956.7,32.76,20,Clear,0
2023-10-11 06:00:00,Warangal,25,84,981.4,14.76,0,Clear,0
2007-08-27 23:00:00,New_Delhi,27.4,88,978.3,37.44,93,Cloudy,0
2006-11-28 09:00:00,Junagadh,22.3,35,1004.7,26.64,2,Clear,0
2015-04-20 18:00:00,Nagpur,35.4,32,971.3,9.36,28,Clear,0
2003-10-28 12:00:00,New_Delhi,28.5,47,993.8,22.32,0,Clear,0
2000-03-26 12:00:00,Bharuch,37.1,11,1009.4,36.36,0,Clear,0
2013-03-03 12:00:00,Mangaluru,31.5,50,1009.6,36,0,Clear,0
2001-08-28 04:00:00,Dharwad,20.7,92,927.4,40.32,100,Cloudy,0
2000-11-13 20:00:00,Warangal,24.4,62,980.5,19.8,7,Clear,0
2025-11-30 15:00:00,New_Delhi,23.2,31,989.1,46.08,90,Cloudy,0
2018-05-19 08:00:00,Udaipur,33.2,26,943.3,29.52,0,Clear,0
2000-08-30 06:00:00,Junagadh,24.7,90,993.4,58.32,94,Cloudy,0
2001-07-13 20:00:00,Ahmedabad,26.1,88,997.9,47.88,80,Cloudy,0
2010-12-19 13:00:00,Mysuru,24.1,42,929,48.96,51,Clear,0
2002-12-17 05:00:00,Kozhikode,21.9,91,1009.9,15.12,100,Cloudy,0
2024-11-13 04:00:00,Delhi_North,18.4,75,986,15.84,0,Clear,0
2006-08-30 15:00:00,Kochi,27.5,82,1007.8,38.88,93,Rain,0.2
2019-07-18 13:00:00,New_Delhi,31.3,65,976.8,18.36,64,Cloudy,0
2007-03-09 08:00:00,Nashik,20.2,64,946.8,6.48,0,Clear,0
2012-06-18 00:00:00,Kota,32.8,45,969.1,65.52,99,Cloudy,0
2006-02-25 01:00:00,Mumbai,25.8,58,1007.5,14.4,0,Clear,0
2024-12-21 10:00:00,Nizamabad,27.4,59,968.9,14.76,92,Cloudy,0
1998-06-06 01:00:00,Hyderabad,28.9,61,950.5,71.28,49,Clear,0
2013-12-09 23:00:00,New_Delhi,14,85,988.1,29.52,0,Clear,0
2005-02-25 09:00:00,Udaipur,20.4,31,953.4,23.04,0,Clear,0
2014-10-21 04:00:00,Thrissur,23.7,94,1007.2,28.44,100,Rain,0.1
2010-11-22 15:00:00,Kolhapur,27.7,57,944.7,32.4,100,Cloudy,0
2021-10-06 18:00:00,New_Delhi,28.6,70,981.9,21.24,2,Clear,0
2004-09-08 23:00:00,Bhavnagar,28.6,75,1003.7,50.4,96,Cloudy,0
2015-08-04 23:00:00,Shivamogga,21.4,95,945.7,50.76,100,Cloudy,0
2024-06-29 03:00:00,Ganganagar,28.4,86,977.1,17.64,0,Clear,0
2003-06-11 12:00:00,Mysuru,29.9,53,926.8,44.28,100,Cloudy,0
2016-10-10 21:00:00,Ahmedabad,25.9,90,1002.4,23.4,6,Clear,0
2005-05-07 11:00:00,Thrissur,30.4,70,1005.6,30.6,95,Cloudy,0
2020-12-07 19:00:00,Nagpur,23.7,45,980.9,23.04,0,Clear,0
2007-05-21 18:00:00,Amravati,35.7,30,963,45.36,28,Clear,0
2025-11-26 03:00:00,Nagpur,20.2,78,978.9,18.72,0,Clear,0
2011-01-03 13:00:00,Aurangabad,24.5,46,946.7,40.68,30,Clear,0
1999-10-27 12:00:00,Kolhapur,27.7,75,948.6,12.6,91,Cloudy,0
2009-05-25 20:00:00,Nagpur,34.5,29,962.2,29.16,100,Cloudy,0
2012-09-27 07:00:00,Amravati,23.6,90,973.7,15.48,7,Clear,0
1996-09-13 02:00:00,Thrissur,24.1,93,1006,42.48,100,Rain,0.1
2008-02-28 01:00:00,Ajmer,19.4,19,961.1,6.48,0,Clear,0
2024-08-25 01:00:00,Nagpur,24,95,967.2,58.68,100,Rain,0.9
2007-10-15 08:00:00,Anand,24.5,72,1008,9.36,21,Clear,0
2005-08-25 16:00:00,Delhi_North,35.7,38,976.7,49.68,31,Clear,0
2006-07-07 11:00:00,Nashik,25.6,80,942.5,87.84,59,Rain,0.5
2006-01-10 22:00:00,Bhavnagar,22,55,1011.4,41.4,0,Clear,0
2021-10-08 22:00:00,Bharuch,27.6,90,1005.5,32.76,99,Cloudy,0
2016-05-24 03:00:00,Jaipur,29.4,49,954.3,42.48,7,Clear,0
2017-03-25 17:00:00,Kochi,29.5,74,1007.5,47.88,31,Clear,0
2000-04-17 07:00:00,Nizamabad,28.4,48,963.9,27,0,Clear,0
2011-07-26 06:00:00,Karimnagar,24.6,92,974.2,16.92,96,Cloudy,0
2010-07-09 08:00:00,Mangaluru,25.9,87,1008.6,23.4,100,Rain,0.1
2024-11-26 14:00:00,Kollam,26.9,83,1005.4,14.04,100,Rain,1
2011-09-20 20:00:00,Anand,26.3,81,1003.8,24.48,8,Clear,0
2019-10-22 13:00:00,New_Delhi,31.2,28,985,66.24,10,Clear,0
2014-12-21 08:00:00,Jodhpur,10,81,990.9,36.36,0,Clear,0
2018-03-24 11:00:00,Jaipur,31.2,18,966.9,37.08,0,Clear,0
2000-02-11 18:00:00,Bikaner,17.5,30,985.3,39.6,0,Clear,0
2023-05-30 07:00:00,New_Delhi,25.1,71,985.8,47.52,0,Clear,0
2013-10-11 21:00:00,Ratnagiri,25.6,83,1003.1,16.92,30,Clear,0
2015-11-10 23:00:00,Karimnagar,22.7,75,980.2,25.92,91,Cloudy,0
2003-06-29 22:00:00,Delhi_North,30.7,69,970.6,16.2,18,Clear,0
2014-06-29 06:00:00,Rajkot,26.4,83,991.4,50.76,81,Cloudy,0
2005-05-12 17:00:00,Thiruvananthapuram,28.2,82,1006.3,50.4,58,Rain,0.2
2009-11-09 14:00:00,Nashik,27.4,59,943.5,47.52,98,Cloudy,0
2020-06-15 00:00:00,Barmer,35.2,37,978.6,42.48,13,Clear,0
1999-01-14 07:00:00,Ajmer,7.6,94,963.1,28.8,85,Cloudy,0
1999-12-13 06:00:00,Pune,10.7,78,949.9,28.8,0,Clear,0
2016-05-19 00:00:00,Bengaluru,22.1,95,907,62.64,100,Rain,0.2
2021-11-14 17:00:00,Mumbai,28,72,1005.6,49.68,3,Clear,0
2013-05-07 01:00:00,Ratnagiri,26.5,81,998.4,32.4,99,Cloudy,0
2008-03-07 06:00:00,Ratnagiri,20.3,94,1003.1,13.68,0,Clear,0
2017-06-11 19:00:00,Bengaluru,22.9,79,908.4,78.84,100,Cloudy,0
2009-03-28 01:00:00,Kochi,26,89,1009.9,6.48,26,Clear,0
2002-07-01 15:00:00,Bhavnagar,31.8,65,998.8,69.48,97,Cloudy,0
2005-10-07 18:00:00,Ganganagar,32.4,32,988.3,37.8,0,Clear,0
2017-08-10 16:00:00,Thiruvananthapuram,25.2,90,1006.6,59.76,99,Thunderstorm,6.7
2024-01-01 13:00:00,Jodhpur,23,38,990.4,47.16,0,Clear,0
2007-09-27 14:00:00,Ratnagiri,26.7,89,998.2,47.88,88,Rain,0.7
2005-02-02 02:00:00,Rajkot,15.5,52,1002.1,37.8,0,Clear,0
2012-10-06 02:00:00,Adilabad,24.9,95,979.1,13.32,99,Cloudy,0
2024-04-01 03:00:00,Ganganagar,17.1,72,989.4,30.6,20,Clear,0
2014-01-16 00:00:00,Aurangabad,19.7,60,948.7,37.8,13,Clear,0
2013-03-22 07:00:00,Idukki,19.3,66,896.6,18.72,12,Clear,0
2003-09-03 09:00:00,Mumbai,25.3,92,1007.9,56.16,100,Rain,0.6
2002-08-30 13:00:00,Bengaluru,28.2,47,911.4,49.68,100,Cloudy,0
2003-09-25 15:00:00,Adilabad,28.9,74,974.6,16.92,98,Rain,0.9
2011-12-25 01:00:00,Idukki,14,92,894.7,13.32,55,Clear,0
2008-09-19 16:00:00,Adilabad,29.3,61,973,34.2,49,Clear,0
2025-05-31 21:00:00,Ahmedabad,31.3,69,995.9,48.24,32,Clear,0
2018-03-24 00:00:00,Warangal,24.6,35,978.8,28.08,0,Clear,0
2025-10-14 23:00:00,Khammam,24.7,97,994.1,15.12,10,Clear,0
2002-11-19 22:00:00,Kolhapur,23.2,40,950.3,27,12,Clear,0
2010-11-30 20:00:00,Chikkamagaluru,19.6,81,898.1,20.88,21,Clear,0
1998-05-27 02:00:00,Idukki,19,98,896.9,12.96,25,Clear,0
1997-01-27 22:00:00,Nagpur,20.3,68,979.2,26.28,0,Clear,0
1998-03-17 04:00:00,Chikkamagaluru,17.2,74,899.8,25.92,0,Clear,0
2022-04-20 08:00:00,Wayanad,24,84,927.7,4.68,31,Clear,0
2006-06-23 06:00:00,Nagpur,27,81,966.7,7.2,29,Rain,0.4
2023-01-05 04:00:00,Khammam,21,91,1000.4,2.52,96,Rain,0.1
2017-09-02 12:00:00,Ahmedabad,27.8,79,1000.3,66.6,98,Rain,0.1
2002-02-07 02:00:00,Chikkamagaluru,19.7,95,899.2,14.04,100,Cloudy,0
2014-11-08 00:00:00,Nizamabad,21.2,66,967.7,30.24,79,Cloudy,0
2010-07-11 19:00:00,Ahmedabad,30.3,69,996.6,46.08,75,Cloudy,0
2022-01-20 06:00:00,Nizamabad,16.1,83,966.4,17.28,0,Clear,0
2000-09-02 14:00:00,Ratnagiri,26.3,84,997.8,68.76,99,Rain,2.2
2012-01-27 09:00:00,Udaipur,15.4,53,952.1,31.32,0,Clear,0
2024-04-08 19:00:00,Thrissur,30.2,81,1005.6,25.92,4,Clear,0
2003-11-04 15:00:00,Idukki,23.5,65,897.5,14.76,42,Rain,0.1
2019-02-16 21:00:00,Bikaner,16.4,51,991,28.8,84,Cloudy,0
2017-03-23 20:00:00,Thiruvananthapuram,26.6,71,1009.9,14.04,79,Cloudy,0
2001-08-22 10:00:00,Ajmer,28.2,68,950.9,56.88,18,Clear,0
2015-01-26 06:00:00,Nagpur,19.4,64,980,6.84,96,Cloudy,0
2014-10-30 12:00:00,Dharwad,25.8,46,931.9,64.08,0,Clear,0
2013-05-02 10:00:00,Ahmedabad,36.9,13,999.2,44.28,0,Clear,0
1997-03-08 05:00:00,Kalaburagi,20.7,45,962.5,25.92,0,Clear,0
2022-07-05 01:00:00,Shivamogga,21.9,94,940.8,59.76,100,Rain,0.9
2021-03-14 04:00:00,Aurangabad,23,42,944.9,24.12,44,Clear,0
2016-01-15 21:00:00,Udaipur,17.1,67,950,31.68,4,Clear,0
2001-03-24 06:00:00,Hubballi,18.8,83,938.6,17.28,3,Clear,0
2020-12-05 17:00:00,Ajmer,23.5,34,957,28.8,0,Clear,0
2012-09-16 01:00:00,Pune,21.9,93,945.6,55.08,100,Cloudy,0
2011-10-04 04:00:00,Aurangabad,21.2,93,943.2,23.76,79,Cloudy,0
2015-06-27 16:00:00,Bengaluru,26.7,62,908.1,90.72,100,Cloudy,0
2026-01-04 20:00:00,Ahmedabad,22.4,49,1011.5,25.56,0,Clear,0
2019-03-22 11:00:00,Mumbai,28.8,53,1014.3,19.44,45,Clear,0
2020-10-07 12:00:00,Khammam,29.1,77,991.8,30.6,94,Cloudy,0
2008-11-26 00:00:00,Hyderabad,19,57,956.3,27.36,97,Cloudy,0
2018-08-27 07:00:00,Kozhikode,24.5,95,1007.9,34.2,97,Rain,0.5
2011-07-19 04:00:00,Khammam,27.2,72,987.2,36.72,100,Cloudy,0
2000-04-28 04:00:00,Kollam,26.8,87,1005.1,32.04,20,Clear,0
2006-01-19 08:00:00,Hubballi,21.8,48,945.3,32.4,0,Clear,0
2001-12-08 21:00:00,Hubballi,21.8,37,944.1,40.32,0,Clear,0
2010-02-08 02:00:00,New_Delhi,17.4,68,988.4,28.44,100,Cloudy,0
2021-05-06 23:00:00,Nizamabad,29.4,56,965.6,19.44,37,Clear,0
2021-03-27 10:00:00,Khammam,35,33,996.4,17.64,5,Clear,0
2001-12-10 10:00:00,Ahmedabad,25.6,45,1010.8,9,2,Clear,0
2025-10-05 16:00:00,Solapur,27.6,68,956.4,25.92,100,Cloudy,0
1997-02-28 23:00:00,Kozhikode,26.2,78,1011.8,15.48,0,Clear,0
2010-02-26 16:00:00,Mumbai,30.3,48,1008.4,70.2,0,Clear,0
2001-09-18 19:00:00,Kolhapur,23.1,91,946.3,29.88,95,Cloudy,0
1998-06-27 11:00:00,Kalaburagi,30.4,61,952.1,59.04,100,Cloudy,0
2019-11-27 17:00:00,Bikaner,20.5,79,987.1,20.16,0,Clear,0
2011-06-28 13:00:00,Shivamogga,25,80,943.4,79.2,100,Rain,0.2
2010-06-03 20:00:00,Ganganagar,34.7,35,982,21.24,37,Clear,0
2022-08-18 10:00:00,Idukki,24.6,70,898.9,43.92,80,Rain,0.5
2007-09-15 21:00:00,Chikkamagaluru,20.1,93,897.3,25.92,99,Cloudy,0
2004-02-21 23:00:00,Kalaburagi,25.1,33,962.4,48.96,0,Clear,0
2013-08-27 14:00:00,Idukki,23.8,73,896.2,29.88,100,Rain,0.4
2025-12-09 11:00:00,Bikaner,23.5,30,994.1,12.24,0,Clear,0
2021-12-11 20:00:00,Chikkamagaluru,19,90,902.6,50.76,36,Clear,0
2010-02-07 20:00:00,Nagpur,23.4,38,979.4,31.32,0,Clear,0
2004-11-12 19:00:00,Bhavnagar,29.5,62,1009.7,18.72,13,Clear,0
2009-06-05 17:00:00,Amravati,38.3,27,959.2,48.24,44,Clear,0
2018-09-21 19:00:00,Bhavnagar,32.8,39,1000.5,22.32,96,Cloudy,0
2005-04-01 06:00:00,Jaipur,16,37,961.1,26.28,0,Clear,0
2015-01-09 00:00:00,Hyderabad,17.4,57,957.6,28.8,0,Clear,0
2010-02-11 20:00:00,Hubballi,25.6,55,944.5,38.52,6,Clear,0
2024-08-08 14:00:00,Kolhapur,26.1,81,945.9,63.72,100,Rain,0.4
2018-07-01 18:00:00,Ajmer,31.3,56,946.7,38.52,89,Cloudy,0
2011-02-18 10:00:00,Solapur,27,35,960.1,42.48,13,Clear,0
2017-10-16 16:00:00,Aurangabad,29.5,59,941.3,26.64,27,Clear,0
1998-08-11 07:00:00,Shivamogga,22,94,942.5,49.68,100,Cloudy,0
2005-02-16 06:00:00,Karimnagar,21.2,46,978,35.28,0,Clear,0
2017-07-20 10:00:00,Hyderabad,24.4,83,948.3,63.72,100,Rain,0.1
2008-03-10 09:00:00,Ratnagiri,27.5,60,1004.8,17.64,79,Cloudy,0
2022-05-07 14:00:00,Thiruvananthapuram,30.1,72,1004.4,61.92,52,Rain,0.9
2000-03-26 06:00:00,Kalaburagi,23.2,47,961,23.4,0,Clear,0
1999-10-10 15:00:00,Thiruvananthapuram,25.4,90,1008.7,16.92,100,Rain,2.5
2015-05-20 02:00:00,Khammam,31.5,65,987.4,46.44,12,Clear,0
2012-03-24 06:00:00,Kota,14.9,42,983.5,29.16,0,Clear,0
2009-05-21 22:00:00,Mumbai,28.7,77,1005.5,37.8,60,Cloudy,0
2011-03-17 14:00:00,Bikaner,39.1,9,980.3,70.2,83,Cloudy,0
2024-03-06 12:00:00,Mangaluru,33.4,39,1009.5,68.04,97,Cloudy,0
2009-03-03 13:00:00,Mysuru,33.8,16,929.8,55.08,0,Clear,0
2024-01-29 12:00:00,Jaipur,23.5,37,968.3,13.32,37,Clear,0
2015-04-05 16:00:00,Nizamabad,37.1,18,960.9,28.08,0,Clear,0
2018-06-04 06:00:00,Barmer,26.8,78,978.3,73.44,1,Clear,0
2000-05-14 14:00:00,Bengaluru,30.9,40,910.6,34.92,71,Cloudy,0
2020-02-05 11:00:00,Adilabad,26.2,60,985,19.44,80,Cloudy,0
2014-05-26 13:00:00,Mangaluru,31,66,1005.4,37.8,73,Cloudy,0
2023-01-13 09:00:00,Mumbai,23,74,1015.7,33.84,1,Clear,0
2007-02-25 16:00:00,Udaipur,28.3,25,946.4,28.8,51,Clear,0
2013-07-20 09:00:00,Rajkot,27.3,79,985.6,61.92,99,Cloudy,0
2007-07-09 06:00:00,Idukki,18.1,98,896.9,26.64,100,Cloudy,0
2017-09-11 07:00:00,Amravati,26.5,96,970.3,17.64,99,Rain,0.1
2008-02-08 14:00:00,Bharuch,21.7,26,1011.7,49.32,0,Clear,0
2010-08-10 16:00:00,Khammam,30.7,66,986.7,38.52,71,Cloudy,0
2025-06-29 23:00:00,Adilabad,25.2,85,973.8,32.4,100,Cloudy,0
2002-11-19 11:00:00,Kozhikode,26.3,83,1009.4,5.4,100,Rain,0.3
2024-11-24 20:00:00,Junagadh,24.2,41,1003.6,22.68,93,Cloudy,0
2006-07-07 21:00:00,Solapur,24.5,84,954.9,69.84,100,Cloudy,0
2009-02-25 06:00:00,Kozhikode,24.6,96,1008.3,4.68,30,Clear,0
2015-04-02 11:00:00,Idukki,27.6,47,901.1,11.88,100,Cloudy,0
2013-02-01 23:00:00,Adilabad,20.4,54,984.9,25.56,0,Clear,0
2017-03-27 04:00:00,Thiruvananthapuram,24.5,96,1009.9,8.64,44,Clear,0
2022-11-08 16:00:00,Hubballi,29,36,942.4,37.08,1,Clear,0
1997-04-09 17:00:00,Pune,30.2,25,949.2,59.76,0,Clear,0
1997-07-27 06:00:00,Barmer,26.7,94,976.5,28.08,96,Cloudy,0
2003-09-16 02:00:00,Kollam,24.2,93,1008.6,28.44,97,Cloudy,0
2007-05-04 00:00:00,Kochi,26.1,93,1007.1,16.92,91,Cloudy,0
1996-03-24 08:00:00,Nashik,26.5,38,947,21.96,0,Clear,0
2016-07-30 16:00:00,Surat,27.9,84,999.7,79.56,94,Rain,1
2015-11-11 11:00:00,Dharwad,28.3,46,931.8,101.16,99,Cloudy,0
1998-07-27 22:00:00,Delhi_North,31,70,972.5,24.12,14,Clear,0
2015-04-23 13:00:00,Karimnagar,36.6,34,976.8,6.84,11,Clear,0
2009-04-21 05:00:00,Barmer,24.4,30,979.9,67.68,0,Clear,0
2011-05-02 03:00:00,Junagadh,24,94,998.4,22.32,37,Clear,0
2024-01-06 00:00:00,New_Delhi,7.2,97,992.7,32.4,9,Clear,0
2012-05-27 16:00:00,Thrissur,29.1,72,1004.7,51.12,99,Cloudy,0
2006-11-29 00:00:00,Chikkamagaluru,19.3,92,900.4,20.16,98,Cloudy,0
2001-08-13 03:00:00,Hubballi,21,95,937.8,42.48,98,Cloudy,0
2018-06-29 04:00:00,Kota,25.6,91,968.9,44.28,100,Rain,2.5
2010-08-30 21:00:00,Bhavnagar,26.1,89,998.2,27,100,Rain,1.1
2024-04-03 23:00:00,Adilabad,30.5,34,977.8,29.88,53,Clear,0
2003-07-20 23:00:00,Hubballi,22.5,93,938.7,36,98,Cloudy,0
1996-06-02 04:00:00,Udaipur,27.4,54,940.4,48.6,0,Clear,0
2014-02-08 09:00:00,Junagadh,18.7,65,1003.2,32.76,0,Clear,0
2021-08-24 10:00:00,Kota,30.9,66,977.4,74.16,74,Cloudy,0
2016-03-26 12:00:00,Kochi,33.2,54,1011,15.48,6,Clear,0
1997-05-28 01:00:00,Idukki,18.8,99,898.9,6.48,100,Cloudy,0
2022-11-14 02:00:00,Mysuru,19.3,99,929,45.36,100,Cloudy,0
2021-10-20 14:00:00,Hyderabad,31.4,39,954.9,25.56,55,Clear,0
2003-07-27 16:00:00,Bharuch,26.9,91,994.8,48.24,100,Rain,2.6
2018-01-07 12:00:00,Hyderabad,26.5,29,956.6,14.4,5,Clear,0
2015-05-20 23:00:00,Nashik,25.2,76,945.1,36.72,1,Clear,0
2002-11-29 05:00:00,Surat,20.2,53,1012.8,37.8,52,Clear,0
2023-10-15 14:00:00,Bengaluru,30.7,35,911.1,37.8,100,Cloudy,0
2008-10-12 05:00:00,Aurangabad,21.1,91,946.6,19.8,12,Clear,0
2020-06-21 13:00:00,Nagpur,32.7,57,966.4,77.4,93,Cloudy,0
2019-05-21 19:00:00,Pune,29.7,62,947,58.32,18,Clear,0
2003-02-02 14:00:00,Mumbai,29,49,1012.7,41.76,0,Clear,0
2022-07-12 17:00:00,Khammam,24.8,87,984.2,80.64,100,Rain,3.2
1998-06-06 21:00:00,Udaipur,33.2,39,943.4,11.16,19,Clear,0
1996-12-12 00:00:00,New_Delhi,8.7,45,991.7,33.48,0,Clear,0
2015-06-08 07:00:00,New_Delhi,31.5,37,977.4,23.76,0,Clear,0
2015-07-28 16:00:00,Ganganagar,33.3,49,977.5,68.04,23,Clear,0
2004-02-04 04:00:00,Karimnagar,16.6,94,980.7,18,0,Clear,0
2012-01-26 13:00:00,Kolhapur,28.6,33,950.3,21.96,64,Cloudy,0
2012-06-19 19:00:00,Kochi,24.8,91,1009.7,29.88,100,Rain,1.5
2006-02-02 08:00:00,Dharwad,18.7,61,935.5,39.96,0,Clear,0
2021-10-21 05:00:00,Ahmedabad,20.8,78,1006.6,27,0,Clear,0
2010-05-26 06:00:00,Chikkamagaluru,21.9,92,897.6,41.4,89,Cloudy,0
1996-01-24 20:00:00,Amravati,23.9,39,975.6,25.56,12,Clear,0
2015-07-18 17:00:00,Kollam,26.6,84,1006.9,42.12,100,Cloudy,0
2002-10-01 12:00:00,Wayanad,28,61,927.8,22.32,91,Cloudy,0
1997-11-01 13:00:00,Hyderabad,29,52,958.5,36.36,44,Clear,0
2007-11-17 18:00:00,Anand,27.8,26,1006.5,31.68,0,Clear,0
1999-09-13 23:00:00,Chikkamagaluru,19.4,93,899,25.92,96,Cloudy,0
2015-09-14 19:00:00,Dharwad,22.4,86,928.9,50.04,100,Cloudy,0
2024-04-11 01:00:00,Mangaluru,27.6,86,1007,15.12,99,Cloudy,0
2022-03-26 02:00:00,Aurangabad,27,29,943.4,51.48,60,Cloudy,0
2020-07-29 13:00:00,Khammam,30.5,73,988,6.84,85,Rain,0.3
1996-11-03 19:00:00,Junagadh,24.4,64,1001.4,26.28,0,Clear,0
2010-11-16 00:00:00,Surat,24.9,93,1010.4,30.24,23,Clear,0
1997-01-19 13:00:00,Adilabad,25.3,61,982.1,47.52,47,Clear,0
2015-12-03 09:00:00,Karimnagar,26.8,50,985.5,15.48,0,Clear,0
1998-10-07 16:00:00,Aurangabad,26.7,77,941.2,25.92,95,Rain,0.3
2002-11-17 14:00:00,Adilabad,30.2,30,982.4,32.76,29,Clear,0
2018-08-14 20:00:00,Mysuru,21.5,90,925.7,61.56,98,Rain,0.4
2012-09-29 18:00:00,Kalaburagi,29.9,47,956.8,46.44,100,Cloudy,0
2008-05-16 21:00:00,Adilabad,35,16,975.2,57.24,2,Clear,0
2009-09-26 14:00:00,Wayanad,25.3,74,924.8,36,89,Cloudy,0
2024-07-19 22:00:00,Karimnagar,26,82,968.9,89.64,100,Rain,0.1
2018-01-19 04:00:00,Mysuru,15.9,83,929,41.76,0,Clear,0
2014-07-20 10:00:00,Bikaner,30.8,65,973.7,99.36,0,Clear,0
2012-11-08 09:00:00,Udaipur,25.1,31,950.8,12.6,0,Clear,0
2015-08-26 16:00:00,Bikaner,37.1,36,975.4,60.84,2,Clear,0
2013-07-19 19:00:00,Adilabad,24.3,92,970.1,47.52,100,Rain,3
2016-09-28 09:00:00,Adilabad,28,81,977.6,36.72,14,Clear,0
2024-06-23 06:00:00,Kolhapur,23.1,89,942,33.84,100,Cloudy,0
2016-02-14 17:00:00,Ajmer,22.9,19,960.1,27.36,0,Clear,0
2001-09-04 09:00:00,Rajkot,26.3,77,995.1,57.6,80,Cloudy,0
2025-10-21 07:00:00,New_Delhi,24.1,74,989.8,12.96,41,Clear,0
2025-02-27 08:00:00,Anand,23.8,50,1010.4,32.04,55,Clear,0
2011-02-16 23:00:00,Ajmer,13.8,70,957.7,30.24,8,Clear,0
2020-11-11 14:00:00,Jaipur,26,31,967.4,41.4,0,Clear,0
2011-02-27 21:00:00,Kozhikode,27.3,71,1010.4,18,22,Clear,0
2015-06-20 12:00:00,Bhavnagar,30.8,71,995.4,88.2,36,Rain,0.1
2025-05-19 08:00:00,Rajkot,30.4,65,991.7,36.72,88,Cloudy,0
2004-04-06 05:00:00,Khammam,26.4,87,994.5,13.68,94,Cloudy,0
2023-04-30 05:00:00,Junagadh,22.2,97,997.1,14.4,6,Clear,0
1998-02-04 04:00:00,Adilabad,19.9,89,985.2,11.52,55,Clear,0
1997-11-19 09:00:00,Amravati,22,83,975.6,35.28,86,Cloudy,0
1996-09-12 21:00:00,Ahmedabad,27.3,83,999,27.36,45,Rain,0.2
2024-06-02 09:00:00,Amravati,35.6,38,968.6,45.72,94,Cloudy,0
2004-06-11 12:00:00,Solapur,28.9,61,952.4,69.84,79,Cloudy,0
2020-03-27 09:00:00,Thiruvananthapuram,30.5,51,1011.3,25.92,6,Clear,0
2024-04-25 17:00:00,Ganganagar,38,13,983.7,13.32,98,Cloudy,0
2017-12-11 11:00:00,Kollam,29.3,66,1011.8,25.2,30,Clear,0
2025-05-08 17:00:00,Hyderabad,34,28,950.5,35.64,16,Clear,0
2005-03-20 09:00:00,Ahmedabad,27.5,50,1005.6,39.96,0,Clear,0
2001-12-09 12:00:00,Chikkamagaluru,25.7,25,903.3,44.28,0,Clear,0
2002-09-17 10:00:00,Thrissur,26.5,88,1012,17.28,100,Cloudy,0
2019-08-18 22:00:00,Shivamogga,21.6,96,946.8,16.92,99,Cloudy,0
1997-09-15 09:00:00,Ajmer,26,78,955.7,52.92,71,Cloudy,0
1997-03-30 17:00:00,Warangal,34.9,27,977,17.28,10,Clear,0
2013-06-21 22:00:00,Jaipur,30.7,52,952,80.28,26,Clear,0
2002-11-14 04:00:00,Barmer,16.8,77,991.1,49.32,0,Clear,0
1997-10-01 17:00:00,Amravati,28.1,58,973.1,20.88,3,Clear,0
2015-11-18 01:00:00,Mangaluru,25.9,89,1005.5,38.88,96,Cloudy,0
2020-06-15 00:00:00,Thiruvananthapuram,25.6,93,1007.7,41.4,99,Cloudy,0
2011-11-23 03:00:00,Hyderabad,17.8,83,955.6,23.76,26,Clear,0
2013-11-17 00:00:00,Warangal,20.3,73,983.9,18.36,99,Cloudy,0
2016-04-21 18:00:00,Ratnagiri,28.7,70,1000.4,48.96,6,Clear,0
2018-03-01 18:00:00,Kota,29.5,20,979.3,34.92,54,Clear,0
2012-10-23 11:00:00,Thrissur,29.9,65,1008.3,41.04,40,Clear,0
2013-02-25 06:00:00,Idukki,15.8,71,898.4,12.6,4,Clear,0
2010-01-04 16:00:00,Nashik,26.9,45,946.7,34.2,19,Clear,0
2002-02-03 00:00:00,Junagadh,17.2,43,1007,31.68,0,Clear,0
2012-04-16 14:00:00,Mumbai,33.4,56,1006.4,64.08,99,Cloudy,0
2021-10-29 10:00:00,Nizamabad,26.8,56,971.8,43.2,28,Clear,0
2008-07-14 05:00:00,Mangaluru,24.3,94,1005.2,16.56,36,Rain,0.5
2020-04-19 17:00:00,Thrissur,31.8,65,1003.9,42.48,14,Clear,0
2004-01-04 16:00:00,Barmer,22.8,26,993.8,68.04,50,Clear,0
2015-01-02 16:00:00,Hubballi,26.7,42,940.6,43.2,41,Clear,0
2024-10-29 13:00:00,Adilabad,31.8,53,978.2,20.16,83,Cloudy,0
1996-03-20 04:00:00,Mysuru,23.2,87,925.5,14.76,28,Clear,0
2015-12-28 09:00:00,Bhavnagar,21.3,57,1018.7,31.32,14,Clear,0
2007-10-03 21:00:00,Jodhpur,28.5,27,981.2,53.64,0,Clear,0
2009-01-02 10:00:00,Warangal,24.5,65,986.8,32.04,17,Clear,0
2019-10-11 20:00:00,Nashik,23.4,87,945.7,27,100,Cloudy,0
2018-01-04 23:00:00,Dharwad,20.5,56,931.5,42.48,22,Clear,0
1999-01-16 13:00:00,Kalaburagi,28,26,964.9,28.44,0,Clear,0
2001-03-16 21:00:00,Ratnagiri,25,78,1003.6,32.04,1,Clear,0
2022-08-20 05:00:00,Chikkamagaluru,18.2,98,897.5,50.4,100,Cloudy,0
2002-01-17 21:00:00,Kolhapur,21.4,71,948.1,47.16,0,Clear,0
2002-12-20 18:00:00,Aurangabad,25.5,32,945.3,27.36,0,Clear,0
1999-11-29 11:00:00,Jaipur,25.9,28,968.6,29.52,0,Clear,0
2017-06-26 10:00:00,Ratnagiri,25.2,95,996.7,72.36,96,Rain,1.4
2011-02-18 06:00:00,Warangal,22.2,76,979.8,18,93,Cloudy,0
2002-01-13 18:00:00,Junagadh,26.9,32,1000.8,35.64,0,Clear,0
2017-04-07 05:00:00,Ganganagar,17.4,65,985.5,25.92,0,Clear,0
1997-05-28 03:00:00,Barmer,27.2,70,981,83.88,0,Clear,0
2020-03-16 17:00:00,Chikkamagaluru,29.2,28,900.5,33.48,59,Clear,0
2023-09-26 12:00:00,Surat,30.5,74,1005.6,31.32,100,Rain,0.1
1996-11-05 08:00:00,New_Delhi,20.1,62,987,21.96,0,Clear,0
1999-10-14 14:00:00,Hubballi,27.9,64,938.8,20.88,43,Clear,0
2026-01-09 22:00:00,Thrissur,26.7,52,1009.7,69.48,5,Clear,0
2019-09-18 14:00:00,Ratnagiri,27,86,998,57.24,100,Rain,0.3
1998-07-09 19:00:00,Pune,23.9,90,943,73.44,100,Rain,0.3
2002-07-15 23:00:00,Hyderabad,26.7,66,951.2,48.24,100,Cloudy,0
2013-02-28 10:00:00,Solapur,30.7,25,962.6,38.88,49,Clear,0
2002-08-22 20:00:00,Rajkot,27.3,73,990.9,43.2,94,Cloudy,0
2024-10-13 05:00:00,Jaipur,23.6,73,963,19.8,100,Cloudy,0
2000-07-13 08:00:00,Junagadh,26.8,89,989,45.72,100,Cloudy,0
2002-10-06 01:00:00,Wayanad,21.3,99,925.8,12.96,87,Cloudy,0
2003-04-25 06:00:00,Kozhikode,26.1,93,1006.3,11.16,70,Cloudy,0
2008-07-21 03:00:00,Kolhapur,22.4,94,943.7,30.24,96,Cloudy,0
2004-02-05 06:00:00,Thrissur,23.5,90,1008.6,15.48,1,Clear,0
2025-04-10 11:00:00,Bikaner,39,11,979.7,43.92,64,Cloudy,0
2005-05-08 18:00:00,Udaipur,33.9,26,943.2,51.12,2,Clear,0
2001-01-23 13:00:00,Bengaluru,28.2,30,911.8,28.08,0,Clear,0
2025-03-03 07:00:00,Aurangabad,22.7,43,946.9,38.88,83,Cloudy,0
1998-08-22 11:00:00,Wayanad,25.2,78,924.5,21.6,95,Rain,0.1
2010-08-11 20:00:00,Mumbai,26.8,89,1005.9,25.56,98,Rain,0.2
1996-06-26 14:00:00,Adilabad,38.7,31,972.9,41.76,94,Cloudy,0
2003-11-25 06:00:00,Junagadh,20.7,50,1006.5,26.64,2,Clear,0
1996-03-02 03:00:00,Nagpur,22.3,50,977,26.64,3,Clear,0
1996-05-28 15:00:00,Pune,33.1,37,943.8,71.28,8,Clear,0
1998-08-27 07:00:00,Adilabad,25.1,90,976.1,42.12,97,Cloudy,0
2010-10-29 01:00:00,Kochi,25.1,90,1009.3,14.4,100,Cloudy,0
2022-01-23 07:00:00,Nagpur,17.9,89,973.6,22.32,38,Clear,0
2023-10-10 17:00:00,Mysuru,25,82,929.1,28.44,86,Rain,0.2
2016-07-26 22:00:00,Jodhpur,29.6,74,978.7,33.84,100,Rain,0.5
2017-01-16 05:00:00,Nagpur,13.1,84,979,28.44,1,Clear,0
1996-10-04 17:00:00,Kochi,26.6,82,1008.9,25.2,92,Rain,0.4
2019-11-27 07:00:00,Nizamabad,19.9,92,970.7,12.24,1,Clear,0
1997-11-20 05:00:00,Solapur,20,96,959.7,18.36,18,Clear,0
2003-06-13 02:00:00,Bikaner,32.1,32,970.9,57.96,3,Clear,0
2019-04-23 17:00:00,Kozhikode,31,70,1004.7,46.08,71,Rain,1.8
2010-09-06 13:00:00,Ratnagiri,26.6,85,999.9,46.08,98,Rain,2.1
2013-09-08 04:00:00,Hyderabad,22.4,94,950.7,36,100,Rain,1.4
2005-12-07 08:00:00,Karimnagar,20.5,57,983.3,19.44,39,Clear,0
2015-04-06 08:00:00,Khammam,29.5,70,993.7,55.8,26,Clear,0
2010-09-06 08:00:00,Surat,26.2,93,1004.1,47.88,64,Rain,1.2
2014-07-24 23:00:00,Bharuch,25.8,91,1001.3,56.16,100,Cloudy,0
2000-11-11 01:00:00,Chikkamagaluru,17.7,86,899.3,32.04,85,Cloudy,0
1999-08-11 16:00:00,Bharuch,28.7,76,1000.8,75.96,88,Cloudy,0
2011-05-18 04:00:00,Kollam,25.7,92,1007.7,8.64,66,Cloudy,0
2021-12-03 02:00:00,Adilabad,20.1,81,981,27.36,30,Clear,0
2004-03-22 09:00:00,Junagadh,29.2,45,1000.5,29.52,0,Clear,0
2013-09-18 22:00:00,Kozhikode,24.3,95,1007.6,9.72,100,Rain,0.2
1996-06-17 23:00:00,Pune,23.3,95,936.9,42.48,100,Rain,1.8
1997-04-15 09:00:00,Warangal,30.9,60,981.6,33.84,4,Clear,0
2006-07-15 00:00:00,Warangal,28.5,62,973.4,45.72,100,Cloudy,0
2020-03-27 19:00:00,Mumbai,28.9,53,1009.7,74.88,1,Clear,0
2014-06-08 19:00:00,Hubballi,26.2,76,935.1,61.56,33,Clear,0
2005-12-17 09:00:00,Nagpur,18.7,45,982.3,30.6,6,Clear,0
2002-09-24 22:00:00,Bharuch,26.1,84,1005,50.4,9,Clear,0
2022-05-07 04:00:00,Mysuru,20.6,97,924.7,18.72,24,Clear,0
2005-07-31 00:00:00,Adilabad,26.1,81,969.4,63,100,Rain,0.1
2009-09-12 14:00:00,Surat,30.3,68,1007.8,29.88,82,Cloudy,0
2017-10-27 10:00:00,Thiruvananthapuram,28.7,82,1011.7,16.92,70,Rain,0.2
1996-12-06 12:00:00,Ratnagiri,30.1,36,1003.6,30.24,0,Clear,0
2012-04-09 19:00:00,Anand,33.9,30,1001.2,26.64,0,Clear,0
2006-03-15 14:00:00,Aurangabad,28.4,34,945.3,19.44,44,Clear,0
2013-03-01 21:00:00,Amravati,25.1,26,976.3,52.92,0,Clear,0
2017-07-19 19:00:00,Thiruvananthapuram,24.6,94,1007.1,31.32,88,Rain,0.8
2008-06-20 05:00:00,Kozhikode,24.5,94,1006.7,5.4,69,Rain,0.4
2025-08-02 10:00:00,Thiruvananthapuram,27.4,82,1008.2,69.12,100,Rain,0.2
1996-10-20 23:00:00,Hubballi,21.1,95,939.1,15.12,98,Cloudy,0
1999-07-02 06:00:00,Ajmer,25.7,74,944.7,78.84,62,Cloudy,0
2017-10-05 11:00:00,Bengaluru,26,71,910.4,35.64,92,Rain,0.2
1997-04-30 04:00:00,Anand,24.4,78,1006,16.92,6,Clear,0
2014-04-08 16:00:00,Shivamogga,30.9,44,946.2,65.52,80,Cloudy,0
2022-01-22 20:00:00,Mysuru,21.9,66,927.8,58.68,3,Clear,0
1999-06-02 10:00:00,Thiruvananthapuram,26.4,82,1011.7,63.36,100,Rain,0.3
2012-01-03 05:00:00,Udaipur,8.5,92,949.1,23.76,0,Clear,0
2018-02-22 20:00:00,Junagadh,25,59,1000.4,18,0,Clear,0
2006-12-29 20:00:00,Kolhapur,24.7,38,952.7,5.76,0,Clear,0
2001-12-08 23:00:00,Khammam,20.1,75,999.8,18.36,0,Clear,0
2001-05-21 11:00:00,Dharwad,30.2,52,930.1,34.92,56,Rain,0.2
2024-10-29 08:00:00,Barmer,28.4,42,987.4,50.4,0,Clear,0
2019-07-25 14:00:00,Hyderabad,29.6,61,948.8,79.56,100,Rain,0.4
2005-03-20 02:00:00,Dharwad,22.3,79,929.2,13.68,33,Clear,0
2016-05-15 15:00:00,Nashik,38.9,19,945.3,58.32,7,Clear,0
2000-06-08 23:00:00,Anand,32.4,55,995.1,54,100,Cloudy,0
2018-04-06 12:00:00,Mumbai,31.5,56,1007.6,41.76,72,Cloudy,0
2017-10-22 15:00:00,Mangaluru,28.5,72,1006.5,42.84,83,Cloudy,0
2002-07-02 12:00:00,Kollam,27.7,81,1010.2,55.8,99,Rain,0.2
2014-08-25 15:00:00,Amravati,30.8,68,966.4,3.96,69,Cloudy,0
2009-08-30 00:00:00,Bengaluru,20.5,86,911.3,43.56,62,Cloudy,0
2010-06-19 16:00:00,Karimnagar,27.6,89,971.9,29.88,100,Rain,0.6
2002-01-02 12:00:00,Adilabad,25.5,24,989.9,31.32,25,Clear,0
2004-02-08 20:00:00,Chikkamagaluru,23.4,55,902.8,14.04,100,Cloudy,0
2019-08-04 23:00:00,Surat,26.1,93,998.9,58.32,100,Rain,3.4
2007-10-29 23:00:00,Kota,22.6,48,979.8,28.08,0,Clear,0
2002-12-05 04:00:00,Jodhpur,13.2,53,988.1,35.64,0,Clear,0
2024-11-24 10:00:00,Udaipur,22,45,954.6,15.84,0,Clear,0
1997-01-22 19:00:00,Kollam,27,72,1008.8,16.92,17,Clear,0
2017-04-26 21:00:00,Amravati,32,14,970.3,43.2,0,Clear,0
2026-02-10 04:00:00,Dharwad,17.5,77,930.5,6.12,24,Clear,0
2003-12-20 22:00:00,Thrissur,25.7,84,1013.2,13.68,30,Clear,0
2006-07-12 06:00:00,Delhi_North,26,95,972.4,14.76,100,Rain,0.4
2008-05-07 01:00:00,Dharwad,21.6,86,927.6,37.8,25,Clear,0
2000-03-25 16:00:00,Khammam,36.3,24,993.2,23.76,27,Clear,0
2023-08-20 03:00:00,Solapur,23.1,86,954.2,44.28,99,Cloudy,0
2013-09-15 11:00:00,Kalaburagi,27.2,74,955.6,20.52,100,Rain,0.2
2022-08-28 12:00:00,Amravati,29.5,67,967.8,33.12,100,Rain,0.1
2015-12-02 16:00:00,Ganganagar,23.8,40,994.7,21.24,14,Clear,0
2016-09-14 01:00:00,Bikaner,29.2,54,982,65.88,22,Clear,0
2004-01-22 08:00:00,Karimnagar,20.4,75,981.3,68.04,19,Clear,0
2021-09-06 06:00:00,Shivamogga,21.1,97,943.2,23.04,100,Rain,0.3
2010-03-05 16:00:00,Bikaner,30.6,23,983.9,25.56,24,Clear,0
2024-03-13 09:00:00,Nizamabad,30.5,34,970.5,30.24,49,Clear,0
2003-09-03 03:00:00,Ganganagar,27,78,980.8,34.92,2,Clear,0
2014-06-04 18:00:00,Dharwad,26.6,72,924.3,50.4,59,Clear,0
2010-06-22 19:00:00,Kolhapur,23,92,944.5,47.88,99,Cloudy,0
2021-12-19 09:00:00,Barmer,10.4,39,999.5,32.4,5,Clear,0
2010-11-17 19:00:00,Thiruvananthapuram,24.4,88,1008.8,18.72,98,Rain,0.2
2017-11-14 05:00:00,Warangal,21.6,74,978.3,41.76,100,Cloudy,0
2021-07-12 03:00:00,Aurangabad,23.1,99,935.7,21.6,100,Rain,2.2
2022-07-31 12:00:00,New_Delhi,32.3,59,977.1,37.8,95,Cloudy,0
1997-09-29 13:00:00,Ajmer,30.8,39,956.6,57.6,10,Clear,0
2025-03-20 04:00:00,Amravati,27.1,28,972.6,37.44,8,Clear,0
2012-01-12 04:00:00,Nashik,12.9,58,948.8,37.44,0,Clear,0
1999-04-02 16:00:00,Ganganagar,34.1,20,985.3,46.44,0,Clear,0
2016-09-09 13:00:00,Bharuch,30,67,1007.9,34.2,99,Cloudy,0
2001-10-05 01:00:00,Jodhpur,27.9,59,980.5,24.84,17,Clear,0
2009-01-22 23:00:00,Thiruvananthapuram,23.4,85,1010,17.64,76,Cloudy,0
2012-08-20 06:00:00,Delhi_North,26.2,97,976.1,22.32,100,Rain,3.3
2025-11-30 21:00:00,Jodhpur,22.6,48,989.2,25.92,0,Clear,0
2011-04-01 21:00:00,Aurangabad,26.8,24,945.2,32.04,0,Clear,0
2003-05-22 01:00:00,Idukki,20.2,98,898.3,16.92,93,Cloudy,0
2016-06-22 21:00:00,Bikaner,34.1,54,974.6,6.48,100,Cloudy,0
1998-03-01 18:00:00,Bharuch,29.7,25,1009.7,29.88,0,Clear,0
1996-11-15 13:00:00,Surat,31.3,28,1014.4,36,0,Clear,0
2008-02-02 21:00:00,Thiruvananthapuram,26.2,79,1009.4,46.8,23,Clear,0
2024-05-31 08:00:00,Nashik,29.4,60,944.8,72.72,54,Clear,0
2026-01-23 20:00:00,Surat,22.8,60,1014.5,9.72,0,Clear,0
2025-11-26 06:00:00,Anand,20,85,1008.6,26.28,76,Cloudy,0
2013-02-23 18:00:00,New_Delhi,16,97,990.4,20.88,99,Rain,1.9
2015-11-01 06:00:00,Shivamogga,20.4,91,945.6,20.88,97,Cloudy,0
2012-04-08 12:00:00,Wayanad,28.8,59,927.4,12.6,45,Clear,0
2014-05-16 17:00:00,Aurangabad,35.7,19,941.3,43.92,22,Clear,0
2009-04-19 04:00:00,Aurangabad,25.8,21,941.9,36.36,0,Clear,0
2020-02-02 12:00:00,Kochi,28.6,72,1012.7,49.68,34,Rain,0.1
2016-03-17 09:00:00,Barmer,24.7,61,989.7,66.24,61,Cloudy,0
2000-04-25 13:00:00,Karimnagar,40,18,971.9,32.04,10,Clear,0
2002-08-11 02:00:00,Dharwad,20.3,94,928,78.12,100,Rain,1.6
2010-03-23 16:00:00,Kalaburagi,38.6,12,953.8,12.96,0,Clear,0
2008-08-08 14:00:00,Anand,27.8,81,994.9,65.52,100,Rain,0.3
2012-05-16 13:00:00,Hyderabad,39.2,16,950.8,39.96,2,Clear,0
2015-06-17 09:00:00,Bharuch,28.1,80,999.9,45.72,71,Cloudy,0
2014-01-13 00:00:00,Jodhpur,10.9,53,993.5,42.12,76,Cloudy,0
2002-09-12 16:00:00,Pune,26.2,67,947.2,51.84,70,Cloudy,0
2019-09-29 21:00:00,Nizamabad,25.1,88,968.9,14.04,99,Cloudy,0
2012-02-26 00:00:00,Khammam,23.2,42,994.5,29.88,0,Clear,0
2009-04-29 17:00:00,Nashik,36.6,21,945.1,68.4,32,Clear,0
1997-08-26 22:00:00,Hubballi,21.8,94,939.9,64.8,100,Rain,0.2
2015-06-26 09:00:00,Pune,25.1,81,944.3,96.12,85,Rain,0.2
2017-02-09 12:00:00,Kochi,29.2,66,1010.8,43.2,0,Clear,0
2015-03-28 00:00:00,Hubballi,24.6,78,943.3,27.36,13,Clear,0
2000-11-28 18:00:00,Nagpur,26,42,975.4,26.64,89,Cloudy,0
2005-10-22 08:00:00,Warangal,25.1,77,981.6,37.08,4,Clear,0
2006-11-24 04:00:00,Nashik,19.7,94,945.2,6.48,85,Cloudy,0
2022-05-30 07:00:00,Wayanad,21.3,90,925.5,8.28,19,Clear,0
1997-01-22 00:00:00,Udaipur,8.4,45,950.6,32.4,0,Clear,0
2007-04-07 12:00:00,Kollam,31.2,61,1008.3,19.8,95,Cloudy,0
2011-01-13 15:00:00,Kolhapur,30.8,15,948.9,36,0,Clear,0
2018-10-14 23:00:00,Kollam,24.3,96,1012.5,18.72,73,Cloudy,0
2001-02-10 16:00:00,Dharwad,31.6,11,930.3,18.72,1,Clear,0
2024-07-04 06:00:00,Kota,28.3,81,971.3,33.48,100,Cloudy,0
2021-06-15 10:00:00,Mysuru,24.8,76,926.3,99,99,Rain,0.5
2020-07-01 14:00:00,Aurangabad,27.2,80,938.3,19.8,100,Rain,0.5
2013-12-16 22:00:00,Mumbai,23,71,1013.1,38.88,0,Clear,0
2024-01-25 13:00:00,Idukki,25.2,55,902,41.4,57,Clear,0
2018-09-25 01:00:00,Karimnagar,25,86,979.1,26.64,36,Clear,0
2018-03-17 09:00:00,Ganganagar,23.7,43,992.2,8.64,0,Clear,0
2014-05-15 18:00:00,Rajkot,32.6,41,991.5,62.64,4,Clear,0
2004-05-16 20:00:00,Junagadh,29.2,68,995.1,60.48,94,Cloudy,0
2013-01-19 22:00:00,Chikkamagaluru,18.8,55,901.3,9.72,44,Clear,0
2009-09-15 19:00:00,Pune,23.6,89,947.3,24.48,59,Clear,0
2016-12-14 00:00:00,Warangal,23.3,84,982.4,30.24,29,Clear,0
2010-08-23 10:00:00,Karimnagar,28.9,76,975,43.2,97,Cloudy,0
2004-08-20 01:00:00,Mysuru,20.7,89,927.9,47.16,100,Cloudy,0
2025-05-13 08:00:00,Jodhpur,30.3,53,982.2,37.44,0,Clear,0
1999-09-30 02:00:00,Hubballi,21.4,96,937.8,28.44,94,Cloudy,0
1997-02-01 15:00:00,Kochi,28.1,69,1007.7,35.64,92,Cloudy,0
2016-01-07 13:00:00,Barmer,25.2,34,995.4,13.68,40,Clear,0
2009-08-16 12:00:00,New_Delhi,28,82,978.4,21.24,100,Rain,0.2
1998-08-30 20:00:00,Mysuru,23.2,81,928.5,43.56,65,Cloudy,0
2015-05-21 08:00:00,Barmer,31.9,50,983.9,61.56,0,Clear,0
2023-06-03 23:00:00,Kota,29.4,46,977.8,14.76,2,Clear,0
2021-12-29 06:00:00,Amravati,16.9,97,975.6,14.4,100,Cloudy,0
2005-08-23 22:00:00,Kolhapur,21.9,95,948.7,30.24,100,Cloudy,0
2023-10-23 13:00:00,Jodhpur,33.2,24,988.3,28.44,14,Clear,0
2024-09-27 16:00:00,Warangal,30.1,61,975.5,38.88,100,Cloudy,0
2004-10-16 16:00:00,Khammam,30.4,54,995.1,18.36,95,Cloudy,0
2014-02-14 22:00:00,Hubballi,20.5,58,942,32.76,79,Cloudy,0
2014-01-08 08:00:00,Wayanad,20.2,72,930.4,33.48,3,Clear,0
2019-11-30 11:00:00,Bharuch,30.3,50,1011.6,7.56,19,Clear,0
2000-03-12 05:00:00,Jodhpur,15.2,31,978.5,35.28,0,Clear,0
2001-07-30 14:00:00,Barmer,32.1,51,979,89.28,94,Cloudy,0
1998-10-03 00:00:00,Nagpur,24.5,96,972.1,14.4,43,Clear,0
2001-05-17 22:00:00,Barmer,31.7,49,982.7,105.12,1,Clear,0
2000-06-11 07:00:00,Mangaluru,24.9,93,1007.3,53.28,97,Rain,0.3
2016-11-04 22:00:00,Kalaburagi,22.5,57,959.8,33.12,1,Clear,0
2013-06-24 16:00:00,Thiruvananthapuram,25.6,86,1006.3,86.76,96,Rain,0.6
2003-09-21 03:00:00,Ajmer,25.2,78,953.7,58.32,84,Cloudy,0
2000-07-25 01:00:00,Idukki,18.2,98,895.9,11.16,100,Cloudy,0
2021-05-18 12:00:00,Thrissur,28.4,84,1006.6,46.8,82,Thunderstorm,6
2014-12-13 03:00:00,Warangal,21.9,81,983.3,40.68,99,Cloudy,0
2017-11-24 11:00:00,Junagadh,28.7,33,1005.8,1.44,0,Clear,0
1999-08-15 00:00:00,Kochi,25,88,1010.5,9.36,96,Cloudy,0
2002-03-05 00:00:00,Surat,24.3,34,1009.4,56.52,0,Clear,0
2015-12-18 16:00:00,Bengaluru,25.3,55,913.3,41.76,36,Clear,0
2010-08-27 09:00:00,Nizamabad,25.5,83,960.9,15.84,99,Rain,0.2
2011-11-11 23:00:00,Bengaluru,17.1,80,912.1,27.36,6,Clear,0
2025-06-19 03:00:00,Jodhpur,28.9,78,970.4,37.44,100,Cloudy,0
2015-10-26 05:00:00,Khammam,24.1,88,998.4,17.28,3,Clear,0
2006-12-24 00:00:00,New_Delhi,11.3,71,991.5,30.24,0,Clear,0
2015-02-14 21:00:00,Udaipur,20.9,41,948.1,29.88,0,Clear,0
2013-12-10 18:00:00,Ganganagar,20.7,54,992.6,22.68,0,Clear,0
1997-05-02 11:00:00,Junagadh,34.8,27,1001.9,23.4,1,Clear,0
2005-05-30 11:00:00,Nizamabad,35.6,30,963.2,25.92,78,Cloudy,0
2021-08-05 02:00:00,Hubballi,21.4,96,939.2,73.44,100,Cloudy,0
2010-01-29 14:00:00,Solapur,29.7,30,961.6,18,46,Clear,0
2003-05-13 07:00:00,Nagpur,31.2,25,968.2,15.12,91,Cloudy,0
2015-06-01 18:00:00,Nagpur,36.9,32,966.9,36.72,36,Clear,0
1997-08-08 08:00:00,Thiruvananthapuram,24.2,88,1011.5,61.56,76,Cloudy,0
2018-12-27 04:00:00,Mysuru,20.3,95,929.7,20.88,100,Cloudy,0
2000-08-06 23:00:00,Anand,27.2,77,999.4,43.2,80,Cloudy,0
2022-08-27 21:00:00,Bengaluru,19.9,97,910.9,29.88,100,Rain,0.2
2012-03-12 18:00:00,Udaipur,25,20,947.6,43.92,0,Clear,0
2004-04-25 04:00:00,Ganganagar,22.4,54,986.6,27.72,0,Clear,0
2008-07-17 22:00:00,Mangaluru,24.8,94,1005.2,42.12,58,Rain,0.7
1998-07-23 15:00:00,Anand,33.8,49,997.8,43.92,53,Clear,0
2021-09-20 17:00:00,Thiruvananthapuram,27.1,85,1005.8,48.24,96,Cloudy,0
2024-08-17 23:00:00,Dharwad,22.3,99,928.9,23.4,100,Rain,0.2
2024-07-14 12:00:00,Hyderabad,26,78,945.9,68.76,100,Rain,1.1
1999-10-10 23:00:00,Aurangabad,22.8,93,946.3,16.56,53,Rain,0.5
1996-09-24 14:00:00,Thrissur,27.8,79,1005.3,42.84,71,Rain,2.7
2002-05-31 16:00:00,Thiruvananthapuram,27.9,79,1006,48.96,30,Rain,0.2
2000-07-09 05:00:00,Shivamogga,20.9,96,941.2,70.2,100,Rain,0.5
2000-09-15 11:00:00,Bengaluru,26.7,59,911,26.64,31,Clear,0
2014-03-13 13:00:00,Hubballi,33.4,26,943.6,40.68,0,Clear,0
2004-03-02 06:00:00,Bikaner,14,63,986.6,32.76,0,Clear,0
1996-12-11 19:00:00,Thiruvananthapuram,23.4,95,1008.9,15.48,99,Rain,1.5
2021-10-11 23:00:00,Nagpur,23.1,83,971.8,28.44,0,Clear,0
2019-01-19 22:00:00,Bengaluru,18.5,61,915.6,49.32,0,Clear,0
2000-11-28 12:00:00,Karimnagar,30.1,35,980.4,29.52,70,Cloudy,0
1998-01-27 10:00:00,Shivamogga,26.2,62,951.1,6.84,19,Clear,0
2018-03-20 01:00:00,Rajkot,21.9,82,998.5,41.76,0,Clear,0
2019-10-20 04:00:00,Ratnagiri,24.9,91,1001.7,3.96,100,Rain,0.1
2011-11-20 06:00:00,Thiruvananthapuram,24.2,86,1008.3,19.44,100,Cloudy,0
1997-10-22 23:00:00,Jaipur,18.4,72,964.1,37.8,83,Cloudy,0
1996-08-09 12:00:00,Amravati,24.9,84,966.3,55.44,100,Rain,0.2
2021-06-07 01:00:00,Udaipur,25.6,75,943.9,43.92,51,Clear,0
2011-10-07 04:00:00,Bengaluru,18.7,90,911.2,15.48,0,Clear,0
1996-08-09 15:00:00,Thiruvananthapuram,26.9,78,1006.8,88.56,99,Cloudy,0
1998-02-23 03:00:00,Dharwad,16.1,76,927.9,24.84,0,Clear,0
2024-10-17 12:00:00,Jaipur,32.4,31,963.6,17.64,3,Clear,0
2013-11-18 02:00:00,Ganganagar,14.8,63,996.7,23.04,0,Clear,0
2004-02-11 15:00:00,Ajmer,23.6,27,962.4,14.04,0,Clear,0
2013-04-21 02:00:00,Bikaner,28.3,28,978.5,75.96,99,Cloudy,0
2024-12-27 06:00:00,Hubballi,20.6,96,944.9,34.92,13,Clear,0
1996-08-24 06:00:00,Karimnagar,23.3,96,975.7,16.92,100,Rain,0.4
2003-06-05 00:00:00,Delhi_North,33.3,23,970,30.96,1,Clear,0
2014-09-23 11:00:00,Thrissur,29.2,76,1007.4,27.72,93,Rain,0.2
2016-05-27 17:00:00,Kozhikode,26.8,86,1007.5,24.84,92,Rain,0.4
1998-02-27 16:00:00,Thiruvananthapuram,28.5,78,1008,54.36,49,Rain,0.7
2007-05-28 15:00:00,Barmer,39.3,18,982.7,54.36,30,Clear,0
2024-01-19 21:00:00,Udaipur,13.9,61,951.4,26.64,0,Clear,0
2021-08-06 10:00:00,Thrissur,27,83,1008.7,68.4,98,Rain,0.9
2025-06-06 20:00:00,Adilabad,31,48,976.5,52.92,77,Cloudy,0
1998-02-15 19:00:00,Kolhapur,25,52,950.3,59.04,1,Clear,0
2018-09-25 09:00:00,Mangaluru,28.8,68,1010.1,43.56,22,Clear,0
2024-11-15 01:00:00,Ratnagiri,25.2,79,1003,54,100,Cloudy,0
1997-06-09 20:00:00,Delhi_North,32.5,45,977,39.96,48,Clear,0
2001-01-20 16:00:00,Ajmer,26.3,23,958,31.68,0,Clear,0
2017-11-06 23:00:00,Idukki,19.5,98,898.7,38.88,100,Rain,0.3
2002-03-10 01:00:00,Bharuch,22.3,69,1010.6,25.2,85,Cloudy,0
2007-10-04 00:00:00,Wayanad,20,99,925.5,20.16,100,Cloudy,0
2025-02-21 00:00:00,Thiruvananthapuram,25.2,88,1011.6,9.72,0,Clear,0
2001-09-19 21:00:00,Ganganagar,31.5,36,984,24.84,0,Clear,0
2017-01-16 04:00:00,Warangal,17,84,983.9,30.24,13,Clear,0
2009-07-23 12:00:00,Adilabad,29.8,63,972.4,86.4,70,Cloudy,0
2012-09-20 21:00:00,Anand,27.1,83,1003.2,28.44,46,Clear,0
2018-08-28 15:00:00,Udaipur,26.3,80,940.1,43.2,100,Thunderstorm,10.3
2014-09-17 17:00:00,Nashik,24.6,77,941.8,45.72,58,Clear,0
2016-03-25 05:00:00,Karimnagar,24.3,73,980.3,34.92,58,Clear,0
2019-09-27 08:00:00,New_Delhi,26.4,79,988.5,53.28,100,Rain,0.1
1999-10-05 04:00:00,Karimnagar,22.8,96,976.8,15.48,11,Clear,0
1998-05-22 18:00:00,Bhavnagar,34.4,57,999.9,70.56,0,Clear,0
2002-02-06 13:00:00,Ajmer,24.2,15,957.5,23.4,0,Clear,0
2022-09-13 01:00:00,Bharuch,25.4,97,997.9,23.4,100,Rain,0.1
2023-11-07 09:00:00,Hyderabad,26.3,69,960.2,42.84,58,Clear,0
2013-04-07 00:00:00,Rajkot,24.7,40,993.6,34.92,0,Clear,0
2005-06-30 11:00:00,Rajkot,26.1,94,984.6,25.92,100,Rain,1.6
2002-04-16 23:00:00,Ajmer,26.8,27,953.4,53.28,99,Cloudy,0
2006-11-19 22:00:00,Surat,25.2,48,1010.8,50.04,0,Clear,0
2012-11-26 17:00:00,Aurangabad,28.9,38,946.4,18,36,Clear,0
2000-02-25 20:00:00,Rajkot,23.1,22,996.8,36,0,Clear,0
1998-11-15 01:00:00,Dharwad,16.7,91,927,23.4,82,Cloudy,0
2015-03-04 05:00:00,Shivamogga,19.1,88,945.9,5.76,5,Clear,0
2007-04-20 21:00:00,Wayanad,22.3,97,929.4,5.04,89,Cloudy,0
2001-05-04 10:00:00,Dharwad,29.6,52,930.6,34.56,8,Clear,0
2016-01-26 09:00:00,Ratnagiri,24.4,56,1006.3,13.68,0,Clear,0
2004-10-24 08:00:00,Nashik,21.5,61,950,41.04,23,Clear,0
2012-03-10 03:00:00,Anand,15.4,30,1003.8,32.4,0,Clear,0
1998-09-25 02:00:00,Nagpur,25.9,86,973.2,20.16,27,Clear,0
1998-10-21 12:00:00,Jaipur,28.7,47,962.7,40.68,15,Clear,0
2001-07-17 11:00:00,Jodhpur,27.1,79,976.3,93.6,99,Rain,0.2
2014-09-23 02:00:00,Jodhpur,24.3,75,982.6,51.48,0,Clear,0
2013-02-18 13:00:00,Ratnagiri,30.7,26,1001.4,13.68,0,Clear,0
2023-09-30 02:00:00,Barmer,27.3,52,983.9,42.84,20,Clear,0
2017-01-22 10:00:00,Nizamabad,27.9,35,975.8,21.96,61,Cloudy,0
2025-03-10 00:00:00,Amravati,26.5,24,973.6,56.16,0,Clear,0
1999-11-10 09:00:00,Hubballi,25.6,42,945.3,43.2,37,Clear,0
1998-06-04 11:00:00,Amravati,41.4,19,968,28.8,17,Clear,0
2012-02-05 11:00:00,Hubballi,28.2,33,945.6,37.08,0,Clear,0
2013-01-01 02:00:00,Mumbai,22.9,89,1009.4,10.44,10,Clear,0
2006-01-10 07:00:00,Bhavnagar,17,74,1011.4,28.44,0,Clear,0
2007-12-27 13:00:00,Kollam,28.2,66,1010.1,21.96,71,Cloudy,0
2025-06-01 04:00:00,Ajmer,26.7,58,947,88.92,0,Clear,0
2003-02-02 22:00:00,Bikaner,11.6,77,996,43.56,1,Clear,0
1996-08-18 02:00:00,Barmer,27.2,73,981.2,67.32,96,Cloudy,0
2000-10-02 23:00:00,Adilabad,23.9,76,978.8,18.36,57,Clear,0
2002-01-25 23:00:00,Warangal,19.5,64,981.6,27.36,0,Clear,0
2000-02-16 10:00:00,Ahmedabad,22.8,28,1009.3,20.88,0,Clear,0
2025-10-21 10:00:00,Thrissur,26.2,88,1006.7,18.72,100,Rain,0.2
2022-03-28 05:00:00,Hyderabad,23.5,74,953.3,28.08,0,Clear,0
2003-08-08 02:00:00,Aurangabad,22.3,96,937.9,43.2,100,Cloudy,0
2008-07-27 15:00:00,Anand,29.4,77,993,14.4,100,Rain,4.3
2002-09-18 09:00:00,Anand,27.2,69,1007,33.84,22,Clear,0
2001-12-14 19:00:00,Ganganagar,18.2,56,997.1,10.8,96,Cloudy,0
2018-04-25 04:00:00,Bharuch,25.8,60,1004.1,14.76,0,Clear,0
1998-05-21 23:00:00,Jodhpur,35.4,16,977.8,61.92,0,Clear,0
2013-04-25 07:00:00,Surat,29.7,53,1008.6,48.24,0,Clear,0
1998-04-20 10:00:00,Barmer,29.5,48,985.6,70.56,98,Cloudy,0
1999-03-27 04:00:00,Nashik,20.6,49,943.3,27.36,0,Clear,0
2014-07-19 21:00:00,Pune,22.8,94,943.9,74.16,99,Rain,0.2
2013-05-27 11:00:00,Thrissur,28.8,74,1008.2,34.92,100,Rain,0.4
1998-01-12 21:00:00,Bhavnagar,24.6,50,1009,37.8,50,Clear,0
2000-06-14 02:00:00,Anand,29.1,66,998.9,65.52,12,Clear,0
2012-05-04 17:00:00,Shivamogga,29,53,942.3,55.8,6,Clear,0
2013-09-29 17:00:00,Kolhapur,23.2,85,944.4,41.04,72,Rain,0.3
2020-08-17 01:00:00,Adilabad,24.3,90,971.3,54,100,Rain,0.1
2025-06-16 11:00:00,Anand,33.8,62,991.1,15.84,100,Cloudy,0
1999-10-17 12:00:00,Chikkamagaluru,26,69,896.2,18.36,70,Rain,0.2
2005-03-28 14:00:00,Hyderabad,37.5,19,952.7,40.68,55,Clear,0
2009-09-25 20:00:00,Junagadh,27.2,77,999.6,39.6,7,Clear,0
2001-07-20 07:00:00,New_Delhi,26.3,95,975.5,40.32,100,Cloudy,0
2013-06-18 14:00:00,Hyderabad,30.8,55,946.1,73.08,44,Clear,0
2021-04-01 00:00:00,Bikaner,24.2,17,978.3,36.72,0,Clear,0
2015-02-10 07:00:00,Kollam,25.5,74,1012.1,26.28,53,Clear,0
2013-07-09 16:00:00,Pune,24.7,80,941.6,61.56,98,Rain,0.3
2012-11-06 17:00:00,Jodhpur,28.9,29,986.4,25.92,0,Clear,0
1998-02-07 18:00:00,Mangaluru,27.9,57,1008.3,55.8,0,Clear,0
2023-08-18 09:00:00,Karimnagar,27.5,76,975.6,67.68,100,Cloudy,0
2010-01-16 21:00:00,Kota,14.6,68,991.8,36.36,11,Clear,0
2014-04-03 12:00:00,Kolhapur,35.8,20,949.5,52.92,2,Clear,0
1996-03-25 09:00:00,Khammam,29.3,61,995.9,44.28,6,Clear,0
1999-10-08 16:00:00,Pune,26,79,944.7,13.68,93,Rain,2.2
2012-02-21 13:00:00,Kozhikode,31.9,50,1005.6,41.76,93,Cloudy,0
2009-05-30 00:00:00,Bikaner,28.1,72,973.5,97.2,11,Clear,0
2017-07-17 15:00:00,Jaipur,32.2,65,950.8,12.24,98,Cloudy,0
2017-08-18 05:00:00,Karimnagar,24.9,89,970,33.12,100,Rain,0.9
2007-09-07 11:00:00,Ganganagar,31.6,62,980.3,20.52,51,Clear,0
2000-08-24 05:00:00,Mangaluru,24.4,93,1001.9,82.44,99,Rain,0.9
2001-11-06 16:00:00,Mysuru,24,77,926.7,11.16,98,Rain,0.2
2005-08-03 04:00:00,Ratnagiri,24.4,95,996,69.12,100,Rain,1.6
2003-05-12 16:00:00,Chikkamagaluru,27.5,56,896.3,38.88,100,Cloudy,0
2007-10-03 02:00:00,Nizamabad,23.2,75,961.1,29.52,100,Cloudy,0
2022-10-26 10:00:00,Ajmer,27.2,41,962,49.68,0,Clear,0
2019-03-15 19:00:00,Hubballi,29.7,32,942.1,18.72,0,Clear,0
2001-11-06 15:00:00,Chikkamagaluru,23.6,77,898,11.52,74,Rain,1.1
2004-01-22 06:00:00,Kota,13.7,95,981.6,26.28,97,Cloudy,0
2006-08-02 13:00:00,Kozhikode,26.7,85,1008.3,42.48,100,Rain,0.1
2011-03-03 01:00:00,Kollam,26.1,81,1008.1,5.4,0,Clear,0
1999-08-12 01:00:00,Ganganagar,30.2,70,977.3,21.24,93,Cloudy,0
2019-05-06 02:00:00,Kota,29.7,29,977.3,48.96,0,Clear,0
1998-06-26 03:00:00,Surat,28.2,85,996.7,61.2,58,Rain,0.3
2005-10-21 07:00:00,Khammam,24,92,994.4,6.48,100,Rain,0.1
2012-01-03 17:00:00,Bikaner,18.9,31,987,14.4,0,Clear,0
2020-09-22 04:00:00,Chikkamagaluru,18.6,96,893.7,81.36,100,Rain,0.9
2020-03-28 11:00:00,Shivamogga,33.7,27,948.7,23.76,0,Clear,0
2020-02-04 13:00:00,Khammam,31,45,997.4,43.2,97,Cloudy,0
2021-05-10 15:00:00,Amravati,37.8,25,965.6,26.64,36,Clear,0
2024-12-04 04:00:00,Kozhikode,24,96,1006.9,7.56,64,Cloudy,0
2015-09-01 10:00:00,Mysuru,25.8,69,929.5,23.4,98,Cloudy,0
1999-01-01 02:00:00,Shivamogga,18,56,947.6,34.92,63,Cloudy,0
2013-02-01 17:00:00,Adilabad,28.9,29,983.2,24.12,0,Clear,0
2011-06-06 22:00:00,Kollam,25.9,90,1008.6,31.32,100,Cloudy,0
2020-12-05 07:00:00,Nagpur,15.9,67,978.3,21.24,0,Clear,0
2017-10-29 02:00:00,Thrissur,23.8,99,1007.3,12.6,91,Cloudy,0
2009-01-28 04:00:00,Anand,15.9,57,1007.9,27.36,0,Clear,0
2002-11-28 21:00:00,Jodhpur,23.2,28,990.7,11.88,0,Clear,0
1996-12-26 20:00:00,Hyderabad,21.4,46,959.2,27.72,55,Clear,0
2008-04-26 12:00:00,Kolhapur,35.2,37,947.9,18.36,13,Clear,0
2009-10-12 04:00:00,Chikkamagaluru,18,100,898.9,14.4,87,Rain,0.5
1998-02-12 18:00:00,Nashik,26.2,26,948.8,27.36,0,Clear,0
2000-08-07 07:00:00,Jodhpur,25.4,75,978.8,48.96,0,Clear,0
2010-10-23 06:00:00,Nagpur,22.4,99,971.1,10.08,100,Cloudy,0
2020-08-09 00:00:00,Nagpur,25.2,96,968.2,37.44,100,Rain,0.4
2006-08-11 01:00:00,Mysuru,21,89,927.1,66.96,100,Cloudy,0
2011-04-19 12:00:00,Kollam,29.7,75,1007.3,22.68,100,Rain,0.1
2003-12-03 13:00:00,Rajkot,30.2,21,998,19.08,1,Clear,0
2012-01-16 19:00:00,Bengaluru,20.2,26,909.4,25.56,8,Clear,0
1997-06-06 20:00:00,Kalaburagi,29.5,59,957.6,23.04,53,Clear,0
2011-10-20 18:00:00,Kolhapur,25,80,946.8,9.36,90,Rain,0.2
2022-07-28 14:00:00,Nizamabad,31,62,963.2,10.44,68,Cloudy,0
2016-11-22 13:00:00,Kalaburagi,30.4,20,961.3,28.8,92,Cloudy,0
1996-11-20 15:00:00,Thiruvananthapuram,27.2,75,1008.1,29.16,85,Rain,0.8
2022-03-28 12:00:00,Mumbai,31.9,61,1009.9,54.36,0,Clear,0
1996-03-20 00:00:00,Pune,23.2,56,946.5,24.84,3,Clear,0
2014-06-23 01:00:00,Delhi_North,30.7,53,973.3,25.92,41,Clear,0
2004-11-22 08:00:00,Nizamabad,22.2,49,971.3,9.36,0,Clear,0
2006-03-14 18:00:00,Kozhikode,28.7,56,1008.3,39.24,7,Clear,0
2014-09-19 14:00:00,Warangal,29.4,75,974,42.84,100,Rain,0.2
2012-02-14 21:00:00,New_Delhi,15,56,990.7,35.28,0,Clear,0
2000-08-16 12:00:00,Surat,28,82,1005.8,77.4,94,Cloudy,0
1997-05-14 19:00:00,Nashik,30.1,33,944,41.4,0,Clear,0
2007-12-16 05:00:00,Surat,19.2,63,1011.2,66.24,0,Clear,0
1996-12-01 01:00:00,Jodhpur,16,33,988.8,53.64,0,Clear,0
2019-07-09 01:00:00,Chikkamagaluru,19.6,95,896.8,81.36,91,Cloudy,0
2000-08-06 01:00:00,Thrissur,24.4,92,1005.1,13.32,100,Cloudy,0
1997-02-07 07:00:00,Rajkot,14.2,75,999.7,29.88,0,Clear,0
2024-03-09 14:00:00,Dharwad,36.5,17,931.1,16.92,7,Clear,0
2017-05-02 04:00:00,Aurangabad,27.1,21,944.1,42.84,0,Clear,0
2009-03-30 23:00:00,Jaipur,22.3,43,962.2,40.32,0,Clear,0
1998-08-02 02:00:00,Kollam,24.4,94,1007.3,29.52,100,Cloudy,0
2004-08-05 21:00:00,Kolhapur,22,95,941.5,75.96,100,Rain,0.4
2021-01-26 05:00:00,Nashik,13.3,82,946.3,28.44,65,Cloudy,0
2008-02-20 22:00:00,Ganganagar,16.7,39,994.6,30.6,0,Clear,0
2024-07-17 08:00:00,Kota,29.6,79,972.5,23.4,17,Clear,0
2005-09-10 09:00:00,Shivamogga,23.4,84,943.8,64.08,100,Rain,0.1
2005-10-23 10:00:00,Kollam,27.4,81,1010.1,12.96,73,Cloudy,0
2005-06-13 19:00:00,New_Delhi,36.6,21,975.6,28.8,35,Clear,0
2001-09-02 11:00:00,Jaipur,33.1,47,957.6,52.56,84,Cloudy,0
2024-08-01 22:00:00,Warangal,26.3,80,976,52.2,100,Rain,0.1
2004-06-26 11:00:00,Mysuru,25.8,66,929.6,58.32,93,Rain,0.2
2003-12-24 21:00:00,Kalaburagi,24.3,41,964.4,36,39,Clear,0
2015-07-31 05:00:00,Mysuru,20.8,89,928.1,32.04,100,Cloudy,0
2009-02-01 15:00:00,Rajkot,29.3,20,998.6,34.2,0,Clear,0
1998-06-21 22:00:00,Wayanad,21,99,925.7,32.76,100,Rain,0.2
1999-12-28 01:00:00,Thiruvananthapuram,23.7,74,1010.8,25.56,89,Cloudy,0
2019-05-25 07:00:00,Kochi,26.8,88,1008.6,23.76,100,Cloudy,0
1998-06-10 01:00:00,Surat,28.2,87,999.8,119.16,97,Rain,0.1
2017-07-08 08:00:00,Karimnagar,28.6,67,975.1,78.48,95,Cloudy,0
2004-03-07 08:00:00,Barmer,18.4,27,990.9,24.84,0,Clear,0
2016-05-05 20:00:00,Warangal,32.5,49,978.1,25.92,13,Clear,0
2005-09-22 14:00:00,Mangaluru,26.5,84,1007.1,59.4,66,Rain,0.6
2020-07-16 16:00:00,Hubballi,22.2,96,933.1,88.92,100,Rain,1.7
2023-12-29 13:00:00,Kolhapur,29.1,37,951.8,45.36,60,Cloudy,0
2006-03-07 16:00:00,Kozhikode,30.3,63,1007.6,15.48,34,Clear,0
1999-12-14 20:00:00,Khammam,22,52,997.9,18.36,0,Clear,0
2009-03-12 22:00:00,Delhi_North,20.3,47,985.7,40.68,0,Clear,0
2013-05-27 07:00:00,Delhi_North,33.8,35,976.6,58.32,18,Clear,0
2020-09-10 17:00:00,Warangal,28.1,79,972.7,18.72,99,Rain,0.3
1997-02-24 22:00:00,Mysuru,23.5,54,931.8,32.04,10,Clear,0
2006-04-10 06:00:00,Kota,26.7,27,976.4,45.36,10,Clear,0
1996-07-15 14:00:00,Pune,25.9,81,941.7,55.08,97,Rain,0.3
2000-02-20 22:00:00,Bharuch,19.8,83,1007.2,30.6,0,Clear,0
2024-09-23 19:00:00,Delhi_North,29.4,74,978.6,25.56,0,Clear,0
2008-09-25 14:00:00,Kota,32.9,45,978.7,34.92,9,Clear,0
2002-01-05 14:00:00,Hubballi,28.9,38,941.7,36.72,89,Cloudy,0
2012-12-26 05:00:00,Kochi,24.1,89,1006.2,11.52,100,Cloudy,0
2021-06-08 20:00:00,New_Delhi,35.2,36,972.4,29.88,0,Clear,0
1999-01-22 07:00:00,Kozhikode,20.9,85,1011.3,15.12,100,Cloudy,0
2022-05-02 06:00:00,Nizamabad,28.7,36,961.3,28.8,0,Clear,0
2007-02-05 04:00:00,Kalaburagi,20.7,46,959.6,29.88,22,Clear,0
2002-03-20 02:00:00,Junagadh,24.2,51,1002,34.92,68,Cloudy,0
2013-07-09 18:00:00,Nagpur,27.5,80,965.2,27.36,100,Cloudy,0
2010-06-09 15:00:00,Thrissur,27,89,1003.7,32.4,100,Rain,0.5
2002-10-21 14:00:00,Hubballi,27.9,63,942,33.48,51,Clear,0
2021-11-20 17:00:00,Solapur,26.5,76,953.2,56.88,89,Rain,0.2
2000-09-05 20:00:00,Nizamabad,25.5,73,961.7,21.6,89,Cloudy,0
2011-12-01 16:00:00,Chikkamagaluru,25.2,61,898.2,30.24,84,Cloudy,0
2016-06-14 20:00:00,Thrissur,26.5,89,1008.4,25.56,20,Rain,0.1
2012-04-14 01:00:00,Ganganagar,23.5,48,986.9,51.12,80,Cloudy,0
2001-11-05 05:00:00,Kalaburagi,19.2,65,959.7,25.56,1,Clear,0
2002-03-26 13:00:00,Anand,34.6,28,1001.3,9.36,1,Clear,0
2003-12-12 11:00:00,Kollam,28.6,56,1010,21.96,100,Cloudy,0
2024-05-09 19:00:00,Solapur,33.4,37,954,94.68,36,Clear,0
2012-09-16 01:00:00,Wayanad,19.4,100,926,23.04,100,Cloudy,0
1998-10-26 00:00:00,Nashik,20.8,92,948.3,11.88,2,Clear,0
2017-11-19 10:00:00,Kota,24.1,50,987.9,31.32,0,Clear,0
2002-08-31 08:00:00,Kollam,25.6,87,1009.6,41.04,39,Clear,0
2005-08-07 10:00:00,Bharuch,28.8,74,999.8,86.76,59,Rain,0.2
2010-01-25 03:00:00,Pune,16.8,69,948.6,21.24,0,Clear,0
2004-02-18 03:00:00,New_Delhi,16,76,985,39.96,67,Cloudy,0
2003-02-11 13:00:00,Ganganagar,21.3,36,996.1,25.56,0,Clear,0
1999-06-29 05:00:00,Anand,26,86,999,36.72,97,Cloudy,0
2012-04-18 19:00:00,Mangaluru,29,77,1004.1,31.32,84,Rain,0.1
2007-12-22 17:00:00,Jodhpur,25.7,25,989.7,26.64,11,Clear,0
2002-04-22 05:00:00,Ratnagiri,26,89,999.6,15.84,17,Clear,0
2002-12-24 14:00:00,Adilabad,29.8,33,980.1,34.56,10,Clear,0
2000-03-02 16:00:00,Ahmedabad,34.4,22,1001.2,51.84,0,Clear,0
2012-01-27 23:00:00,Bhavnagar,19.7,47,1011.1,46.08,0,Clear,0
1998-09-29 11:00:00,Bhavnagar,31.9,70,1004.7,43.92,13,Clear,0
2025-05-19 05:00:00,Anand,28.2,78,998.9,27,10,Clear,0
2017-03-05 22:00:00,Ahmedabad,22,42,1003.3,26.28,0,Clear,0
2010-04-28 01:00:00,Idukki,21.3,91,899.5,9,99,Cloudy,0
1998-09-09 01:00:00,Kollam,24.5,93,1009.2,40.32,100,Rain,0.9
1996-08-18 20:00:00,Kozhikode,24.6,90,1007.4,19.44,80,Cloudy,0
2010-03-25 10:00:00,Junagadh,29.7,50,1000.2,22.68,0,Clear,0
1997-07-05 05:00:00,New_Delhi,27.9,87,972.2,36,97,Cloudy,0
2000-01-23 04:00:00,Hyderabad,18.8,67,954,15.48,0,Clear,0
2013-11-16 11:00:00,Shivamogga,25.8,52,948.5,51.84,39,Clear,0
2007-12-26 19:00:00,Bharuch,25.5,36,1010.6,28.8,0,Clear,0
2019-08-30 15:00:00,Aurangabad,27.8,74,936.7,20.52,99,Rain,0.1
1998-12-21 16:00:00,Mangaluru,28.3,61,1006.2,39.6,0,Clear,0
2024-02-07 03:00:00,Kalaburagi,23.6,42,963.1,48.24,0,Clear,0
2015-09-13 22:00:00,Solapur,24.6,89,958.4,30.24,100,Rain,0.4
1998-10-16 01:00:00,Wayanad,19.7,100,926.3,33.84,100,Cloudy,0
2020-08-24 15:00:00,Warangal,31.5,57,975.2,36.72,100,Rain,0.2
2022-10-16 19:00:00,Kollam,25.8,88,1009.2,40.32,100,Cloudy,0
2012-02-22 01:00:00,Thiruvananthapuram,23.9,86,1007.7,26.64,100,Cloudy,0
2018-07-05 11:00:00,Amravati,28.2,69,965.9,78.48,100,Rain,0.2
2000-03-01 03:00:00,Rajkot,19,47,995.2,30.24,0,Clear,0
2011-12-22 23:00:00,Wayanad,16.8,72,926,21.24,100,Cloudy,0
2016-04-19 11:00:00,Junagadh,33.9,40,1000.7,28.44,0,Clear,0
2015-01-12 02:00:00,Mysuru,16.2,69,929.3,31.68,0,Clear,0
2012-06-12 20:00:00,Bharuch,31.6,64,997.5,53.28,64,Cloudy,0
1997-12-07 05:00:00,Solapur,21.4,81,960.6,32.4,100,Cloudy,0
2001-06-25 03:00:00,Ratnagiri,26.1,88,999,41.76,100,Rain,0.6
2007-04-28 13:00:00,Thiruvananthapuram,29.1,81,1007.2,35.64,85,Cloudy,0
2025-02-27 17:00:00,Barmer,31.1,13,988.8,42.48,100,Cloudy,0
2007-09-27 19:00:00,Barmer,35.2,23,981.1,36.36,5,Clear,0
2000-10-18 15:00:00,Wayanad,23.2,86,922.7,28.08,100,Rain,1.6
2007-10-19 09:00:00,Anand,26.6,48,1010.7,18.72,0,Clear,0
2026-03-06 20:00:00,Adilabad,28.5,24,979.2,31.68,0,Clear,0
2011-03-08 21:00:00,Rajkot,23.1,40,997.7,46.44,0,Clear,0
2015-03-01 04:00:00,Mysuru,19.9,89,927.1,12.6,94,Cloudy,0
2024-09-18 06:00:00,Jodhpur,23.4,82,980.7,48.96,0,Clear,0
2015-11-24 01:00:00,Kollam,25.6,93,1009.2,16.56,93,Cloudy,0
2014-05-31 14:00:00,Mumbai,32.6,57,1005.2,63.72,0,Clear,0
1996-11-25 15:00:00,Nizamabad,28.5,32,966.8,20.16,0,Clear,0
1997-04-20 17:00:00,Warangal,33.3,32,978.7,23.76,99,Cloudy,0
2015-11-07 03:00:00,Delhi_North,17.2,91,987.2,13.32,1,Clear,0
2020-02-01 12:00:00,New_Delhi,17.8,48,994.1,29.52,0,Clear,0
2011-10-29 21:00:00,Ajmer,21.3,34,957.4,38.88,0,Clear,0
1997-05-27 16:00:00,Kolhapur,34.5,29,947.4,65.52,0,Clear,0
2004-01-08 09:00:00,Jaipur,13.2,59,972.9,18.36,78,Cloudy,0
1998-12-17 03:00:00,Kozhikode,23.2,93,1010.5,13.32,82,Rain,0.6
2019-09-04 09:00:00,Adilabad,26.5,85,973,42.84,99,Rain,0.3
2011-11-02 23:00:00,Kota,21.9,44,982,32.76,78,Cloudy,0
2005-01-05 21:00:00,Ahmedabad,19,51,1010.4,35.64,0,Clear,0
2015-06-28 09:00:00,Hubballi,25,76,941,77.04,100,Cloudy,0
2019-04-07 23:00:00,Mysuru,24.6,84,929.1,43.2,10,Clear,0
2013-07-03 22:00:00,Kollam,24.3,93,1008.7,38.52,89,Rain,0.1
2016-05-18 10:00:00,Bikaner,40.4,13,975.5,5.4,0,Clear,0
2006-02-12 15:00:00,Aurangabad,30.6,20,947.7,12.96,0,Clear,0
2004-09-25 07:00:00,Delhi_North,24,73,984.4,6.48,2,Clear,0
2013-08-08 14:00:00,Mangaluru,26.2,85,1006.9,65.52,95,Cloudy,0
2024-04-30 02:00:00,Adilabad,28.6,56,975.9,14.4,82,Cloudy,0
2025-04-01 20:00:00,Warangal,30,49,979,21.96,2,Clear,0
2006-12-24 20:00:00,Wayanad,20.6,68,928.2,32.04,8,Clear,0
2001-03-22 00:00:00,Hubballi,22.6,83,939.1,37.44,22,Clear,0
2011-01-03 23:00:00,Bengaluru,18.7,83,912.1,40.68,100,Cloudy,0
2015-04-10 19:00:00,Bengaluru,29.3,37,912.4,43.92,62,Cloudy,0
1997-03-21 20:00:00,Delhi_North,21.7,50,982,28.8,40,Clear,0
2009-04-10 07:00:00,Junagadh,20.1,45,999.9,29.88,0,Clear,0
2014-12-10 14:00:00,Shivamogga,30.2,47,946,34.56,86,Cloudy,0
1998-03-23 18:00:00,Dharwad,31.2,44,929.3,56.88,16,Clear,0
2006-02-28 20:00:00,Ajmer,21.1,24,957,29.88,0,Clear,0
2002-10-23 21:00:00,Mysuru,22.6,76,928.2,28.8,94,Cloudy,0
2018-02-05 21:00:00,Delhi_North,14.8,59,991.9,25.92,100,Cloudy,0
1997-07-14 07:00:00,New_Delhi,25.8,95,976.2,23.76,100,Rain,1
2000-01-09 17:00:00,Hubballi,29.1,27,939.8,21.96,0,Clear,0
1999-12-29 07:00:00,Hyderabad,17,89,959.5,20.88,0,Clear,0
2008-03-18 05:00:00,Kozhikode,24.1,95,1004.7,12.24,100,Cloudy,0
2019-06-27 21:00:00,Bhavnagar,27.9,91,999.4,40.68,97,Rain,1.6
2021-05-21 21:00:00,Junagadh,27,81,996.3,47.52,14,Clear,0
1997-05-29 08:00:00,Delhi_North,30.4,55,978.1,53.28,0,Clear,0
2020-06-09 16:00:00,Kollam,27.5,84,1005.6,75.6,36,Rain,0.2
2010-07-25 13:00:00,Hyderabad,23.4,91,945.3,90,100,Rain,0.7
2008-04-10 00:00:00,Junagadh,25.3,56,1001.7,20.88,0,Clear,0
1998-06-12 22:00:00,Hubballi,23.3,89,940.2,61.56,95,Cloudy,0
2006-04-29 17:00:00,Kalaburagi,39.7,13,952.9,19.44,64,Cloudy,0
2023-04-13 14:00:00,Kalaburagi,39.7,16,959,6.48,100,Cloudy,0
2000-10-02 02:00:00,Kalaburagi,22.1,90,957.9,25.2,9,Clear,0
2001-08-26 05:00:00,Amravati,24.1,89,967.4,39.6,74,Cloudy,0
2019-09-05 13:00:00,Khammam,29.9,71,985.1,54,97,Rain,0.1
2024-09-05 17:00:00,Kollam,27.5,80,1005.3,77.76,68,Cloudy,0
2023-05-17 02:00:00,Barmer,29,62,982.9,86.76,0,Clear,0
2024-10-17 03:00:00,Kota,21,71,979.7,29.88,15,Clear,0
2018-11-07 13:00:00,Karimnagar,31.3,50,981.2,19.8,55,Rain,0.1
2000-01-14 03:00:00,Ganganagar,5.4,59,988.6,32.76,1,Clear,0
1997-11-04 07:00:00,Mumbai,26.4,79,1014.3,34.92,0,Clear,0
2015-08-01 14:00:00,Warangal,31.5,56,977.5,46.08,100,Cloudy,0
2009-06-07 04:00:00,New_Delhi,26.4,46,971.6,19.8,19,Clear,0
2019-03-29 18:00:00,Khammam,32.7,39,992.6,21.24,0,Clear,0
2005-04-20 12:00:00,Ganganagar,37.2,12,993.3,13.68,98,Cloudy,0
2015-09-18 16:00:00,Hyderabad,29.5,63,946.8,47.52,95,Cloudy,0
1997-01-10 22:00:00,Bhavnagar,21.2,67,1014.3,28.8,13,Clear,0
2002-04-22 09:00:00,Bengaluru,27.2,56,913.1,33.12,65,Cloudy,0
2016-07-27 04:00:00,Ahmedabad,25.8,93,997.1,32.4,100,Rain,0.6
2017-01-20 04:00:00,Hubballi,17.4,63,943.8,41.76,0,Clear,0
2002-04-14 10:00:00,Surat,31.4,37,1009,32.04,0,Clear,0
2016-11-30 18:00:00,Ganganagar,23.3,47,994,30.6,0,Clear,0
2014-01-27 20:00:00,Thiruvananthapuram,27,64,1009.6,6.84,0,Clear,0
2000-01-22 16:00:00,Khammam,31.2,38,995.8,40.68,0,Clear,0
2018-02-03 17:00:00,Pune,29.3,20,948.7,36,0,Clear,0
2001-12-13 21:00:00,Shivamogga,21.9,36,950.9,39.96,0,Clear,0
2018-10-31 07:00:00,Jaipur,19.9,67,968.1,25.56,0,Clear,0
2013-03-05 01:00:00,Bhavnagar,23.8,49,1009.7,32.04,0,Clear,0
1999-06-14 08:00:00,Junagadh,28.2,79,995.3,27.36,97,Cloudy,0
2014-11-09 20:00:00,Delhi_North,23.6,47,989.7,31.32,0,Clear,0
2023-02-17 17:00:00,Chikkamagaluru,26.1,21,900.5,49.32,0,Clear,0
1997-07-19 02:00:00,Anand,28,79,996.6,38.16,74,Cloudy,0
2002-12-24 19:00:00,Ahmedabad,23.4,55,1006.2,23.4,9,Clear,0
2011-08-12 14:00:00,Thrissur,26,91,1004,37.8,99,Rain,1.6
1998-11-18 08:00:00,Amravati,21.1,77,973.2,9.36,9,Clear,0
2019-02-02 10:00:00,Kollam,31.1,42,1011.9,37.8,0,Clear,0
1998-03-21 19:00:00,Kochi,29.1,72,1010.1,13.68,1,Clear,0
2009-05-13 14:00:00,Amravati,42.7,16,963.1,37.8,30,Clear,0
2015-01-31 19:00:00,Hubballi,25.1,40,944.1,28.44,2,Clear,0
2017-03-19 16:00:00,Chikkamagaluru,30.4,25,900.1,16.92,81,Cloudy,0
2009-11-22 01:00:00,Kozhikode,23.5,97,1010.6,10.08,98,Rain,0.1
2025-01-04 14:00:00,Junagadh,28,43,1002.5,30.6,0,Clear,0
2001-07-22 05:00:00,Delhi_North,25.2,99,974.5,16.2,98,Rain,0.4
2014-12-29 10:00:00,Ajmer,15.4,47,963.5,46.08,0,Clear,0
2015-03-17 17:00:00,Kochi,29.3,75,1008.2,37.8,98,Cloudy,0
2022-08-21 04:00:00,Hyderabad,23.1,86,948.7,64.8,100,Cloudy,0
2019-05-24 11:00:00,Ganganagar,32.8,41,986.3,19.44,2,Clear,0
2002-01-23 03:00:00,Hubballi,18.4,79,940.4,23.76,0,Clear,0
2005-02-15 20:00:00,Anand,26.2,53,1004.7,50.4,0,Clear,0
1996-12-29 12:00:00,Bengaluru,22.5,52,916.8,55.8,4,Clear,0
2023-06-20 06:00:00,Hubballi,23.5,87,937.8,50.4,87,Cloudy,0
2018-01-13 09:00:00,Kota,18.2,44,988.1,8.28,42,Clear,0
1996-03-27 15:00:00,Ahmedabad,39.4,18,996.9,57.24,0,Clear,0
1996-12-20 18:00:00,Shivamogga,23.5,47,948.8,29.88,96,Cloudy,0
2018-05-12 02:00:00,Thiruvananthapuram,24,96,1007.2,20.16,100,Rain,0.2
2021-09-22 13:00:00,Mumbai,26.8,88,1005.4,50.4,80,Rain,0.5
2013-02-25 18:00:00,Ajmer,23.2,31,960.6,28.44,0,Clear,0
2003-05-28 08:00:00,Udaipur,27.8,56,944.6,55.8,1,Clear,0
2004-06-20 23:00:00,Nashik,22.9,95,943.2,83.52,100,Rain,0.2
2020-10-01 01:00:00,Jodhpur,26.8,65,981.6,42.48,1,Clear,0
2004-04-14 11:00:00,Mysuru,32.3,45,929.6,8.28,0,Clear,0
2010-03-04 08:00:00,Karimnagar,28.4,40,979.8,34.92,13,Clear,0
2001-12-19 13:00:00,Wayanad,28.3,46,929.9,50.4,69,Cloudy,0
2015-09-07 18:00:00,Karimnagar,26.3,89,977.7,21.6,98,Rain,0.1
2025-09-12 09:00:00,New_Delhi,29.8,66,984.7,39.24,0,Clear,0
2008-06-12 14:00:00,Nizamabad,28.7,68,959,52.2,100,Rain,3.4
2011-10-28 22:00:00,Aurangabad,21.6,52,946.5,30.24,0,Clear,0
2012-10-25 16:00:00,Hubballi,29,54,938.9,16.56,35,Clear,0
2011-10-23 06:00:00,Khammam,23.5,95,995.5,14.4,9,Clear,0
2014-07-20 07:00:00,Jaipur,26.3,83,951.6,54,72,Cloudy,0
2011-04-09 22:00:00,Mangaluru,28.1,76,1010,43.92,20,Clear,0
2016-05-03 13:00:00,Mumbai,33.3,56,1007.9,59.76,0,Clear,0
2003-02-19 07:00:00,Hyderabad,20.8,88,956.9,32.76,0,Clear,0
2002-12-26 11:00:00,Kota,22.7,50,988.4,21.96,0,Clear,0
2021-04-25 19:00:00,Ahmedabad,35,14,1000.6,25.92,48,Clear,0
1996-10-31 04:00:00,Kollam,23.1,94,1008.2,23.04,59,Clear,0
2025-01-07 16:00:00,Kozhikode,29.8,53,1006.7,48.6,0,Clear,0
1999-11-12 11:00:00,Kochi,27.9,72,1012.7,10.44,14,Clear,0
1997-05-29 04:00:00,Rajkot,25.9,84,992.3,77.4,41,Clear,0
2002-09-08 07:00:00,Mysuru,21.5,87,929.1,50.76,100,Cloudy,0
2019-04-14 08:00:00,Rajkot,29.2,50,997,41.4,8,Clear,0
2017-06-13 11:00:00,Aurangabad,29,66,939.9,52.2,96,Cloudy,0
2016-02-08 07:00:00,Dharwad,18.1,72,931.8,31.68,46,Clear,0
1999-05-10 06:00:00,Thrissur,24.9,92,1006.3,23.76,100,Cloudy,0
2011-06-15 10:00:00,Nizamabad,30.6,50,962.5,78.12,100,Cloudy,0
2022-02-09 17:00:00,Kollam,28.5,65,1006.7,45.72,100,Cloudy,0
2004-11-03 02:00:00,Chikkamagaluru,18.8,92,900.2,34.56,51,Clear,0
2008-03-23 14:00:00,Jaipur,33.3,13,960.2,13.68,32,Clear,0
2021-12-22 21:00:00,Dharwad,20.3,58,932.5,28.08,0,Clear,0
2020-04-05 10:00:00,Anand,35.4,18,1007.6,19.8,0,Clear,0
2023-06-02 21:00:00,Kollam,27,91,1009.5,18.72,100,Cloudy,0
2007-06-24 14:00:00,Mangaluru,26.3,90,1006.6,74.52,100,Rain,0.2
1996-10-06 00:00:00,Dharwad,19.5,98,930.2,31.68,90,Cloudy,0
1996-06-30 16:00:00,Bharuch,31.5,65,1001.4,99.36,62,Rain,0.2
1997-06-13 18:00:00,Warangal,31.3,61,973.9,28.8,100,Cloudy,0
2020-08-07 17:00:00,Ganganagar,36,48,977.7,49.68,11,Clear,0
1997-07-20 19:00:00,Ahmedabad,28.9,77,996.3,21.6,97,Rain,0.1
2006-03-14 04:00:00,Kochi,25,79,1009.5,18.72,1,Clear,0
2022-02-03 22:00:00,Anand,17.2,37,1005.9,27.36,0,Clear,0
2022-10-27 21:00:00,Surat,24.4,68,1011.2,37.8,0,Clear,0
2013-06-11 17:00:00,Ahmedabad,30.8,66,992,70.2,90,Rain,0.3
1996-02-25 17:00:00,Hubballi,33.1,21,940.9,47.52,36,Clear,0
2018-11-29 02:00:00,Nashik,17.2,59,948.9,30.24,85,Cloudy,0
2021-06-24 08:00:00,Mysuru,23.9,74,929.7,58.32,89,Cloudy,0
2019-02-11 15:00:00,Hyderabad,28.9,42,958.2,38.16,77,Cloudy,0
2001-02-24 01:00:00,Nashik,20.6,55,946.3,3.96,0,Clear,0
2015-02-23 03:00:00,Ahmedabad,20,66,1005.6,16.92,0,Clear,0
2012-03-04 12:00:00,Adilabad,34.6,14,980.6,32.4,18,Clear,0
2013-02-08 02:00:00,Bikaner,10.8,81,991.6,14.4,0,Clear,0
2003-01-12 22:00:00,Dharwad,22.5,43,935.2,30.96,98,Cloudy,0
2024-02-18 04:00:00,Adilabad,19.5,43,979.9,28.8,10,Clear,0
2008-08-08 19:00:00,Amravati,24.4,89,961.8,44.28,100,Rain,1.6
1999-11-16 17:00:00,Ajmer,27.4,29,961.1,24.84,8,Clear,0
2023-09-13 17:00:00,Thrissur,27.9,80,1005.5,38.88,100,Rain,0.1
2018-11-28 19:00:00,Shivamogga,21.1,60,947.3,31.68,0,Clear,0
2005-11-01 18:00:00,Kota,26.2,26,980.6,29.88,0,Clear,0
2001-03-07 05:00:00,Nagpur,21,39,976.1,28.08,48,Clear,0
1997-03-15 17:00:00,Nashik,33.1,21,946.8,19.8,0,Clear,0
2016-07-12 03:00:00,Idukki,18.2,100,895.6,44.64,100,Rain,1
2019-03-23 19:00:00,Kozhikode,28.6,76,1008.2,48.24,6,Clear,0
1996-11-20 07:00:00,Kochi,25.2,90,1011.6,8.64,84,Cloudy,0
2012-02-06 11:00:00,Bharuch,25.6,35,1012.7,33.84,0,Clear,0
1996-05-29 08:00:00,Solapur,27.7,60,953.7,73.08,53,Clear,0
2025-05-26 22:00:00,Nizamabad,24.4,94,958,22.68,100,Cloudy,0
2006-01-12 20:00:00,Rajkot,20,27,999.5,34.92,0,Clear,0
2015-11-07 14:00:00,Solapur,33.3,29,958.3,46.08,88,Cloudy,0
1996-04-09 17:00:00,Wayanad,24.8,82,924.4,33.84,76,Cloudy,0
1997-05-08 09:00:00,Jaipur,31.4,32,959.6,31.68,0,Clear,0
2002-06-11 09:00:00,Ratnagiri,26.4,87,997.7,21.24,100,Cloudy,0
2013-02-09 00:00:00,Solapur,26,51,959.2,47.88,23,Clear,0
2009-10-13 12:00:00,Kozhikode,28.4,74,1010.7,12.96,66,Cloudy,0
2013-01-17 01:00:00,Kolhapur,19.1,70,950.1,22.68,0,Clear,0
2006-08-13 17:00:00,Warangal,28.9,69,970.6,27.36,100,Cloudy,0
2008-03-21 23:00:00,Karimnagar,26.4,71,978.3,47.88,70,Cloudy,0
2006-07-13 13:00:00,Nagpur,31.3,60,966.3,59.76,88,Cloudy,0
2002-09-16 02:00:00,New_Delhi,25.2,93,981.5,29.88,72,Cloudy,0
2007-03-09 16:00:00,Amravati,33.3,19,969.8,33.84,0,Clear,0
2013-09-20 13:00:00,Shivamogga,22.5,98,941.2,59.4,100,Rain,0.6
2018-08-12 16:00:00,Adilabad,28.2,72,968.6,56.52,100,Cloudy,0
2010-06-09 17:00:00,Ratnagiri,29.3,75,995.2,39.24,100,Rain,1.1
2003-04-23 08:00:00,Kochi,27.4,83,1011.1,6.48,86,Cloudy,0
1998-10-07 18:00:00,Surat,30.5,70,1003,31.32,16,Clear,0
2011-11-01 04:00:00,Jodhpur,17.7,62,986.2,29.16,0,Clear,0
2026-02-27 04:00:00,Jaipur,17.2,53,958.5,16.92,0,Clear,0
1996-11-02 21:00:00,Mumbai,25.3,78,1010.1,34.2,0,Clear,0
2008-06-10 00:00:00,Nashik,23,93,939.8,64.08,100,Rain,0.1
1998-10-10 15:00:00,Karimnagar,30.2,69,973.6,31.68,33,Rain,0.1
2020-12-13 17:00:00,Ratnagiri,26,83,1000.5,16.56,99,Cloudy,0
1997-08-21 16:00:00,Solapur,29,59,951.2,70.2,100,Rain,2.8
2016-08-19 22:00:00,Delhi_North,27.9,90,975.9,30.24,99,Cloudy,0
2013-01-21 06:00:00,Adilabad,16.4,66,985.7,23.76,12,Clear,0
2023-10-11 12:00:00,Wayanad,27.4,65,928.3,25.2,100,Rain,0.3
2006-12-14 16:00:00,Mysuru,26.9,42,930.1,66.24,4,Clear,0
2019-06-28 02:00:00,Mumbai,26.2,94,1002.6,62.64,100,Rain,2.8
2014-09-23 01:00:00,Kota,24.1,83,978.8,34.92,0,Clear,0
2008-03-31 20:00:00,Nashik,24.4,35,945.2,45.36,0,Clear,0
2004-12-01 20:00:00,Kolhapur,23.5,34,950.8,31.68,20,Clear,0
2025-11-27 11:00:00,Nizamabad,27.8,45,972.6,47.88,0,Clear,0
2007-07-22 15:00:00,Rajkot,32.3,55,985.8,55.8,36,Clear,0
2001-09-29 07:00:00,Kalaburagi,24,89,954.4,31.68,100,Cloudy,0
2001-11-03 09:00:00,Nashik,26.1,46,950.7,29.88,0,Clear,0
2018-08-22 11:00:00,Shivamogga,26.1,68,946,84.24,37,Rain,0.4
2006-05-16 05:00:00,Adilabad,31.3,36,975.5,56.88,1,Clear,0
2002-02-11 03:00:00,Delhi_North,10.5,80,987.9,14.04,100,Rain,0.1
2009-06-27 00:00:00,Ahmedabad,29.7,72,995,44.28,54,Clear,0
1998-01-13 06:00:00,Udaipur,12.9,75,947,26.64,88,Cloudy,0
2017-03-31 21:00:00,Idukki,22,79,901.5,8.28,7,Clear,0
2014-07-25 00:00:00,Chikkamagaluru,19.5,93,898.7,50.76,97,Rain,0.2
2017-06-27 00:00:00,Bikaner,34,47,972.8,59.4,26,Clear,0
2006-03-06 02:00:00,Rajkot,18.6,90,996.9,32.04,0,Clear,0
2011-08-18 20:00:00,Bharuch,26.3,87,1001.6,48.96,100,Cloudy,0
1998-10-15 13:00:00,Wayanad,20.8,98,925.6,44.64,100,Rain,0.9
2000-07-19 13:00:00,Nizamabad,26.9,72,957.7,75.24,100,Cloudy,0
2005-05-18 13:00:00,Kozhikode,32.4,57,1005.9,43.2,21,Clear,0
1996-12-18 13:00:00,Nashik,27.4,39,949.8,56.52,96,Cloudy,0
1996-06-25 12:00:00,Mangaluru,28.6,81,1006,36.72,82,Rain,0.1
2002-12-19 10:00:00,Rajkot,22.8,72,999.8,19.44,10,Clear,0
2018-01-02 03:00:00,Ahmedabad,15.3,55,1004.5,42.12,0,Clear,0
2020-12-20 02:00:00,Bhavnagar,19.1,83,1014.1,28.44,39,Clear,0
2021-05-22 04:00:00,Chikkamagaluru,19,99,896.2,44.64,100,Cloudy,0
2010-02-28 09:00:00,Kalaburagi,28.6,41,963.6,24.48,0,Clear,0
2000-03-08 23:00:00,Nagpur,23.6,27,974.1,37.08,0,Clear,0
2021-07-19 18:00:00,Chikkamagaluru,18.9,95,895.7,87.12,98,Rain,0.6
1999-06-18 12:00:00,Mangaluru,25.9,89,1005.2,71.28,100,Rain,0.4
2000-06-25 14:00:00,Mangaluru,28.5,78,1005.3,35.28,69,Cloudy,0
2001-11-24 11:00:00,Warangal,27.5,46,985.9,19.8,1,Clear,0
1998-08-10 08:00:00,Ajmer,27.7,81,947.7,3.96,67,Cloudy,0
2010-10-19 18:00:00,Solapur,25.6,84,955.2,25.92,83,Rain,0.4
2007-12-02 10:00:00,Karimnagar,25.5,64,985.8,16.56,94,Cloudy,0
1998-05-11 19:00:00,Kolhapur,29.6,47,945.2,59.76,0,Clear,0
1996-10-04 13:00:00,Hyderabad,26.5,70,950.7,100.08,92,Rain,0.1
2024-11-10 05:00:00,Udaipur,19.8,51,950.3,19.44,0,Clear,0
1999-03-19 02:00:00,Kochi,26.1,88,1006.9,9.72,54,Clear,0
2015-05-19 16:00:00,Kalaburagi,41,17,952.3,16.92,34,Clear,0
2004-07-03 17:00:00,Idukki,19.1,90,893.8,37.08,100,Rain,0.3
2017-07-01 00:00:00,Nashik,22.5,99,938.7,85.32,100,Rain,0.1
1999-03-09 15:00:00,Kota,32.3,14,975.5,40.68,0,Clear,0
2002-05-07 05:00:00,Mumbai,28.6,86,1004.9,16.92,67,Cloudy,0
2004-11-10 17:00:00,Mysuru,23.7,78,927.8,22.32,98,Rain,0.5
2012-04-26 00:00:00,Anand,27,51,1002.6,29.16,0,Clear,0
1998-10-16 10:00:00,Pune,25.6,72,947.8,72,31,Clear,0
2013-08-14 12:00:00,Nashik,23.9,84,941.2,61.2,86,Rain,0.2
2023-03-30 20:00:00,Chikkamagaluru,22.1,61,899.9,28.8,100,Cloudy,0
2016-01-18 07:00:00,Solapur,19,55,959.1,18,70,Cloudy,0
1999-08-20 16:00:00,Udaipur,29.1,62,943.7,40.68,47,Clear,0
2020-07-09 00:00:00,Mumbai,26.3,94,1005.1,60.48,47,Rain,0.4
1998-01-16 18:00:00,Bengaluru,25.4,31,910.9,37.8,0,Clear,0
2022-10-03 18:00:00,Anand,29,66,1002.7,18,16,Clear,0
1999-08-26 21:00:00,Thiruvananthapuram,24.8,88,1011.1,55.08,98,Cloudy,0
2010-06-05 01:00:00,Ahmedabad,30.6,61,1001.6,70.2,0,Clear,0
1997-01-17 14:00:00,Hyderabad,26.5,37,958,12.24,71,Cloudy,0
2025-01-04 19:00:00,Thiruvananthapuram,27.8,74,1009.6,30.96,100,Cloudy,0
2002-07-08 19:00:00,Bharuch,28.4,79,1000.8,78.12,98,Cloudy,0
2019-07-27 01:00:00,Kochi,25.1,95,1008.5,20.88,100,Rain,0.1
2004-06-16 14:00:00,Amravati,29.7,69,959.2,75.96,100,Rain,0.2
2022-05-30 00:00:00,Junagadh,26.2,80,996,40.32,16,Clear,0
2023-06-09 18:00:00,Ratnagiri,28.5,81,996.6,74.88,7,Clear,0
1996-09-11 17:00:00,Mumbai,27.7,81,1003,38.52,74,Rain,0.2
2005-12-11 08:00:00,Ahmedabad,16.6,44,1010,51.48,0,Clear,0
2022-12-03 20:00:00,Ratnagiri,26.9,67,1003.3,29.88,15,Clear,0
2015-01-27 09:00:00,Kota,12.6,96,990.7,14.04,91,Cloudy,0
2007-01-22 13:00:00,Hubballi,31.1,24,946,29.52,67,Cloudy,0
2015-05-23 16:00:00,Anand,41.3,23,996.9,63.36,6,Clear,0
2006-11-17 00:00:00,Nizamabad,19.5,80,968,22.32,0,Clear,0
2008-08-23 16:00:00,Kozhikode,26.7,79,1005.7,51.48,98,Rain,0.2
2009-08-13 09:00:00,Warangal,28.3,74,976.8,56.16,99,Cloudy,0
2022-11-13 18:00:00,Pune,22.5,55,949.2,28.44,0,Clear,0
1997-12-26 11:00:00,Mumbai,24.3,58,1015.1,8.28,3,Clear,0
2019-04-20 23:00:00,Chikkamagaluru,20.8,76,898,30.96,10,Clear,0
2010-05-28 19:00:00,Ratnagiri,30,68,999.3,41.76,56,Clear,0
2008-07-21 20:00:00,Amravati,28.7,67,965.4,19.8,100,Cloudy,0
2026-03-08 22:00:00,Mangaluru,27.5,83,1009.3,19.08,16,Clear,0
2018-11-29 19:00:00,Nagpur,22.3,55,980.8,19.44,0,Clear,0
1996-02-25 18:00:00,Mumbai,25,73,1010,53.28,0,Clear,0
2019-01-30 18:00:00,Wayanad,23.5,43,928.1,38.52,6,Clear,0
2020-04-03 10:00:00,Idukki,28.5,37,901.8,33.84,43,Clear,0
2024-02-27 18:00:00,Anand,30.5,30,1006.4,34.92,6,Clear,0
2025-01-17 18:00:00,Kozhikode,27.6,76,1007,14.4,4,Clear,0
2011-12-26 17:00:00,Mangaluru,27.9,60,1006.4,47.52,2,Clear,0
2016-04-03 01:00:00,Thiruvananthapuram,27,88,1010.1,18.72,14,Clear,0
2001-02-14 23:00:00,Kozhikode,25.9,81,1010,12.24,5,Clear,0
2019-06-20 10:00:00,Kota,29.2,75,975.2,12.6,93,Cloudy,0
2021-03-09 07:00:00,New_Delhi,20.1,82,988.1,38.52,31,Clear,0
2010-06-16 05:00:00,Udaipur,26.4,77,941,14.4,90,Cloudy,0
2022-09-01 08:00:00,Chikkamagaluru,21.8,86,898,7.2,100,Cloudy,0
1999-05-11 14:00:00,Pune,35.4,29,945.8,45.36,5,Clear,0
2016-05-29 00:00:00,Surat,29.3,77,1004.2,100.44,4,Clear,0
2001-05-21 19:00:00,Udaipur,33,37,941.4,46.8,24,Clear,0
2015-05-23 03:00:00,Aurangabad,26.1,61,941.1,55.8,1,Clear,0
2006-12-22 01:00:00,Wayanad,17.5,89,926.4,35.64,100,Cloudy,0
2018-01-13 08:00:00,Bharuch,25.1,44,1011.4,42.12,13,Clear,0
2010-11-29 05:00:00,Ganganagar,10.5,75,994.3,28.44,0,Clear,0
2001-03-11 06:00:00,Ajmer,16.4,40,956.9,31.68,0,Clear,0
2012-09-18 06:00:00,Dharwad,20.2,94,929.1,27,100,Cloudy,0
2015-02-07 08:00:00,Kota,15.8,75,987.5,24.48,22,Clear,0
2013-02-25 07:00:00,Bharuch,17.9,63,1012.4,33.84,0,Clear,0
2014-07-14 15:00:00,Bharuch,30.9,65,996.7,46.08,99,Cloudy,0
2021-11-13 12:00:00,Warangal,28.4,70,979.2,31.32,100,Rain,0.1
2010-04-12 03:00:00,Udaipur,25.8,45,942.7,28.44,72,Cloudy,0
2025-10-22 17:00:00,Kollam,26.2,86,1005.6,56.88,97,Rain,3.4
2000-03-28 17:00:00,Warangal,34.2,24,978.4,19.44,89,Cloudy,0
2000-07-04 07:00:00,Hyderabad,23,90,947.6,47.52,82,Cloudy,0
1999-05-07 21:00:00,Udaipur,29.7,34,942.1,37.8,0,Clear,0
2023-03-14 09:00:00,Udaipur,27,33,951.3,17.28,0,Clear,0
2008-12-01 14:00:00,Rajkot,24.3,62,997.9,33.84,100,Rain,0.3
2001-03-15 04:00:00,Amravati,23.7,57,971.2,10.44,22,Clear,0
2007-08-06 17:00:00,Ajmer,27.2,80,943.5,21.96,100,Cloudy,0
2024-06-11 20:00:00,Surat,30.5,72,1002.4,74.52,74,Cloudy,0
2006-06-28 09:00:00,Khammam,28.5,71,989.8,43.92,99,Cloudy,0
2019-04-28 07:00:00,Bikaner,30,22,980.9,31.68,0,Clear,0
2023-05-29 18:00:00,Ratnagiri,29.9,75,999.2,72,4,Clear,0
2022-09-18 17:00:00,Chikkamagaluru,21.4,80,898.1,46.8,66,Rain,0.1
2013-03-31 13:00:00,Ratnagiri,32.6,44,998.9,36.72,0,Clear,0
2017-06-05 10:00:00,Rajkot,35,46,991.6,54,19,Clear,0
2025-05-08 03:00:00,Nizamabad,25.7,55,962.3,29.52,0,Clear,0
1996-09-20 00:00:00,Barmer,27.4,63,982.2,96.48,0,Clear,0
2019-07-06 13:00:00,Bharuch,27,93,997,52.56,100,Rain,0.7
2013-08-31 02:00:00,Kolhapur,21.4,96,946.4,29.88,61,Cloudy,0
2006-02-21 04:00:00,Adilabad,23,45,979.2,18.36,0,Clear,0
2020-03-04 19:00:00,Bikaner,27.5,20,980.8,9,64,Cloudy,0
2016-11-10 23:00:00,Karimnagar,17.6,81,981.3,21.96,0,Clear,0
2007-04-17 01:00:00,Junagadh,24.6,85,998.7,19.8,4,Clear,0
2009-12-19 17:00:00,Surat,28.6,53,1012,19.44,9,Clear,0
1999-08-17 00:00:00,New_Delhi,27.7,88,978.9,20.16,100,Cloudy,0
2007-05-23 10:00:00,Bhavnagar,30.7,58,1005.9,18.36,0,Clear,0
2023-03-21 13:00:00,Dharwad,31.8,18,929.5,37.8,0,Clear,0
1998-07-03 08:00:00,Kozhikode,25,95,1007.5,31.32,100,Rain,1.8
2006-08-06 01:00:00,Aurangabad,22.2,93,937,84.96,100,Rain,2
2011-02-27 14:00:00,Shivamogga,31.2,35,946,31.68,34,Clear,0
2023-01-13 11:00:00,Adilabad,26.9,35,984.9,15.48,0,Clear,0
2001-03-28 08:00:00,New_Delhi,24.5,42,979.7,28.8,100,Cloudy,0
2023-11-26 03:00:00,Chikkamagaluru,17.6,99,899.8,56.16,100,Cloudy,0
2019-04-14 08:00:00,Kalaburagi,31.8,38,961.9,20.16,0,Clear,0
1996-11-09 02:00:00,New_Delhi,14.6,78,988.3,25.2,0,Clear,0
2016-12-18 09:00:00,Ajmer,17.9,60,963.5,23.04,5,Clear,0
2024-07-04 11:00:00,Bikaner,37.5,47,974,61.2,99,Cloudy,0
2017-10-18 03:00:00,Bengaluru,20.1,93,907.8,14.4,99,Cloudy,0
2004-02-28 07:00:00,Ratnagiri,21.1,95,1003.7,4.68,3,Clear,0
2006-11-11 22:00:00,Anand,23.5,47,1010.8,32.4,0,Clear,0
2009-09-30 05:00:00,Thiruvananthapuram,24.2,93,1007.5,72.72,100,Rain,0.7
2008-05-19 06:00:00,Thrissur,24.9,95,1006.6,14.76,100,Cloudy,0
2000-06-10 02:00:00,Idukki,18.4,100,895.7,21.24,100,Cloudy,0
2001-03-04 19:00:00,Delhi_North,19.5,38,988,30.6,0,Clear,0
2015-03-29 21:00:00,Anand,30.3,41,1004.1,9,99,Cloudy,0
2005-03-28 05:00:00,Ganganagar,15.2,92,986.7,24.48,1,Clear,0
2001-02-25 21:00:00,Chikkamagaluru,22.2,74,899.6,19.8,38,Clear,0
2009-11-09 22:00:00,Idukki,18.4,100,894.6,9.36,100,Rain,1.3
2000-08-01 11:00:00,Adilabad,29.3,67,976.5,37.8,99,Rain,0.3
2023-02-28 04:00:00,Solapur,22.7,35,961.7,32.4,0,Clear,0
2002-10-02 09:00:00,Kota,32,28,984,16.2,0,Clear,0
2026-02-25 03:00:00,Kolhapur,21.6,69,947.7,13.32,85,Cloudy,0
2022-01-10 03:00:00,Pune,13.1,83,948.6,22.68,2,Clear,0
2017-07-24 20:00:00,Mumbai,27.5,83,1004.2,92.88,99,Rain,0.1
1997-07-16 02:00:00,Junagadh,26.5,91,989.8,59.76,86,Cloudy,0
2004-06-30 15:00:00,Hyderabad,30.8,48,948.9,50.04,100,Cloudy,0
2022-11-19 03:00:00,Anand,16.2,58,1009,29.88,0,Clear,0
2005-03-13 08:00:00,Hyderabad,25.6,36,957.7,29.52,0,Clear,0
2021-06-26 14:00:00,Karimnagar,32,59,971.6,41.4,94,Cloudy,0
2012-06-10 14:00:00,Kozhikode,29,75,1006.7,46.44,100,Cloudy,0
1998-04-02 14:00:00,Bharuch,41.7,12,1006.6,34.92,0,Clear,0
2010-10-02 10:00:00,Delhi_North,29.5,65,984.8,3.6,0,Clear,0
2019-10-19 13:00:00,Bharuch,30.6,61,1009.1,54,99,Cloudy,0
2006-12-15 00:00:00,Ahmedabad,19.3,55,1010.1,33.12,33,Clear,0
2010-02-28 03:00:00,Barmer,21.2,34,988.2,48.24,0,Clear,0
1997-05-26 06:00:00,Karimnagar,29,33,974.9,42.84,1,Clear,0
2005-08-02 15:00:00,Adilabad,29.1,71,968.9,25.92,100,Cloudy,0
2023-03-01 05:00:00,Thrissur,26.1,63,1010.6,63.72,5,Clear,0
2010-02-12 14:00:00,Ahmedabad,29.7,19,1007.7,36.36,0,Clear,0
2024-01-28 22:00:00,Ahmedabad,19.5,53,1010.6,29.16,100,Cloudy,0
2014-03-24 01:00:00,Chikkamagaluru,20.8,93,899.1,9.36,14,Clear,0
2001-12-26 13:00:00,Warangal,27.5,46,987,17.28,4,Clear,0
2013-05-06 07:00:00,Nagpur,33.2,46,971.1,33.48,1,Clear,0
2001-02-27 05:00:00,Delhi_North,12.2,64,986.5,13.32,8,Clear,0
1996-03-31 09:00:00,Shivamogga,28.1,61,946,25.2,97,Cloudy,0
2005-10-04 16:00:00,Adilabad,31.1,48,977.9,30.24,20,Clear,0
2018-06-12 07:00:00,Mysuru,23.1,90,926,60.48,99,Rain,0.1
2022-10-12 04:00:00,Bhavnagar,24.7,95,1005.5,18,100,Cloudy,0
2017-05-08 22:00:00,Dharwad,24.4,89,931.7,59.04,82,Cloudy,0
2020-08-11 04:00:00,Chikkamagaluru,18.5,98,895.8,65.88,100,Rain,0.2
1998-07-06 03:00:00,Amravati,24.2,90,963.6,60.48,100,Rain,0.6
2018-10-18 08:00:00,Hubballi,22.6,88,944.4,12.96,99,Cloudy,0
2023-04-03 18:00:00,Amravati,32.3,21,968.5,46.44,1,Clear,0
1998-03-21 17:00:00,Mysuru,34.3,19,929.3,37.8,0,Clear,0
2010-10-02 05:00:00,Udaipur,21.8,72,945.5,21.24,0,Clear,0
2025-10-06 19:00:00,Pune,22.9,86,949.8,33.12,24,Clear,0
2022-08-12 20:00:00,Kozhikode,24.9,92,1008.1,26.64,49,Clear,0
2000-02-15 20:00:00,Aurangabad,22.9,67,946,23.04,19,Clear,0
2009-12-31 18:00:00,Anand,25.1,36,1007.4,33.48,48,Clear,0
2014-01-08 02:00:00,Rajkot,15.3,67,998.3,30.6,0,Clear,0
1996-07-13 02:00:00,Udaipur,26,82,938.6,49.68,99,Cloudy,0
2003-04-10 07:00:00,Pune,25.1,61,948.3,16.92,74,Cloudy,0
2022-03-14 06:00:00,Kota,19.2,58,981.6,32.4,0,Clear,0
2021-07-17 12:00:00,Ajmer,36.7,43,951.2,33.84,30,Clear,0
2016-03-06 01:00:00,Junagadh,20.8,84,1001.6,24.84,19,Clear,0
2023-09-24 20:00:00,Dharwad,22.7,89,930.5,47.88,100,Cloudy,0
2013-06-08 16:00:00,Kolhapur,23.9,88,941.2,45.36,99,Rain,0.5
2017-08-08 13:00:00,Thiruvananthapuram,28.4,76,1005.8,77.4,87,Rain,0.1
2020-11-22 19:00:00,Hyderabad,23.8,71,958,19.08,83,Cloudy,0
2011-09-24 04:00:00,Mumbai,23.5,92,1007.7,20.16,73,Rain,0.2
2003-08-25 09:00:00,Ajmer,26.4,83,947.1,57.24,94,Cloudy,0
2022-08-09 10:00:00,Bikaner,31.9,69,974.7,46.8,17,Clear,0
1996-11-13 06:00:00,Bhavnagar,20.8,74,1010.7,33.12,0,Clear,0
2023-09-12 21:00:00,Thrissur,25.4,95,1008.9,16.92,100,Cloudy,0
2021-09-13 00:00:00,Jaipur,24,97,953.6,45.72,98,Rain,1.2
2021-09-10 20:00:00,Bhavnagar,27,86,1000.3,37.08,98,Cloudy,0
2013-03-28 16:00:00,Mysuru,33.1,33,926.3,4.68,69,Cloudy,0
2003-03-09 07:00:00,Kolhapur,22.9,94,948.7,8.28,66,Cloudy,0
2007-11-30 23:00:00,Mysuru,19.4,66,931.4,36.72,58,Clear,0
2011-03-25 01:00:00,Hyderabad,24.7,61,953.7,45.72,45,Clear,0
2011-10-14 11:00:00,Thiruvananthapuram,28.6,71,1008.8,32.4,30,Rain,0.1
2025-02-04 03:00:00,Chikkamagaluru,18.4,48,899.7,6.84,88,Cloudy,0
2001-07-26 00:00:00,Bikaner,26.8,90,975.4,36,99,Rain,0.1
2014-10-26 20:00:00,Mysuru,22.2,87,931.4,9.36,89,Rain,0.1
1998-03-16 21:00:00,Chikkamagaluru,22.5,48,902.7,17.64,0,Clear,0
2006-12-15 23:00:00,Delhi_North,13.2,55,991.7,36,95,Cloudy,0
2025-01-07 08:00:00,Nagpur,17.5,69,981.4,28.08,0,Clear,0
1999-03-29 02:00:00,Ganganagar,19.8,49,986.6,32.4,94,Cloudy,0
2017-10-29 18:00:00,Ahmedabad,31.6,32,1006.7,2.88,8,Clear,0
1999-03-31 13:00:00,Dharwad,35.6,20,930.4,27.36,3,Clear,0
2018-11-12 15:00:00,Nagpur,30,28,975.7,19.8,0,Clear,0
2009-08-12 20:00:00,Hubballi,22.9,85,939.2,43.56,21,Clear,0
2003-03-31 23:00:00,Dharwad,24,72,930.1,31.68,0,Clear,0
2006-02-08 19:00:00,Mumbai,26.5,52,1012.5,51.12,0,Clear,0
2000-06-30 12:00:00,Mysuru,22.4,87,924.4,80.64,100,Rain,0.4
2025-02-26 17:00:00,Rajkot,35.5,17,998.3,22.68,20,Clear,0
2008-08-12 21:00:00,Ganganagar,28.7,79,977.2,42.84,39,Clear,0
2007-12-22 08:00:00,Dharwad,21.4,72,934.8,28.44,10,Clear,0
2010-01-28 00:00:00,Kalaburagi,20,50,963.1,42.12,58,Clear,0
2002-09-14 08:00:00,Barmer,23.5,78,987.5,99.36,95,Cloudy,0
2023-03-14 04:00:00,Pune,20.3,56,947.6,19.8,100,Cloudy,0
2000-05-23 14:00:00,Udaipur,37.3,27,941.7,75.96,0,Clear,0
2010-03-22 18:00:00,Kochi,29.8,74,1005.1,30.24,29,Clear,0
2023-11-24 21:00:00,Mysuru,22.4,82,930.5,36.72,43,Clear,0
2003-11-27 21:00:00,Barmer,19.1,18,990.7,53.64,42,Clear,0
2016-03-31 08:00:00,Mysuru,25.4,76,933.2,12.6,17,Clear,0
2004-10-26 06:00:00,Udaipur,21.5,37,952.3,10.08,0,Clear,0
2022-02-14 21:00:00,Mangaluru,25.6,83,1008,16.2,8,Clear,0
2011-08-30 21:00:00,Jodhpur,27.8,85,976.9,36.36,89,Cloudy,0
2022-04-15 03:00:00,Pune,22.9,77,945.3,21.24,8,Clear,0
1996-09-15 06:00:00,Aurangabad,21.3,95,939.5,38.16,57,Clear,0
2009-05-27 11:00:00,Hyderabad,37.7,27,949,45,14,Clear,0
1999-12-01 13:00:00,Idukki,23.2,67,897.8,29.52,91,Rain,0.8
2006-02-26 15:00:00,Nizamabad,36.1,15,963.9,12.96,0,Clear,0
2022-02-21 23:00:00,Aurangabad,20.8,29,945,27.72,0,Clear,0
2017-07-07 16:00:00,Barmer,32.2,56,979.2,86.4,37,Clear,0
2007-01-24 16:00:00,Nagpur,28.8,26,980.4,23.76,90,Cloudy,0
2018-12-22 18:00:00,Amravati,19.1,49,974.7,31.68,0,Clear,0
2016-05-13 14:00:00,Junagadh,40.5,22,996.1,49.32,19,Clear,0
2017-02-04 23:00:00,Bharuch,20.6,79,1010.4,35.28,0,Clear,0
2005-10-07 00:00:00,Jaipur,24.3,39,963.2,45,0,Clear,0
2009-07-06 17:00:00,Adilabad,28.9,69,968.5,21.24,100,Cloudy,0
2006-06-19 13:00:00,Kochi,29,78,1004.7,28.8,100,Cloudy,0
2011-11-03 01:00:00,Hyderabad,21.7,89,954.2,25.92,19,Clear,0
2002-01-02 01:00:00,Barmer,13.3,30,996.5,38.16,0,Clear,0
2000-11-01 15:00:00,Ajmer,32.2,13,957.7,31.32,0,Clear,0
2020-07-08 23:00:00,Nagpur,26.2,89,970.7,16.92,100,Rain,0.4
2010-09-01 17:00:00,Mysuru,25.2,67,926.7,51.84,34,Clear,0
2017-03-22 14:00:00,Thrissur,30.1,72,1007.2,39.96,81,Cloudy,0
2019-02-05 00:00:00,Thiruvananthapuram,25.9,84,1012.5,15.12,73,Cloudy,0
2018-06-14 12:00:00,Amravati,35,39,964.1,81.36,100,Cloudy,0
2000-06-10 02:00:00,Bhavnagar,28.9,74,999.1,55.08,100,Cloudy,0
2002-08-27 01:00:00,Hyderabad,22.3,83,953.9,27.36,93,Cloudy,0
2016-06-26 21:00:00,Udaipur,27.4,81,940.8,23.4,100,Cloudy,0
2025-11-29 07:00:00,Hubballi,17,79,943,50.4,100,Cloudy,0
2011-06-21 05:00:00,Ganganagar,28.5,77,978.1,16.92,26,Clear,0
2015-05-29 21:00:00,Pune,27.2,79,948.3,45.36,98,Cloudy,0
2017-05-21 05:00:00,Amravati,29,31,965.9,42.84,0,Clear,0
2008-05-07 09:00:00,Khammam,35,23,991.1,39.96,2,Clear,0
2012-06-10 10:00:00,Surat,29.5,75,1003.8,77.4,63,Rain,0.1
2011-06-05 22:00:00,Kochi,25.3,95,1009.1,3.6,100,Rain,0.5
2000-06-20 00:00:00,Anand,29.5,70,995.8,62.64,100,Cloudy,0
2004-11-04 02:00:00,Khammam,18.1,73,998.2,24.84,0,Clear,0
1997-05-08 14:00:00,Barmer,38,11,984.8,24.84,0,Clear,0
2014-08-12 02:00:00,Aurangabad,22.1,90,940.4,41.04,68,Cloudy,0
2005-06-21 11:00:00,Jaipur,39.3,28,953.1,12.24,4,Clear,0
2015-10-06 14:00:00,Shivamogga,25.6,74,943.4,18.72,73,Rain,0.6
2020-03-04 02:00:00,Kota,18.9,79,979.5,24.12,34,Clear,0
2005-11-04 09:00:00,Kolhapur,24.2,51,952.7,38.88,0,Clear,0
2009-06-05 06:00:00,Mangaluru,25.4,92,1004.4,37.8,97,Rain,0.4
2002-06-16 16:00:00,Jaipur,38.2,32,951.6,33.84,94,Cloudy,0
1998-07-18 14:00:00,Karimnagar,31.1,64,974.6,12.24,100,Cloudy,0
2024-02-07 09:00:00,Delhi_North,12.9,71,995.4,36,19,Clear,0
2014-02-24 22:00:00,Adilabad,24.6,69,985.2,23.4,11,Clear,0
2010-06-20 01:00:00,Bengaluru,20.9,92,909.4,41.04,100,Cloudy,0
1999-05-30 13:00:00,Amravati,37.3,25,964.7,67.68,2,Clear,0
2000-09-24 11:00:00,Wayanad,27.2,64,926.8,31.68,85,Cloudy,0
2015-09-01 23:00:00,Bhavnagar,27.6,74,1003.6,58.68,12,Clear,0
1997-06-07 12:00:00,Jaipur,34.1,41,959.9,68.76,1,Clear,0
1996-08-19 04:00:00,Udaipur,22.8,95,939.6,49.68,99,Cloudy,0
2014-10-19 01:00:00,Warangal,24.3,84,981.3,25.2,6,Clear,0
2022-04-23 10:00:00,Karimnagar,34.4,45,980.3,21.96,40,Clear,0
2016-06-04 20:00:00,Anand,37.8,24,997.4,35.64,7,Clear,0
2008-06-16 17:00:00,Hyderabad,29.8,50,945,95.04,100,Cloudy,0
1998-09-23 07:00:00,Kalaburagi,23.2,89,958.7,34.92,16,Clear,0
2001-05-02 03:00:00,Kalaburagi,31.3,29,954.9,30.96,22,Clear,0
2005-01-15 09:00:00,Khammam,24.3,71,1001.3,29.88,42,Clear,0
2010-04-30 07:00:00,Ratnagiri,27.9,84,1003.1,16.2,99,Cloudy,0
2024-10-12 02:00:00,Mumbai,24.9,94,1006.2,12.96,100,Cloudy,0
2013-06-19 15:00:00,Junagadh,29.9,78,991,37.8,56,Rain,0.9
2021-07-25 14:00:00,Rajkot,26.6,91,986.2,62.28,100,Rain,2
2020-08-01 02:00:00,Mumbai,26.1,94,1002.7,36.36,99,Cloudy,0
2000-01-03 16:00:00,Hyderabad,27,24,954.5,32.04,0,Clear,0
2007-04-11 20:00:00,Wayanad,23.8,92,926.9,16.92,59,Clear,0
2000-02-04 00:00:00,Udaipur,15.5,78,949.2,27.72,0,Clear,0
2013-01-16 06:00:00,Adilabad,16.9,68,983.3,28.8,10,Clear,0
2015-07-16 20:00:00,Thrissur,25.2,88,1004.8,30.24,99,Rain,0.4
2004-03-25 23:00:00,Kollam,27.2,80,1008,25.2,20,Clear,0
2008-11-06 22:00:00,Solapur,24.7,46,959.3,42.12,0,Clear,0
2008-09-18 12:00:00,Bengaluru,25.5,58,911.3,76.68,100,Cloudy,0
2010-10-26 12:00:00,Kozhikode,28.5,77,1008.3,31.32,26,Clear,0
2019-09-01 16:00:00,Solapur,27,73,950.5,85.32,84,Rain,0.3
2016-10-01 03:00:00,Chikkamagaluru,19.2,92,896.2,20.52,100,Cloudy,0
2013-02-05 19:00:00,Solapur,30.2,27,960.7,28.8,30,Clear,0
2009-04-24 05:00:00,Ratnagiri,25.4,89,999.6,12.96,65,Cloudy,0
2015-01-20 16:00:00,Kozhikode,29.8,53,1010.5,27.36,39,Clear,0
2022-09-13 06:00:00,Surat,24.5,97,999.2,24.84,100,Rain,0.6
2001-12-21 00:00:00,New_Delhi,11.1,78,995.9,28.44,0,Clear,0
1996-07-23 15:00:00,Kolhapur,23.1,88,940.8,88.56,100,Rain,0.3
2016-05-24 23:00:00,Surat,29.4,84,1004.7,110.88,17,Clear,0
2014-11-27 20:00:00,Ratnagiri,25.7,67,1002.6,30.96,0,Clear,0
2026-01-27 10:00:00,Mangaluru,30.2,52,1014.7,13.32,98,Cloudy,0
2005-10-23 18:00:00,Hubballi,24.4,57,939,24.84,34,Clear,0
2024-01-18 01:00:00,Bikaner,10.9,95,988.7,36.72,0,Clear,0
2017-04-04 15:00:00,Amravati,39.5,15,968,57.6,2,Clear,0
2003-12-26 03:00:00,Bengaluru,18.7,95,912.3,48.96,100,Cloudy,0
2009-12-31 00:00:00,Karimnagar,21.6,72,981.5,12.24,30,Clear,0
2020-05-07 00:00:00,Hubballi,25.9,87,941.3,49.68,94,Cloudy,0
2018-04-24 09:00:00,Chikkamagaluru,28.8,44,902,6.48,1,Clear,0
2007-06-12 20:00:00,Anand,33.3,56,993.8,68.76,94,Cloudy,0
2017-07-02 17:00:00,Mysuru,25.9,70,925.5,66.24,100,Cloudy,0
2000-12-18 15:00:00,Ganganagar,21.3,35,995.6,52.56,0,Clear,0
2023-09-09 20:00:00,Mangaluru,24.9,95,1006.9,10.44,69,Rain,0.4
2001-10-26 16:00:00,Delhi_North,31.5,34,982.1,20.88,0,Clear,0
2017-09-09 22:00:00,Rajkot,25.1,82,992.7,31.32,97,Cloudy,0
2015-07-31 09:00:00,Kota,27.3,72,974.5,81,71,Cloudy,0
2019-11-13 03:00:00,Jaipur,20,77,964.7,32.76,86,Cloudy,0
1997-10-04 00:00:00,Kollam,25.2,91,1014.1,18.72,77,Cloudy,0
2012-05-22 18:00:00,Karimnagar,40.8,14,970.4,12.96,87,Cloudy,0
2002-11-19 18:00:00,Anand,29.2,26,1006.5,12.96,25,Clear,0
2012-12-01 01:00:00,Mumbai,21.6,83,1010.8,18.72,0,Clear,0
2006-11-20 10:00:00,Shivamogga,25.3,74,949.2,40.32,83,Rain,0.1
2024-12-24 15:00:00,Mumbai,27.5,48,1009.4,57.96,6,Clear,0
2004-01-04 12:00:00,Aurangabad,26.7,36,949.9,53.64,0,Clear,0
2025-01-21 11:00:00,Mumbai,30.1,35,1012.2,6.84,0,Clear,0
2014-09-13 21:00:00,Khammam,25.1,93,992.4,30.96,100,Rain,0.4
1999-06-12 16:00:00,Ajmer,36.6,32,944.7,39.24,83,Cloudy,0
2006-01-04 10:00:00,Nagpur,23.6,46,981.6,29.16,71,Cloudy,0
1996-09-13 11:00:00,Mangaluru,27.4,84,1006.6,32.04,95,Rain,0.2
2006-03-10 16:00:00,Mysuru,25.5,68,928.5,27.72,36,Thunderstorm,5.6
2004-06-23 23:00:00,New_Delhi,28.4,70,972,24.84,28,Clear,0
2010-11-24 14:00:00,Mangaluru,28.8,72,1005.1,42.48,45,Clear,0
2016-02-09 17:00:00,Nagpur,28.5,31,976.4,13.32,0,Clear,0
1996-06-17 04:00:00,Kolhapur,22.8,96,936.1,64.44,100,Rain,0.8
2013-02-04 04:00:00,Mangaluru,22.6,96,1009.1,19.44,32,Clear,0
2019-03-14 23:00:00,Hyderabad,26.6,30,957.8,47.88,10,Clear,0
2023-09-05 11:00:00,Bharuch,32.5,56,1004,33.12,10,Clear,0
1997-03-18 02:00:00,Kolhapur,24.3,88,949.4,24.48,2,Clear,0
2007-12-04 12:00:00,Dharwad,26.5,46,933.5,65.52,97,Cloudy,0
2003-07-06 20:00:00,Jaipur,28.6,76,954.5,18.72,99,Rain,0.1
2010-12-30 18:00:00,Kozhikode,26.8,74,1006.9,11.16,67,Cloudy,0
2018-06-19 11:00:00,Mangaluru,26.5,91,1006.2,55.8,74,Rain,1.4
2008-07-17 08:00:00,Amravati,27.2,71,966.1,50.04,95,Cloudy,0
2005-10-05 04:00:00,Warangal,22.8,79,978.9,21.6,33,Clear,0
2015-06-07 23:00:00,Jaipur,31.9,23,954.8,46.08,6,Clear,0
2007-12-25 17:00:00,Ahmedabad,27.8,41,1005.4,23.76,0,Clear,0
2025-04-09 01:00:00,Mysuru,22,87,928.4,12.6,42,Clear,0
2021-05-29 18:00:00,Bikaner,41.5,16,974.8,75.96,3,Clear,0
2010-09-02 19:00:00,Ajmer,27.8,78,950.4,14.4,100,Cloudy,0
2006-12-26 20:00:00,Karimnagar,23.1,66,982.6,28.44,5,Clear,0
2017-05-25 03:00:00,Chikkamagaluru,21.1,98,896,50.76,100,Cloudy,0
2011-02-09 04:00:00,Kalaburagi,17.5,46,956.3,30.24,0,Clear,0
1998-10-11 18:00:00,Hyderabad,24.4,88,949.5,38.88,78,Cloudy,0
2023-11-03 07:00:00,Idukki,20.4,96,898.4,40.32,100,Cloudy,0
1998-09-07 09:00:00,Thrissur,25.9,90,1008.5,25.92,83,Cloudy,0
2003-07-04 18:00:00,Chikkamagaluru,19.6,97,894.5,34.56,100,Rain,0.4
2022-04-16 19:00:00,Mangaluru,28.2,80,1003.5,20.16,20,Clear,0
2023-07-03 15:00:00,Bharuch,31.9,71,999.1,28.8,100,Rain,0.1
2020-09-09 01:00:00,Jaipur,25.6,92,958.3,24.12,9,Clear,0
2019-10-09 05:00:00,Ganganagar,21.6,67,991,14.4,0,Clear,0
2013-06-22 09:00:00,Barmer,30.5,59,979.6,107.28,34,Clear,0
2004-05-25 07:00:00,Kota,31.7,48,976.1,78.12,0,Clear,0
2025-02-09 20:00:00,Nagpur,27.8,36,977.8,23.4,0,Clear,0
2012-03-04 05:00:00,Kolhapur,18.2,94,945.2,19.44,0,Clear,0
2025-12-25 01:00:00,Chikkamagaluru,14.8,72,898.6,33.48,26,Clear,0
2014-07-28 13:00:00,Bikaner,31,74,975.1,49.68,93,Rain,0.1
2006-07-14 16:00:00,Idukki,19.1,89,895.9,34.92,100,Rain,0.8
2016-04-13 22:00:00,Dharwad,25.6,69,928.3,44.28,0,Clear,0
2003-11-10 15:00:00,Kalaburagi,31.3,29,960.7,65.52,12,Clear,0
2006-04-02 20:00:00,Kolhapur,27.8,54,947.5,47.88,0,Clear,0
1996-04-26 15:00:00,Solapur,40.6,12,951.9,33.12,9,Clear,0
2023-02-13 19:00:00,Ganganagar,15.4,44,995.4,28.8,0,Clear,0
2005-02-27 16:00:00,Dharwad,33.2,19,930,28.44,5,Clear,0
2008-06-02 20:00:00,Thiruvananthapuram,24.8,92,1007.7,36.36,91,Rain,0.7
2008-10-09 08:00:00,Hyderabad,25.6,81,957.3,20.16,39,Rain,0.2
2009-09-22 19:00:00,Kota,32.5,42,975,26.64,12,Clear,0
2003-08-31 12:00:00,New_Delhi,29,81,978.2,12.24,99,Cloudy,0
1999-03-29 05:00:00,Aurangabad,21.1,26,942.6,31.32,0,Clear,0
2010-03-16 15:00:00,Mysuru,33.4,30,928.8,37.44,93,Cloudy,0
2002-06-14 12:00:00,Bikaner,40.3,22,972.8,105.12,0,Clear,0
2017-07-25 17:00:00,Dharwad,25.2,73,926.5,81.72,46,Clear,0
1999-08-24 02:00:00,Warangal,24.9,89,976.1,28.08,100,Cloudy,0
1998-06-04 03:00:00,Delhi_North,28,57,974.8,21.96,0,Clear,0
1997-12-28 02:00:00,Bharuch,18.8,64,1012.5,35.28,47,Clear,0
2000-04-07 03:00:00,Solapur,30.2,41,955.3,30.6,39,Clear,0
2021-01-01 13:00:00,Aurangabad,28.3,45,947.8,34.56,81,Cloudy,0
2000-07-28 15:00:00,Solapur,29.6,54,952.7,47.52,74,Cloudy,0
2000-10-08 06:00:00,Ganganagar,23.2,60,988.2,20.88,4,Clear,0
1998-04-25 09:00:00,Mysuru,28.7,66,931.6,2.52,11,Clear,0
2009-03-13 06:00:00,Thrissur,24.6,95,1009,6.48,18,Clear,0
2004-05-28 23:00:00,Thrissur,24.5,97,1007.7,12.24,100,Cloudy,0
2015-03-01 19:00:00,Mysuru,26.5,54,928.9,14.4,40,Clear,0
2001-06-14 02:00:00,Nashik,22.1,94,937.5,85.32,100,Rain,0.1
2007-08-01 05:00:00,Hyderabad,22.4,95,949.2,27,100,Cloudy,0
2002-07-17 22:00:00,New_Delhi,33.4,53,976.3,23.76,40,Clear,0
2013-08-30 05:00:00,Nashik,21.5,95,944.6,44.64,100,Cloudy,0
2010-11-03 19:00:00,Bhavnagar,29.3,45,1009.2,30.24,0,Clear,0
2010-04-23 11:00:00,Bharuch,38.4,26,1007.8,36.36,0,Clear,0
2010-10-13 18:00:00,Nashik,24.1,80,946.4,15.48,55,Clear,0
2017-04-09 21:00:00,Wayanad,23,95,927,14.4,83,Cloudy,0
2011-05-26 01:00:00,Karimnagar,30.8,51,973,22.68,11,Clear,0
2012-08-26 12:00:00,Mangaluru,24.9,92,1007.3,89.28,99,Thunderstorm,5.6
2002-01-05 21:00:00,Warangal,21.2,60,985.4,23.76,44,Clear,0
2025-12-08 06:00:00,New_Delhi,12.2,72,993.2,33.48,0,Clear,0
2004-11-06 16:00:00,Ahmedabad,30.9,24,1005.3,25.2,1,Clear,0
2019-04-11 00:00:00,Thrissur,28.2,83,1008.6,7.92,32,Clear,0
2015-04-11 20:00:00,Mysuru,25.1,73,930.3,42.12,52,Clear,0
2013-11-22 03:00:00,Thrissur,23.7,96,1005.4,14.04,49,Clear,0
2000-05-03 20:00:00,Warangal,34.1,39,976.4,25.2,23,Clear,0
2013-03-12 04:00:00,Surat,22.8,80,1008.1,15.48,92,Cloudy,0
2016-07-05 12:00:00,Solapur,28.3,70,953.6,79.92,99,Cloudy,0
2007-08-09 01:00:00,Bhavnagar,25.5,87,991.4,72.36,100,Rain,0.5
1998-04-07 11:00:00,Thiruvananthapuram,30.6,67,1010.5,19.44,78,Cloudy,0
2017-09-05 05:00:00,Mumbai,26,93,1008.2,11.88,21,Rain,0.1
1996-07-17 14:00:00,Khammam,33.5,53,985.7,54.72,87,Cloudy,0
2004-11-29 02:00:00,Hubballi,18.2,40,944.2,34.56,0,Clear,0
2003-11-15 14:00:00,Bharuch,33.3,26,1010.1,16.2,0,Clear,0
2003-05-22 07:00:00,Nashik,23.8,83,946.4,63.36,48,Clear,0
2015-10-19 21:00:00,Ajmer,27.8,40,959,32.76,23,Clear,0
2025-04-12 04:00:00,Chikkamagaluru,18.3,93,896.3,28.08,5,Clear,0
2020-01-29 16:00:00,Adilabad,28.4,39,981.3,46.8,40,Clear,0
2011-11-21 11:00:00,Barmer,30.3,30,996.3,31.32,0,Clear,0
1999-12-21 06:00:00,Adilabad,16.7,56,984.6,25.56,0,Clear,0
2002-05-23 19:00:00,Thrissur,27.8,84,1007.3,11.88,95,Cloudy,0
2004-11-08 05:00:00,Chikkamagaluru,19.1,98,898.4,29.88,100,Cloudy,0
2001-06-08 13:00:00,Kochi,29,65,1004.9,28.8,94,Cloudy,0
1998-05-27 19:00:00,Kozhikode,26,94,1009.6,3.6,100,Rain,3.3
2011-07-05 15:00:00,Rajkot,35.5,39,987.4,28.8,21,Clear,0
2013-11-18 15:00:00,Dharwad,25.9,55,931.8,50.04,94,Cloudy,0
2021-01-20 21:00:00,Jaipur,13.8,63,964.8,26.28,0,Clear,0
2012-10-02 02:00:00,Kozhikode,23.9,95,1008.5,2.52,99,Rain,0.2
2005-11-15 01:00:00,Anand,19.5,57,1008.5,26.64,0,Clear,0
2005-05-01 01:00:00,Pune,22.5,81,945.2,19.8,1,Clear,0
2011-10-31 07:00:00,Khammam,24.5,84,997,12.24,67,Cloudy,0
2022-09-10 19:00:00,Dharwad,21.4,98,925.8,73.44,100,Rain,0.3
2004-06-19 17:00:00,Anand,32.3,63,993.4,79.56,31,Clear,0
2021-11-19 00:00:00,Thiruvananthapuram,23.2,98,1005.7,14.76,100,Cloudy,0
2007-10-27 15:00:00,Idukki,20.4,92,895.1,13.68,99,Rain,1.5
2020-03-31 19:00:00,Surat,26.7,65,1007.7,28.44,0,Clear,0
2016-03-16 19:00:00,Adilabad,30.8,49,979.9,34.92,30,Clear,0
2004-12-18 06:00:00,Shivamogga,15.4,79,947.5,30.24,2,Clear,0
2025-12-05 02:00:00,Hubballi,21.6,88,944.7,46.8,88,Cloudy,0
2019-12-31 05:00:00,Delhi_North,2.3,100,993.2,22.32,100,Cloudy,0
2007-11-10 09:00:00,Pune,27.2,46,951.2,27.36,0,Clear,0
2006-09-17 00:00:00,Udaipur,24.5,83,944.7,21.24,64,Cloudy,0
2025-03-08 03:00:00,Ganganagar,14.8,69,987.8,6.84,0,Clear,0
2015-12-02 11:00:00,Ajmer,23.8,38,962.9,37.8,2,Clear,0
2015-07-01 11:00:00,Kota,33.9,48,976.8,59.4,7,Clear,0
2010-12-06 22:00:00,Kozhikode,24.4,88,1005.2,16.92,100,Cloudy,0
2022-01-03 09:00:00,Kollam,29,53,1011.7,48.24,42,Clear,0
2023-10-14 18:00:00,Chikkamagaluru,25.2,41,900.9,13.32,3,Clear,0
2021-05-31 17:00:00,Nashik,29.8,60,940.6,53.28,36,Clear,0
1999-05-14 11:00:00,Udaipur,34.4,38,943.1,45,2,Clear,0
2011-08-04 03:00:00,Ahmedabad,26.7,88,994.7,17.28,100,Cloudy,0
1998-12-26 08:00:00,Nizamabad,17.7,62,973.3,20.16,0,Clear,0
2003-10-10 18:00:00,Rajkot,31.2,37,992.8,47.88,0,Clear,0
2021-05-15 21:00:00,Karimnagar,31.8,53,973.4,72.36,4,Clear,0
2003-01-04 07:00:00,Amravati,17.4,76,978.2,29.52,15,Clear,0
1996-03-17 00:00:00,Mumbai,24.8,89,1008.2,27,49,Clear,0
2004-10-12 20:00:00,Mangaluru,26.5,80,1009.9,31.32,95,Cloudy,0
2005-03-05 19:00:00,Kozhikode,29.4,62,1012.3,30.24,28,Clear,0
2024-01-01 04:00:00,Khammam,18.9,97,999.5,22.68,0,Clear,0
1997-02-12 19:00:00,Nagpur,22,24,978.7,16.92,0,Clear,0
2005-07-12 07:00:00,Thrissur,24,93,1009.7,28.08,72,Rain,0.3
2001-03-14 00:00:00,Surat,22.2,92,1008.5,43.56,24,Clear,0
1998-11-04 08:00:00,Mysuru,20.3,94,930.2,35.64,100,Rain,0.6
2007-09-08 22:00:00,Adilabad,25.1,93,976.5,13.68,100,Cloudy,0
2001-01-07 20:00:00,Shivamogga,23.3,37,946,32.04,12,Clear,0
2004-08-24 02:00:00,Ganganagar,26.9,87,982.7,23.76,1,Clear,0
2008-03-10 04:00:00,Ahmedabad,22.1,36,1003.8,24.48,95,Cloudy,0
2001-10-05 05:00:00,Bharuch,26.7,86,1003.7,27.72,57,Clear,0
2023-11-17 22:00:00,Ahmedabad,21.6,53,1008.8,26.64,0,Clear,0
2012-08-20 01:00:00,Jaipur,26.1,91,953.5,3.96,100,Cloudy,0
2025-12-26 19:00:00,Kalaburagi,23.4,34,961.9,49.32,0,Clear,0
2006-03-26 00:00:00,Khammam,26.7,74,994.7,37.44,2,Clear,0
1999-09-26 18:00:00,Chikkamagaluru,22.8,84,896,21.6,50,Clear,0
2000-03-19 22:00:00,Rajkot,24.1,15,996.8,38.88,0,Clear,0
2011-06-17 00:00:00,Dharwad,21,99,927.5,91.8,100,Rain,1.8
2010-12-09 05:00:00,Ratnagiri,22.3,95,998.3,14.4,35,Clear,0
1999-09-05 03:00:00,Warangal,25.7,75,975.3,41.76,70,Cloudy,0
1997-01-09 15:00:00,New_Delhi,20.2,35,994.7,28.44,27,Clear,0
2001-01-13 20:00:00,Udaipur,17.6,24,950.8,34.2,0,Clear,0
2017-05-16 09:00:00,Adilabad,37.8,28,975.4,46.44,2,Clear,0
2000-07-14 19:00:00,Ahmedabad,25.4,91,990.8,68.76,100,Rain,1.1
2018-05-11 13:00:00,New_Delhi,39.7,21,981.2,43.56,0,Clear,0
2008-12-02 16:00:00,Kota,26.7,28,982.5,17.28,4,Clear,0
2012-12-25 12:00:00,Jaipur,20,39,966.8,20.16,0,Clear,0
1997-07-31 05:00:00,Bharuch,26,93,994.5,46.8,100,Cloudy,0
2004-06-29 10:00:00,Mumbai,27.3,87,1008.2,58.68,77,Rain,0.4
2025-12-13 05:00:00,Anand,13.5,87,1008.8,28.44,0,Clear,0
1997-01-24 08:00:00,Karimnagar,18.2,67,983.4,4.68,36,Clear,0
2014-05-29 14:00:00,Mysuru,31.7,46,927.3,19.44,85,Cloudy,0
2000-06-10 11:00:00,Ahmedabad,34.4,46,997.7,43.56,91,Cloudy,0
2020-05-28 05:00:00,Nagpur,32,34,967.5,67.68,0,Clear,0
2017-07-25 12:00:00,Kollam,29.6,74,1006.3,76.68,75,Rain,0.1
2016-04-11 16:00:00,Rajkot,35.4,21,995.8,47.52,92,Cloudy,0
2022-11-30 08:00:00,Mysuru,21,84,931.6,37.44,29,Clear,0
2009-11-15 13:00:00,Ahmedabad,30.4,43,1003,19.8,18,Clear,0
2009-01-18 09:00:00,New_Delhi,17.5,89,992.6,25.92,54,Clear,0
2010-12-07 14:00:00,Kota,21.8,43,983,29.16,0,Clear,0
2021-03-17 19:00:00,Warangal,29.8,35,979.3,25.2,82,Cloudy,0
2019-12-11 04:00:00,Barmer,14.8,46,989.5,36.72,80,Cloudy,0
2012-02-12 07:00:00,Kota,9.8,71,983.5,31.32,34,Clear,0
2015-03-31 11:00:00,Ahmedabad,30.7,33,1005.9,15.84,0,Clear,0
2013-02-06 23:00:00,Nagpur,23,66,978.9,11.16,19,Clear,0
2011-01-13 01:00:00,Ahmedabad,14.7,55,1004.8,29.88,80,Cloudy,0
1996-04-05 18:00:00,Mumbai,27.3,61,1006.8,48.6,0,Clear,0
2024-06-04 04:00:00,Udaipur,28.1,59,943.3,58.68,0,Clear,0
2014-02-07 21:00:00,Hubballi,24.3,36,940.7,21.24,0,Clear,0
2017-08-17 02:00:00,Adilabad,25.8,80,973.3,26.64,91,Cloudy,0
2018-11-15 06:00:00,Kochi,25.2,98,1008.2,16.92,32,Clear,0
2015-11-11 06:00:00,Wayanad,19.6,98,924.6,9,100,Cloudy,0
2021-09-05 03:00:00,Bharuch,25.8,93,1001.3,28.08,100,Cloudy,0
2025-10-05 07:00:00,Barmer,25.6,87,986.9,42.48,0,Clear,0
2014-12-23 07:00:00,Bhavnagar,16.5,83,1011.2,37.08,0,Clear,0
2006-05-11 02:00:00,Surat,27.5,84,1004,68.76,0,Clear,0
2009-06-28 07:00:00,Kalaburagi,25.1,76,954.8,51.12,100,Cloudy,0
2023-02-12 15:00:00,Idukki,27.4,26,899.1,56.52,100,Cloudy,0
2016-10-07 01:00:00,Bharuch,25.1,92,1005.4,28.08,52,Rain,0.2
2020-06-14 02:00:00,Hubballi,22.5,98,935.4,68.04,100,Rain,0.6
2007-01-19 07:00:00,New_Delhi,7.9,86,991.5,25.92,49,Clear,0
2010-09-14 18:00:00,Nizamabad,26.8,82,958.9,12.96,95,Cloudy,0
2010-09-06 14:00:00,Amravati,25.9,94,964.3,45.72,97,Rain,2.1
2022-02-13 17:00:00,Bengaluru,26.8,35,910.4,43.56,28,Clear,0
1999-02-06 07:00:00,Shivamogga,20,91,949.2,30.6,3,Clear,0
2003-05-12 12:00:00,Karimnagar,38.6,23,973.7,24.12,100,Cloudy,0
1997-05-11 11:00:00,Warangal,38.1,33,976.9,36,37,Clear,0
1996-09-14 14:00:00,Solapur,27.8,74,951.1,51.48,88,Rain,0.8
2006-08-14 18:00:00,Nizamabad,26.6,78,956.3,53.28,97,Rain,0.4
2012-07-09 19:00:00,Junagadh,28.8,76,990.3,51.12,57,Clear,0
2006-02-27 21:00:00,Ganganagar,17.6,63,992.5,27.72,0,Clear,0
2025-02-17 05:00:00,Karimnagar,17.5,75,980.3,24.84,0,Clear,0
2010-12-09 22:00:00,Hyderabad,19.7,88,952.1,23.76,67,Cloudy,0
2000-12-28 07:00:00,Udaipur,15,32,950.5,14.4,0,Clear,0
2007-12-07 17:00:00,Barmer,25.8,21,991.7,30.24,0,Clear,0
2007-07-09 13:00:00,Hyderabad,29.6,61,948.1,88.56,51,Clear,0
2023-07-19 23:00:00,Ahmedabad,26.5,97,993.4,29.52,100,Rain,0.5
2025-11-28 08:00:00,Bharuch,23.3,76,1013.9,28.44,0,Clear,0
2008-01-10 08:00:00,Delhi_North,14.4,86,989.9,24.48,14,Clear,0
2004-07-16 20:00:00,Nashik,22.4,98,939.8,28.44,100,Rain,0.5
1998-08-15 10:00:00,Hyderabad,27.1,72,953.6,45.36,100,Cloudy,0
1997-04-06 03:00:00,Wayanad,19.7,99,926.7,15.48,80,Cloudy,0
2003-04-09 01:00:00,Surat,26.5,80,1007,43.92,1,Clear,0
2008-04-30 22:00:00,Anand,30.2,32,1001.2,36.36,2,Clear,0
2013-08-05 13:00:00,Idukki,18.4,100,896.2,53.28,100,Rain,4.5
2000-05-05 00:00:00,Kolhapur,24.1,80,946.9,44.64,40,Clear,0
2004-11-06 00:00:00,Kochi,24.4,92,1010.1,13.68,99,Cloudy,0
2013-05-30 08:00:00,Dharwad,24.7,79,927.8,46.08,100,Cloudy,0
2008-10-17 03:00:00,Jaipur,20.2,77,964.1,18.36,0,Clear,0
1996-02-16 05:00:00,Khammam,21.6,87,995.6,28.44,49,Clear,0
1998-04-10 05:00:00,Nizamabad,27.5,54,963.6,12.96,27,Clear,0
1998-08-19 01:00:00,Aurangabad,23,89,942,30.24,100,Cloudy,0
2023-04-19 01:00:00,Solapur,29,31,957.1,59.4,0,Clear,0
2022-02-12 21:00:00,Kozhikode,27.1,75,1008.8,25.56,6,Clear,0
2003-02-24 23:00:00,Jodhpur,19.7,63,988.5,44.28,0,Clear,0
2012-07-30 15:00:00,Ahmedabad,29.3,73,993.5,29.52,100,Cloudy,0
1998-02-01 15:00:00,Kollam,33.1,46,1007.7,24.84,42,Clear,0
1997-12-17 20:00:00,Pune,20.2,75,951.2,26.28,16,Clear,0
2002-06-03 23:00:00,Ahmedabad,31,63,997.3,41.76,5,Clear,0
2008-05-03 05:00:00,Mangaluru,27.2,87,1004.1,30.24,31,Clear,0
1999-09-14 16:00:00,Hubballi,25.4,71,938.9,61.2,98,Rain,0.1
2015-07-22 12:00:00,Anand,25.9,96,997.3,27.72,100,Rain,3.7
2000-11-09 16:00:00,Mangaluru,29.8,63,1004.4,32.04,69,Cloudy,0
2014-11-15 04:00:00,Bhavnagar,26.5,79,1010,17.28,100,Cloudy,0
2020-03-01 11:00:00,Bhavnagar,27.8,55,1010.4,36.72,0,Clear,0
2016-05-16 06:00:00,Bharuch,27.1,81,1003,17.28,0,Clear,0
2019-04-07 23:00:00,Dharwad,23.8,73,930.7,37.8,0,Clear,0
2014-12-12 10:00:00,Karimnagar,25.7,66,985.8,34.56,100,Cloudy,0
2007-05-05 18:00:00,Junagadh,33.5,49,995,56.88,0,Clear,0
2008-01-19 23:00:00,Rajkot,14.1,28,998.8,32.04,3,Clear,0
2008-02-29 00:00:00,Jodhpur,18.6,26,988,30.24,0,Clear,0
2022-09-21 18:00:00,Jaipur,24.1,93,955.8,45,100,Rain,1
2007-12-08 00:00:00,Jaipur,11.1,77,965.4,21.96,0,Clear,0
2009-03-12 03:00:00,Mumbai,23,82,1009,27.72,18,Clear,0
1999-12-26 11:00:00,Khammam,26.8,52,1001.3,27.36,77,Cloudy,0
2010-01-24 12:00:00,Jodhpur,25.7,20,989.1,30.6,0,Clear,0
2003-06-05 01:00:00,Bharuch,27.8,77,1001.3,74.16,26,Clear,0
2025-10-23 05:00:00,Bharuch,25.3,85,1006.9,28.8,0,Clear,0
2017-05-14 15:00:00,Bikaner,42.5,11,975.7,66.96,6,Clear,0
2016-09-07 09:00:00,Bharuch,25.9,87,1007.9,41.4,92,Cloudy,0
2022-06-11 16:00:00,Jodhpur,39.9,23,974.1,75.6,7,Clear,0
2009-10-12 11:00:00,Hyderabad,29.4,59,957.5,24.48,23,Clear,0
2017-04-26 09:00:00,New_Delhi,31.6,22,983.6,25.92,0,Clear,0
2023-04-21 08:00:00,Ajmer,28.6,21,953.1,16.92,0,Clear,0
2017-05-16 08:00:00,Wayanad,25.1,78,926.1,7.56,95,Cloudy,0
2007-09-13 17:00:00,Hyderabad,27.1,81,949.3,15.48,100,Rain,0.5
2003-11-04 14:00:00,Bharuch,35.2,33,1008.5,14.04,14,Clear,0
2000-02-23 16:00:00,Hyderabad,27.2,58,954.3,46.08,55,Clear,0
2006-10-04 12:00:00,New_Delhi,36.4,27,982.4,25.56,0,Clear,0
2016-12-03 13:00:00,Bengaluru,23.6,69,914.3,59.76,92,Cloudy,0
1999-06-18 12:00:00,Idukki,21.5,75,896.9,42.84,93,Rain,0.4
2021-05-31 12:00:00,Bharuch,35.5,46,1001.6,70.56,15,Clear,0
2025-07-24 14:00:00,Aurangabad,25,86,934.9,48.96,100,Rain,0.4
2009-11-28 20:00:00,Mysuru,19.7,79,930.9,27.36,7,Clear,0
2001-03-13 06:00:00,Thrissur,25.8,82,1008.6,6.48,40,Clear,0
2015-09-16 23:00:00,Nagpur,25.5,89,965.7,54,100,Rain,0.6
2005-08-07 20:00:00,Pune,22.6,91,944.7,64.44,92,Rain,0.5
2014-10-16 00:00:00,Khammam,24.9,91,997.6,17.64,6,Clear,0
2009-01-21 02:00:00,Dharwad,17.5,55,931.3,32.4,0,Clear,0
2003-08-03 02:00:00,Mysuru,20.7,95,927.9,38.52,100,Cloudy,0
2011-10-10 18:00:00,Chikkamagaluru,20.4,95,898.9,21.24,98,Cloudy,0
2015-05-27 13:00:00,New_Delhi,40.9,10,979.5,40.32,0,Clear,0
2016-10-03 23:00:00,Mangaluru,23.8,94,1008.5,13.68,31,Rain,0.1
1996-08-07 01:00:00,Mangaluru,24.4,91,1009.1,40.68,100,Rain,0.3
1998-04-14 07:00:00,Warangal,26.7,75,978.9,57.24,67,Cloudy,0
2019-04-28 07:00:00,Delhi_North,28.4,33,980.6,34.92,0,Clear,0
2011-02-14 03:00:00,Kalaburagi,18.7,42,957.9,38.52,0,Clear,0
2018-06-13 08:00:00,Surat,30.8,69,1000.1,95.04,54,Clear,0
2018-02-09 03:00:00,Bhavnagar,17.9,38,1008.4,36.36,74,Cloudy,0
2013-06-16 08:00:00,Kollam,25.1,92,1007.3,43.92,92,Rain,0.2
2004-04-26 21:00:00,New_Delhi,28,45,983.1,27.72,0,Clear,0
2021-10-24 10:00:00,Mumbai,28.1,69,1014.6,26.28,9,Clear,0
2012-06-20 19:00:00,Aurangabad,27.3,60,938.6,73.8,95,Cloudy,0
2005-12-14 07:00:00,Bikaner,7.7,53,990,34.2,0,Clear,0
2010-01-23 03:00:00,Nashik,13.9,77,947.7,22.68,0,Clear,0
2021-10-26 11:00:00,Idukki,24.6,70,898.9,27.36,100,Rain,0.1
2021-08-03 15:00:00,Idukki,22.1,82,898.7,77.76,95,Rain,0.7
1998-09-14 12:00:00,Ganganagar,34.7,46,985,36,15,Clear,0
2020-10-10 13:00:00,Warangal,29.4,75,976,31.32,99,Rain,2.4
1996-09-14 15:00:00,Nizamabad,28.1,76,957.6,31.68,86,Rain,3.5
2012-09-18 14:00:00,Thrissur,29,76,1006.5,46.8,34,Clear,0
2023-07-15 12:00:00,Jaipur,33.1,61,955.5,56.88,100,Cloudy,0
2012-02-26 18:00:00,Pune,31.6,20,946.3,23.76,0,Clear,0
2021-06-30 05:00:00,Barmer,27.9,72,979.7,80.28,4,Clear,0
2002-10-16 07:00:00,Nagpur,23.9,91,975.6,23.4,72,Rain,1.2
2002-09-29 11:00:00,Barmer,35.9,23,989.1,50.4,0,Clear,0
2008-05-08 13:00:00,Anand,35.7,38,1002.6,45.36,0,Clear,0
2010-02-16 09:00:00,Bhavnagar,21.5,48,1012.8,31.68,4,Clear,0
2017-10-14 12:00:00,New_Delhi,35.2,29,982.3,26.64,0,Clear,0
2001-04-25 17:00:00,Warangal,38.1,22,974.6,25.56,9,Clear,0
2024-08-15 23:00:00,Idukki,19,98,894.2,11.16,100,Cloudy,0
2008-01-07 11:00:00,Kollam,29.2,44,1012.4,42.48,0,Clear,0
2016-03-10 19:00:00,Rajkot,29.1,35,997.4,37.08,3,Clear,0
2017-09-18 16:00:00,Ajmer,34,31,950.1,38.16,7,Clear,0
2003-05-22 20:00:00,Mysuru,27.1,62,928.5,64.08,27,Clear,0
2005-01-27 14:00:00,Kozhikode,30.4,55,1007.3,27.36,80,Rain,0.1
2006-09-26 20:00:00,Khammam,26.8,85,992.4,44.64,35,Clear,0
1997-05-07 12:00:00,Bhavnagar,34.3,42,1004.7,34.56,0,Clear,0
2007-05-24 11:00:00,Solapur,35.2,35,956.9,33.12,58,Clear,0
2010-01-03 18:00:00,Mangaluru,27.5,66,1008,42.48,8,Clear,0
2005-06-02 05:00:00,Barmer,26.8,61,979.3,83.16,0,Clear,0
2013-05-28 13:00:00,Shivamogga,27.5,68,944.8,46.8,86,Rain,1.6
2017-11-17 20:00:00,Kalaburagi,25.7,50,959.9,45.72,98,Cloudy,0
1997-06-03 19:00:00,Junagadh,29.7,73,999.2,55.8,21,Clear,0
2017-07-13 09:00:00,Mumbai,26.7,88,1006.6,79.2,100,Rain,0.3
2010-09-07 20:00:00,Kollam,24.8,92,1008.3,41.04,100,Rain,0.1
2015-10-24 21:00:00,Surat,27.6,60,1008.4,26.64,12,Clear,0
2001-01-26 01:00:00,Khammam,19,31,996.2,32.4,0,Clear,0
2006-07-11 14:00:00,Mysuru,25.4,68,928.1,80.64,98,Cloudy,0
1999-03-11 05:00:00,Thrissur,25.3,87,1004.1,9.36,2,Clear,0
1998-02-14 04:00:00,Bikaner,17.7,35,984.5,59.04,72,Cloudy,0
2010-12-30 09:00:00,Kollam,26,79,1010.5,20.16,82,Cloudy,0
2001-02-11 16:00:00,Warangal,32.8,15,978,15.12,0,Clear,0
2023-04-03 18:00:00,Ratnagiri,26.5,61,1000.6,48.6,0,Clear,0
2013-12-08 11:00:00,Dharwad,25.1,36,932.1,35.64,0,Clear,0
2015-08-01 01:00:00,Surat,26.4,89,1004.6,90,15,Clear,0
2006-12-05 05:00:00,Kolhapur,19.3,78,951.5,21.96,82,Cloudy,0
2014-01-11 00:00:00,Ajmer,12.3,55,961,50.76,40,Clear,0
2023-11-27 10:00:00,Karimnagar,27,65,984.5,39.6,28,Rain,0.1
2008-06-29 13:00:00,Mangaluru,26.5,87,1006.1,78.84,97,Rain,0.6
2012-04-03 18:00:00,Nizamabad,34.9,20,965.9,21.24,73,Cloudy,0
2011-08-27 18:00:00,Delhi_North,29.4,81,975.5,20.16,100,Cloudy,0
2018-08-06 07:00:00,New_Delhi,26.3,92,975.6,23.04,100,Rain,0.8
2026-01-13 21:00:00,Dharwad,22.4,74,936.1,6.48,10,Rain,0.1
2021-09-27 21:00:00,Thrissur,24.8,94,1005.2,12.24,100,Rain,0.1
2013-10-01 17:00:00,Adilabad,28,74,972.8,20.88,100,Cloudy,0
1998-05-05 00:00:00,Mysuru,24.8,87,926.2,50.76,14,Clear,0
2002-02-10 04:00:00,Thiruvananthapuram,22.7,81,1008.2,32.04,25,Clear,0
1998-09-27 14:00:00,Adilabad,30,66,976.5,33.84,39,Clear,0
2011-07-22 00:00:00,Mangaluru,24.5,94,1006.2,33.84,100,Rain,0.4
1996-04-16 01:00:00,Udaipur,23.9,30,945.3,20.16,0,Clear,0
1999-09-24 02:00:00,Aurangabad,21.7,96,943.1,22.68,99,Cloudy,0
2010-02-06 19:00:00,Adilabad,27.8,37,984.9,30.24,100,Cloudy,0
2003-07-09 12:00:00,Amravati,30.4,66,965.5,48.24,100,Cloudy,0
2021-01-19 19:00:00,Ahmedabad,22.4,55,1006.2,30.6,0,Clear,0
2022-08-18 18:00:00,Pune,23.5,84,944.9,60.84,86,Cloudy,0
2024-08-15 14:00:00,Nizamabad,31,64,960.1,10.8,100,Cloudy,0
2015-10-24 18:00:00,Mumbai,31.1,68,1008,21.6,86,Cloudy,0
2022-02-27 14:00:00,Anand,34.4,12,1007.5,26.28,0,Clear,0
2008-01-08 13:00:00,Ratnagiri,31,33,1005.3,39.24,83,Cloudy,0
1997-08-28 15:00:00,Kollam,27,84,1006.2,72.72,100,Rain,0.2
2007-01-28 23:00:00,Ahmedabad,22.4,44,1008.8,36.36,57,Clear,0
2023-05-02 08:00:00,Aurangabad,26.5,48,944.9,24.12,59,Clear,0
2011-12-16 17:00:00,Kalaburagi,27.8,27,961.5,23.4,0,Clear,0
2003-01-24 02:00:00,Udaipur,14.8,43,946,31.32,0,Clear,0
1999-10-29 04:00:00,Kochi,24.1,94,1008.6,8.28,89,Rain,0.3
2021-12-19 19:00:00,Ahmedabad,18.9,42,1011.9,40.32,9,Clear,0
1997-07-26 00:00:00,Rajkot,26.3,89,988.7,59.04,100,Rain,0.1
2008-12-10 20:00:00,Udaipur,21.1,63,950.3,42.12,11,Clear,0
2016-07-09 20:00:00,Kolhapur,22.5,95,943.2,83.16,100,Rain,0.7
2008-12-07 16:00:00,Mangaluru,29.4,60,1005.7,49.32,22,Clear,0
2010-01-14 05:00:00,Hyderabad,20.6,97,959.1,15.12,70,Rain,0.2
2025-02-20 05:00:00,Warangal,21.1,88,981.1,42.12,0,Clear,0
1998-01-22 00:00:00,Kochi,27.4,79,1011.4,11.16,6,Clear,0
2016-01-23 12:00:00,Warangal,26.9,29,988.1,16.56,30,Clear,0
2021-04-28 18:00:00,Hubballi,31,34,940.2,26.64,14,Clear,0
2021-09-18 01:00:00,Kalaburagi,23.8,78,956.7,49.32,29,Clear,0
2014-04-02 11:00:00,Thrissur,33.8,51,1006.9,38.16,70,Cloudy,0
2023-08-07 18:00:00,Kozhikode,27.1,86,1007.6,41.04,100,Cloudy,0
2018-04-15 21:00:00,Warangal,27.3,70,980.1,16.92,7,Clear,0
1996-01-29 00:00:00,Ganganagar,7.5,51,998.8,31.32,0,Clear,0
2008-08-01 07:00:00,Pune,22.4,93,943.4,45,100,Rain,0.2
2000-03-14 08:00:00,Kochi,27.5,77,1009.7,6.48,10,Clear,0
2025-03-29 12:00:00,Mysuru,33.8,25,929.1,30.96,81,Cloudy,0
2005-03-14 14:00:00,Nashik,33.5,14,947.8,11.52,0,Clear,0
2011-02-15 11:00:00,Udaipur,22.6,52,947.1,29.16,25,Clear,0
2015-05-17 01:00:00,Kozhikode,25.1,93,1004.9,20.16,100,Rain,0.2
2000-12-26 16:00:00,Jodhpur,26.9,15,988.9,19.8,0,Clear,0
1997-05-20 10:00:00,Dharwad,28.6,48,931.9,63,15,Clear,0
2016-01-20 18:00:00,Nagpur,21.8,44,978.7,28.44,9,Clear,0
2000-05-15 16:00:00,Chikkamagaluru,27.6,54,899,53.28,68,Cloudy,0
2007-06-08 03:00:00,Jodhpur,32.4,47,977.5,68.4,0,Clear,0
1999-01-28 18:00:00,Nizamabad,28.7,30,964.4,23.76,2,Clear,0
2022-12-16 19:00:00,Surat,27.5,68,1009.1,33.84,95,Cloudy,0
2014-09-10 20:00:00,Bhavnagar,27,87,1002.9,10.44,100,Cloudy,0
2008-12-03 04:00:00,Khammam,21.4,97,995.7,7.56,68,Cloudy,0
2017-01-02 20:00:00,Udaipur,15.9,66,953.6,23.4,0,Clear,0
2024-09-06 17:00:00,Mumbai,26.9,84,1004.8,62.28,81,Rain,0.1
2019-04-25 03:00:00,Nashik,24.2,46,944.3,21.24,17,Clear,0
2025-10-13 14:00:00,Kollam,28.5,78,1005,39.96,100,Rain,0.2
2024-04-23 02:00:00,Junagadh,23.1,80,998.7,18.36,0,Clear,0
2002-03-06 06:00:00,Ganganagar,11,76,992.1,37.44,0,Clear,0
2015-05-18 15:00:00,Kollam,26.9,85,1005.5,14.4,99,Rain,2.5
2008-03-03 15:00:00,Kozhikode,31.4,55,1006.5,44.64,27,Clear,0
2000-03-30 04:00:00,Hubballi,23.5,89,940.1,22.68,20,Clear,0
2011-01-21 07:00:00,Amravati,12.1,67,974.7,15.12,0,Clear,0
2003-08-29 05:00:00,Surat,25,89,1003.5,48.24,60,Rain,0.5
1996-02-15 20:00:00,Shivamogga,26.7,48,944.3,38.88,75,Cloudy,0
2024-03-12 08:00:00,Ratnagiri,28.8,29,1005.8,19.44,0,Clear,0
1998-01-02 06:00:00,Hubballi,17.9,86,943.4,49.32,88,Cloudy,0
2025-01-06 01:00:00,Nizamabad,19.2,71,967.5,43.56,0,Clear,0
2025-03-08 15:00:00,Ajmer,32.2,14,954.1,44.64,0,Clear,0
2017-06-30 16:00:00,Udaipur,28.6,68,933.7,97.2,88,Cloudy,0
2003-12-11 23:00:00,Rajkot,20.5,48,998.8,30.6,0,Clear,0
2023-03-06 04:00:00,Mumbai,25.6,50,1012.2,54,4,Clear,0
2019-12-05 22:00:00,Mangaluru,25.1,62,1010.7,24.84,0,Clear,0
2013-08-21 20:00:00,Karimnagar,24.8,77,971.8,50.04,99,Rain,0.2
2021-09-23 15:00:00,Mysuru,28.2,55,924.1,63.72,90,Rain,0.3
2021-10-24 02:00:00,Hyderabad,21.3,71,955.7,21.24,97,Cloudy,0
2019-06-20 17:00:00,Hyderabad,31.1,55,946.6,36.72,99,Cloudy,0
2015-09-01 06:00:00,Nashik,21.5,96,943.4,36.72,100,Cloudy,0
2017-04-05 11:00:00,Bengaluru,31.5,40,915.4,18.72,36,Rain,0.1
2002-05-21 04:00:00,Aurangabad,23.4,81,938.9,43.2,29,Clear,0
2005-05-12 09:00:00,Delhi_North,32.8,18,979.6,38.88,0,Clear,0
2010-05-07 11:00:00,Kollam,30.9,74,1005.4,36,97,Rain,0.5
1997-10-30 06:00:00,Shivamogga,19.7,99,948.5,13.32,43,Clear,0
2012-06-12 01:00:00,Anand,27.7,82,996.4,37.8,9,Clear,0
2017-08-30 05:00:00,Dharwad,21.1,99,924.5,80.28,100,Cloudy,0
2011-05-22 11:00:00,Dharwad,30.9,44,930.7,55.8,40,Clear,0
2005-01-20 19:00:00,Ganganagar,13.6,59,998.9,30.6,86,Cloudy,0
1999-05-18 17:00:00,Anand,34,53,998.9,63.36,98,Cloudy,0
2023-06-23 09:00:00,Bhavnagar,32.8,57,1002.6,33.84,57,Rain,0.1
2023-09-19 19:00:00,Udaipur,23.9,93,942.7,42.84,96,Cloudy,0
2000-11-12 04:00:00,Aurangabad,17.1,61,944.9,25.92,30,Clear,0
2008-01-07 09:00:00,Kochi,26,62,1014.4,11.16,54,Clear,0
2008-08-31 06:00:00,New_Delhi,24.8,89,980.9,24.48,3,Clear,0
2008-12-21 14:00:00,New_Delhi,24.6,55,989.2,56.88,0,Clear,0
2018-02-07 00:00:00,Udaipur,17.8,69,951.5,10.44,98,Cloudy,0
2013-07-07 08:00:00,Kochi,24.2,93,1009.6,9.36,100,Rain,0.2
2025-01-09 17:00:00,Ahmedabad,26.6,31,1006.6,23.4,5,Clear,0
2017-12-10 19:00:00,Ratnagiri,25,87,1003.6,31.68,0,Clear,0
2001-01-03 11:00:00,Bhavnagar,21.8,47,1015,49.68,0,Clear,0
2000-10-22 18:00:00,Mangaluru,25,92,1006.6,35.64,100,Rain,0.4
2016-09-08 00:00:00,Ajmer,22.8,78,952.8,40.68,0,Clear,0
1998-11-21 09:00:00,Ganganagar,20.8,43,995.4,19.44,0,Clear,0
2017-08-06 21:00:00,Nizamabad,26.6,80,960.3,11.88,96,Cloudy,0
2012-11-20 08:00:00,Mumbai,22,60,1012.6,37.8,88,Cloudy,0
2008-07-17 13:00:00,Adilabad,31.6,59,972.4,36.36,100,Cloudy,0
2004-03-01 17:00:00,Nizamabad,34.4,20,964.1,14.4,0,Clear,0
2015-07-29 21:00:00,Pune,22,93,947.8,67.68,96,Rain,0.5
2007-10-21 15:00:00,Ahmedabad,32,30,1003,24.48,0,Clear,0
1999-07-17 06:00:00,Thiruvananthapuram,23.9,90,1007.1,50.4,100,Rain,0.2
2019-01-23 19:00:00,Idukki,19.5,74,899.3,43.56,69,Cloudy,0
2022-01-26 06:00:00,Delhi_North,6.1,98,988.6,24.48,5,Clear,0
1998-02-09 16:00:00,Nizamabad,28.8,28,971.2,35.28,1,Clear,0
2013-11-22 09:00:00,Surat,25.1,42,1010.5,58.32,0,Clear,0
2012-03-13 03:00:00,Dharwad,22.4,39,930.3,47.16,24,Clear,0
1997-12-15 13:00:00,Thiruvananthapuram,29.2,73,1009.4,20.88,27,Clear,0
2008-04-03 01:00:00,Kalaburagi,21.7,60,958.1,40.32,0,Clear,0
2009-01-23 11:00:00,Khammam,29,44,997.6,3.6,3,Clear,0
2007-08-27 20:00:00,Nashik,22.9,96,941.1,22.32,100,Rain,0.8
2017-09-12 11:00:00,Adilabad,31.2,69,979.5,19.44,69,Rain,0.1
2004-09-10 14:00:00,Karimnagar,28,76,973.1,42.48,100,Cloudy,0
2001-12-23 00:00:00,Kalaburagi,20.1,48,966.1,35.28,0,Clear,0
2000-07-23 08:00:00,Ratnagiri,25.1,89,1001.6,19.44,94,Rain,0.1
2007-01-09 09:00:00,Bharuch,21.4,59,1015.6,22.68,1,Clear,0
1996-01-18 08:00:00,Ratnagiri,20.6,80,1005.8,23.04,88,Cloudy,0
2022-05-24 05:00:00,Nagpur,26.4,62,968.1,19.8,1,Clear,0
2020-08-12 01:00:00,Warangal,25.3,86,975.2,37.8,100,Cloudy,0
2018-07-16 10:00:00,Hubballi,23,90,936.5,104.04,99,Rain,0.5
2000-06-18 18:00:00,Kolhapur,23.8,87,942.5,48.96,100,Cloudy,0
2004-01-02 11:00:00,Bengaluru,24.8,46,917,29.16,92,Cloudy,0
2024-08-24 01:00:00,Khammam,26.5,88,991.5,33.84,100,Rain,0.1
2021-07-07 17:00:00,Kolhapur,26.6,78,943,49.32,100,Cloudy,0
2019-04-25 17:00:00,Chikkamagaluru,31.2,22,898.8,30.6,91,Cloudy,0
2001-11-23 01:00:00,Mumbai,23.5,63,1012.4,37.8,0,Clear,0
2007-10-03 17:00:00,Aurangabad,27.9,58,941.1,24.84,88,Cloudy,0
2010-07-15 09:00:00,Kalaburagi,27.6,67,956.3,73.44,100,Cloudy,0
2016-06-24 18:00:00,Idukki,18.2,99,895.6,34.92,100,Rain,1
2005-08-15 23:00:00,Mysuru,21.1,86,927.6,55.8,66,Cloudy,0
1997-10-09 06:00:00,Nashik,19.3,88,949.1,25.92,0,Clear,0
2008-02-12 03:00:00,Kolhapur,20,75,947.5,19.8,4,Clear,0
2008-10-13 07:00:00,Hubballi,21.5,89,942.2,37.08,25,Clear,0
1996-12-03 13:00:00,Hyderabad,27.8,30,955,45.72,5,Clear,0
2007-07-07 08:00:00,Kollam,25.6,90,1009.6,54.72,99,Cloudy,0
2020-08-16 22:00:00,Idukki,19.3,98,897.7,41.4,100,Cloudy,0
2007-04-10 02:00:00,Nagpur,27.4,48,972.2,30.6,24,Clear,0
2004-11-10 19:00:00,Solapur,25.6,71,959.4,31.32,80,Cloudy,0
2020-02-19 22:00:00,Nagpur,20.1,47,978,33.12,0,Clear,0
2013-08-14 19:00:00,Ganganagar,28,86,980,39.24,75,Rain,2.4
2025-07-23 06:00:00,Anand,26.9,87,995.7,30.96,100,Rain,0.1
2021-01-20 03:00:00,Kota,14.6,90,982.6,11.16,0,Clear,0
2026-02-26 00:00:00,Nashik,21.1,54,948.2,26.28,0,Clear,0
2006-05-12 06:00:00,Jaipur,27.6,29,956.6,38.52,0,Clear,0
2017-04-10 10:00:00,Jodhpur,32.2,11,989,24.84,0,Clear,0
2002-08-12 21:00:00,Hyderabad,22.7,89,950.8,84.96,100,Rain,0.3
2009-05-23 08:00:00,Bharuch,29.8,67,1002,57.96,16,Clear,0
2018-11-25 03:00:00,New_Delhi,12.4,69,990.8,32.04,0,Clear,0
2019-08-08 04:00:00,Mangaluru,25,94,1004,87.48,100,Rain,3.4
2003-03-13 07:00:00,Shivamogga,21.8,85,948.3,22.68,49,Clear,0
2014-03-30 13:00:00,Thrissur,36.5,36,1005.4,31.68,81,Cloudy,0
2012-09-25 17:00:00,Wayanad,25.2,70,925.7,25.56,91,Cloudy,0
2015-05-28 21:00:00,Ratnagiri,28.9,77,999.3,48.96,43,Clear,0
2025-02-06 14:00:00,Mumbai,31.6,38,1008.4,41.4,0,Clear,0
2004-04-19 11:00:00,Jaipur,37.1,14,959.1,33.12,0,Clear,0
2010-01-03 08:00:00,Kollam,25.7,73,1012.6,23.4,50,Clear,0
2019-10-17 20:00:00,Delhi_North,26,64,987.1,19.8,5,Clear,0
2023-02-21 02:00:00,Nagpur,19.2,49,976,26.28,0,Clear,0
2000-08-10 11:00:00,Kochi,23.6,93,1008.5,20.88,100,Rain,0.4
2023-09-23 04:00:00,Solapur,23,95,955.5,24.48,100,Cloudy,0
2002-01-21 09:00:00,Karimnagar,25.5,70,982.5,50.4,4,Clear,0
2024-03-07 08:00:00,Udaipur,18.1,37,951.3,16.92,0,Clear,0
1998-09-09 14:00:00,Ahmedabad,33.7,57,998.6,32.04,43,Clear,0
1998-07-11 16:00:00,Karimnagar,31,58,969,44.28,97,Cloudy,0
2022-09-05 17:00:00,Surat,28.5,77,1003.1,45.72,19,Clear,0
2018-05-08 21:00:00,Solapur,36.6,18,954.5,37.8,87,Cloudy,0
2019-06-08 23:00:00,Wayanad,22.3,93,925.4,43.92,61,Cloudy,0
2012-11-29 06:00:00,Nagpur,18.5,90,975.4,21.96,3,Clear,0
2022-05-22 03:00:00,Bharuch,28.3,72,999.7,68.4,14,Clear,0
2020-04-24 23:00:00,Rajkot,28,47,993.8,40.32,0,Clear,0
1996-07-19 21:00:00,Chikkamagaluru,19.6,97,896.1,43.56,100,Rain,0.8
2021-09-27 02:00:00,Aurangabad,22.1,97,938.5,27.72,100,Cloudy,0
1999-04-20 15:00:00,Nashik,35.9,17,944.1,44.64,0,Clear,0
2001-01-22 19:00:00,Jaipur,17.9,31,960.4,39.6,1,Clear,0
2015-06-21 00:00:00,Aurangabad,24.2,82,935.6,48.96,99,Cloudy,0
1996-07-25 03:00:00,Solapur,23,87,949.4,72.36,100,Cloudy,0
2002-06-05 19:00:00,Ganganagar,37,36,976,27,49,Clear,0
2021-08-23 02:00:00,Bhavnagar,25.4,93,1003.3,36.72,19,Clear,0
1998-02-04 00:00:00,Pune,19.8,53,953.3,20.52,31,Clear,0
2012-04-28 11:00:00,Nagpur,37.9,19,971.5,26.64,0,Clear,0
2013-07-26 05:00:00,Bhavnagar,26.1,86,994.4,58.68,100,Cloudy,0
2020-07-24 20:00:00,Kota,30.1,68,975.5,27.36,100,Cloudy,0
2020-10-06 05:00:00,Chikkamagaluru,17.5,96,896.5,21.24,99,Cloudy,0
2022-07-10 19:00:00,Wayanad,20.5,100,924.8,18.72,100,Rain,0.4
2019-06-05 23:00:00,Kota,36.6,20,972.8,51.84,8,Clear,0
2018-06-13 01:00:00,Nashik,24.1,86,939.4,82.8,75,Cloudy,0
2001-06-08 05:00:00,Jodhpur,29.8,51,973.7,36.72,4,Clear,0
2002-03-26 15:00:00,Khammam,36.7,31,989.1,55.8,14,Clear,0
2003-06-30 11:00:00,Wayanad,22.5,88,925.8,45,100,Rain,1.6
2004-05-06 03:00:00,Bikaner,27,20,978.1,47.88,0,Clear,0
2008-10-24 04:00:00,Delhi_North,20.2,71,985.7,24.48,0,Clear,0
2023-11-04 19:00:00,Bhavnagar,28.6,56,1007.6,31.68,0,Clear,0
2001-01-10 13:00:00,New_Delhi,17.5,44,992,49.68,0,Clear,0
2014-11-22 08:00:00,Surat,23.7,60,1011.4,33.12,83,Cloudy,0
2014-04-29 19:00:00,Warangal,35.3,31,977.1,22.32,59,Clear,0
2000-02-29 20:00:00,Kota,26.3,25,980.5,32.4,0,Clear,0
2004-09-03 04:00:00,Kolhapur,21,97,947.6,22.32,70,Cloudy,0
2006-01-04 23:00:00,Kota,12.1,54,987.7,36,0,Clear,0
2021-07-02 17:00:00,Kochi,27.7,80,1007,44.28,98,Rain,3.4
1998-06-12 05:00:00,Hubballi,22.7,93,939.1,40.68,100,Cloudy,0
2016-02-24 00:00:00,Junagadh,20.8,33,1002.3,40.68,0,Clear,0
2003-02-27 22:00:00,Surat,24.3,74,1010,46.44,0,Clear,0
2023-11-28 04:00:00,Chikkamagaluru,16.1,98,898,23.4,100,Cloudy,0
2016-03-02 08:00:00,Jaipur,21.4,51,967.3,17.28,0,Clear,0
2011-11-13 23:00:00,Kozhikode,24.6,88,1009.9,10.44,19,Clear,0
2000-01-30 02:00:00,Nashik,15.5,63,949.3,30.24,0,Clear,0
2016-02-12 19:00:00,Nagpur,26.8,41,974.9,30.6,0,Clear,0
2023-09-09 21:00:00,Ganganagar,31.2,57,982.2,33.12,1,Clear,0
1998-04-16 00:00:00,Jodhpur,27.4,17,985,41.4,11,Clear,0
2018-05-13 19:00:00,Kolhapur,28.4,57,945.8,62.28,7,Clear,0
2014-03-06 09:00:00,Kollam,27.8,73,1011.8,21.96,25,Clear,0
1996-05-06 07:00:00,Jodhpur,24.3,23,981,30.24,0,Clear,0
2023-08-01 22:00:00,Barmer,27.2,88,978.9,94.32,4,Clear,0
2020-07-13 15:00:00,Hubballi,24.6,90,935.9,59.4,98,Rain,0.4
2000-01-31 09:00:00,Nagpur,20.9,42,982,11.16,0,Clear,0
1998-08-20 17:00:00,Kochi,25.1,93,1005.4,12.96,100,Rain,2.2
2006-03-14 03:00:00,Barmer,19.3,83,987.5,24.12,8,Clear,0
2009-06-10 05:00:00,Solapur,23.4,85,954.8,55.08,97,Cloudy,0
2001-07-31 13:00:00,Khammam,33.2,57,990.8,6.84,99,Cloudy,0
2012-06-18 19:00:00,Chikkamagaluru,20,97,897.4,43.56,100,Rain,2
2001-11-25 10:00:00,Hyderabad,26,41,960,33.84,0,Clear,0
2013-05-11 09:00:00,Mysuru,27.5,65,927.2,40.32,81,Cloudy,0
2003-06-05 17:00:00,Ahmedabad,40,29,992.1,68.76,0,Clear,0
2023-02-14 13:00:00,Delhi_North,23,36,990.4,55.08,46,Clear,0
2018-09-21 16:00:00,Rajkot,34.8,34,989.4,43.92,53,Clear,0
1999-02-19 14:00:00,Adilabad,34.7,20,982.4,27,91,Cloudy,0
2011-11-13 20:00:00,Nizamabad,25.8,45,968.3,29.16,14,Clear,0
2007-08-03 09:00:00,Shivamogga,22.2,96,945.7,83.52,100,Rain,0.1
2026-01-31 01:00:00,Kozhikode,24,86,1011.7,18.72,73,Cloudy,0
1996-04-26 12:00:00,Hyderabad,37.2,29,951.3,35.28,24,Clear,0
2016-11-23 01:00:00,Shivamogga,21,51,945.5,25.56,8,Clear,0
2018-01-14 12:00:00,Shivamogga,30.8,26,949.5,51.12,11,Clear,0
2016-12-28 18:00:00,Karimnagar,23.9,45,981.9,29.52,0,Clear,0
2013-10-18 16:00:00,Hubballi,28.7,58,939.9,26.64,28,Clear,0
2001-07-01 17:00:00,Nagpur,30.2,58,966.9,41.76,100,Cloudy,0
2013-01-21 02:00:00,Jodhpur,8.6,68,993.9,47.16,0,Clear,0
1996-03-04 17:00:00,Karimnagar,30.7,31,980.5,9.36,3,Clear,0
2015-05-22 22:00:00,Surat,29.5,83,1004.4,103.32,1,Clear,0
2001-05-21 13:00:00,Thiruvananthapuram,29.5,73,1006.6,63.36,94,Cloudy,0
2017-03-24 16:00:00,Thrissur,28.9,76,1005.5,56.16,19,Rain,0.3
2025-11-13 00:00:00,Rajkot,19.5,64,1001.4,20.88,0,Clear,0
2024-04-12 04:00:00,Anand,25.8,52,1002.9,38.52,17,Clear,0
1997-05-25 20:00:00,Adilabad,36.8,16,974.3,41.76,2,Clear,0
2025-12-19 13:00:00,Rajkot,32.2,19,999.7,23.04,40,Clear,0
2017-08-21 00:00:00,Pune,21.4,94,940.7,75.6,100,Rain,0.1
2015-11-27 08:00:00,Aurangabad,23.7,71,947.2,8.28,89,Cloudy,0
2019-07-12 14:00:00,Hubballi,26.5,71,940.1,95.76,97,Rain,0.2
2016-11-29 14:00:00,Warangal,30.2,34,982.3,27.72,91,Cloudy,0
2019-05-31 08:00:00,Nagpur,37.6,33,969.1,79.92,15,Clear,0
2020-03-04 22:00:00,Junagadh,21,87,1002.2,40.68,6,Clear,0
2011-07-12 12:00:00,Kochi,25.2,91,1007.1,52.2,100,Rain,4.4
2001-05-22 10:00:00,Adilabad,37.3,32,976.2,33.84,2,Clear,0
1997-10-04 12:00:00,Barmer,32.1,45,991.1,66.96,9,Clear,0
2001-10-07 16:00:00,Hubballi,22.6,92,936.4,42.12,100,Rain,0.9
1999-09-14 06:00:00,Barmer,24.3,79,980.9,68.04,16,Clear,0
2022-01-17 02:00:00,Kolhapur,20,70,950.8,33.12,100,Cloudy,0
2009-06-26 15:00:00,Kochi,24.8,93,1007.2,18,100,Rain,1
2007-02-01 18:00:00,Pune,28.8,35,951.9,25.2,46,Clear,0
2011-01-15 23:00:00,Kalaburagi,19.8,39,961.9,34.92,0,Clear,0
2022-08-24 18:00:00,Kozhikode,24,94,1007.9,39.96,100,Rain,0.2
2001-01-09 10:00:00,Adilabad,23.9,41,985.3,38.52,0,Clear,0
2025-02-12 09:00:00,Warangal,27.9,50,986.1,22.68,0,Clear,0
1999-01-04 21:00:00,Dharwad,20.2,42,929.4,28.8,7,Clear,0
2000-06-29 11:00:00,Ganganagar,38.6,33,980.4,27.72,5,Clear,0
1997-01-24 19:00:00,Shivamogga,26.4,21,944.8,32.4,42,Clear,0
2015-01-02 06:00:00,Kollam,22.6,92,1010.1,26.64,21,Clear,0
2009-07-31 15:00:00,Chikkamagaluru,22.8,79,898.1,59.76,95,Rain,0.4
1999-10-27 12:00:00,Kollam,28.3,81,1007.8,25.56,96,Rain,0.2
2008-12-01 19:00:00,Hyderabad,22.9,88,957.1,17.64,90,Cloudy,0
2016-05-18 20:00:00,Shivamogga,25,85,941.4,52.56,100,Cloudy,0
2012-10-23 04:00:00,Chikkamagaluru,18.8,97,898.8,29.88,100,Cloudy,0
2024-12-09 06:00:00,Hyderabad,21.4,95,955.2,10.8,100,Cloudy,0
2024-06-01 12:00:00,Bengaluru,32.2,52,910.5,23.4,94,Rain,0.1
2008-01-18 18:00:00,Delhi_North,17.8,60,984.2,35.64,7,Clear,0
2024-01-04 08:00:00,Thrissur,27.2,69,1010,55.08,100,Cloudy,0
2008-08-11 07:00:00,Bengaluru,19.1,92,906.1,76.68,100,Rain,0.9
2000-06-04 05:00:00,Thiruvananthapuram,24.3,93,1003.5,78.84,100,Rain,0.2
2017-08-03 12:00:00,Karimnagar,31.9,53,974.2,71.28,93,Cloudy,0
2004-07-21 19:00:00,Warangal,26.6,85,973.8,16.92,100,Cloudy,0
2006-07-20 21:00:00,Nizamabad,27.8,64,961.3,49.68,100,Cloudy,0
2023-02-04 21:00:00,Kozhikode,26.3,91,1009.8,6.84,92,Cloudy,0
2020-04-28 23:00:00,Dharwad,23.7,87,930.7,32.4,49,Clear,0
2017-08-18 22:00:00,Chikkamagaluru,18.9,97,896.6,43.56,100,Rain,3
2007-03-29 07:00:00,Pune,24.1,58,948.7,13.68,0,Clear,0
2016-01-15 08:00:00,Pune,17.5,85,950.5,9.36,100,Cloudy,0
2016-05-23 10:00:00,Nagpur,36.1,35,970.6,75.24,77,Cloudy,0
2015-02-12 02:00:00,Bengaluru,18.6,89,913.4,43.92,67,Cloudy,0
2020-02-18 19:00:00,Kota,20.1,58,983.6,27.36,0,Clear,0
2005-08-01 19:00:00,Wayanad,20.5,99,924.8,55.08,99,Rain,0.5
2008-08-05 19:00:00,Idukki,19.3,92,895.6,23.4,95,Cloudy,0
2025-11-25 02:00:00,Khammam,22,95,1000.1,12.24,52,Clear,0
2025-12-14 17:00:00,Jodhpur,25.6,29,990.5,14.76,99,Cloudy,0
2013-04-06 00:00:00,Hyderabad,26.3,30,950.6,30.96,39,Clear,0
2004-05-17 13:00:00,Thiruvananthapuram,27,84,1008.2,55.8,100,Rain,0.5
2019-03-11 16:00:00,Bikaner,24.8,30,986.1,75.96,20,Clear,0
2021-09-29 10:00:00,Mangaluru,26.9,87,1008,35.64,65,Rain,0.1
2011-03-06 18:00:00,Khammam,31.9,34,996.1,32.04,0,Clear,0
2021-11-29 07:00:00,Ganganagar,11.8,90,998.4,29.88,0,Clear,0
2010-06-12 14:00:00,Thiruvananthapuram,27.9,77,1005.5,80.64,97,Rain,0.9
2020-07-08 11:00:00,Ganganagar,34.5,52,982.1,53.28,52,Clear,0
2020-03-20 15:00:00,New_Delhi,26.4,51,985,34.56,97,Rain,0.4
2021-02-18 10:00:00,Bhavnagar,24.7,48,1012.7,36.72,8,Clear,0
2001-08-25 10:00:00,Ratnagiri,25.2,91,1002.4,38.16,95,Rain,1.1
2008-08-07 13:00:00,Nagpur,27.5,77,965.2,53.64,98,Rain,0.2
2010-07-01 11:00:00,Shivamogga,24.9,81,942.1,50.76,100,Rain,0.1
2019-08-28 15:00:00,Bhavnagar,28.9,81,998.6,65.88,93,Rain,1
2019-10-19 15:00:00,Ganganagar,31.7,31,993.6,33.84,0,Clear,0
2007-05-20 00:00:00,Nizamabad,32.3,37,962.3,23.76,56,Clear,0
1999-05-17 17:00:00,Aurangabad,33.9,35,940.6,38.16,99,Cloudy,0
2019-09-13 07:00:00,Nashik,21.8,93,944.1,60.12,100,Rain,0.2
2024-07-18 01:00:00,Kalaburagi,23.6,90,953,77.4,100,Rain,1.5
1998-10-08 03:00:00,Bikaner,27.3,48,982.3,49.68,0,Clear,0
2017-04-18 01:00:00,Surat,27.4,43,1005.9,35.28,0,Clear,0
2022-09-06 02:00:00,Ganganagar,26,80,983.8,16.92,24,Clear,0
2012-12-12 08:00:00,Hubballi,21.6,64,943.7,16.92,62,Cloudy,0
2022-07-28 14:00:00,Nashik,27.2,71,944.4,49.32,71,Rain,1.1
2023-06-21 04:00:00,Karimnagar,29.5,60,971.1,37.8,100,Cloudy,0
2003-01-25 06:00:00,New_Delhi,7,97,986.8,34.56,0,Clear,0
2024-07-16 23:00:00,Anand,27,91,994.5,46.44,100,Cloudy,0
2012-05-14 19:00:00,Wayanad,23,95,926,17.64,83,Cloudy,0
2018-12-16 07:00:00,New_Delhi,8,91,997.3,33.12,0,Clear,0
2023-11-06 21:00:00,Pune,21.9,52,951.9,34.92,100,Cloudy,0
2015-07-18 23:00:00,Kota,25.7,91,971,43.92,100,Rain,1.1
2011-02-20 13:00:00,Nizamabad,31.5,41,966.7,50.76,41,Clear,0
2017-06-14 23:00:00,Kochi,26.1,92,1010.2,11.16,100,Rain,0.1
2004-05-31 04:00:00,Nashik,23.5,90,943.8,63.72,36,Clear,0
2003-10-16 18:00:00,Kota,29.5,28,982.6,36,0,Clear,0
2004-11-14 17:00:00,Karimnagar,29.1,54,981.9,19.8,25,Clear,0
1999-03-24 02:00:00,New_Delhi,17.9,60,983,34.2,0,Clear,0
2010-09-09 04:00:00,Surat,25.7,93,998.9,55.8,100,Rain,1.6
2010-02-08 22:00:00,Bengaluru,19.7,48,913.3,46.8,0,Clear,0
2001-09-19 08:00:00,Rajkot,25.9,82,994.9,40.68,24,Clear,0
2000-05-01 08:00:00,Shivamogga,24.8,73,947,46.44,20,Clear,0
2001-09-10 05:00:00,Bharuch,24.4,96,1005.2,31.32,28,Clear,0
2013-08-24 17:00:00,Nagpur,23.8,83,966.4,45,100,Cloudy,0
2003-05-30 03:00:00,Kollam,26.8,91,1007.2,26.28,19,Clear,0
2024-04-02 18:00:00,Mysuru,32.9,20,926.4,27.36,90,Cloudy,0
2006-01-18 09:00:00,Hyderabad,25.7,48,960.1,14.4,0,Clear,0
2012-01-29 23:00:00,Bengaluru,18.2,71,911.9,61.2,24,Clear,0
2011-04-09 10:00:00,Kollam,28.6,78,1012,27.72,28,Clear,0
2004-04-18 22:00:00,Mysuru,25.1,80,926.7,38.52,1,Clear,0
1999-06-08 00:00:00,Ahmedabad,29.6,58,998,64.08,0,Clear,0
2007-05-17 21:00:00,Anand,31.4,53,999.7,46.44,0,Clear,0
2025-02-17 21:00:00,Surat,28.2,28,1011.4,18.36,0,Clear,0
2011-08-22 06:00:00,Aurangabad,21.4,97,940.5,21.6,100,Cloudy,0
2021-05-13 17:00:00,Ganganagar,33,32,981.8,59.4,54,Clear,0
2023-04-25 18:00:00,Ahmedabad,36,23,998.6,20.88,100,Cloudy,0
2019-09-04 02:00:00,Junagadh,25,96,992.7,34.56,100,Rain,0.8
2014-10-11 20:00:00,Kochi,26.6,82,1009.3,18.36,100,Rain,0.1
2013-05-15 03:00:00,Bengaluru,22,79,906.5,34.2,100,Cloudy,0
2001-02-28 03:00:00,Surat,20.9,82,1009.4,23.04,66,Cloudy,0
2022-04-29 21:00:00,Thiruvananthapuram,24.9,94,1009.4,26.64,100,Cloudy,0
2007-08-29 06:00:00,Ajmer,24.3,97,949.6,21.24,95,Cloudy,0
2023-05-05 01:00:00,Kozhikode,26,91,1007.3,13.32,100,Cloudy,0
2003-01-20 04:00:00,Ahmedabad,17.5,36,1008.8,29.52,51,Clear,0
2008-05-14 04:00:00,Kochi,24.5,95,1009.2,20.88,44,Clear,0
2019-04-21 18:00:00,Khammam,33,46,989.4,41.4,30,Clear,0
2013-07-25 09:00:00,Jodhpur,29.5,72,973,57.6,97,Cloudy,0
2006-10-22 10:00:00,Nizamabad,29,52,972.6,20.88,12,Clear,0
2000-03-03 10:00:00,Wayanad,28,35,931,15.84,0,Clear,0
1999-06-15 07:00:00,Ganganagar,32,38,979.5,56.16,0,Clear,0
2019-08-13 19:00:00,Ahmedabad,28.5,80,996.4,33.12,100,Cloudy,0
2025-08-08 23:00:00,Delhi_North,28.5,82,980.7,25.56,100,Cloudy,0
2016-02-15 13:00:00,Bengaluru,28.5,35,915.2,59.76,1,Clear,0
2024-10-05 12:00:00,Thiruvananthapuram,29.6,72,1008.3,42.48,100,Cloudy,0
2005-03-28 20:00:00,Jaipur,26,16,959.2,37.8,5,Clear,0
2019-11-12 23:00:00,Bharuch,25.4,72,1010.5,22.68,1,Clear,0
2023-10-19 22:00:00,Mumbai,25.5,67,1012.3,23.4,3,Clear,0
2012-11-21 04:00:00,Solapur,18.9,63,958.3,41.76,13,Clear,0
2010-07-02 08:00:00,Bikaner,34.5,43,975.1,75.24,3,Clear,0
1998-09-27 13:00:00,Ahmedabad,33.2,59,1000.6,30.96,13,Clear,0
1999-11-07 14:00:00,Ganganagar,27.4,26,992.9,43.2,0,Clear,0
2002-06-08 18:00:00,Ganganagar,39.4,28,974.2,24.48,0,Clear,0
2014-03-09 01:00:00,Kota,16.6,60,986.7,31.32,4,Clear,0
2015-05-12 00:00:00,Khammam,29.8,66,993.9,41.04,74,Cloudy,0
2013-05-12 06:00:00,Udaipur,24.3,53,942.6,22.68,30,Clear,0
2024-07-13 12:00:00,New_Delhi,33.5,58,974,23.76,10,Clear,0
2004-06-09 05:00:00,Surat,26.1,90,1001.2,43.56,100,Cloudy,0
2004-02-13 03:00:00,Delhi_North,10.7,93,992.3,25.92,0,Clear,0
2006-10-21 03:00:00,Anand,23.3,77,1007.8,11.52,1,Clear,0
2012-06-11 18:00:00,Delhi_North,38.5,21,971.4,25.56,19,Clear,0
1997-06-06 18:00:00,Kochi,27.7,83,1008.7,10.44,72,Rain,1.7
2000-12-17 20:00:00,Mangaluru,24.8,67,1010.3,21.24,81,Cloudy,0
2015-04-13 08:00:00,Amravati,23,75,975.9,12.96,20,Clear,0
2022-08-27 06:00:00,Hyderabad,22.8,89,951.1,50.04,100,Rain,0.4
2004-10-31 01:00:00,Anand,21.6,52,1008.4,26.64,5,Clear,0
2026-01-16 13:00:00,Kollam,33.5,33,1009.2,33.12,87,Cloudy,0
1999-12-21 12:00:00,Bikaner,20.4,29,993,20.88,99,Cloudy,0
2025-01-06 21:00:00,Shivamogga,20.1,85,947.9,28.44,0,Clear,0
1998-10-25 21:00:00,Kalaburagi,23.8,83,961.5,25.92,9,Clear,0
2020-07-28 09:00:00,Solapur,26.3,79,956.7,63.72,97,Rain,0.1
2026-03-07 15:00:00,Aurangabad,36,13,945.3,27,0,Clear,0
2003-09-09 00:00:00,Mangaluru,24.5,91,1008.4,35.64,100,Rain,0.5
2001-03-01 19:00:00,Ajmer,21.2,14,963,36.36,0,Clear,0
2001-06-26 16:00:00,Warangal,33,39,970.9,66.6,100,Cloudy,0
2001-06-28 09:00:00,Mysuru,22.1,84,928.8,65.16,98,Cloudy,0
2018-12-28 03:00:00,Hyderabad,14.1,59,954.8,34.92,0,Clear,0
2010-11-01 13:00:00,Junagadh,32.5,31,999.7,45.72,0,Clear,0
2016-06-22 11:00:00,Dharwad,25.1,77,928.4,55.08,93,Cloudy,0
2001-08-21 14:00:00,Adilabad,24.9,84,974,61.92,100,Rain,0.7
1998-05-17 07:00:00,Ganganagar,30.8,17,984.3,29.88,0,Clear,0
2024-01-12 14:00:00,Kochi,31.2,54,1008.1,23.76,100,Cloudy,0
2019-06-11 20:00:00,Surat,30,79,997,41.76,31,Clear,0
2024-09-17 08:00:00,Dharwad,23.3,82,931.3,41.04,100,Rain,0.1
2009-06-14 00:00:00,Ahmedabad,29.8,67,1000.3,25.56,0,Clear,0
2015-01-22 00:00:00,Hyderabad,20.3,61,961.3,51.84,36,Clear,0
1997-03-16 09:00:00,Nizamabad,30.4,28,970.3,24.48,0,Clear,0
2011-01-29 08:00:00,Kolhapur,18.8,65,951.6,18.72,0,Clear,0
2004-07-22 04:00:00,Idukki,17.4,100,895.9,16.92,100,Cloudy,0
2020-04-06 07:00:00,Hubballi,25,84,944.5,13.68,87,Rain,1
2002-07-12 03:00:00,Udaipur,24.1,85,939.2,41.4,69,Cloudy,0
2024-12-26 19:00:00,Jodhpur,20.1,73,991.8,16.92,64,Cloudy,0
2023-08-04 08:00:00,Nizamabad,26.3,76,963.6,58.32,94,Cloudy,0
2014-06-15 08:00:00,Delhi_North,34.2,46,974.9,86.04,27,Clear,0
2003-12-09 05:00:00,Aurangabad,15.1,58,946.7,27.72,0,Clear,0
2016-11-14 16:00:00,Mysuru,29.6,46,929.2,35.28,70,Cloudy,0
2018-04-23 22:00:00,Thiruvananthapuram,26.5,90,1010,20.88,52,Rain,0.1
2024-01-31 03:00:00,Kota,15.9,82,984.7,21.96,100,Cloudy,0
2009-10-28 16:00:00,Mumbai,32.8,42,1007.7,27,0,Clear,0
2011-06-01 21:00:00,Thrissur,25.2,93,1007.3,61.56,100,Rain,4.8
1999-07-28 22:00:00,Adilabad,25.1,86,971.8,44.64,100,Rain,0.1
1999-11-18 06:00:00,Mysuru,16.4,87,930.9,21.24,68,Cloudy,0
2020-03-05 17:00:00,Karimnagar,28.6,38,976.3,31.32,29,Clear,0
2000-08-07 18:00:00,Ajmer,30.4,54,948,44.28,18,Clear,0
2022-10-18 10:00:00,Chikkamagaluru,23.5,79,902.9,20.52,100,Cloudy,0
2011-03-09 14:00:00,Jaipur,26.9,26,962.5,46.8,11,Clear,0
2010-09-02 17:00:00,Jaipur,27.6,83,954.5,25.56,100,Rain,1.4
2020-05-11 09:00:00,Thiruvananthapuram,29.1,78,1009.5,6.48,95,Cloudy,0
2003-07-12 19:00:00,Ajmer,27.4,81,945.5,32.4,33,Clear,0
2022-03-13 14:00:00,Kolhapur,35,22,947.9,43.2,9,Clear,0
2001-12-21 05:00:00,Mangaluru,23.7,70,1008.9,32.76,99,Cloudy,0
2009-11-05 04:00:00,Nashik,17.8,54,946.9,32.76,0,Clear,0
1998-07-31 19:00:00,Mysuru,23.1,79,925.6,46.8,100,Cloudy,0
1998-03-22 09:00:00,Udaipur,29.8,33,949.4,48.24,69,Cloudy,0
2019-03-13 16:00:00,Jodhpur,27.5,19,987.4,61.92,82,Cloudy,0
1997-08-10 22:00:00,Surat,26.8,89,1006.3,90,99,Cloudy,0
1996-06-27 14:00:00,Chikkamagaluru,25.7,60,899.7,46.8,100,Rain,0.2
2024-09-25 03:00:00,Hubballi,22,97,935.8,48.24,100,Rain,0.1
2011-01-16 05:00:00,Ajmer,4.5,36,959.5,31.68,0,Clear,0
2010-09-24 01:00:00,Mumbai,26.3,94,1006.6,12.24,17,Clear,0
2022-09-24 10:00:00,Hubballi,25.5,70,942.9,50.76,29,Rain,0.2
2023-01-22 11:00:00,Barmer,18.7,45,995.2,75.96,0,Clear,0
2016-02-09 23:00:00,Shivamogga,23.1,79,948.1,19.08,95,Cloudy,0
2003-07-16 00:00:00,Idukki,17.8,96,896.3,15.48,100,Cloudy,0
2008-08-09 07:00:00,Nizamabad,22.8,92,955.6,72,100,Rain,1.8
2005-05-21 22:00:00,Dharwad,25.5,81,929.5,55.8,98,Cloudy,0
2024-10-07 07:00:00,Barmer,25.2,65,991.7,21.24,0,Clear,0
2005-05-05 13:00:00,Thrissur,31.3,62,1004.6,54,88,Cloudy,0
2022-03-20 20:00:00,Bikaner,32.2,14,978.3,52.2,13,Clear,0
2014-07-23 11:00:00,Adilabad,23.9,86,971.3,70.2,98,Rain,1.7
2008-08-25 07:00:00,Bikaner,29.8,53,979.8,52.56,8,Clear,0
1997-02-18 17:00:00,Nizamabad,32,20,964,21.6,0,Clear,0
2023-03-29 22:00:00,Mangaluru,26.6,83,1008.8,31.68,35,Clear,0
2015-03-29 19:00:00,Bharuch,33,32,1005.7,12.96,100,Cloudy,0
2000-04-22 19:00:00,Jodhpur,33.6,34,980.2,20.88,96,Rain,0.5
2019-04-27 19:00:00,Hubballi,30.9,54,939.2,53.28,51,Clear,0
2018-09-28 12:00:00,Junagadh,33.8,36,1001,8.28,0,Clear,0
2007-04-10 07:00:00,New_Delhi,23.4,44,983,41.76,99,Cloudy,0
2022-07-04 18:00:00,Delhi_North,34,59,971.2,9.36,50,Clear,0
2025-01-20 06:00:00,Nashik,16,78,948,37.8,0,Clear,0
2019-05-17 19:00:00,Ratnagiri,27.6,81,1000.6,61.2,9,Clear,0
2017-08-16 11:00:00,Pune,26.8,68,947.8,65.88,93,Rain,0.1
2002-05-26 09:00:00,Idukki,23.1,78,899.9,14.04,97,Cloudy,0
2001-11-18 18:00:00,Thiruvananthapuram,25.5,85,1009.5,15.12,100,Rain,0.4
2001-09-17 19:00:00,Anand,31.3,65,1001.8,49.68,100,Cloudy,0
2020-06-22 16:00:00,Idukki,21,98,893.9,65.16,100,Rain,0.3
2010-03-07 19:00:00,Ahmedabad,28.3,32,1006.5,30.24,55,Clear,0
2019-03-12 06:00:00,Mysuru,20.1,98,930.9,11.52,18,Clear,0
2001-12-28 08:00:00,Hyderabad,18.7,87,963.7,29.52,83,Cloudy,0
1996-10-08 17:00:00,Mysuru,25,77,928.1,27.36,81,Rain,2.2
2003-05-31 20:00:00,Hyderabad,35.8,22,949.4,41.4,24,Clear,0
1997-10-03 16:00:00,Anand,30,59,1008.3,22.32,6,Clear,0
2013-08-10 10:00:00,Aurangabad,24.7,77,942.2,68.04,100,Rain,0.1
1999-10-17 13:00:00,Solapur,29.3,56,954,46.44,100,Cloudy,0
2023-03-09 20:00:00,Karimnagar,29,26,982.4,14.4,64,Cloudy,0
2001-04-27 00:00:00,Jodhpur,32.3,20,979.5,57.96,49,Clear,0
1996-01-11 09:00:00,Jodhpur,14.9,49,990.4,28.8,0,Clear,0
2019-07-12 20:00:00,Idukki,20.3,100,899.3,45,81,Cloudy,0
2023-07-09 09:00:00,Barmer,27.6,87,979.9,37.44,100,Rain,0.2
2018-07-25 11:00:00,Pune,26.2,70,945.5,94.32,73,Rain,0.1
1999-01-01 12:00:00,Kolhapur,26.7,32,953.4,52.2,0,Clear,0
2022-12-29 15:00:00,Kozhikode,29.6,68,1010.7,36.72,56,Clear,0
2016-07-22 20:00:00,Thrissur,24.6,88,1007.6,36.36,100,Rain,0.1
2004-10-12 22:00:00,Kolhapur,23.1,91,951.2,30.96,7,Clear,0
2019-09-07 03:00:00,Solapur,23.2,90,951.1,49.68,98,Cloudy,0
2006-12-28 05:00:00,Khammam,17.6,97,999.3,26.64,0,Clear,0
2001-08-30 11:00:00,Kalaburagi,27.2,59,956.9,76.68,89,Cloudy,0
2025-04-23 02:00:00,Solapur,30.4,43,956.9,12.96,0,Clear,0
2003-01-16 02:00:00,Jodhpur,13.3,30,993.7,51.84,0,Clear,0
2018-02-03 04:00:00,Rajkot,15.5,84,997.3,26.64,0,Clear,0
2017-11-02 07:00:00,Kochi,26.1,89,1009.6,24.48,70,Rain,0.1
2009-04-30 06:00:00,Nagpur,27.1,32,970.6,5.04,3,Clear,0
2023-07-25 02:00:00,Bikaner,28.4,93,974.2,22.68,100,Cloudy,0
2006-01-28 23:00:00,Ajmer,15.7,38,960.9,16.92,96,Cloudy,0
2018-01-31 00:00:00,Kozhikode,24.5,88,1010,28.44,0,Clear,0
2014-09-13 15:00:00,Barmer,33.3,45,982.6,62.28,7,Clear,0
2024-12-25 22:00:00,Surat,22.4,66,1014,26.64,3,Clear,0
2021-03-07 01:00:00,Bikaner,26.6,23,981,96.12,0,Clear,0
2012-04-18 14:00:00,Hubballi,35,33,938.9,13.68,38,Clear,0
2018-10-14 13:00:00,Bharuch,37.2,24,1007.9,15.48,2,Clear,0
2016-11-12 18:00:00,Bikaner,26.8,23,988.2,51.12,0,Clear,0
2000-09-06 04:00:00,Kochi,24.1,93,1008,5.76,88,Cloudy,0
2015-10-24 19:00:00,Shivamogga,23.8,56,945.5,33.12,50,Clear,0
2022-08-14 02:00:00,Barmer,24.6,92,978.3,60.12,100,Cloudy,0
2020-11-01 22:00:00,Nashik,21.2,79,948.8,25.2,12,Clear,0
2012-10-31 04:00:00,Idukki,16.5,100,892.2,5.4,100,Rain,0.1
2011-10-30 12:00:00,Pune,29.1,51,949.1,51.12,80,Cloudy,0
2007-04-21 21:00:00,Kalaburagi,30.2,35,958.9,24.84,6,Clear,0
2023-02-12 20:00:00,Kolhapur,27.4,20,951.8,45,0,Clear,0
2016-10-01 13:00:00,Khammam,28.1,83,989.3,25.92,82,Rain,0.1
2024-05-02 09:00:00,Mysuru,32,50,929,33.84,88,Cloudy,0
2020-01-17 01:00:00,Pune,11.7,90,949.7,20.16,0,Clear,0
2020-04-29 16:00:00,Karimnagar,36.6,30,975.3,4.68,29,Clear,0
2009-09-08 12:00:00,Ahmedabad,31.1,67,998.6,48.96,100,Cloudy,0
2010-04-22 12:00:00,Kochi,31.9,65,1007.8,26.28,10,Clear,0
2022-05-10 02:00:00,Ahmedabad,30.1,46,995.5,66.96,0,Clear,0
2008-09-03 19:00:00,Mysuru,23.7,81,925.5,31.32,91,Rain,0.3
2010-02-23 11:00:00,Solapur,33.2,33,961.1,54.72,2,Clear,0
2017-04-01 03:00:00,Nizamabad,29.4,42,964.7,57.6,4,Clear,0
2017-07-21 12:00:00,Shivamogga,26.6,71,943.8,91.8,73,Rain,0.3
2024-08-20 11:00:00,Kolhapur,27.6,72,945.4,18.72,100,Rain,0.1
2024-06-12 11:00:00,Nizamabad,30.7,61,963.4,46.8,100,Cloudy,0
2017-06-06 15:00:00,Mysuru,24.9,77,926.3,63.72,93,Rain,0.6
1997-02-03 16:00:00,Karimnagar,30.6,26,975.9,25.92,1,Clear,0
2024-01-07 21:00:00,Dharwad,23.5,46,933,53.28,18,Clear,0
1999-01-24 09:00:00,Ganganagar,12.2,96,994.8,20.16,95,Cloudy,0
2023-06-16 09:00:00,Solapur,31.3,49,956.7,83.52,2,Clear,0
2000-08-02 05:00:00,Dharwad,19.5,98,926.8,33.84,100,Cloudy,0
2010-03-19 09:00:00,New_Delhi,27.9,49,991.6,23.04,0,Clear,0
1997-12-19 11:00:00,Bharuch,25,62,1014.7,30.96,32,Clear,0
1996-01-17 15:00:00,Kozhikode,27.6,77,1008.1,22.68,49,Rain,0.1
2004-04-28 17:00:00,Amravati,40.5,11,963.7,21.96,76,Cloudy,0
2017-08-25 22:00:00,Surat,27,90,1001.7,48.96,92,Rain,0.2
2001-06-21 16:00:00,Ahmedabad,34.1,47,993,63.72,24,Clear,0
2018-01-06 01:00:00,Mysuru,16.6,75,926.5,22.68,4,Clear,0
2008-09-12 04:00:00,Bharuch,26,94,997.2,22.32,98,Cloudy,0
2024-01-03 03:00:00,Mangaluru,25.1,87,1007.3,24.84,99,Rain,0.8
2016-12-07 01:00:00,Ajmer,15.4,62,961.1,22.68,0,Clear,0
2018-12-21 00:00:00,Karimnagar,21.1,74,983.4,9.36,89,Cloudy,0
2023-01-06 16:00:00,Pune,28.2,37,953.1,43.56,31,Clear,0
2015-12-21 20:00:00,Hyderabad,26.4,46,958.9,23.76,64,Cloudy,0
2024-07-08 22:00:00,Mangaluru,24.7,93,1005.7,28.44,100,Rain,1
2021-03-26 20:00:00,Ratnagiri,29.1,57,1000.4,33.48,1,Clear,0
2005-02-26 05:00:00,Mysuru,19.9,59,930,23.04,47,Clear,0
2020-07-13 14:00:00,Chikkamagaluru,21.1,96,895.4,55.8,100,Rain,0.3
2010-03-01 00:00:00,Udaipur,19.6,27,948.5,26.64,0,Clear,0
2015-05-10 15:00:00,Amravati,40.5,17,964.9,28.8,70,Rain,0.2
2021-08-01 22:00:00,Kollam,25.9,90,1010.2,51.48,95,Cloudy,0
2025-03-10 13:00:00,Idukki,27.9,32,899.5,86.4,1,Clear,0
1997-09-02 22:00:00,Ratnagiri,24,92,1002.3,14.4,95,Cloudy,0
2001-12-20 03:00:00,Ajmer,11.2,70,965,28.8,0,Clear,0
2015-01-20 05:00:00,Jaipur,8.6,93,966.7,28.8,42,Clear,0
2021-09-08 22:00:00,Thiruvananthapuram,25.2,92,1011,29.52,32,Rain,0.1
2007-06-04 05:00:00,Rajkot,27.5,83,990.5,25.56,84,Rain,1.2
2007-09-27 08:00:00,Hubballi,22.6,84,941,68.04,98,Cloudy,0
2015-08-27 01:00:00,Wayanad,20.7,99,925.6,28.44,100,Cloudy,0
2023-04-04 15:00:00,Junagadh,35.2,22,998.6,61.2,1,Clear,0
2017-04-15 23:00:00,Ganganagar,26.9,29,982.4,42.12,0,Clear,0
2012-01-02 20:00:00,Nashik,21.4,61,947.6,29.52,0,Clear,0
2020-09-20 02:00:00,Jodhpur,28,80,977.6,32.04,72,Cloudy,0
2024-08-19 17:00:00,Barmer,30.5,69,980.5,58.68,35,Clear,0
2019-04-01 15:00:00,Surat,34.7,31,1006.5,45.72,0,Clear,0
2019-04-05 00:00:00,Amravati,28.5,39,971.5,25.92,9,Clear,0
2017-01-14 18:00:00,Nagpur,18.5,51,978.7,30.24,0,Clear,0
2001-03-15 05:00:00,Chikkamagaluru,18.3,88,898.6,10.08,58,Clear,0
2019-05-16 09:00:00,Bharuch,32,54,1008.9,33.84,26,Clear,0
2007-05-13 16:00:00,Bharuch,36.8,30,1001.8,51.84,0,Clear,0
2016-02-26 06:00:00,Amravati,23.7,68,973.7,36.36,55,Clear,0
1997-12-14 17:00:00,Pune,24.8,57,949.8,19.8,57,Clear,0
2002-11-17 20:00:00,Nagpur,22,43,979.6,34.56,0,Clear,0
2022-07-03 01:00:00,Ajmer,24.5,93,945.7,31.32,100,Cloudy,0
2009-01-29 14:00:00,Mysuru,31.7,32,929.5,43.92,57,Clear,0
2007-09-22 12:00:00,Thrissur,26.3,84,1006.2,65.16,100,Rain,1.9
2023-06-23 14:00:00,Hubballi,28.5,59,938,91.8,100,Rain,0.1
2004-11-06 09:00:00,Thrissur,26.4,75,1009.7,13.32,100,Cloudy,0
2011-08-26 00:00:00,Kochi,24.2,94,1010.1,13.32,98,Rain,0.1
2000-08-30 04:00:00,Wayanad,18.5,99,925.1,23.76,100,Cloudy,0
2013-02-14 18:00:00,Idukki,19.9,87,897.1,12.24,100,Rain,0.2
1997-10-07 06:00:00,Kochi,24.4,93,1011.7,10.08,70,Cloudy,0
2023-12-03 02:00:00,Aurangabad,20.1,88,945.9,37.44,0,Clear,0
2025-04-30 04:00:00,Barmer,28.4,32,981.5,47.52,0,Clear,0
2003-05-25 09:00:00,Barmer,29.2,58,986.3,82.08,0,Clear,0
2017-12-16 18:00:00,Nashik,23.4,52,949.9,31.68,29,Clear,0
2014-08-01 03:00:00,Adilabad,25.3,87,971.8,42.84,97,Cloudy,0
2022-03-21 01:00:00,Ratnagiri,25.2,89,999.9,11.16,84,Cloudy,0
2012-08-15 22:00:00,Warangal,27.8,68,977.1,24.12,98,Cloudy,0
1997-12-15 19:00:00,New_Delhi,14,77,993.9,11.88,72,Cloudy,0
2007-06-07 17:00:00,Barmer,39.7,29,979.5,91.08,0,Clear,0
2023-06-28 11:00:00,Hyderabad,30,59,952.1,69.12,100,Cloudy,0
1999-11-23 16:00:00,Dharwad,23.3,66,929.9,64.8,99,Cloudy,0
2014-07-07 09:00:00,New_Delhi,32.8,59,977.6,19.44,88,Cloudy,0
2026-01-01 19:00:00,Junagadh,21.9,54,1003.4,2.52,1,Clear,0
1999-01-12 11:00:00,Nashik,24,37,950,1.8,0,Clear,0
2024-08-26 15:00:00,Hubballi,24.9,81,937.6,99.72,66,Rain,0.5
2023-02-05 19:00:00,Rajkot,21.8,47,996.7,41.76,0,Clear,0
2022-07-19 18:00:00,Pune,23.5,87,944.1,58.32,98,Cloudy,0
2026-02-02 20:00:00,Wayanad,22.5,82,929.9,12.6,23,Clear,0
2018-02-04 17:00:00,Bharuch,32.2,18,1007.7,18.36,0,Clear,0
2006-01-24 02:00:00,Pune,13.7,62,950.3,23.76,0,Clear,0
2018-12-13 03:00:00,Chikkamagaluru,16.5,85,899.2,25.56,0,Clear,0
1996-09-04 04:00:00,Aurangabad,21.2,97,940.8,27.36,94,Cloudy,0
2019-08-18 15:00:00,Jaipur,29.7,75,955.2,60.12,93,Rain,0.3
2000-04-20 06:00:00,Khammam,25.1,87,993.4,36.36,44,Clear,0
1999-05-01 13:00:00,Idukki,25.8,58,898,26.28,47,Clear,0
2014-02-21 21:00:00,Junagadh,21.1,58,1003.6,24.48,0,Clear,0
2001-11-04 21:00:00,Nagpur,24.6,48,976.9,36.72,0,Clear,0
2013-10-13 02:00:00,Pune,21.2,98,945.3,21.96,98,Cloudy,0
1998-12-26 07:00:00,Kollam,21.7,84,1012,29.52,1,Clear,0
2002-04-21 03:00:00,Bengaluru,22.5,71,910,25.92,63,Cloudy,0
2003-10-17 21:00:00,Adilabad,24.8,82,981,23.76,97,Cloudy,0
2013-02-23 11:00:00,Nashik,27.5,28,952.4,18.72,0,Clear,0
2022-09-28 06:00:00,Mumbai,24.5,91,1007.8,7.92,25,Clear,0
2007-09-17 14:00:00,Shivamogga,25.2,80,942.3,48.24,100,Rain,0.2
2020-09-04 02:00:00,Barmer,26.1,97,984.3,43.56,100,Rain,0.1
2017-04-21 02:00:00,Surat,25.9,88,1004.6,56.52,4,Clear,0
2023-06-12 12:00:00,Junagadh,26,91,990.7,82.44,100,Rain,3.9
2021-11-25 10:00:00,Karimnagar,28.6,60,983.3,9.36,0,Clear,0
2007-09-01 16:00:00,Bharuch,28.8,82,997.2,68.76,100,Cloudy,0
2018-08-20 04:00:00,Idukki,18,100,894.9,86.04,100,Rain,0.1
1999-03-20 10:00:00,Kozhikode,31,61,1007.2,10.44,64,Cloudy,0
2006-09-12 06:00:00,Bengaluru,19.9,91,908.8,39.6,98,Cloudy,0
2024-08-10 12:00:00,Solapur,29.1,64,956.8,55.8,42,Rain,0.2
2006-03-21 08:00:00,Amravati,25.8,57,973,21.24,0,Clear,0
2014-08-15 13:00:00,Ajmer,28.6,64,948.8,82.44,94,Cloudy,0
1996-08-16 05:00:00,Dharwad,20.9,93,927.6,36,100,Cloudy,0
1996-11-27 07:00:00,Junagadh,15.2,63,1002.9,34.56,0,Clear,0
1999-11-11 22:00:00,Surat,24.6,59,1012,28.8,0,Clear,0
2019-12-29 13:00:00,Kalaburagi,26.8,48,962.3,23.04,75,Cloudy,0
2026-01-20 01:00:00,Nashik,15.7,75,946.9,23.76,0,Clear,0
2003-06-06 04:00:00,Nagpur,32.4,36,964.7,58.68,1,Clear,0
2018-10-14 13:00:00,Jaipur,32,27,964.4,35.64,0,Clear,0
2024-02-28 14:00:00,Kalaburagi,34.2,29,960.7,28.08,46,Clear,0
2024-03-14 13:00:00,Bengaluru,33.5,31,915.3,12.96,6,Clear,0
2015-05-01 00:00:00,Hubballi,24.1,89,941.6,44.28,100,Cloudy,0
2014-12-09 14:00:00,Adilabad,30.7,36,982.6,10.08,0,Clear,0
2014-09-16 04:00:00,Bharuch,24.7,94,1003.3,19.44,13,Clear,0
2011-07-10 16:00:00,Aurangabad,25.5,78,939.7,70.2,65,Rain,2.9
2006-07-06 14:00:00,Bikaner,39.5,34,971.4,54.36,11,Clear,0
1999-01-22 12:00:00,Kolhapur,28.7,28,952.3,33.84,87,Cloudy,0
2015-12-10 14:00:00,Mangaluru,31.7,60,1007.1,41.76,21,Clear,0
2024-11-28 09:00:00,Kozhikode,28,73,1008.1,16.92,93,Cloudy,0
2004-04-13 09:00:00,Rajkot,29.8,53,994.1,45.72,14,Clear,0
2004-05-30 02:00:00,Hubballi,23.4,95,937.9,32.04,100,Cloudy,0
2021-12-20 01:00:00,Barmer,11.1,25,995.8,26.28,25,Clear,0
2017-06-13 13:00:00,Idukki,23.1,86,897.1,59.04,96,Rain,0.5
2021-11-12 22:00:00,Amravati,23.8,70,972.7,35.64,64,Cloudy,0
2002-03-25 16:00:00,Kalaburagi,37.6,16,952.7,26.64,23,Clear,0
2017-05-03 17:00:00,Junagadh,36.5,30,997.8,67.68,10,Clear,0
2006-08-02 04:00:00,Mumbai,25.5,91,1003.4,80.28,100,Rain,0.8
2023-01-17 22:00:00,Ahmedabad,15.2,38,1009.8,24.12,12,Clear,0
1998-09-15 16:00:00,Thiruvananthapuram,26.2,86,1006,72.72,95,Rain,0.1
2025-02-09 18:00:00,Rajkot,28.1,28,996.7,29.88,0,Clear,0
2007-12-15 22:00:00,Udaipur,11.6,46,951.4,28.44,0,Clear,0
2025-04-12 12:00:00,Ganganagar,32.8,33,986.9,47.52,6,Clear,0
2022-03-29 14:00:00,Ahmedabad,40.8,10,1000.4,69.12,0,Clear,0
2026-02-06 15:00:00,Jaipur,24.6,19,968.9,27.72,52,Clear,0
2004-02-25 04:00:00,Amravati,18.7,47,972.8,26.64,51,Clear,0
2011-03-01 12:00:00,Wayanad,30,28,929.5,40.68,0,Clear,0
2007-03-24 03:00:00,Bengaluru,20.8,67,913.3,23.76,4,Clear,0
2008-08-05 05:00:00,Kalaburagi,22.2,93,953.3,63.72,100,Rain,2.4
1998-09-04 12:00:00,Pune,27.8,74,948.9,31.32,78,Cloudy,0
2018-10-18 15:00:00,Karimnagar,31,49,978.3,17.64,64,Cloudy,0
2022-05-14 06:00:00,Solapur,27.8,63,953,56.16,65,Cloudy,0
2010-05-26 15:00:00,Kollam,27.6,87,1005.7,48.96,99,Rain,0.5
2004-05-27 04:00:00,Rajkot,25.1,83,993,48.96,79,Cloudy,0
2025-04-13 22:00:00,Aurangabad,30.2,26,945.4,43.56,1,Clear,0
2006-02-27 00:00:00,Bharuch,25.9,40,1007.5,44.64,0,Clear,0
1997-10-07 04:00:00,Bengaluru,18.7,88,912,20.16,30,Clear,0
2023-12-29 16:00:00,Kolhapur,29.5,30,950.3,42.12,0,Clear,0
2000-10-23 22:00:00,Bhavnagar,28.6,66,1005.9,51.12,0,Clear,0
2024-12-17 18:00:00,Kalaburagi,23.8,36,959.9,11.52,0,Clear,0
2000-04-11 08:00:00,Barmer,25.9,45,984.6,45,0,Clear,0
2025-09-15 11:00:00,Khammam,30.5,74,992.7,28.8,100,Rain,0.2
2010-09-04 21:00:00,Warangal,24.3,89,974.2,50.76,100,Rain,3.9
2003-01-30 20:00:00,Anand,23.1,42,1008.6,24.48,0,Clear,0
2002-03-12 12:00:00,Surat,33.4,28,1011,49.32,99,Cloudy,0
1998-07-06 06:00:00,Nashik,22.3,96,940.2,82.8,100,Rain,0.5
1997-02-12 02:00:00,Idukki,16.6,80,896.8,16.2,58,Clear,0
2016-07-21 09:00:00,Hyderabad,25.3,78,950.9,70.2,100,Cloudy,0
1997-01-03 21:00:00,Surat,22.5,47,1012.9,38.88,0,Clear,0
2008-02-13 19:00:00,Kochi,27.3,78,1010.1,14.4,75,Cloudy,0
2022-08-30 07:00:00,Amravati,24.9,92,970.8,11.16,20,Clear,0
2015-12-29 03:00:00,Nagpur,14.1,71,981.9,25.2,14,Clear,0
2024-12-25 04:00:00,Bengaluru,17.9,76,911,30.6,18,Clear,0
2007-05-15 00:00:00,Khammam,32.5,31,986.2,30.24,23,Clear,0
2015-09-07 19:00:00,Dharwad,22.9,83,930.7,43.2,100,Rain,0.2
2015-03-12 05:00:00,Pune,19,92,952.2,25.56,25,Clear,0
2009-07-05 18:00:00,Nizamabad,28.1,71,955,27.36,100,Cloudy,0
2011-02-12 20:00:00,Nashik,23.8,44,946.4,25.92,4,Clear,0
2025-07-04 07:00:00,Ganganagar,31.2,67,979.9,31.32,43,Clear,0
2017-08-10 22:00:00,Hubballi,22,92,940.9,38.52,38,Clear,0
2022-12-12 16:00:00,Rajkot,30.6,32,994.8,46.8,0,Clear,0
2008-07-19 03:00:00,Bhavnagar,25.7,90,999.7,39.6,99,Cloudy,0
2023-03-11 06:00:00,Udaipur,17,55,951.4,19.8,0,Clear,0
2024-07-06 14:00:00,Junagadh,30.6,73,988.3,93.24,100,Rain,0.2
2006-04-26 15:00:00,Amravati,40.4,15,966.2,43.92,15,Clear,0
1997-02-25 09:00:00,Barmer,23.5,34,990.6,74.88,0,Clear,0
1999-08-06 12:00:00,Bharuch,27.2,84,999.6,62.64,95,Cloudy,0
2001-10-15 03:00:00,Aurangabad,22,95,943.2,19.8,16,Clear,0
2020-03-20 23:00:00,Kollam,27.4,87,1011.3,19.8,90,Cloudy,0
2006-02-05 12:00:00,Wayanad,30.6,36,931.2,52.92,8,Clear,0
2001-10-16 02:00:00,Ratnagiri,25.7,96,1000.3,12.24,85,Cloudy,0
2010-02-03 18:00:00,Kozhikode,28.5,65,1008,34.56,87,Cloudy,0
2024-08-16 08:00:00,Kota,25.9,91,974.6,31.32,100,Rain,1.9
2024-07-21 07:00:00,Junagadh,25.9,95,989.4,40.32,100,Rain,0.1
2008-03-12 06:00:00,Rajkot,20.3,69,994.5,20.88,47,Clear,0
2003-04-06 10:00:00,Khammam,33.7,50,995.7,46.44,20,Clear,0
2022-11-05 11:00:00,Kalaburagi,28.3,56,965.4,42.84,26,Clear,0
2020-12-05 23:00:00,Dharwad,19.9,48,931.4,52.2,14,Clear,0
2002-10-02 20:00:00,Kalaburagi,28.4,57,961.5,26.64,14,Clear,0
2012-07-14 06:00:00,Solapur,24,81,953.9,48.24,100,Cloudy,0
2004-03-30 17:00:00,Rajkot,36.1,16,992.4,34.92,0,Clear,0
2011-08-16 13:00:00,New_Delhi,28.1,77,975.4,20.16,100,Rain,0.1
2025-12-30 21:00:00,Kalaburagi,21.6,42,962.1,23.76,0,Clear,0
2017-11-04 11:00:00,Kollam,28.5,81,1006.6,31.32,98,Rain,1
2017-09-07 06:00:00,Junagadh,23.4,99,998.3,11.88,100,Cloudy,0
2019-07-22 04:00:00,Wayanad,20.1,100,922,25.92,100,Rain,1.8
2020-12-18 12:00:00,Junagadh,25.6,32,1006.6,36.72,0,Clear,0
2023-12-13 19:00:00,Ratnagiri,26.6,67,1002.8,42.84,1,Clear,0
2011-07-14 03:00:00,Bhavnagar,26.3,90,997,43.92,98,Cloudy,0
2005-12-13 14:00:00,Bharuch,30.4,23,1011.1,23.04,42,Clear,0
2021-06-08 02:00:00,Udaipur,25.9,76,942.2,43.92,1,Clear,0
2025-09-18 10:00:00,New_Delhi,33.3,52,983.2,9.72,19,Rain,0.1
2010-02-02 21:00:00,Bengaluru,19.5,55,914,58.68,0,Clear,0
1996-04-08 04:00:00,Mangaluru,27.1,78,1008,38.16,98,Cloudy,0
2022-06-08 14:00:00,Delhi_North,42.8,11,972.6,77.76,30,Clear,0
2019-09-23 00:00:00,Khammam,25.2,96,993.8,16.92,8,Clear,0
2021-12-24 14:00:00,Shivamogga,29.6,34,947.1,11.88,0,Clear,0
2004-09-25 18:00:00,Thrissur,25.1,92,1005.8,11.16,100,Rain,0.5
2025-07-08 20:00:00,Bharuch,27.5,85,1000.4,56.16,100,Cloudy,0
2018-01-25 22:00:00,Kolhapur,19.5,64,947.6,32.4,0,Clear,0
2004-07-15 17:00:00,Amravati,28.3,77,960.7,14.04,98,Rain,1.1
2000-06-02 06:00:00,Kota,31.7,47,971.7,50.76,0,Clear,0
2014-08-28 00:00:00,Barmer,30.1,57,981.8,63.72,68,Cloudy,0
2005-04-01 16:00:00,Anand,36.2,11,1001.6,32.04,0,Clear,0
2007-01-06 04:00:00,Kalaburagi,17.1,60,962.5,32.4,0,Clear,0
2025-10-05 02:00:00,Ratnagiri,23.7,96,1002.6,17.64,98,Cloudy,0
2015-10-08 05:00:00,Bharuch,25.3,63,1005.1,27.36,27,Clear,0
2008-09-10 04:00:00,Kollam,24.8,92,1005.9,37.44,100,Rain,0.4
2014-08-03 02:00:00,Dharwad,20.6,95,926.9,66.96,100,Cloudy,0
1998-08-04 16:00:00,Chikkamagaluru,22.3,85,897.3,33.84,100,Rain,0.2
2004-02-07 10:00:00,Junagadh,23.6,28,1009.2,34.92,0,Clear,0
2006-07-05 11:00:00,Shivamogga,23.8,83,943.9,99.72,100,Rain,0.6
2023-03-31 16:00:00,Junagadh,31.5,28,996.9,58.68,47,Clear,0
2009-04-12 14:00:00,Kota,38.5,10,978.7,7.92,0,Clear,0
1999-09-21 13:00:00,Ajmer,35.4,34,954.4,41.4,12,Clear,0
2009-12-29 13:00:00,Dharwad,24,74,930.6,12.24,100,Rain,0.1
2018-07-13 13:00:00,Bhavnagar,30.2,69,996.8,35.64,99,Rain,0.3
2005-12-05 07:00:00,Surat,21.6,64,1009.9,59.04,0,Clear,0
2012-07-15 10:00:00,Karimnagar,26.6,82,973.9,36.36,100,Rain,0.2
1996-12-17 06:00:00,Shivamogga,20.2,91,947.3,44.28,99,Cloudy,0
2005-04-27 11:00:00,Chikkamagaluru,28.6,60,901.6,20.16,21,Clear,0
2025-09-29 23:00:00,Pune,21.8,93,945.1,16.56,100,Cloudy,0
1998-07-28 20:00:00,Kollam,24.9,90,1006.9,61.56,100,Rain,0.3
2022-11-20 17:00:00,Bengaluru,21.1,58,909.5,17.28,100,Cloudy,0
2000-08-12 00:00:00,Thiruvananthapuram,23.9,90,1007.7,60.12,26,Clear,0
2024-08-23 09:00:00,Rajkot,28.9,78,992.3,48.96,100,Cloudy,0
2009-02-12 09:00:00,Ajmer,17,58,962.1,19.08,96,Cloudy,0
2023-12-31 21:00:00,Kota,15.1,91,986.6,39.24,3,Clear,0
2012-08-10 09:00:00,Nashik,22.5,93,940.2,69.48,100,Rain,0.2
2017-03-19 11:00:00,Chikkamagaluru,29.4,30,904.4,25.56,0,Clear,0
1997-11-05 02:00:00,Mangaluru,25.7,91,1009.9,20.88,100,Cloudy,0
2000-08-29 13:00:00,Kollam,27.6,77,1007.6,65.88,36,Rain,0.2
2010-04-02 20:00:00,Mysuru,29.7,41,927.4,11.16,62,Cloudy,0
2021-12-26 17:00:00,Kollam,27.5,63,1010.3,36,1,Clear,0
2009-10-21 00:00:00,Kochi,25.5,92,1011.6,22.32,98,Rain,1.1
2022-01-21 01:00:00,Adilabad,19.8,59,978.8,47.52,0,Clear,0
2011-04-02 22:00:00,Kochi,26,87,1011.6,18,37,Clear,0
2022-06-26 03:00:00,Junagadh,25.5,97,988.8,19.44,8,Clear,0
2007-08-02 19:00:00,Ajmer,29,69,946.6,25.2,100,Cloudy,0
2021-12-31 09:00:00,Kollam,28.9,61,1012.7,44.28,96,Cloudy,0
2015-06-19 14:00:00,Adilabad,30.6,67,970,50.76,81,Rain,0.2
2021-10-15 17:00:00,Nashik,27,60,939.5,29.88,3,Clear,0
2025-01-07 19:00:00,Barmer,16.2,31,995,26.64,0,Clear,0
2020-03-07 13:00:00,Hubballi,30.1,35,943.3,37.8,28,Clear,0
2025-01-29 11:00:00,Ratnagiri,30,53,1005.7,27.72,13,Clear,0
2010-08-09 03:00:00,Ratnagiri,24,96,998.5,30.6,100,Rain,0.4
2024-02-18 06:00:00,Chikkamagaluru,16.7,78,900.6,21.24,0,Clear,0
2004-03-29 07:00:00,Thrissur,25.4,91,1009.7,7.56,79,Rain,0.6
2005-12-09 08:00:00,Karimnagar,19.9,62,982.1,21.96,58,Clear,0
2005-06-19 07:00:00,Jodhpur,31.3,37,973.8,37.44,2,Clear,0
2023-05-09 20:00:00,Bharuch,32.2,52,1003.1,61.56,1,Clear,0
2007-07-28 03:00:00,Hyderabad,23.5,89,948.6,25.92,97,Cloudy,0
2014-10-08 16:00:00,Bikaner,36.8,19,982.3,23.04,22,Clear,0
2012-02-11 23:00:00,Kota,13.7,50,984,31.68,74,Cloudy,0
2003-08-08 18:00:00,Solapur,25.1,84,951.2,42.84,99,Rain,1.1
2017-08-30 16:00:00,Wayanad,24.1,79,924,39.24,69,Rain,0.7
2009-01-31 14:00:00,Mumbai,31.8,38,1008,52.2,0,Clear,0
1997-10-24 20:00:00,Ajmer,20.7,63,962.1,36.36,17,Clear,0
2019-12-23 09:00:00,Bikaner,11.1,84,992.6,26.64,0,Clear,0
2002-08-17 16:00:00,Kollam,25,90,1008,47.52,100,Rain,0.4
2025-05-16 22:00:00,Pune,24.9,86,947.5,21.6,95,Rain,0.3
2000-07-21 10:00:00,Chikkamagaluru,23.1,69,899.3,48.24,99,Cloudy,0
2007-03-11 03:00:00,Warangal,23.8,71,981.1,51.84,52,Clear,0
1997-07-19 09:00:00,Kozhikode,25.7,87,1009.3,23.4,100,Rain,0.4
2025-10-03 07:00:00,Kolhapur,22.8,90,949.3,37.44,100,Rain,0.1
2009-03-01 21:00:00,Idukki,21.9,67,899,12.96,9,Clear,0
2019-11-21 18:00:00,Delhi_North,20.4,67,990.1,25.56,95,Cloudy,0
2008-01-14 14:00:00,Thrissur,34.3,24,1006.6,20.16,0,Clear,0
2005-10-01 11:00:00,Udaipur,30.1,47,950.6,13.68,2,Clear,0
1998-01-26 15:00:00,Hyderabad,29,42,957.4,37.8,55,Clear,0
2026-01-11 06:00:00,Idukki,17.6,98,899.5,15.84,100,Cloudy,0
2019-03-31 00:00:00,Solapur,31.6,28,958.8,58.32,28,Clear,0
2011-01-09 10:00:00,Hyderabad,23.3,36,957,30.24,27,Clear,0
2022-04-09 18:00:00,Bharuch,36.5,18,1003.4,17.28,1,Clear,0
2013-05-06 11:00:00,Thiruvananthapuram,28.8,80,1007.4,48.96,100,Cloudy,0
2016-09-18 01:00:00,Adilabad,23.9,97,974.7,9,99,Cloudy,0
1998-11-18 02:00:00,Jaipur,15.5,64,961.2,16.56,9,Clear,0
2020-06-10 21:00:00,Delhi_North,31,67,975.1,25.2,8,Clear,0
2003-01-28 06:00:00,Kota,15.2,85,984.4,37.44,1,Clear,0
1999-12-04 17:00:00,Kollam,27.4,70,1009.5,30.24,29,Clear,0
2004-06-04 15:00:00,New_Delhi,41.7,21,974.4,26.28,15,Clear,0
2012-05-26 04:00:00,Amravati,32.3,30,964.4,51.84,19,Clear,0
2025-02-05 00:00:00,Aurangabad,21.5,51,946.5,54.36,85,Cloudy,0
2022-05-11 08:00:00,Nagpur,33.7,47,968.9,43.56,99,Cloudy,0
2014-09-27 19:00:00,Warangal,26.5,85,981.6,16.2,53,Clear,0
2006-03-12 13:00:00,Barmer,30.6,22,988.2,42.48,1,Clear,0
2004-05-31 15:00:00,Amravati,42.7,14,964.7,23.04,12,Clear,0
2020-01-22 23:00:00,Kollam,27.8,67,1010.5,86.04,68,Cloudy,0
2000-02-13 13:00:00,Mysuru,30.1,39,927.6,39.6,19,Clear,0
2018-02-25 15:00:00,Mysuru,31.5,20,929.2,42.12,0,Clear,0
2013-06-14 13:00:00,Wayanad,22.2,94,921.8,54,100,Rain,1
2018-08-02 16:00:00,Bikaner,38.2,28,972.8,81.72,56,Clear,0
1998-03-05 07:00:00,Karimnagar,24.2,75,981.3,43.92,4,Clear,0
2000-08-23 08:00:00,Chikkamagaluru,19.6,96,894.8,46.44,100,Rain,1.7
2001-01-05 17:00:00,New_Delhi,15.5,58,990.7,25.56,0,Clear,0
2021-05-15 03:00:00,Rajkot,25,86,987.7,27.72,98,Cloudy,0
2014-11-11 00:00:00,Adilabad,23.9,86,982.5,27.72,53,Clear,0
2023-11-17 09:00:00,Mumbai,28.1,51,1013.9,36,0,Clear,0
2011-11-02 22:00:00,Solapur,25.8,45,958.4,51.12,16,Clear,0
2026-03-17 18:00:00,Jodhpur,31.5,21,982.1,3.6,100,Cloudy,0
1999-12-01 15:00:00,Bengaluru,25.4,51,912.7,60.84,38,Clear,0
2012-04-13 14:00:00,Karimnagar,37.4,22,975.3,14.4,29,Clear,0
2001-03-29 17:00:00,Nagpur,37.1,16,967,38.52,68,Cloudy,0
2001-02-16 23:00:00,Delhi_North,16.7,76,990,26.64,96,Cloudy,0
1997-01-22 07:00:00,Barmer,7.4,70,996.7,54.72,0,Clear,0
2007-07-09 05:00:00,Ganganagar,27.9,88,978.6,25.2,25,Clear,0
2014-09-14 02:00:00,New_Delhi,25.7,87,980.2,20.88,28,Rain,0.1
2014-04-19 07:00:00,Pune,23.1,88,950.2,11.16,39,Clear,0
2013-11-07 02:00:00,Shivamogga,20.6,82,947.5,40.32,9,Clear,0
2008-06-20 04:00:00,Aurangabad,23.2,81,939.5,33.84,100,Cloudy,0
2025-03-28 09:00:00,Thiruvananthapuram,31.5,59,1008.6,34.92,7,Clear,0
2009-06-03 20:00:00,Bengaluru,24.3,71,911.3,38.88,97,Cloudy,0
1999-12-19 13:00:00,Ajmer,23.9,22,961.1,11.16,0,Clear,0
1997-12-22 09:00:00,Mangaluru,26,84,1014,15.48,97,Cloudy,0
2011-02-19 03:00:00,Aurangabad,17.9,53,944.3,27.72,0,Clear,0
2015-08-07 09:00:00,Thrissur,25.5,89,1008.3,30.24,97,Rain,0.2
1999-01-01 13:00:00,Chikkamagaluru,25.9,33,902.2,39.6,99,Cloudy,0
2015-03-17 01:00:00,Nizamabad,24.1,76,969.3,24.84,36,Clear,0
2024-07-28 13:00:00,Karimnagar,30.1,65,967.2,94.68,94,Cloudy,0
2007-06-26 05:00:00,Thiruvananthapuram,24.8,88,1007.4,54.36,100,Cloudy,0
2018-05-25 01:00:00,Nagpur,33.1,33,967.2,62.64,43,Clear,0
2019-05-20 00:00:00,Kota,31.6,29,978.9,3.96,2,Clear,0
2022-01-25 20:00:00,Kozhikode,25.3,72,1008.6,45,4,Clear,0
2017-03-01 10:00:00,Khammam,30.1,42,1000.2,27.72,26,Clear,0
2013-08-27 06:00:00,Bharuch,24.6,94,1002.7,32.04,72,Cloudy,0
1996-07-14 11:00:00,Ajmer,32.8,51,949.1,26.28,43,Clear,0
2022-07-27 02:00:00,Barmer,25.1,93,982.1,71.28,100,Rain,0.1
2018-01-13 12:00:00,Hubballi,30,39,944.5,52.56,37,Clear,0
2015-09-13 03:00:00,Udaipur,23.4,73,944.4,30.24,9,Clear,0
2004-09-12 12:00:00,Adilabad,29.4,64,977,42.48,34,Clear,0
2017-05-04 20:00:00,Rajkot,31,31,995.5,54.72,70,Cloudy,0
2025-02-06 09:00:00,Amravati,24.7,56,976.6,41.4,0,Clear,0
2019-09-03 07:00:00,Idukki,19.2,100,897.4,56.16,100,Rain,0.5
1998-11-24 19:00:00,Bikaner,23.4,28,989.2,26.64,0,Clear,0
2008-05-27 07:00:00,Wayanad,21.6,96,926.5,29.88,98,Cloudy,0
2005-08-08 23:00:00,Ganganagar,28,77,980.6,12.96,15,Clear,0
1998-03-26 17:00:00,Adilabad,33.2,14,980.3,20.52,0,Clear,0
2023-08-17 17:00:00,Jodhpur,30.3,63,979.6,74.52,49,Clear,0
1997-01-20 14:00:00,Bhavnagar,22.2,34,1009.1,11.52,0,Clear,0
2007-10-04 02:00:00,Bharuch,23.1,93,1003.9,27.72,61,Cloudy,0
2017-02-05 20:00:00,Kolhapur,23.1,61,950.7,60.48,0,Clear,0
2008-03-17 17:00:00,Dharwad,28.1,54,926.3,12.24,52,Rain,2
1999-12-19 04:00:00,Kota,11.8,60,985.4,30.96,0,Clear,0
2020-12-30 02:00:00,Adilabad,17.6,58,981.4,24.84,0,Clear,0
2021-10-23 00:00:00,Hyderabad,22.9,64,957.2,16.92,89,Cloudy,0
2015-10-26 01:00:00,Thiruvananthapuram,25,84,1010.1,6.48,100,Rain,0.1
2019-02-14 02:00:00,Khammam,20.8,89,1000.7,22.32,0,Clear,0
2023-03-30 18:00:00,Karimnagar,30.2,35,973.8,33.84,0,Clear,0
2007-05-25 22:00:00,Bhavnagar,30.9,59,1001.7,77.04,0,Clear,0
2007-05-29 20:00:00,Ajmer,28.4,37,952.5,12.96,13,Clear,0
2012-10-15 22:00:00,Aurangabad,20.5,73,948.5,25.92,8,Clear,0
2013-02-25 21:00:00,Shivamogga,24.2,47,949.5,34.92,10,Clear,0
2000-05-03 01:00:00,Bharuch,26.6,83,1005.2,53.28,0,Clear,0
1999-07-18 05:00:00,Solapur,23.2,90,950.3,66.24,87,Cloudy,0
2002-02-23 09:00:00,Bhavnagar,22.2,75,1016.3,49.68,0,Clear,0
2014-02-09 15:00:00,Dharwad,30.5,19,928.4,9.72,58,Clear,0
2013-10-19 02:00:00,Mysuru,19.7,98,927.9,14.04,34,Clear,0
1999-02-27 12:00:00,Solapur,34.1,23,961.1,44.64,11,Clear,0
2003-03-28 01:00:00,Ratnagiri,23.7,91,1000.4,18,0,Clear,0
2008-05-11 15:00:00,Anand,36.7,29,1000.5,46.08,0,Clear,0
2025-08-03 23:00:00,Adilabad,25.7,87,977.4,21.24,100,Cloudy,0
2018-04-10 00:00:00,Idukki,20,81,897.7,24.84,19,Clear,0
2000-01-02 20:00:00,Rajkot,22.6,42,998.5,29.52,1,Clear,0
2016-10-18 02:00:00,Kollam,25.5,89,1007.6,17.28,23,Clear,0
2000-12-26 02:00:00,Chikkamagaluru,13.5,62,896.4,24.48,100,Cloudy,0
2025-11-08 02:00:00,Solapur,22.4,45,960.5,36,0,Clear,0
1998-12-28 04:00:00,Bikaner,10.1,81,989.8,43.56,0,Clear,0
2023-07-25 11:00:00,Nizamabad,29.2,70,961.2,82.44,100,Rain,0.2
2009-08-23 11:00:00,Ganganagar,35.3,49,982.3,12.96,15,Clear,0
2002-05-16 23:00:00,Bhavnagar,32.5,57,1000.3,78.84,3,Clear,0
1997-10-19 21:00:00,Delhi_North,19.7,93,987.8,27.36,30,Clear,0
2020-06-06 14:00:00,Nizamabad,35.5,35,960.1,43.92,23,Clear,0
1999-01-22 06:00:00,Bhavnagar,18.8,85,1011.6,29.16,0,Clear,0
2023-12-09 05:00:00,Warangal,18.1,93,983.8,26.28,17,Clear,0
2000-08-05 10:00:00,Surat,28.8,73,1006.3,36.72,17,Clear,0
2019-04-14 22:00:00,Hubballi,26.5,68,941.7,46.44,7,Clear,0
2018-04-26 11:00:00,Nashik,34.8,20,946.6,45,0,Clear,0
1996-06-13 12:00:00,Aurangabad,31.5,59,938.7,30.24,100,Cloudy,0
2008-01-02 06:00:00,New_Delhi,4.7,80,991.5,23.76,0,Clear,0
2008-08-02 06:00:00,Bhavnagar,25.5,90,998.9,34.2,98,Rain,0.4
2007-02-10 19:00:00,Junagadh,24.3,68,1000.3,57.96,29,Clear,0
2010-03-07 20:00:00,Karimnagar,32.9,29,979.7,28.08,0,Clear,0
2021-01-01 14:00:00,Kochi,29,61,1008.1,66.24,97,Cloudy,0
2014-02-17 19:00:00,New_Delhi,14.3,61,992.2,41.04,0,Clear,0
2018-07-18 03:00:00,Surat,26,93,997.6,61.56,100,Rain,0.2
2017-02-02 06:00:00,Hubballi,17.5,57,943.2,25.2,0,Clear,0
2007-06-05 00:00:00,Solapur,27.6,74,956.2,69.48,92,Cloudy,0
2025-07-22 08:00:00,Bengaluru,21.6,88,909.2,68.04,100,Rain,0.2
2014-06-30 23:00:00,Kalaburagi,30.3,46,956.2,87.12,100,Cloudy,0
2000-06-02 05:00:00,Ganganagar,31.1,55,977.5,23.76,30,Clear,0
2008-08-25 13:00:00,Hubballi,27.8,61,939,27.36,99,Cloudy,0
2020-01-03 10:00:00,Idukki,25.1,61,903.5,56.88,84,Cloudy,0
2000-02-06 00:00:00,Mumbai,20.3,88,1011.6,14.4,48,Clear,0
2019-03-02 18:00:00,Kochi,29,77,1007.8,48.24,98,Rain,0.1
2021-11-07 01:00:00,Surat,23.8,48,1006.9,39.24,100,Cloudy,0
2022-01-06 06:00:00,Nashik,15.2,94,947.5,18.36,0,Clear,0
2011-04-13 20:00:00,Junagadh,29.2,52,999.6,52.2,0,Clear,0
2015-02-09 19:00:00,Amravati,24.3,58,975.8,30.96,38,Rain,0.2
2024-03-17 18:00:00,Udaipur,27.4,21,950,34.92,9,Clear,0
2016-07-08 22:00:00,Junagadh,27,86,992.4,57.96,100,Cloudy,0
1997-12-18 13:00:00,Surat,26.5,53,1011,19.44,46,Clear,0
2024-07-08 21:00:00,Kollam,25.3,90,1007,41.04,100,Cloudy,0
1997-01-20 04:00:00,Junagadh,12.4,95,1002.4,33.48,15,Clear,0
2003-10-10 09:00:00,New_Delhi,27.2,63,981.8,29.16,0,Clear,0
2016-03-09 01:00:00,Kollam,27,83,1009,7.56,15,Clear,0
2022-11-22 16:00:00,Barmer,28.6,20,990.5,33.48,0,Clear,0
2019-05-15 16:00:00,Ahmedabad,39,21,998.5,52.92,27,Clear,0
2019-06-01 13:00:00,Amravati,42.3,18,965.1,52.56,59,Clear,0
2022-05-23 05:00:00,Pune,23.5,85,942,57.24,20,Clear,0
2024-04-20 12:00:00,Bengaluru,35.8,24,912,30.24,100,Cloudy,0
2025-12-26 11:00:00,New_Delhi,18.3,52,993.5,21.24,90,Cloudy,0
2023-01-12 08:00:00,Hubballi,18.2,56,944.2,23.04,0,Clear,0
2004-12-30 17:00:00,New_Delhi,18.6,53,988.1,27.36,100,Cloudy,0
2006-09-14 11:00:00,Mangaluru,25.2,90,1008.1,70.92,100,Rain,2.8
2003-07-10 08:00:00,Kalaburagi,23.2,93,955.5,46.8,100,Rain,0.7
2006-05-11 05:00:00,Thiruvananthapuram,25.6,91,1007,33.48,38,Clear,0
2020-02-18 16:00:00,Nizamabad,32.1,16,968.5,26.64,76,Cloudy,0
2012-06-23 14:00:00,Jodhpur,37.7,34,972.9,95.76,50,Clear,0
2014-03-22 18:00:00,Bengaluru,31.5,25,910.3,4.68,68,Cloudy,0
2014-11-04 03:00:00,Kota,21,71,983.3,18,6,Clear,0
2015-11-09 21:00:00,Pune,24.9,40,950.5,30.96,100,Cloudy,0
2014-05-05 22:00:00,New_Delhi,27.7,55,983.9,42.12,33,Clear,0
2013-08-03 06:00:00,Nizamabad,22.3,87,960.5,35.28,11,Clear,0
2005-07-07 01:00:00,Kolhapur,22.8,96,945.2,69.84,100,Rain,0.1
1997-05-03 11:00:00,Thrissur,30.9,72,1007.9,23.04,83,Rain,0.2
2022-05-23 18:00:00,Kollam,26.2,86,1004.3,50.4,100,Cloudy,0
1998-02-20 23:00:00,Nashik,15.7,76,948.5,23.4,0,Clear,0
2012-08-15 02:00:00,Nashik,21.7,96,941.1,63.72,100,Cloudy,0
2008-03-11 04:00:00,Chikkamagaluru,17.3,45,897.3,25.2,55,Clear,0
2015-12-17 08:00:00,Kochi,25.6,88,1011.7,12.6,26,Clear,0
2023-09-17 10:00:00,Ratnagiri,27.9,81,1000.3,50.4,100,Rain,0.2
1997-05-25 03:00:00,Surat,27,84,1005.3,75.24,6,Clear,0
2000-06-08 06:00:00,Mumbai,27.1,92,998.6,20.16,100,Rain,3.7
2012-05-18 02:00:00,Nizamabad,30.8,24,959.5,45.36,0,Clear,0
2016-01-25 16:00:00,Mysuru,28.9,42,929.4,17.64,58,Clear,0
2019-02-28 10:00:00,Ganganagar,18,47,996.9,30.24,31,Clear,0
2003-05-17 15:00:00,Jaipur,41.7,12,952.9,77.4,18,Clear,0
1996-11-19 04:00:00,Bikaner,15.1,28,987.5,65.16,7,Clear,0
2016-02-20 22:00:00,Ajmer,18.4,62,962,32.04,99,Cloudy,0
2004-12-02 12:00:00,Shivamogga,28.3,38,950.8,37.8,87,Cloudy,0
1998-04-11 16:00:00,Surat,34.6,28,1006.1,42.84,0,Clear,0
2019-10-11 07:00:00,Mysuru,21.6,92,929.6,11.16,67,Cloudy,0
2013-08-24 09:00:00,Jaipur,26.4,84,955.7,29.88,19,Clear,0
2014-06-27 22:00:00,Ahmedabad,31.1,62,1000.5,33.84,71,Cloudy,0
2000-08-27 12:00:00,Anand,30.7,75,998.6,41.76,73,Rain,0.2
2013-01-17 01:00:00,Thiruvananthapuram,22,86,1011.1,22.32,0,Clear,0
2014-08-28 05:00:00,Bharuch,25,94,1002.5,16.92,52,Rain,0.2
1998-10-13 01:00:00,Solapur,22.7,97,956.5,24.84,38,Clear,0
2018-04-16 22:00:00,Kalaburagi,28.4,50,960.3,24.84,37,Clear,0
2001-02-28 20:00:00,Jaipur,20.5,27,966.8,47.52,29,Clear,0
2023-01-23 13:00:00,Kalaburagi,29,32,961.1,41.4,0,Clear,0
2012-01-21 06:00:00,Hubballi,15.2,56,939.7,30.96,0,Clear,0
2004-05-25 19:00:00,Kota,38.4,19,972.6,45,29,Clear,0
2002-01-28 20:00:00,Kochi,26.5,70,1011.6,10.8,35,Clear,0
2001-12-30 05:00:00,Bharuch,18.2,56,1013.7,29.16,2,Clear,0
1996-08-11 10:00:00,Shivamogga,23,81,945.5,40.32,100,Rain,0.1
2008-04-24 19:00:00,Mumbai,30.7,53,1004.6,45.72,9,Clear,0
2021-12-08 08:00:00,Hubballi,20.8,69,944.5,31.32,0,Clear,0
2007-10-07 14:00:00,Amravati,31.5,43,966.3,30.6,99,Cloudy,0
2017-06-02 09:00:00,Hubballi,26.7,73,939.1,34.92,43,Rain,0.1
1999-02-20 00:00:00,Jaipur,18,51,967.1,45.72,33,Clear,0
2021-08-04 06:00:00,Dharwad,21.1,98,930.2,66.24,100,Rain,0.2
2006-11-02 08:00:00,Pune,23,80,951,56.52,86,Cloudy,0
2020-07-31 06:00:00,Kota,27.6,91,974.1,9.36,92,Cloudy,0
2008-03-21 08:00:00,Mangaluru,25.7,91,1004.8,5.76,100,Rain,0.6
1997-10-16 11:00:00,Kollam,29.4,70,1010.4,9,21,Clear,0
1999-10-07 14:00:00,Kolhapur,27.9,68,944.1,38.88,68,Cloudy,0
2012-10-30 22:00:00,Thiruvananthapuram,25.2,86,1006.3,30.96,100,Rain,0.3
2021-01-07 03:00:00,Nagpur,19.9,76,975.6,19.08,16,Clear,0
1997-05-19 12:00:00,Hubballi,33.1,35,941.2,67.32,0,Clear,0
2006-05-05 12:00:00,Hyderabad,35.2,37,955.5,18.72,23,Clear,0
2008-03-06 20:00:00,Thiruvananthapuram,25.7,87,1010,16.2,98,Cloudy,0
2018-04-02 13:00:00,Amravati,38,16,970.2,13.32,20,Clear,0
2018-01-26 14:00:00,Jaipur,23.7,23,963.3,31.32,0,Clear,0
2025-06-15 20:00:00,Hubballi,22,98,933.5,97.2,100,Rain,0.5
1996-11-10 14:00:00,Thiruvananthapuram,27.7,72,1009.1,49.68,53,Rain,0.1
2024-06-30 19:00:00,Adilabad,27.5,79,973.4,46.08,100,Cloudy,0
2009-11-18 21:00:00,Rajkot,22,35,999.3,34.56,0,Clear,0
1997-08-18 18:00:00,Shivamogga,23.1,81,943.9,55.8,83,Cloudy,0
1997-06-28 07:00:00,Mysuru,21.6,90,923.9,67.32,100,Cloudy,0
2005-03-11 01:00:00,Dharwad,20.5,58,930.7,25.56,10,Clear,0
2011-08-18 12:00:00,Idukki,19.6,91,896.6,36,100,Rain,0.6
2007-10-22 17:00:00,New_Delhi,31.4,31,984.9,16.92,0,Clear,0
2010-06-24 05:00:00,Ajmer,29.3,59,945.9,61.92,0,Clear,0
2025-06-11 07:00:00,Hubballi,24.9,79,937.2,43.56,81,Cloudy,0
2005-06-09 13:00:00,Bharuch,37.1,40,999.4,55.08,0,Clear,0
2024-12-09 22:00:00,Kolhapur,22,71,949.7,24.12,16,Clear,0
2022-02-16 16:00:00,Ganganagar,23.4,42,989.3,20.16,20,Clear,0
2003-12-26 17:00:00,Mumbai,27.6,51,1010.4,48.6,2,Clear,0
2023-05-04 17:00:00,Rajkot,32.5,39,991.9,48.24,89,Cloudy,0
1997-04-04 21:00:00,Kota,20.9,57,982.7,27.36,21,Clear,0
2006-12-08 06:00:00,Kolhapur,16.6,68,950.6,24.12,0,Clear,0
2008-11-25 11:00:00,Kollam,27.3,82,1009,23.76,99,Cloudy,0
2012-08-16 18:00:00,Warangal,29.7,59,974.5,18.36,99,Cloudy,0
2021-01-29 04:00:00,Thiruvananthapuram,22.2,80,1009.4,23.04,1,Clear,0
2005-09-16 05:00:00,Nagpur,23.4,92,972,21.96,100,Cloudy,0
2022-02-14 23:00:00,Shivamogga,21.5,59,945.7,17.64,0,Clear,0
2015-08-06 10:00:00,Adilabad,24,91,974.1,59.04,100,Rain,0.6
2018-01-04 10:00:00,Ahmedabad,21.1,45,1009.8,28.8,0,Clear,0
2019-05-08 20:00:00,Barmer,35.2,23,983.7,86.4,0,Clear,0
1998-04-23 18:00:00,Solapur,39.7,13,954.8,75.24,86,Cloudy,0
2022-08-24 07:00:00,Bengaluru,20.2,93,911.7,63.36,100,Rain,0.1
2021-04-25 21:00:00,Adilabad,32,27,977.7,40.32,84,Cloudy,0
2015-11-29 10:00:00,Ratnagiri,29.4,59,1006.7,38.52,16,Clear,0
2007-05-19 05:00:00,Mysuru,22.3,89,927.6,37.8,97,Cloudy,0
2021-07-02 03:00:00,Khammam,26.2,87,989.5,38.88,100,Rain,0.4
1999-05-01 20:00:00,Udaipur,33.6,28,942.7,46.8,9,Clear,0
2004-03-02 16:00:00,Jaipur,29.5,11,963,59.76,0,Clear,0
1999-11-03 18:00:00,Kolhapur,26.5,48,947.8,31.32,0,Clear,0
2001-07-26 05:00:00,Mangaluru,24.1,93,1005.7,26.64,97,Rain,0.8
2000-04-10 04:00:00,Bikaner,22.1,39,978.7,38.88,0,Clear,0
2017-08-28 01:00:00,Karimnagar,25,89,968.2,36.36,100,Rain,0.3
2023-04-23 04:00:00,Kalaburagi,25.6,39,955.4,28.8,0,Clear,0
2000-09-06 23:00:00,Surat,26.8,86,1003.2,73.44,100,Cloudy,0
2010-12-27 00:00:00,Bengaluru,15.2,92,911,42.48,27,Clear,0
2022-10-20 20:00:00,Barmer,28.5,27,990.7,37.44,0,Clear,0
2007-04-24 19:00:00,Idukki,22.7,90,896.6,9.36,41,Clear,0
2000-07-27 19:00:00,Chikkamagaluru,20.6,83,896.5,32.4,90,Cloudy,0
2025-02-01 23:00:00,Nizamabad,23.4,50,967.9,51.12,2,Clear,0
2017-08-21 07:00:00,Mysuru,21.3,94,924.7,55.44,98,Rain,0.1
2010-04-05 23:00:00,Chikkamagaluru,23.7,84,900.7,21.6,80,Cloudy,0
2018-07-24 09:00:00,Pune,24.1,83,944.9,72.72,89,Rain,0.1
2011-01-23 14:00:00,Surat,28.4,34,1011.6,39.24,95,Cloudy,0
2009-11-10 22:00:00,Ganganagar,17.4,58,991,44.28,67,Cloudy,0
2000-03-05 05:00:00,Chikkamagaluru,18.1,75,896.7,9.36,82,Cloudy,0
2008-10-20 17:00:00,Thiruvananthapuram,24.7,95,1005.6,36.36,100,Rain,2.5
2016-08-04 18:00:00,Kozhikode,25,89,1007.1,18.72,100,Rain,0.2
2014-06-03 21:00:00,Nizamabad,32.3,51,959.4,29.52,22,Clear,0
2013-02-16 19:00:00,Nagpur,20.6,89,971.3,39.6,27,Clear,0
2012-02-29 02:00:00,Jodhpur,14.9,29,980.5,37.08,0,Clear,0
2001-01-17 22:00:00,Hubballi,22.7,43,944.6,47.88,0,Clear,0
2011-06-28 15:00:00,Khammam,34.6,46,984.7,68.4,100,Rain,0.4
1997-10-12 09:00:00,Kota,27.8,62,987.6,12.96,1,Clear,0
2004-01-02 20:00:00,Kota,16.3,69,988.3,47.52,25,Clear,0
1997-04-17 05:00:00,Chikkamagaluru,19,94,899,18.72,40,Clear,0
2011-01-26 14:00:00,Delhi_North,21.9,32,993.6,42.12,0,Clear,0
2010-03-18 00:00:00,Delhi_North,21.7,65,990.3,34.2,0,Clear,0
2018-02-05 15:00:00,Thiruvananthapuram,30,61,1008.3,47.88,9,Clear,0
2004-01-24 14:00:00,Hubballi,29.7,31,940.5,12.24,69,Cloudy,0
2024-08-24 17:00:00,Karimnagar,25.9,87,972.1,74.52,100,Rain,0.8
2010-10-29 11:00:00,Khammam,27.9,75,997.6,20.16,100,Cloudy,0
2008-12-14 13:00:00,Kozhikode,29.5,64,1008.1,30.24,23,Clear,0
2011-09-13 22:00:00,Karimnagar,25.2,92,973.9,35.28,100,Rain,0.1
2025-10-30 03:00:00,Barmer,23.5,79,987.2,43.92,100,Cloudy,0
2020-09-14 01:00:00,Dharwad,21.3,97,928.1,61.56,100,Rain,0.1
1999-06-26 09:00:00,Nizamabad,27,68,961.4,70.92,99,Cloudy,0
2014-03-07 22:00:00,Khammam,25,63,1000.7,51.84,38,Clear,0
2002-03-14 16:00:00,Idukki,27.7,35,897.9,21.96,79,Cloudy,0
2018-05-04 04:00:00,Ratnagiri,25.6,88,999.3,19.44,11,Clear,0
2019-04-30 01:00:00,Kolhapur,24,91,946.1,36,96,Cloudy,0
2001-02-21 11:00:00,New_Delhi,22.6,48,987.9,12.24,0,Clear,0
1997-02-04 10:00:00,Barmer,16.3,40,992.9,47.88,0,Clear,0
2003-04-06 19:00:00,Kolhapur,30.2,38,947,49.32,11,Clear,0
2017-08-31 13:00:00,Barmer,28.9,73,978.9,91.8,31,Rain,0.1
1997-04-21 19:00:00,Bikaner,35.2,12,981.2,32.04,60,Cloudy,0
2015-12-27 05:00:00,Kollam,24.3,81,1010.1,20.16,6,Clear,0
2016-03-11 21:00:00,Udaipur,24.9,33,949.4,24.84,0,Clear,0
1999-09-16 04:00:00,Hyderabad,22.4,82,949.7,60.84,4,Clear,0
2019-02-12 12:00:00,Solapur,31.9,32,964.7,54,26,Clear,0
2002-09-11 19:00:00,New_Delhi,24.8,86,980.4,36.72,83,Cloudy,0
2019-08-27 12:00:00,Shivamogga,25.1,74,943.6,63,99,Cloudy,0
1997-07-26 03:00:00,Kozhikode,23,94,1008.6,21.24,100,Rain,2.4
2022-01-05 08:00:00,Kochi,26,66,1013.9,23.4,62,Cloudy,0
2002-04-27 20:00:00,Udaipur,32.2,12,943.7,36.36,0,Clear,0
2017-07-14 03:00:00,Ahmedabad,25.4,92,994,59.76,100,Thunderstorm,5.7
2017-02-26 06:00:00,Anand,18.6,48,1007.8,27,0,Clear,0
2010-04-22 15:00:00,Thiruvananthapuram,30.1,76,1005.1,56.52,36,Clear,0
2025-07-17 22:00:00,Ganganagar,29.9,76,981.7,33.48,91,Cloudy,0
2018-03-30 19:00:00,Junagadh,30,40,997.4,40.32,1,Clear,0
1998-08-20 20:00:00,Karimnagar,27,85,973.5,19.44,96,Cloudy,0
2016-01-15 08:00:00,Solapur,21.1,56,962.1,66.6,30,Clear,0
1997-07-21 11:00:00,Wayanad,25.7,70,927.1,28.08,99,Rain,0.5
2001-08-07 07:00:00,Rajkot,24.9,93,989.4,42.48,100,Cloudy,0
2021-06-05 19:00:00,Wayanad,21,100,925.9,25.92,100,Rain,3.7
2006-11-10 22:00:00,Hubballi,20.3,80,945.3,36.36,6,Clear,0
2026-03-10 05:00:00,Idukki,16.2,97,897.6,29.88,13,Clear,0
2020-04-21 07:00:00,Kozhikode,27.4,88,1009.1,9.36,95,Cloudy,0
2020-02-28 00:00:00,Bikaner,24.1,33,983.6,31.32,79,Cloudy,0
2004-06-01 23:00:00,Pune,25.9,86,948.8,33.84,61,Cloudy,0
2012-04-11 13:00:00,Junagadh,38,17,998.6,56.16,0,Clear,0
2023-09-10 03:00:00,Mysuru,21.6,92,926.2,51.48,100,Cloudy,0
2013-08-31 11:00:00,Anand,28.9,79,1003.8,28.44,43,Clear,0
2005-06-14 13:00:00,Kolhapur,29.1,64,945.9,37.08,79,Cloudy,0
2007-07-08 01:00:00,Bengaluru,20.4,85,908.8,78.12,99,Cloudy,0
2016-02-29 05:00:00,Hubballi,22.4,74,945.4,13.32,69,Cloudy,0
2021-04-09 12:00:00,Shivamogga,34.2,31,945.9,16.56,35,Clear,0
2017-07-18 06:00:00,Mumbai,25.7,92,1001.7,66.24,100,Thunderstorm,7.3
2020-05-08 10:00:00,Kalaburagi,36,37,960.1,45.72,65,Cloudy,0
2016-05-16 06:00:00,Chikkamagaluru,22.3,94,896.6,16.92,100,Cloudy,0
2009-03-07 09:00:00,Chikkamagaluru,28,29,902.7,23.76,0,Clear,0
2023-02-15 01:00:00,Thiruvananthapuram,22.4,91,1009.6,18.72,0,Clear,0
2007-08-20 19:00:00,Udaipur,26,79,941.9,14.4,100,Rain,0.2
2009-06-02 01:00:00,Surat,28.6,80,1003.5,85.68,8,Clear,0
2002-11-19 23:00:00,Kozhikode,24.7,93,1008.9,10.44,98,Cloudy,0
1999-09-01 20:00:00,Idukki,18.2,96,898.1,14.4,97,Cloudy,0
2022-08-02 10:00:00,Ahmedabad,29.5,75,998.6,42.48,42,Rain,0.1
2006-11-24 23:00:00,Udaipur,15.7,56,948.9,23.4,0,Clear,0
1999-04-08 09:00:00,Rajkot,29.7,46,994.6,33.84,0,Clear,0
2009-12-18 20:00:00,Wayanad,22,91,929.7,6.84,29,Clear,0
2001-05-28 05:00:00,Nizamabad,29.7,47,960.8,49.32,43,Clear,0
2016-09-24 00:00:00,Nagpur,25.1,93,968.2,26.64,99,Cloudy,0
2019-11-27 19:00:00,Junagadh,25.8,52,1002,46.08,1,Clear,0
2013-10-15 18:00:00,Ajmer,27.8,54,955.3,20.16,2,Clear,0
1998-03-13 00:00:00,Kollam,27.6,77,1011.1,14.04,1,Clear,0
1999-11-14 22:00:00,Nagpur,18.8,60,980.3,27,0,Clear,0
2001-06-10 08:00:00,Karimnagar,27.8,72,971.2,48.24,98,Cloudy,0
2021-02-15 00:00:00,Hyderabad,20,49,956.6,35.28,0,Clear,0
2022-03-29 06:00:00,Thiruvananthapuram,24.6,97,1008.4,6.84,85,Cloudy,0
2017-01-03 10:00:00,Nashik,21.4,49,953,50.4,0,Clear,0
2004-08-30 22:00:00,Thiruvananthapuram,24.6,90,1010.7,65.88,81,Cloudy,0
2021-04-27 19:00:00,Aurangabad,31.1,19,943.2,33.12,33,Clear,0
2000-04-04 14:00:00,Pune,37.1,23,946.7,29.88,60,Cloudy,0
1996-07-07 15:00:00,Junagadh,32,59,992.4,46.08,64,Cloudy,0
2022-04-04 00:00:00,Jaipur,26,8,959.6,33.48,0,Clear,0
1998-05-11 17:00:00,New_Delhi,32.6,34,981.9,4.68,19,Clear,0
2014-02-03 15:00:00,New_Delhi,24.5,45,986.9,23.4,2,Clear,0
2002-12-23 02:00:00,Solapur,21.4,47,958.5,38.88,2,Clear,0
2009-08-01 03:00:00,Bhavnagar,26.1,89,1001.2,45,77,Cloudy,0
2018-10-10 14:00:00,Bengaluru,27.6,49,909.3,55.08,98,Cloudy,0
2023-03-06 08:00:00,Jodhpur,22,47,992.6,42.12,0,Clear,0
2008-07-01 11:00:00,Solapur,29.9,52,954.6,108.36,100,Cloudy,0
2000-05-07 09:00:00,Bharuch,30.6,60,1006.5,68.04,22,Clear,0
1999-10-19 23:00:00,Warangal,23,86,978.6,24.12,9,Clear,0
2012-09-21 08:00:00,Junagadh,25.6,85,1000,10.08,0,Clear,0
2022-06-06 20:00:00,Nagpur,36.7,17,965.6,23.4,71,Cloudy,0
2004-07-04 20:00:00,Thiruvananthapuram,24.5,91,1007.3,71.64,96,Cloudy,0
2010-08-01 17:00:00,Hyderabad,27.2,70,947.8,68.76,100,Cloudy,0
2007-07-22 16:00:00,Kollam,26,83,1005,54.36,100,Cloudy,0
2004-06-15 19:00:00,Kozhikode,25,95,1007.5,25.92,100,Rain,1.3
2012-09-10 02:00:00,New_Delhi,26.6,92,980.1,16.92,81,Cloudy,0
2024-07-29 20:00:00,Nagpur,25.9,86,964.9,26.64,100,Cloudy,0
2003-01-19 22:00:00,Rajkot,19.8,30,1001.5,31.32,0,Clear,0
1997-06-04 15:00:00,Amravati,38.8,25,969.7,48.6,17,Clear,0
1998-07-13 16:00:00,Ganganagar,32.6,64,977.9,18.72,69,Cloudy,0
2021-08-01 08:00:00,New_Delhi,29,84,975.2,20.16,96,Cloudy,0
2018-02-10 18:00:00,Udaipur,20.4,32,947.4,33.12,34,Clear,0
2012-03-07 08:00:00,Wayanad,22.5,86,926.5,19.44,68,Cloudy,0
2013-06-06 06:00:00,Adilabad,28.7,71,975.1,27.36,100,Cloudy,0
2025-01-22 09:00:00,Kollam,28.9,57,1009.3,59.04,41,Clear,0
2022-04-24 20:00:00,Idukki,21.1,93,896.6,17.28,13,Clear,0
2002-08-06 04:00:00,Junagadh,25.8,93,989.9,45.72,100,Cloudy,0
2019-06-18 04:00:00,Udaipur,24,91,940.3,52.92,96,Rain,0.1
2016-06-06 17:00:00,Chikkamagaluru,23.2,82,896.1,34.56,100,Rain,0.5
2010-12-30 23:00:00,Ratnagiri,23,77,1003.4,30.6,6,Clear,0
2011-09-21 01:00:00,Kalaburagi,23.6,80,958.3,58.68,100,Cloudy,0
2009-02-15 02:00:00,Kochi,24.9,83,1009.5,15.84,3,Clear,0
2005-11-20 20:00:00,Aurangabad,21.4,41,948.7,28.8,0,Clear,0
2023-07-29 10:00:00,Delhi_North,29.8,73,976.7,34.2,35,Rain,0.1
2005-07-17 20:00:00,Solapur,26.6,80,953.7,26.64,97,Rain,1.9
2001-06-07 01:00:00,Karimnagar,26.9,84,970,40.68,97,Rain,1.9
2015-06-22 02:00:00,Aurangabad,23.2,94,934,61.92,100,Rain,1.7
2010-03-04 18:00:00,Adilabad,34.8,23,977.3,23.4,2,Clear,0
2001-02-08 17:00:00,Dharwad,31.1,17,930.7,44.28,0,Clear,0
2018-07-23 01:00:00,Thiruvananthapuram,24.9,91,1007.6,61.92,50,Clear,0
2022-11-26 23:00:00,Dharwad,22.1,80,931.1,28.44,74,Rain,0.3
1999-07-14 17:00:00,Nizamabad,25.1,84,957.7,36.36,100,Rain,0.8
2021-09-15 02:00:00,Mangaluru,24.5,94,1004.9,25.2,100,Rain,0.3
1997-06-19 04:00:00,Idukki,18.2,89,896.5,9.36,54,Clear,0
1996-12-02 22:00:00,Barmer,22.4,32,990.8,11.52,0,Clear,0
2006-11-01 16:00:00,Junagadh,32.3,27,999.8,43.92,0,Clear,0
1997-08-15 13:00:00,Anand,31,70,1003.4,37.8,92,Cloudy,0
2019-07-21 04:00:00,Udaipur,25.3,90,939.3,16.92,100,Cloudy,0
2014-04-18 18:00:00,Surat,28.1,65,1007.4,79.92,0,Clear,0
2011-10-20 06:00:00,Kalaburagi,22.1,86,958.3,10.44,56,Clear,0
2000-06-04 02:00:00,Aurangabad,23.6,95,936.9,31.32,100,Cloudy,0
1996-05-05 13:00:00,Nizamabad,40.6,11,960.6,34.92,0,Clear,0
2006-05-20 01:00:00,Udaipur,28.2,48,942.3,45.72,0,Clear,0
2025-01-10 07:00:00,Solapur,17.2,77,962.5,38.52,33,Clear,0
2019-08-10 09:00:00,Mumbai,26.6,87,1001.7,108.36,98,Rain,0.4
2007-02-23 07:00:00,Surat,22.4,61,1007.2,46.8,1,Clear,0
2002-06-24 16:00:00,Kochi,27.2,85,1008.7,55.8,100,Rain,0.2
2020-09-22 11:00:00,Anand,32.2,71,996.3,50.76,90,Cloudy,0
2003-03-13 10:00:00,Udaipur,25.8,17,954.1,51.12,0,Clear,0
2017-02-02 02:00:00,Udaipur,14.2,72,950.4,24.84,2,Clear,0
2020-12-26 14:00:00,Rajkot,29.4,34,997.5,29.16,0,Clear,0
2023-09-19 09:00:00,Thiruvananthapuram,25,88,1011.8,36,100,Rain,0.1
2025-06-16 18:00:00,Adilabad,29.4,71,968.6,40.68,96,Cloudy,0
2015-06-11 00:00:00,Chikkamagaluru,20.5,95,898,19.8,100,Cloudy,0
2021-01-20 18:00:00,Hubballi,25.3,43,941.7,30.6,0,Clear,0
2013-07-30 09:00:00,Nashik,22.7,89,940.1,70.2,87,Rain,0.6
2015-04-01 02:00:00,Warangal,26.2,70,980.1,49.32,86,Cloudy,0
2022-09-03 06:00:00,Kollam,24.6,94,1006.9,11.16,100,Rain,0.1
2005-10-18 17:00:00,Khammam,26.3,86,993.4,20.16,100,Rain,2.1
2020-06-21 20:00:00,Delhi_North,32.2,59,974.2,52.2,4,Clear,0
2005-04-07 23:00:00,Kota,27.8,18,976.9,37.44,0,Clear,0
2003-01-04 02:00:00,Wayanad,19.7,78,929.2,14.76,14,Clear,0
2004-10-31 17:00:00,Kolhapur,28.4,49,948.1,43.56,35,Clear,0
2011-09-05 09:00:00,Thiruvananthapuram,25.3,87,1010.1,65.16,65,Rain,0.5
1999-07-09 15:00:00,Warangal,31.7,63,973.4,26.64,59,Rain,0.1
2013-07-30 00:00:00,Karimnagar,26.7,69,972.2,59.04,100,Cloudy,0
2022-02-19 14:00:00,Thiruvananthapuram,29.8,64,1006.8,50.4,100,Rain,0.1
2021-03-17 23:00:00,Bengaluru,22.3,57,913.2,56.88,0,Clear,0
2014-05-12 11:00:00,Wayanad,29,60,929.2,7.56,24,Clear,0
2004-03-11 16:00:00,Kochi,30.8,63,1005.8,59.76,43,Clear,0
2004-03-30 11:00:00,Nizamabad,35.8,31,967.2,16.56,5,Clear,0
2021-01-17 13:00:00,Anand,30,49,1004.6,16.2,0,Clear,0
2015-03-03 19:00:00,Hyderabad,25.7,50,954.3,30.96,7,Clear,0
2012-11-03 13:00:00,Kozhikode,28.1,73,1008.3,28.8,28,Rain,0.2
2012-01-05 06:00:00,Kozhikode,24.7,89,1011.7,17.64,30,Clear,0
2017-10-22 04:00:00,Mysuru,20.5,95,928,30.96,100,Cloudy,0
2015-10-21 16:00:00,Barmer,34.9,26,987.1,14.4,29,Clear,0
2017-10-22 02:00:00,New_Delhi,21.1,63,980.7,23.4,0,Clear,0
2017-03-10 19:00:00,Khammam,29.1,67,990.2,48.6,0,Clear,0
2016-11-08 13:00:00,Adilabad,30.1,31,982.8,22.68,0,Clear,0
1997-05-28 08:00:00,Mangaluru,28.7,74,1010.6,26.64,75,Cloudy,0
2018-09-01 06:00:00,Mumbai,24.8,91,1007.3,51.12,97,Rain,0.2
2002-07-01 05:00:00,Jodhpur,26.3,85,975.3,64.08,100,Cloudy,0
2000-09-21 00:00:00,Ahmedabad,25.6,72,1002,25.92,0,Clear,0
1997-06-17 08:00:00,Solapur,25.5,74,958.2,88.2,100,Cloudy,0
1997-07-04 18:00:00,Karimnagar,25.9,81,969.8,49.32,100,Rain,0.3
2008-08-11 04:00:00,Ahmedabad,25.2,95,988.8,46.08,100,Rain,1.1
1997-05-01 05:00:00,Kollam,25.7,89,1008.4,19.44,75,Cloudy,0
2003-08-13 04:00:00,Solapur,22.1,92,955,41.4,98,Cloudy,0
2003-07-31 20:00:00,Thrissur,25.7,90,1008,11.52,100,Cloudy,0
2025-02-28 03:00:00,Ajmer,21.1,43,955.5,45.36,100,Cloudy,0
2010-02-16 00:00:00,Bengaluru,20.4,70,912.9,40.68,0,Clear,0
2000-02-03 11:00:00,Nashik,20.4,60,951.8,23.76,25,Clear,0
2005-03-26 05:00:00,Khammam,26.1,89,994.4,23.4,50,Clear,0
2022-02-22 08:00:00,Kolhapur,21.6,52,950.2,28.08,0,Clear,0
2021-02-03 07:00:00,Nashik,13.8,65,949,25.92,0,Clear,0
2004-11-03 04:00:00,Kozhikode,23.7,91,1009.6,17.28,40,Clear,0
2019-04-09 13:00:00,Kollam,32.5,62,1007.5,52.56,39,Clear,0
1996-01-02 19:00:00,Jodhpur,19.5,44,992.2,41.4,8,Clear,0
2021-08-17 04:00:00,Amravati,24.1,97,966.1,38.16,100,Rain,0.2
2010-05-31 14:00:00,Ahmedabad,40.9,20,997.9,51.48,0,Clear,0
2009-08-17 08:00:00,Warangal,27.4,79,978.7,8.28,99,Cloudy,0
2009-12-04 23:00:00,Wayanad,20.2,98,928.8,17.28,57,Clear,0
2013-10-28 22:00:00,Anand,23.4,70,1007.2,31.32,0,Clear,0
2008-09-03 02:00:00,Aurangabad,22.1,98,941.1,9.36,99,Cloudy,0
2017-07-24 04:00:00,Delhi_North,25.6,94,971.8,43.2,95,Rain,0.2
2016-08-24 09:00:00,New_Delhi,27,84,979.6,68.76,98,Rain,0.2
2005-07-18 16:00:00,Mangaluru,26.8,83,1003.4,52.56,57,Rain,0.4
2008-03-10 03:00:00,Aurangabad,21.3,39,944.9,34.2,46,Clear,0
2004-01-04 20:00:00,Ganganagar,10.9,68,999.8,25.2,100,Cloudy,0
2012-12-10 17:00:00,Thrissur,28.6,67,1005.6,43.56,25,Clear,0
2016-12-18 13:00:00,Nashik,27.9,34,950.8,9.36,0,Clear,0
2000-12-27 20:00:00,Kolhapur,22.9,32,949.8,30.24,100,Cloudy,0
1997-06-24 20:00:00,Kolhapur,22,95,942.1,46.44,100,Rain,0.1
2023-06-11 13:00:00,Delhi_North,38.8,33,973.9,70.56,15,Clear,0
2002-11-13 00:00:00,Junagadh,22.7,45,1001.6,34.56,0,Clear,0
2013-10-18 13:00:00,Kollam,26.7,82,1007.7,25.56,100,Rain,1.3
2003-03-12 00:00:00,Khammam,24,75,995.4,51.12,3,Clear,0
2006-02-08 05:00:00,Mysuru,15,69,929.5,25.92,22,Clear,0
1998-01-22 23:00:00,Jaipur,8.4,52,966.5,32.04,96,Cloudy,0
2001-11-24 01:00:00,Bikaner,16,46,988.4,30.96,0,Clear,0
2021-11-28 02:00:00,New_Delhi,15.6,89,991.1,33.48,26,Clear,0
1999-03-03 05:00:00,Chikkamagaluru,16.3,54,896.4,25.56,28,Clear,0
2012-08-25 11:00:00,Khammam,28.1,83,991.3,31.32,100,Rain,0.2
2004-08-20 22:00:00,Jodhpur,27.1,80,977.2,60.84,7,Clear,0
2020-07-24 05:00:00,Bhavnagar,26.1,90,1001.6,21.24,100,Rain,0.3
1999-04-16 00:00:00,Khammam,29.5,65,989.8,31.68,34,Clear,0
2024-11-06 03:00:00,Thrissur,22.5,99,1007.7,16.56,0,Clear,0
2000-11-20 14:00:00,Nagpur,30.7,25,974,20.16,69,Cloudy,0
2011-05-06 02:00:00,Anand,27.8,63,1002,27.72,0,Clear,0
2002-01-08 17:00:00,Surat,28.1,41,1011.4,51.12,3,Clear,0
2004-07-27 00:00:00,Ratnagiri,23.7,95,998.4,28.8,100,Rain,0.4
2011-01-26 18:00:00,Kozhikode,28.8,54,1008.3,18.72,60,Cloudy,0
2024-04-12 00:00:00,Nagpur,23.8,84,976.6,16.92,95,Rain,1.1
2021-09-11 21:00:00,Karimnagar,26.4,82,973.7,29.16,95,Cloudy,0
2007-09-04 02:00:00,Solapur,22.6,92,952.4,46.08,100,Cloudy,0
2021-11-24 20:00:00,Delhi_North,17.7,66,988,31.32,0,Clear,0
1999-06-18 15:00:00,Hyderabad,26.8,72,944.3,79.2,99,Rain,0.7
2013-11-11 04:00:00,Mumbai,22.7,89,1010.1,20.88,9,Clear,0
2013-09-05 04:00:00,Ahmedabad,24.7,85,1000,33.48,14,Clear,0
2021-08-23 22:00:00,Barmer,32.8,48,982.3,94.68,31,Clear,0
1996-01-08 05:00:00,Dharwad,17.3,55,931.4,27.72,11,Clear,0
2004-10-04 00:00:00,Kota,26.3,84,980.5,18.36,18,Clear,0
1998-02-17 12:00:00,Aurangabad,25.3,34,948.6,21.6,81,Cloudy,0
2019-04-05 21:00:00,Warangal,27.4,54,982.3,28.8,1,Clear,0
2019-10-12 20:00:00,Amravati,25.6,68,973.4,21.96,25,Clear,0
1996-12-02 22:00:00,Nagpur,18.5,47,978,38.88,0,Clear,0
1997-08-25 08:00:00,Chikkamagaluru,20.3,89,899.5,56.88,78,Rain,0.2
1997-07-27 05:00:00,Adilabad,24.7,83,973.6,56.16,99,Cloudy,0
2008-06-03 15:00:00,Chikkamagaluru,24.2,78,896.2,29.52,68,Rain,0.4
2013-10-19 19:00:00,Karimnagar,25.5,70,979.6,20.52,0,Clear,0
2011-10-19 05:00:00,Kolhapur,22.5,92,946.9,15.12,34,Clear,0
2000-11-28 21:00:00,Bhavnagar,25.3,44,1010.3,41.4,0,Clear,0
1997-09-22 09:00:00,Shivamogga,24.2,76,946.5,42.84,100,Cloudy,0
2021-12-10 16:00:00,Bengaluru,25.2,51,914.1,46.8,56,Clear,0
2018-09-10 20:00:00,Ahmedabad,26.2,84,1004.5,22.68,36,Clear,0
2015-07-18 12:00:00,Kolhapur,26.9,72,944.5,98.64,99,Rain,0.4
1997-11-08 10:00:00,Junagadh,31.4,34,1006.9,24.48,0,Clear,0
2022-11-03 08:00:00,Chikkamagaluru,18.3,93,900.7,72.36,99,Rain,0.1
1998-07-20 22:00:00,Nizamabad,25.6,87,961.5,14.4,41,Rain,1.3
2008-04-09 15:00:00,Warangal,33.6,37,978.8,23.76,53,Clear,0
2017-05-17 01:00:00,Junagadh,25.6,93,995.5,28.08,0,Clear,0
2023-02-09 11:00:00,Bikaner,27,22,986,106.56,2,Clear,0
2018-04-14 03:00:00,Ratnagiri,24.9,95,999.6,11.16,5,Clear,0
2012-06-20 03:00:00,Jaipur,31,43,949.1,53.28,16,Clear,0
2002-01-11 14:00:00,Shivamogga,29.8,31,947.1,46.8,0,Clear,0
2024-02-17 06:00:00,Hyderabad,17.5,65,957.7,34.92,0,Clear,0
2018-08-04 13:00:00,Thrissur,27.5,84,1008.7,37.8,96,Rain,0.1
2013-10-13 23:00:00,Nizamabad,24.7,80,963,35.64,99,Cloudy,0
2018-10-05 14:00:00,Pune,29.1,62,948.4,36.36,100,Cloudy,0
2006-03-05 20:00:00,Mysuru,24.1,77,930.2,17.28,52,Clear,0
2002-10-18 12:00:00,Hyderabad,28.9,60,952.9,53.64,95,Cloudy,0
1999-03-26 18:00:00,Nagpur,35,13,970.7,36.72,0,Clear,0
1998-11-19 08:00:00,Kolhapur,20.1,91,950.1,10.44,2,Clear,0
2020-02-20 03:00:00,Surat,20.6,91,1008,23.76,0,Clear,0
2014-12-23 13:00:00,Jaipur,20.7,50,965.8,16.92,0,Clear,0
2003-05-06 02:00:00,Anand,25.6,77,999.9,46.08,0,Clear,0
2021-11-16 02:00:00,Ganganagar,13.6,68,990.6,24.84,0,Clear,0
2018-08-02 00:00:00,Ganganagar,30.2,63,977.4,33.12,4,Clear,0
2014-04-02 09:00:00,Kollam,29,74,1008.6,39.6,100,Cloudy,0
2004-05-16 12:00:00,Khammam,34.9,51,988.7,27.72,100,Cloudy,0
2001-09-15 01:00:00,Kozhikode,25.1,89,1008.1,11.16,59,Clear,0
2009-04-10 13:00:00,Udaipur,32.6,16,950.2,20.16,0,Clear,0
2018-05-04 17:00:00,Ganganagar,36.2,24,983.8,33.84,96,Cloudy,0
2008-10-27 18:00:00,Mysuru,24.4,54,927.6,6.84,99,Cloudy,0
2019-10-22 18:00:00,Delhi_North,24.9,41,982.2,30.6,0,Clear,0
2008-07-11 19:00:00,Bengaluru,24.5,62,908.5,46.8,92,Cloudy,0
2025-01-12 00:00:00,Nagpur,21.1,56,979.8,30.6,74,Cloudy,0
2018-11-12 11:00:00,Nashik,29.1,28,950.1,34.2,0,Clear,0
2006-05-08 15:00:00,Kozhikode,30.1,73,1005.1,27.36,78,Cloudy,0
2014-12-06 10:00:00,Thrissur,27.5,54,1010.8,45,77,Cloudy,0
2005-07-27 03:00:00,Rajkot,26,89,984.7,56.16,100,Cloudy,0
2006-08-21 00:00:00,Nashik,22.3,95,943.3,63,100,Rain,0.2
1999-05-29 06:00:00,Jaipur,27.8,49,951.7,74.52,5,Clear,0
2020-06-18 04:00:00,Adilabad,26,81,972.4,43.56,100,Cloudy,0
2018-05-04 14:00:00,Mangaluru,31.7,68,1004.6,46.08,76,Rain,0.1
2011-06-22 21:00:00,Solapur,25.9,72,952.3,76.68,95,Cloudy,0
2021-05-30 00:00:00,Solapur,24.9,89,956.9,57.96,99,Rain,1.6
2008-10-22 16:00:00,Rajkot,33.7,27,994.3,43.56,30,Clear,0
2025-11-17 21:00:00,Hubballi,19.9,55,945.2,37.08,0,Clear,0
2019-03-23 08:00:00,Amravati,28.1,30,976,50.4,0,Clear,0
2019-02-09 22:00:00,Ahmedabad,14.6,45,1012.5,33.84,0,Clear,0
2009-06-13 18:00:00,Thrissur,25.1,93,1008.5,24.48,100,Rain,1.2
2005-12-22 23:00:00,Pune,16.6,62,947.9,16.56,0,Clear,0
2026-02-12 19:00:00,Barmer,23.5,33,993.4,15.12,100,Cloudy,0
2010-06-05 17:00:00,Junagadh,32.8,54,996.7,75.6,68,Cloudy,0
2003-07-24 17:00:00,Bengaluru,21.4,91,906.9,53.64,100,Rain,0.3
2012-02-04 00:00:00,Nagpur,16.4,52,979.1,30.24,0,Clear,0
2010-01-13 18:00:00,Mangaluru,27.3,79,1010.1,29.16,15,Clear,0
2012-03-12 06:00:00,Nashik,16.5,54,945.3,19.44,11,Clear,0
1996-12-01 10:00:00,Bharuch,27.8,41,1012.3,26.28,2,Clear,0
1996-05-26 10:00:00,Nizamabad,38.6,25,963.1,31.32,2,Clear,0
1999-04-08 22:00:00,New_Delhi,27.8,24,980,35.64,0,Clear,0
1998-11-15 11:00:00,Wayanad,25.3,60,927.3,29.52,34,Clear,0
2012-07-08 13:00:00,Mumbai,27.3,88,1001.8,74.52,100,Rain,0.6
2008-03-02 02:00:00,Nashik,21.5,37,945.1,12.24,0,Clear,0
2022-12-29 07:00:00,Nizamabad,21.1,79,973.3,24.12,0,Clear,0
2018-03-04 09:00:00,Dharwad,26.2,48,932.7,1.44,0,Clear,0
2011-01-17 17:00:00,Kolhapur,29.7,23,948.2,20.88,0,Clear,0
2014-07-06 03:00:00,Bharuch,27.9,83,1002.4,46.08,90,Cloudy,0
2006-12-12 22:00:00,Amravati,19.4,70,975.8,23.76,0,Clear,0
2023-06-28 05:00:00,Amravati,24.5,92,965.1,58.68,100,Cloudy,0
2024-02-21 22:00:00,Kozhikode,28,75,1011.1,51.48,0,Clear,0
2022-06-14 05:00:00,Rajkot,26.6,82,990,37.44,100,Cloudy,0
2015-10-06 08:00:00,Ajmer,28,38,959,27,0,Clear,0
1996-10-19 14:00:00,Mysuru,21.3,78,925.1,52.56,100,Rain,0.9
2012-04-20 15:00:00,Idukki,23.8,74,896.3,9.36,97,Rain,0.6
2000-06-30 15:00:00,Hyderabad,23.7,90,944.1,65.52,95,Rain,0.7
2008-08-09 00:00:00,Kochi,23.8,95,1008.7,12.96,100,Cloudy,0
2023-12-25 12:00:00,Amravati,27.4,37,979.3,9.36,0,Clear,0
2016-08-25 17:00:00,Bhavnagar,26.6,90,1000.9,42.12,100,Thunderstorm,7.1
2013-08-03 08:00:00,Ganganagar,30.3,71,982.6,61.56,41,Clear,0
2023-05-26 11:00:00,Wayanad,27.6,65,931.2,37.44,100,Cloudy,0
2011-04-13 18:00:00,Junagadh,33.3,39,998.3,58.32,0,Clear,0
2010-02-24 18:00:00,Ratnagiri,25.9,57,1000.8,37.8,2,Clear,0
2007-09-18 20:00:00,Mumbai,26.4,93,1005.2,45,100,Rain,0.8
1998-12-20 14:00:00,Karimnagar,26.2,32,980.2,8.28,0,Clear,0
2020-06-05 21:00:00,Kalaburagi,28.1,58,957.2,38.52,98,Cloudy,0
2022-10-24 23:00:00,Adilabad,21.5,64,980.6,5.04,0,Clear,0
1999-03-21 23:00:00,Rajkot,20.4,18,996,38.52,0,Clear,0
2014-07-22 20:00:00,Kolhapur,20.8,96,943.7,76.32,100,Rain,0.8
2014-03-13 23:00:00,Hyderabad,23.7,51,957.8,35.64,3,Clear,0
2024-10-14 22:00:00,Rajkot,25,97,997.4,13.68,100,Cloudy,0
1998-12-07 09:00:00,Jodhpur,20.5,34,993.6,38.88,5,Clear,0
2025-01-18 20:00:00,Mysuru,22.9,62,930.2,48.6,92,Cloudy,0
2004-11-25 04:00:00,Hyderabad,16.2,84,956.5,24.48,0,Clear,0
2013-04-14 03:00:00,Kollam,26.2,86,1008.5,10.8,29,Clear,0
2025-02-05 13:00:00,Bengaluru,30.1,22,914.1,48.96,92,Cloudy,0
1996-11-09 18:00:00,Nizamabad,26.6,69,967.8,12.24,27,Clear,0
2008-06-08 12:00:00,Nagpur,31.9,61,967.6,29.52,91,Rain,0.1
2002-08-01 00:00:00,New_Delhi,30.4,73,977,28.44,90,Cloudy,0
2015-12-29 09:00:00,Jaipur,17.6,52,971.4,27.36,14,Clear,0
2023-05-30 01:00:00,Bikaner,25.8,68,982.1,37.8,31,Clear,0
2010-04-30 00:00:00,Mangaluru,27.2,86,1007.3,27,89,Rain,0.6
2011-07-25 16:00:00,Shivamogga,23.4,85,941.3,58.68,100,Rain,0.6
2003-09-26 18:00:00,Chikkamagaluru,21.5,84,897,28.8,100,Cloudy,0
2006-10-05 10:00:00,Bengaluru,24.5,66,914.3,59.76,99,Cloudy,0
2001-02-07 05:00:00,Jodhpur,10.9,44,987.6,38.88,0,Clear,0
1998-08-07 08:00:00,Thiruvananthapuram,24.7,89,1008.8,70.92,98,Rain,0.1
2002-01-25 21:00:00,Mysuru,25.4,44,929.6,27.36,91,Cloudy,0
2002-09-16 16:00:00,Nizamabad,29.7,56,965.5,37.8,66,Cloudy,0
2020-05-30 13:00:00,New_Delhi,30.6,52,981.6,25.2,40,Rain,0.3
2015-04-23 00:00:00,Kolhapur,24.7,80,948,37.8,5,Clear,0
1999-07-14 15:00:00,Aurangabad,26,75,938.1,58.32,100,Rain,0.6
2002-09-19 16:00:00,Anand,29.6,60,1004.6,9.72,35,Rain,0.5
2022-08-08 14:00:00,Junagadh,29.2,79,986.9,25.92,83,Rain,0.4
2005-05-15 14:00:00,Kollam,30,75,1006.8,37.8,93,Rain,0.4
2011-09-19 16:00:00,Pune,26.2,69,947.5,53.28,55,Clear,0
2002-04-15 05:00:00,New_Delhi,23.6,48,980.1,23.76,18,Clear,0
2009-01-08 08:00:00,Kolhapur,19.5,66,952.4,29.16,7,Clear,0
2001-04-21 12:00:00,Mumbai,33.4,53,1006.8,40.68,83,Cloudy,0
2020-12-28 18:00:00,New_Delhi,11.9,54,991.3,27,0,Clear,0
2021-03-04 04:00:00,Shivamogga,18,55,944.8,37.8,0,Clear,0
2016-05-29 14:00:00,Warangal,39.1,27,974.4,51.48,42,Clear,0
2024-07-14 00:00:00,Adilabad,26.3,83,970.8,50.04,100,Rain,0.1
2001-12-13 00:00:00,Dharwad,18.2,41,934.3,28.44,27,Clear,0
2015-08-09 17:00:00,Jaipur,29.5,69,951.8,25.92,99,Rain,0.2
2021-09-02 09:00:00,Dharwad,24.3,79,929.8,52.56,81,Rain,0.1
2012-02-26 14:00:00,Thiruvananthapuram,29.8,53,1003.4,50.76,7,Clear,0
2006-11-28 13:00:00,Ahmedabad,28.6,29,1005.7,19.44,0,Clear,0
2009-07-16 12:00:00,Nagpur,25.9,83,963.4,50.76,99,Rain,0.3
1997-05-30 00:00:00,Bharuch,28.4,72,1004.7,72.36,0,Clear,0
2002-10-12 23:00:00,Hyderabad,22.6,95,952,20.16,99,Cloudy,0
2023-11-10 13:00:00,Jaipur,29.7,30,966.8,37.8,42,Clear,0
2017-09-10 13:00:00,Thiruvananthapuram,28.4,75,1005,24.48,92,Cloudy,0
2011-03-30 01:00:00,Aurangabad,24.5,19,944.1,39.24,5,Clear,0
2009-03-27 10:00:00,Mumbai,28.6,57,1010.9,19.8,0,Clear,0
1996-04-28 22:00:00,Pune,24.2,71,946.4,40.32,1,Clear,0
2000-12-12 16:00:00,Kochi,26.8,72,1009.4,34.92,29,Clear,0
2006-04-12 01:00:00,Khammam,26.7,73,991.1,38.16,10,Clear,0
2021-06-01 01:00:00,Amravati,31.7,44,965.5,27.36,80,Cloudy,0
2013-01-09 21:00:00,Hyderabad,21.8,52,958.2,28.08,0,Clear,0
2009-11-23 07:00:00,Kota,11.1,87,988.1,18.72,58,Clear,0
2024-04-06 10:00:00,Amravati,35.6,21,972.3,33.84,45,Clear,0
2000-06-13 11:00:00,Kochi,26,88,1011.8,18,100,Cloudy,0
2004-11-24 19:00:00,Ahmedabad,26.1,42,1007,30.6,0,Clear,0
1997-12-08 05:00:00,Aurangabad,19.7,90,944.5,7.56,100,Rain,0.9
2024-09-21 16:00:00,Adilabad,30,71,974.4,23.04,31,Rain,0.1
2007-11-05 23:00:00,Mangaluru,25.5,89,1008.7,21.6,28,Clear,0
2012-09-30 23:00:00,New_Delhi,23.5,78,984,26.28,0,Clear,0
2015-05-07 20:00:00,Udaipur,32.8,18,946.2,37.44,2,Clear,0
1999-05-14 06:00:00,Kolhapur,22.6,89,943.8,26.28,23,Clear,0
2026-03-17 12:00:00,Nizamabad,34.2,25,966.6,28.8,54,Clear,0
2009-11-17 19:00:00,Kollam,26.5,83,1008.7,19.8,94,Cloudy,0
2020-05-25 02:00:00,Junagadh,25,95,998.4,36.36,43,Clear,0
2011-01-24 12:00:00,Ahmedabad,27.4,35,1009.5,16.56,0,Clear,0
2021-08-13 11:00:00,Jaipur,31.4,59,957.2,60.12,78,Cloudy,0
2012-12-01 01:00:00,Shivamogga,19.7,79,945.8,11.16,1,Clear,0
2009-09-16 01:00:00,Chikkamagaluru,19.8,96,897.6,14.4,93,Cloudy,0
2004-11-14 12:00:00,Khammam,29.5,59,999.9,21.24,77,Cloudy,0
1999-08-21 15:00:00,Kozhikode,27,82,1005.7,42.48,98,Rain,0.1
2010-11-15 05:00:00,Bhavnagar,24.8,87,1011,33.48,52,Rain,0.2
2021-09-09 01:00:00,Idukki,18,95,897.8,28.44,19,Clear,0
2015-12-06 15:00:00,Dharwad,30.1,26,931.2,64.08,100,Cloudy,0
2024-08-13 04:00:00,Bengaluru,20.5,97,909,20.88,99,Cloudy,0
2018-09-07 02:00:00,Nashik,20.5,91,942.5,51.48,96,Cloudy,0
2020-12-23 16:00:00,Jaipur,21.2,34,963.9,23.4,0,Clear,0
2023-06-13 12:00:00,Nizamabad,37.2,30,961.4,53.28,88,Cloudy,0
2012-01-13 11:00:00,Surat,24.8,31,1016.5,57.24,0,Clear,0
2017-08-03 05:00:00,Delhi_North,26.4,87,974,38.88,79,Cloudy,0
2006-08-30 07:00:00,Mysuru,20.6,86,928.5,53.28,100,Cloudy,0
1997-12-25 00:00:00,Warangal,22.2,89,984.3,27.72,92,Rain,0.2
1997-01-10 22:00:00,Thiruvananthapuram,25.7,81,1012.3,22.68,26,Clear,0
1997-06-05 05:00:00,Anand,26.5,86,1004.4,15.12,4,Clear,0
1999-04-07 14:00:00,Bengaluru,34,24,909.4,54.36,27,Clear,0
2008-09-24 09:00:00,Karimnagar,27.6,74,978.3,42.84,71,Cloudy,0
2025-12-02 10:00:00,Khammam,28.5,50,999.3,34.2,100,Cloudy,0
2008-10-08 09:00:00,Pune,24.7,81,951.5,11.88,85,Cloudy,0
2015-09-28 10:00:00,Nashik,27.3,61,947.1,30.96,0,Clear,0
2015-10-18 11:00:00,Rajkot,35.6,29,1000.3,21.24,29,Clear,0
1999-09-24 06:00:00,Kozhikode,24.2,96,1009.1,9,98,Cloudy,0
1999-12-25 18:00:00,Khammam,26.2,45,999,10.8,13,Clear,0
2002-11-05 08:00:00,Kota,24.1,40,986.7,28.08,1,Clear,0
2018-05-23 09:00:00,Karimnagar,33.8,51,976.8,27.72,5,Clear,0
2006-04-17 07:00:00,Karimnagar,22.3,96,978.9,5.4,100,Rain,4.4
1996-07-12 04:00:00,Idukki,17.6,100,892.9,28.08,93,Rain,0.1
2008-05-17 00:00:00,Nashik,22.8,88,945.8,57.96,24,Clear,0
2015-06-17 19:00:00,Thiruvananthapuram,25.3,89,1006,68.76,100,Rain,0.2
1999-06-18 10:00:00,Rajkot,32,58,988.4,20.88,72,Cloudy,0
2021-06-04 02:00:00,Karimnagar,27.5,65,976.6,35.28,95,Rain,0.1
2023-05-17 21:00:00,Bengaluru,25.6,51,913.5,31.68,3,Clear,0
2016-10-29 22:00:00,Kochi,24.8,94,1010.7,20.88,68,Cloudy,0
2011-09-10 11:00:00,Kota,29,74,977.2,29.52,98,Cloudy,0
2015-05-22 17:00:00,Hubballi,31.9,53,938.6,65.16,60,Cloudy,0
2011-04-04 17:00:00,Mumbai,29.6,57,1006.9,63.72,0,Clear,0
2019-10-13 14:00:00,Junagadh,32.7,43,1000.6,33.84,13,Clear,0
2015-09-14 08:00:00,Junagadh,27.2,84,1000.1,53.28,56,Clear,0
2007-05-21 12:00:00,Kota,39.3,25,974.4,50.4,6,Clear,0
2000-12-05 23:00:00,Junagadh,20.4,26,1005,36.72,0,Clear,0
1998-01-31 16:00:00,Ratnagiri,31.7,46,1004.3,40.32,1,Clear,0
2013-02-08 17:00:00,Junagadh,27.6,26,1002.3,45.72,0,Clear,0
2013-01-12 04:00:00,Jodhpur,13.3,76,989.4,34.92,0,Clear,0
2013-05-07 08:00:00,Amravati,35.3,28,968.5,39.6,12,Clear,0
2024-07-13 00:00:00,Solapur,23.6,92,952.7,65.52,100,Rain,5
2004-08-03 10:00:00,New_Delhi,28.5,82,975.2,50.4,100,Cloudy,0
2017-09-23 22:00:00,Pune,22.2,93,949.6,20.88,83,Cloudy,0
2018-04-09 15:00:00,Mangaluru,31.4,68,1004.3,50.04,9,Clear,0
2003-11-21 08:00:00,Ganganagar,10.8,73,996.9,33.84,0,Clear,0
2023-06-19 16:00:00,Chikkamagaluru,22.9,84,895.5,46.08,100,Rain,0.2
2017-10-02 05:00:00,Kozhikode,23.4,97,1006.9,30.96,97,Rain,2.2
2016-04-02 01:00:00,Chikkamagaluru,22.4,91,900.1,17.28,29,Clear,0
2010-02-24 23:00:00,Nizamabad,23,46,965.3,31.68,0,Clear,0
2006-02-04 14:00:00,Pune,31.2,22,954.7,50.4,0,Clear,0
2013-06-01 12:00:00,Ganganagar,40.7,17,981.3,32.04,0,Clear,0
2007-01-08 10:00:00,Mumbai,27.4,46,1014.8,41.04,0,Clear,0
2002-04-20 04:00:00,Kochi,25.5,94,1008.2,9.36,96,Cloudy,0
2015-09-15 08:00:00,Ajmer,28.2,59,953,54.36,3,Clear,0
2008-03-16 08:00:00,Aurangabad,26.6,31,946,27.36,5,Clear,0
2011-12-11 00:00:00,Adilabad,23.1,42,982,10.44,0,Clear,0
2007-07-03 16:00:00,Nashik,23.6,91,937.4,70.92,100,Cloudy,0
1999-01-04 06:00:00,Dharwad,13.2,77,928.7,31.68,0,Clear,0
1999-07-07 06:00:00,Aurangabad,22,98,939.7,19.8,98,Rain,1
2021-05-16 23:00:00,Bhavnagar,32,59,999,77.04,100,Cloudy,0
2001-09-05 10:00:00,Hyderabad,26.7,75,953.8,52.2,100,Rain,0.3
2011-03-22 23:00:00,Mumbai,24,87,1010.2,31.68,0,Clear,0
2017-11-07 12:00:00,Rajkot,32,28,998.6,20.16,0,Clear,0
2009-02-04 04:00:00,Dharwad,18.3,70,930.1,22.32,0,Clear,0
2005-02-02 23:00:00,Warangal,18.1,65,985.7,29.88,0,Clear,0
2010-10-20 23:00:00,Adilabad,24.5,93,977.9,19.44,92,Cloudy,0
1996-11-04 01:00:00,Delhi_North,17.3,74,984.3,18.72,0,Clear,0
2001-12-02 09:00:00,Jaipur,19.6,40,967.8,23.4,0,Clear,0
2002-02-09 18:00:00,Aurangabad,23.1,69,944.8,31.68,14,Clear,0
2006-01-16 17:00:00,New_Delhi,23.6,46,986.5,29.52,92,Cloudy,0
2002-09-17 17:00:00,Hyderabad,26,74,952.7,45.36,60,Rain,2.2
2001-03-03 18:00:00,New_Delhi,22.1,32,990.5,40.32,96,Cloudy,0
1999-07-26 11:00:00,Wayanad,21.2,94,926.7,46.8,100,Rain,1.2
2020-10-04 01:00:00,Nagpur,23.5,74,970.6,37.8,26,Clear,0
2017-07-07 23:00:00,Khammam,26.8,86,991.4,25.56,87,Rain,0.8
2016-12-01 02:00:00,Kochi,24.4,93,1009.7,5.76,100,Cloudy,0
2025-04-03 03:00:00,Kolhapur,23.8,91,947.7,39.24,52,Clear,0
2008-11-01 23:00:00,Junagadh,21.7,83,1002.9,27.72,0,Clear,0
2003-08-09 00:00:00,Karimnagar,24.1,92,971.4,41.76,100,Rain,0.2
2023-07-04 05:00:00,Ajmer,27,86,947.3,62.28,0,Clear,0
2019-04-16 23:00:00,Anand,25.8,59,1004.8,15.12,11,Clear,0
2014-11-11 18:00:00,Bharuch,31.5,41,1007.1,28.8,20,Clear,0
2008-02-12 19:00:00,Junagadh,21.1,24,1003.9,34.92,0,Clear,0
2006-07-29 16:00:00,Bhavnagar,26.1,88,994.3,90.72,100,Rain,4
2003-04-29 02:00:00,Idukki,19.7,90,895.2,16.92,100,Cloudy,0
2022-06-09 11:00:00,Shivamogga,28.9,58,943.8,72.36,100,Cloudy,0
2009-11-21 07:00:00,Nashik,14.5,95,949.9,32.4,0,Clear,0
2019-12-16 08:00:00,Khammam,23.6,81,1001.2,37.8,88,Cloudy,0
2014-09-05 02:00:00,Ratnagiri,24,95,999.3,55.8,100,Rain,0.5
2001-02-07 00:00:00,Rajkot,16.7,59,999.4,36,0,Clear,0
2012-01-23 17:00:00,Surat,26,41,1010.3,49.68,0,Clear,0
2008-10-11 11:00:00,Karimnagar,30,66,982.9,29.52,14,Clear,0
2007-07-04 18:00:00,Surat,28.6,84,998.3,100.8,100,Rain,0.2
2021-03-02 16:00:00,Ahmedabad,35,10,1005.7,29.16,0,Clear,0
1999-02-14 14:00:00,Karimnagar,31.9,28,981.3,20.16,0,Clear,0
2008-09-19 06:00:00,Kochi,24.3,94,1009,14.4,89,Cloudy,0
2006-03-18 03:00:00,Rajkot,19.1,56,995.7,33.12,0,Clear,0
2008-06-27 18:00:00,Chikkamagaluru,20.7,89,896.2,35.28,100,Cloudy,0
2002-02-01 03:00:00,Khammam,21.4,78,1000.5,16.92,93,Cloudy,0
2002-01-25 01:00:00,Kozhikode,25.1,85,1010.3,7.2,2,Clear,0
2001-10-17 16:00:00,Aurangabad,27.4,47,943,29.52,54,Clear,0
2000-03-21 20:00:00,Mumbai,26,62,1007.9,50.4,0,Clear,0
2015-04-24 05:00:00,Kollam,25.5,95,1008,9.36,97,Cloudy,0
2013-07-26 06:00:00,Kozhikode,23.8,93,1006.7,23.76,100,Rain,0.9
1998-07-04 15:00:00,Kolhapur,24.7,82,944.5,82.44,100,Rain,0.4
2025-05-27 17:00:00,Dharwad,24.1,77,923.4,82.44,100,Rain,0.2
2022-03-18 19:00:00,Mysuru,27.5,31,925.7,32.76,91,Cloudy,0
2009-02-19 22:00:00,Hyderabad,24.9,38,955.2,36.72,0,Clear,0
2001-07-05 21:00:00,Bikaner,32.2,56,971.2,65.16,2,Clear,0
2006-07-13 11:00:00,Wayanad,20.8,99,926.6,47.88,100,Rain,1.1
1999-10-16 12:00:00,Bikaner,34.1,20,986,6.48,0,Clear,0
2001-11-02 00:00:00,Kota,22.6,41,983.4,29.52,0,Clear,0
2000-03-19 05:00:00,Chikkamagaluru,17.7,83,896.5,10.44,2,Clear,0
2015-08-12 15:00:00,Ganganagar,32.9,64,983.3,25.92,53,Clear,0
2006-01-28 00:00:00,Thiruvananthapuram,24.9,80,1011,13.32,1,Clear,0
1996-04-14 06:00:00,Bhavnagar,24.5,77,1007.7,28.8,0,Clear,0
2006-11-01 02:00:00,Bengaluru,19.3,99,911.1,11.16,100,Cloudy,0
1999-02-28 15:00:00,Junagadh,34.1,21,1001.8,38.88,0,Clear,0
2014-11-27 17:00:00,Bikaner,29.5,23,982.9,23.4,0,Clear,0
2017-01-04 01:00:00,Pune,16.1,54,950.5,28.8,0,Clear,0
2024-05-24 10:00:00,Thrissur,26.6,89,1002.3,12.96,100,Rain,2.5
2021-07-06 20:00:00,Hubballi,24.4,87,937.8,40.68,99,Cloudy,0
2003-01-13 02:00:00,Wayanad,17.6,73,928.7,19.44,59,Clear,0
2004-12-15 03:00:00,Wayanad,18.1,94,924.8,21.96,44,Clear,0
2005-03-05 18:00:00,Thrissur,30.1,63,1010.9,46.44,40,Clear,0
2023-12-14 05:00:00,Solapur,18.8,71,960.8,43.56,1,Clear,0
2019-08-24 04:00:00,Dharwad,21,96,927.9,75.6,99,Cloudy,0
1996-11-18 06:00:00,Udaipur,15.6,35,952.7,14.4,19,Clear,0
2016-09-16 11:00:00,Nagpur,29.6,73,971.1,25.92,88,Cloudy,0
2002-07-24 16:00:00,Delhi_North,38.1,37,972,79.2,33,Clear,0
2001-01-29 23:00:00,Jodhpur,17.7,22,986.7,39.24,0,Clear,0
2017-12-16 01:00:00,Bikaner,9.9,87,995.4,37.44,0,Clear,0
2021-10-16 01:00:00,Anand,21.6,68,998.4,22.68,0,Clear,0
2009-10-23 02:00:00,Ganganagar,17.6,59,993.1,29.88,0,Clear,0
2014-11-23 04:00:00,Jodhpur,16.7,43,987.2,36,0,Clear,0
2006-05-22 14:00:00,Adilabad,39,26,972.9,51.84,31,Clear,0
2011-11-21 13:00:00,Shivamogga,29,25,947.7,68.76,100,Cloudy,0
2019-12-15 19:00:00,Bengaluru,20.9,69,913.5,43.92,99,Cloudy,0
2005-08-12 12:00:00,Kalaburagi,28.1,62,956.3,90.72,52,Rain,0.1
2019-03-31 01:00:00,Chikkamagaluru,19.9,99,900.7,33.84,100,Cloudy,0
2002-03-14 10:00:00,Idukki,26.5,37,902.7,9.36,4,Clear,0
1998-04-13 20:00:00,Jaipur,27,18,958.2,33.48,0,Clear,0
2015-01-17 21:00:00,Hubballi,21,51,944.4,26.64,91,Cloudy,0
2017-11-03 17:00:00,Karimnagar,25,61,978.1,29.88,93,Cloudy,0
2026-03-06 06:00:00,Kalaburagi,21.8,38,959,29.88,0,Clear,0
1997-10-18 22:00:00,Junagadh,26,52,1004.2,25.2,1,Clear,0
2018-01-23 09:00:00,Karimnagar,23.1,65,982,50.4,0,Clear,0
1998-11-14 00:00:00,Kota,18.8,55,982.6,26.28,0,Clear,0
2000-01-16 20:00:00,Kota,12.9,35,989.1,33.48,0,Clear,0
2008-09-21 06:00:00,Jaipur,20.4,99,956.6,10.8,100,Cloudy,0
2008-08-11 05:00:00,Junagadh,25.1,94,987,58.32,100,Rain,1.1
1997-08-28 09:00:00,Warangal,24.6,92,973.5,71.28,100,Rain,1.5
2008-02-28 03:00:00,Karimnagar,18.9,52,980.6,33.84,0,Clear,0
2015-04-06 19:00:00,Bikaner,26.2,54,980.2,29.52,17,Clear,0
2016-06-03 15:00:00,Hyderabad,37.1,33,948.4,21.6,97,Cloudy,0
2017-06-24 08:00:00,Anand,27.8,84,996.7,5.04,85,Rain,0.1
2010-11-22 16:00:00,Jodhpur,17.8,88,984,28.8,100,Rain,0.9
2024-01-22 20:00:00,Hubballi,24,56,945.2,48.24,0,Clear,0
2007-06-25 21:00:00,Kota,30.3,61,973.6,65.52,70,Cloudy,0
2012-02-16 01:00:00,Warangal,22.9,58,979.1,55.8,11,Clear,0
2014-07-19 06:00:00,Nashik,22.2,98,938.4,73.08,100,Rain,0.3
2022-04-12 10:00:00,Jodhpur,33,15,981.9,54,100,Cloudy,0
2013-08-23 09:00:00,Amravati,22.9,95,962.8,90.72,100,Thunderstorm,6
2016-11-10 09:00:00,Warangal,25,46,986.5,29.88,0,Clear,0
2010-10-20 20:00:00,Mumbai,26.5,90,1007.9,32.76,100,Cloudy,0
2013-07-14 07:00:00,Amravati,24.5,87,964.2,59.76,100,Rain,0.2
2008-04-22 06:00:00,Amravati,28.3,23,967.8,44.64,0,Clear,0
2015-07-30 05:00:00,Bengaluru,18.8,90,910.5,37.8,100,Cloudy,0
1998-12-05 12:00:00,Amravati,26.1,32,977.7,12.96,9,Clear,0
2025-12-18 12:00:00,Chikkamagaluru,23,39,903.4,75.96,100,Cloudy,0
2001-10-24 23:00:00,Bharuch,25.2,59,1007.3,16.92,0,Clear,0
2003-02-06 05:00:00,Karimnagar,20.3,76,982.2,29.88,5,Clear,0
2026-01-12 16:00:00,Ganganagar,14.6,56,999.9,19.44,0,Clear,0
1999-09-15 19:00:00,Surat,27.8,79,1003,79.2,28,Clear,0
2007-07-21 15:00:00,Pune,26.8,72,943.9,60.84,100,Rain,0.1
2025-04-12 07:00:00,Adilabad,29.5,29,978.7,43.56,9,Clear,0
2004-02-04 07:00:00,Barmer,6.6,69,991.2,33.12,0,Clear,0
2020-10-08 13:00:00,Udaipur,32.5,26,948.2,23.04,50,Clear,0
2008-05-02 20:00:00,Dharwad,26.3,71,928,61.92,5,Clear,0
2020-02-09 20:00:00,Surat,24,35,1013.7,45.36,0,Clear,0
2014-03-31 02:00:00,Khammam,26,53,992.7,24.12,1,Clear,0
2025-12-08 08:00:00,Junagadh,18.7,62,1007.6,42.48,0,Clear,0
2006-11-17 23:00:00,Delhi_North,20.2,65,988.5,24.84,21,Clear,0
2025-05-10 06:00:00,Khammam,28,84,993.5,26.28,43,Clear,0
1998-10-27 01:00:00,Jodhpur,22.7,59,987.1,7.56,0,Clear,0
2017-10-04 19:00:00,Nizamabad,26.9,75,963.3,18,100,Cloudy,0
1997-10-10 14:00:00,Mangaluru,29.6,72,1007.8,44.28,7,Clear,0
2004-08-18 22:00:00,Barmer,28.1,75,982.7,73.08,99,Cloudy,0
2002-03-30 06:00:00,Khammam,26.2,86,995.1,24.84,67,Cloudy,0
2020-08-21 08:00:00,Barmer,27.8,88,980.7,6.84,80,Cloudy,0
2010-05-16 16:00:00,Dharwad,31.8,50,925.9,46.8,39,Clear,0
2022-04-10 23:00:00,Ganganagar,31.2,17,983.7,32.4,0,Clear,0
2012-11-06 07:00:00,Nashik,16.6,76,945.9,31.32,0,Clear,0
2009-12-15 05:00:00,Nashik,17.9,80,948,15.48,28,Clear,0
2003-10-24 13:00:00,Adilabad,28.3,51,978,41.4,20,Clear,0
1999-11-30 01:00:00,Nizamabad,17.4,64,968.4,28.8,5,Clear,0
2001-10-18 09:00:00,Ganganagar,26.1,37,991.1,27.36,0,Clear,0
2014-11-07 06:00:00,Chikkamagaluru,18.8,66,898.8,6.48,50,Clear,0
2001-07-27 00:00:00,Kozhikode,24.1,93,1008.1,21.96,91,Rain,0.3
2003-10-02 15:00:00,Aurangabad,29.2,59,942.8,40.68,25,Clear,0
2023-07-08 22:00:00,Ganganagar,27.3,89,981.7,35.64,100,Cloudy,0
2006-04-19 17:00:00,New_Delhi,33.3,21,984.4,25.92,8,Clear,0
2023-03-03 08:00:00,Nashik,23.5,38,954,22.68,0,Clear,0
2023-11-02 00:00:00,Nashik,19.8,61,948.2,24.48,0,Clear,0
2019-05-24 12:00:00,Mumbai,32.8,60,1008.3,51.84,0,Clear,0
2018-09-13 15:00:00,Nizamabad,30.5,53,962.5,29.88,99,Cloudy,0
2003-08-05 19:00:00,Chikkamagaluru,20.4,89,897.8,50.76,99,Cloudy,0
2009-11-13 06:00:00,Thiruvananthapuram,25.1,90,1008,18.36,84,Cloudy,0
2008-11-04 23:00:00,Mysuru,16.8,85,926.9,29.16,52,Clear,0
2001-09-13 04:00:00,Ajmer,24,75,952.3,34.92,2,Clear,0
2025-09-07 10:00:00,Khammam,28.8,78,994.1,25.2,89,Rain,0.1
1996-10-08 16:00:00,Amravati,29,53,973.5,23.4,33,Clear,0
2006-01-14 01:00:00,Jaipur,11.5,43,964.2,30.24,0,Clear,0
2010-07-15 10:00:00,Hyderabad,27.9,69,950,74.88,100,Cloudy,0
2023-05-26 04:00:00,Bharuch,28.2,80,1006.8,59.76,30,Clear,0
2017-01-10 16:00:00,Idukki,23.1,62,897.6,42.84,28,Clear,0
2007-11-26 12:00:00,Kozhikode,29.6,44,1010.7,12.24,0,Clear,0
2010-01-01 23:00:00,Solapur,22.1,60,961.4,56.16,13,Clear,0
2020-08-25 16:00:00,Udaipur,26.2,79,941.4,78.48,82,Rain,0.1
2022-03-17 12:00:00,Kalaburagi,38.2,11,958.2,18.72,0,Clear,0
2021-04-01 03:00:00,Jodhpur,23.5,17,978.7,41.76,0,Clear,0
2005-02-10 21:00:00,Bhavnagar,24.8,53,1013.5,45,0,Clear,0
2019-09-04 17:00:00,Bhavnagar,28.3,87,996.3,33.12,100,Rain,3.1
2000-10-26 20:00:00,Mangaluru,26.8,90,1007.3,15.48,7,Clear,0
2012-10-04 23:00:00,Junagadh,24.4,91,998.8,20.16,12,Clear,0
2015-07-12 08:00:00,Hyderabad,26.7,66,951.6,75.6,100,Cloudy,0
2014-07-18 07:00:00,Adilabad,26.7,73,972.2,52.92,97,Cloudy,0
2007-12-19 12:00:00,Kozhikode,25.8,77,1007.1,10.44,100,Rain,0.9
2015-10-07 17:00:00,Rajkot,34.4,35,994.1,18.36,46,Clear,0
1998-07-20 19:00:00,Solapur,26.6,83,953,29.88,53,Thunderstorm,7.5
2003-11-20 11:00:00,Jodhpur,22.6,24,994.4,60.48,0,Clear,0
2015-06-24 15:00:00,Thrissur,27.2,84,1007.9,38.88,90,Rain,0.3
2014-05-23 20:00:00,Delhi_North,32.8,33,977.1,60.84,47,Clear,0
2012-04-13 05:00:00,Kota,24.1,50,975.9,29.52,9,Clear,0
2024-05-22 11:00:00,Shivamogga,30.5,67,941.7,26.64,100,Cloudy,0
2025-08-29 15:00:00,Khammam,31.8,59,986.5,55.8,94,Cloudy,0
2001-05-11 04:00:00,Rajkot,25.1,88,992,58.32,52,Clear,0
2020-10-28 18:00:00,Bhavnagar,30.1,33,1007.3,21.24,0,Clear,0
2024-06-14 21:00:00,Mysuru,22.6,88,928.4,38.52,100,Cloudy,0
2022-07-26 05:00:00,Nagpur,23.9,96,971.2,15.48,100,Rain,0.3
2003-07-02 18:00:00,Rajkot,30.1,67,986.5,22.68,99,Rain,0.2
2005-04-12 16:00:00,New_Delhi,33.1,8,985.7,69.84,0,Clear,0
2016-08-22 17:00:00,Amravati,27,76,965.9,34.2,100,Rain,0.5
2025-04-07 16:00:00,Hyderabad,35.6,19,952.1,38.52,16,Clear,0
2005-09-20 16:00:00,Dharwad,22.5,81,925.2,86.4,100,Cloudy,0
2002-07-27 14:00:00,Solapur,29.7,59,954,73.8,49,Rain,0.6
2009-09-25 23:00:00,Karimnagar,28.6,63,975.9,45.36,100,Cloudy,0
2002-06-10 05:00:00,Aurangabad,25.5,78,937.7,42.48,27,Clear,0
2011-06-03 23:00:00,Karimnagar,28.4,78,974.3,39.24,73,Rain,0.4
2024-03-09 18:00:00,Amravati,30.3,23,972.5,37.08,1,Clear,0
1996-01-14 02:00:00,Kota,15.5,70,980.7,25.2,22,Clear,0
1998-12-10 21:00:00,Thrissur,24.4,89,1009.3,33.84,100,Cloudy,0
2020-05-14 03:00:00,Jaipur,26.4,55,957.1,20.88,1,Clear,0
2020-01-12 17:00:00,Nagpur,21.1,52,978,18.36,0,Clear,0
2005-02-10 19:00:00,Barmer,26.3,39,992.2,60.12,70,Cloudy,0
2011-03-25 16:00:00,Ajmer,33,12,955.8,32.76,0,Clear,0
2004-01-07 09:00:00,Kota,12.8,68,993,23.04,0,Clear,0
2015-07-27 12:00:00,Karimnagar,32,49,975.4,65.16,97,Cloudy,0
2006-11-15 11:00:00,Barmer,29.6,27,994.3,32.4,0,Clear,0
2008-01-22 02:00:00,Thiruvananthapuram,25.1,80,1006.6,16.92,32,Clear,0
2017-12-08 10:00:00,Adilabad,25.8,54,983.8,33.12,0,Clear,0
2016-12-16 11:00:00,Thrissur,29.3,57,1011.2,39.96,4,Clear,0
2016-04-09 17:00:00,Bharuch,36.3,22,1005.7,29.88,4,Clear,0
2012-08-28 10:00:00,Solapur,27.7,66,955.4,71.64,94,Cloudy,0
2000-10-08 01:00:00,Jaipur,26.4,42,960.9,28.8,8,Clear,0
2025-07-03 12:00:00,Karimnagar,28.3,71,972.3,67.32,100,Cloudy,0
1999-04-22 06:00:00,Mumbai,25.5,87,1008.8,7.56,68,Cloudy,0
2010-06-21 14:00:00,Idukki,24.2,70,897,37.8,88,Rain,0.3
2009-09-01 16:00:00,Mumbai,28.2,82,1005.2,35.28,100,Rain,0.1
2013-01-06 10:00:00,Solapur,26.2,41,961,37.08,0,Clear,0
2002-06-15 14:00:00,Kalaburagi,31.7,57,952.4,50.4,66,Cloudy,0
1999-03-07 16:00:00,Junagadh,32.5,29,996.4,44.64,0,Clear,0
1999-05-29 21:00:00,Amravati,32.7,41,962.7,38.88,4,Clear,0
2011-10-03 20:00:00,Kozhikode,26.7,84,1008.9,24.48,81,Cloudy,0
2021-12-25 05:00:00,Hyderabad,17,79,955.6,21.96,0,Clear,0
2006-03-06 18:00:00,New_Delhi,25.6,34,985.6,38.88,61,Cloudy,0
2013-12-10 13:00:00,Nagpur,27.5,28,975.4,29.52,0,Clear,0
2018-11-21 08:00:00,Ajmer,20.7,57,963.5,38.16,0,Clear,0
2015-07-11 22:00:00,Ahmedabad,30.9,63,994.6,66.6,98,Cloudy,0
2016-07-10 16:00:00,Thrissur,26.1,85,1005.4,57.24,100,Rain,1.3
2005-07-04 14:00:00,Mumbai,27.3,86,1002.3,79.92,100,Rain,1.5
2012-10-20 04:00:00,Bikaner,21.8,46,987.1,27.72,25,Clear,0
2024-09-13 07:00:00,Kalaburagi,22.1,88,959,61.2,100,Cloudy,0
1998-06-01 12:00:00,Nizamabad,41.5,18,962.2,41.04,6,Clear,0
2011-07-21 19:00:00,Delhi_North,29.5,80,970.3,17.64,94,Cloudy,0
2025-04-21 10:00:00,Kollam,31.9,63,1009.3,37.08,36,Clear,0
2008-09-15 00:00:00,Thiruvananthapuram,24.3,90,1011,42.48,95,Cloudy,0
2023-08-05 14:00:00,Hyderabad,30.7,56,952.1,74.88,56,Clear,0
2017-10-31 20:00:00,Bengaluru,20.4,81,913.2,45.36,90,Cloudy,0
2018-06-09 02:00:00,Nizamabad,24.7,89,955.5,52.92,98,Rain,0.1
2021-06-25 04:00:00,New_Delhi,28.5,77,976.2,30.96,0,Clear,0
2009-06-28 07:00:00,Delhi_North,34.1,47,972.6,5.4,74,Cloudy,0
2002-07-18 13:00:00,Dharwad,24.4,73,927.9,79.2,100,Rain,0.1
2007-12-25 12:00:00,Kozhikode,29.4,50,1010.2,17.64,91,Cloudy,0
2012-05-07 07:00:00,Pune,21.7,85,948.3,30.96,30,Clear,0
2001-07-14 19:00:00,Udaipur,25.8,79,942,67.68,96,Cloudy,0
2011-05-29 22:00:00,Kollam,26,91,1009.3,21.96,100,Cloudy,0
2000-03-23 21:00:00,Rajkot,25.1,19,998.2,34.2,0,Clear,0
2003-06-13 04:00:00,Nizamabad,28.9,63,959.9,36.72,75,Cloudy,0
2003-03-10 07:00:00,Kollam,25.6,78,1010,23.76,29,Clear,0
2000-11-04 18:00:00,Shivamogga,25.5,76,947.4,23.04,43,Clear,0
2019-12-22 15:00:00,Kozhikode,30.4,64,1006,43.92,55,Clear,0
2021-02-20 08:00:00,Udaipur,17.5,48,955.3,33.12,0,Clear,0
1996-03-10 12:00:00,Udaipur,32.8,24,951.7,14.76,14,Clear,0
2023-03-31 20:00:00,Kollam,28,78,1007.1,27.36,0,Clear,0
2000-02-22 09:00:00,Hubballi,21.2,47,942.7,19.44,3,Clear,0
2024-01-24 13:00:00,Anand,27,29,1011.3,32.4,0,Clear,0
2013-09-12 04:00:00,Pune,21.4,99,944.6,17.28,98,Cloudy,0
2017-05-22 03:00:00,Ganganagar,24.5,65,982.8,20.16,91,Cloudy,0
2016-06-12 19:00:00,Nagpur,36.1,33,966.4,25.56,92,Cloudy,0
2001-03-26 07:00:00,Kolhapur,20,80,946.4,28.08,0,Clear,0
1998-10-05 01:00:00,Karimnagar,24.2,94,976,25.56,89,Cloudy,0
2025-03-19 04:00:00,Kota,18.4,44,981.5,16.2,0,Clear,0
2015-03-19 00:00:00,Nizamabad,26.6,55,967.5,30.6,78,Cloudy,0
2008-06-04 02:00:00,Nizamabad,28.2,63,962.8,43.92,62,Rain,0.2
2000-04-22 22:00:00,Karimnagar,31.1,35,975,22.32,49,Clear,0
1996-08-16 00:00:00,Thiruvananthapuram,23.8,91,1009.3,55.8,100,Rain,0.3
2014-08-31 04:00:00,Bhavnagar,25.9,92,998.1,43.92,100,Rain,1
2007-08-10 10:00:00,Bhavnagar,28.3,74,997.8,78.84,47,Clear,0
2004-04-05 19:00:00,Nizamabad,32.2,31,964.2,11.16,92,Cloudy,0
2022-09-16 10:00:00,Anand,28.9,80,1000.4,40.68,100,Rain,0.1
2003-02-28 08:00:00,Kochi,27,82,1012.1,14.04,13,Clear,0
2025-12-28 04:00:00,Thiruvananthapuram,22.5,92,1009.8,4.68,39,Rain,0.2
2013-10-22 21:00:00,Shivamogga,22.7,88,944.4,15.48,100,Cloudy,0
2025-02-12 07:00:00,Jaipur,15.4,60,964.8,39.6,0,Clear,0
2025-03-08 10:00:00,Barmer,29.9,21,988.9,17.28,0,Clear,0
2023-02-14 07:00:00,Kalaburagi,17.2,42,964.5,34.92,74,Cloudy,0
2008-03-02 07:00:00,Ahmedabad,14.9,57,1005.5,23.4,0,Clear,0
2000-05-25 08:00:00,Nagpur,32,47,969.2,62.28,9,Clear,0
2011-11-22 14:00:00,Nashik,29.3,27,948.3,56.16,0,Clear,0
2024-05-21 08:00:00,Bharuch,34.7,47,1002,35.28,71,Cloudy,0
2004-06-04 03:00:00,Pune,23.7,89,946.7,38.88,91,Cloudy,0
2014-01-27 05:00:00,Wayanad,15.8,79,927.7,38.52,84,Cloudy,0
2006-10-10 01:00:00,Idukki,16.9,95,898.5,7.92,17,Clear,0
2001-11-18 10:00:00,Hubballi,27.1,57,946.5,57.24,6,Clear,0
2022-10-01 20:00:00,Bhavnagar,28.2,75,1005.1,27.72,10,Clear,0
2014-12-09 17:00:00,Surat,28.9,46,1009.6,47.16,0,Clear,0
2009-09-04 14:00:00,Kolhapur,23,94,943.3,59.76,100,Rain,0.8
2021-07-02 01:00:00,New_Delhi,34.2,37,971.4,57.24,34,Clear,0
2001-05-19 18:00:00,Hubballi,27.8,60,938.3,62.64,14,Clear,0
2017-04-26 09:00:00,Kochi,30.5,76,1010.6,40.68,56,Clear,0
2021-12-24 14:00:00,Rajkot,27.4,47,998.1,33.84,14,Clear,0
2012-11-07 08:00:00,Ajmer,20.4,54,960.1,33.84,25,Clear,0
2020-03-30 10:00:00,New_Delhi,25.1,47,990.1,52.92,74,Cloudy,0
1997-12-22 22:00:00,Mysuru,21.7,80,933.4,22.32,11,Clear,0
2008-04-01 09:00:00,Nashik,23.9,39,947.4,25.56,0,Clear,0
2020-06-03 03:00:00,Barmer,30.5,43,980.1,54.72,17,Clear,0
2018-10-16 12:00:00,Adilabad,33,34,983.1,21.96,5,Clear,0
2002-08-06 21:00:00,Shivamogga,21.4,93,945,68.76,99,Cloudy,0
2019-01-18 14:00:00,Rajkot,31.9,18,998.2,38.88,0,Clear,0
2013-10-28 05:00:00,Idukki,16.2,88,896.9,11.16,93,Cloudy,0
1999-02-27 11:00:00,Ajmer,24.5,28,963.1,34.56,16,Clear,0
2000-09-10 01:00:00,Khammam,25.1,85,991.8,19.44,99,Cloudy,0
2008-01-01 01:00:00,Idukki,14.7,89,896.5,20.52,13,Clear,0
2020-02-10 18:00:00,Junagadh,26,40,1003,20.52,3,Clear,0
2023-12-10 10:00:00,Udaipur,20.8,54,953.5,16.92,0,Clear,0
1996-06-01 03:00:00,Rajkot,26.1,91,991.4,39.24,77,Cloudy,0
2011-12-30 23:00:00,Hyderabad,22.1,43,957.5,26.64,83,Cloudy,0
2015-12-13 08:00:00,Ratnagiri,24.6,76,1003.4,11.52,17,Clear,0
1996-12-20 08:00:00,Rajkot,21,38,1002.4,43.2,58,Clear,0
2007-03-27 02:00:00,Warangal,24.8,61,979.3,26.28,0,Clear,0
2022-07-29 15:00:00,Mysuru,29.7,59,925,14.04,45,Clear,0
2013-11-04 06:00:00,Chikkamagaluru,18.9,95,901,37.44,100,Cloudy,0
2005-07-13 05:00:00,Mumbai,25.4,95,1006,31.32,100,Rain,0.3
2022-12-07 07:00:00,Pune,17.5,86,950.6,14.76,0,Clear,0
2013-11-04 14:00:00,Rajkot,31.8,35,999.5,15.12,0,Clear,0
1996-02-01 05:00:00,Surat,16.9,58,1008.9,41.76,0,Clear,0
2019-09-05 23:00:00,Kolhapur,22.3,94,943.7,83.16,99,Rain,2.4
2010-03-08 14:00:00,Bengaluru,34.7,24,913.3,46.44,17,Clear,0
2001-10-17 01:00:00,Ajmer,20.3,38,956.6,29.52,0,Clear,0
2009-08-15 16:00:00,Ajmer,29.4,60,949.4,28.44,99,Cloudy,0
2020-01-08 10:00:00,Mumbai,26.2,69,1014.3,42.48,8,Clear,0
2004-12-28 17:00:00,Hyderabad,25.1,46,956.8,28.08,9,Clear,0
2005-04-05 08:00:00,Khammam,28.9,69,997.9,43.2,41,Clear,0
2012-01-27 06:00:00,Pune,15.4,67,948.9,25.2,0,Clear,0
2008-06-06 03:00:00,Jaipur,28.9,50,951.5,59.4,8,Clear,0
2015-10-04 17:00:00,Hubballi,23.4,93,941.6,34.92,99,Rain,1.3
2002-04-08 12:00:00,Dharwad,31.4,45,932.2,6.48,21,Clear,0
2004-06-10 09:00:00,Barmer,34,46,981.6,36.72,0,Clear,0
2007-03-31 16:00:00,Ahmedabad,39.1,14,1001.9,34.56,3,Clear,0
1996-10-18 20:00:00,Bharuch,28.6,51,1007.5,24.84,30,Clear,0
2017-10-25 14:00:00,Bengaluru,27.5,61,913.2,42.48,64,Cloudy,0
2002-02-02 11:00:00,Udaipur,22.9,19,956.7,26.64,84,Cloudy,0
2012-12-29 00:00:00,Barmer,11,22,989.5,55.44,0,Clear,0
2023-10-07 22:00:00,Ganganagar,27.7,67,987.1,26.64,0,Clear,0
2025-06-07 16:00:00,Nagpur,37.5,26,969.1,27,46,Clear,0
2013-10-03 17:00:00,Kollam,27.3,79,1007.5,40.68,43,Clear,0
2017-08-07 23:00:00,Anand,26.6,85,1000.3,43.56,97,Cloudy,0
2004-11-02 22:00:00,Wayanad,20.5,96,929.4,15.48,52,Clear,0
2022-09-22 02:00:00,Bikaner,27.7,72,978.2,22.68,0,Clear,0
2014-08-24 11:00:00,Ahmedabad,25.7,93,1001.5,30.6,73,Rain,1.2
2025-05-21 17:00:00,Kollam,28.3,80,1004.8,59.4,100,Cloudy,0
2009-09-18 12:00:00,Rajkot,32.2,55,997,18.72,5,Clear,0
2007-10-17 04:00:00,Bikaner,20.5,35,983.5,38.52,0,Clear,0
2008-07-15 04:00:00,Kochi,24.9,90,1007.6,8.64,95,Rain,0.1
2006-07-01 06:00:00,Hyderabad,23.9,81,948.9,84.24,100,Cloudy,0
2008-11-28 12:00:00,Chikkamagaluru,19.7,92,897.8,7.92,100,Rain,0.4
2010-01-07 01:00:00,Junagadh,17.7,65,1001.4,24.84,0,Clear,0
1999-05-15 10:00:00,Nagpur,37.3,26,969.6,7.2,0,Clear,0
2010-09-03 23:00:00,New_Delhi,25.7,97,977.8,13.68,100,Cloudy,0
2004-07-24 13:00:00,New_Delhi,36.8,41,977,24.12,18,Clear,0
2014-07-18 12:00:00,Hyderabad,28.4,63,948.7,97.56,100,Rain,0.1
1997-07-16 10:00:00,Nagpur,29.5,60,966.9,70.56,99,Cloudy,0
1999-01-13 02:00:00,Surat,17.5,54,1011.8,52.56,0,Clear,0
2001-03-22 08:00:00,Aurangabad,23.6,41,944.3,37.8,0,Clear,0
2007-06-26 14:00:00,Junagadh,29.9,74,992.6,92.52,52,Rain,0.3
2025-04-04 17:00:00,Idukki,21.6,93,898.1,7.92,100,Cloudy,0
2014-03-12 09:00:00,Kota,22.2,40,987.9,36.36,84,Cloudy,0
1999-06-12 03:00:00,Khammam,26,88,986.7,37.8,100,Cloudy,0
2015-12-12 11:00:00,Amravati,28.7,40,973.9,10.44,0,Clear,0
2021-05-06 21:00:00,Bhavnagar,32.7,41,1004.1,69.12,1,Clear,0
2006-05-11 01:00:00,Wayanad,22.4,99,925.1,18,98,Cloudy,0
2025-01-26 05:00:00,Kota,9.7,79,983.9,4.68,0,Clear,0
2013-04-11 19:00:00,Khammam,32.6,41,991.4,26.28,0,Clear,0
2004-04-09 09:00:00,Kolhapur,26.5,48,949.3,35.28,1,Clear,0
2020-09-05 10:00:00,Bhavnagar,30.6,79,1005.6,18.72,26,Rain,0.1
2021-02-18 08:00:00,Warangal,22.1,75,985.9,55.8,48,Clear,0
2011-11-23 18:00:00,Thiruvananthapuram,27.6,70,1006.7,19.44,94,Cloudy,0
2014-01-17 16:00:00,Wayanad,24.6,73,927.6,6.48,79,Rain,0.2
2010-02-28 12:00:00,Idukki,30.4,20,901.5,16.56,5,Clear,0
1996-09-18 08:00:00,Bengaluru,21.6,80,910.7,66.24,100,Rain,0.1
2003-08-31 17:00:00,Thrissur,24.8,89,1008.3,39.96,100,Rain,2.3
2007-05-09 10:00:00,Amravati,36.2,32,968.2,53.28,1,Clear,0
2011-06-17 07:00:00,Idukki,18.2,100,896.4,41.76,100,Rain,0.8
2010-05-20 11:00:00,Kota,42.9,12,973.9,24.48,0,Clear,0
1996-05-04 07:00:00,Pune,22.5,77,947.4,20.16,12,Clear,0
2005-03-24 07:00:00,Bikaner,15.8,71,983,20.16,0,Clear,0
2025-01-01 20:00:00,Shivamogga,22.6,57,948.4,47.16,0,Clear,0
2009-06-21 14:00:00,Bikaner,42.3,16,974.6,50.4,36,Clear,0
2019-07-06 01:00:00,Anand,26.3,93,992.2,73.08,100,Rain,1.1
1999-02-13 02:00:00,Chikkamagaluru,17,64,901.5,32.76,10,Clear,0
2015-02-11 22:00:00,Surat,23.7,57,1012.5,40.68,0,Clear,0
2018-05-19 13:00:00,Bhavnagar,39,35,1000.7,66.24,0,Clear,0
2004-11-06 21:00:00,Ganganagar,18.7,44,995.1,21.96,0,Clear,0
2026-02-21 02:00:00,Kota,17.2,90,985.5,13.68,0,Clear,0
2008-03-21 19:00:00,Adilabad,30.2,50,977.1,21.96,43,Clear,0
2010-12-29 00:00:00,Wayanad,18.3,85,926.3,15.84,96,Cloudy,0
2022-06-25 12:00:00,Delhi_North,38.2,24,974.5,18,0,Clear,0
2019-12-10 04:00:00,Shivamogga,18.4,92,946.8,23.4,4,Clear,0
2015-04-19 17:00:00,Kochi,28.3,79,1005.6,12.24,89,Rain,0.3
2021-03-04 08:00:00,Thiruvananthapuram,26.4,58,1010.6,37.8,1,Clear,0
2022-06-09 23:00:00,Shivamogga,22.1,93,943.7,35.64,100,Cloudy,0
2018-03-09 14:00:00,Dharwad,33.5,22,931.1,34.2,6,Clear,0
2014-06-25 11:00:00,Idukki,22.6,72,897.8,49.32,99,Rain,0.1
2019-08-21 02:00:00,Kollam,24.8,94,1008.1,31.32,93,Rain,0.8
2008-01-07 13:00:00,Solapur,29.1,28,963.6,48.24,24,Clear,0
2005-11-11 10:00:00,Nashik,24.5,39,950.7,40.68,0,Clear,0
2017-09-27 22:00:00,Udaipur,23.8,79,946.5,28.08,1,Clear,0
2019-08-01 11:00:00,Udaipur,26.5,79,940,48.6,100,Rain,0.1
2008-05-07 02:00:00,Mysuru,22.2,89,925.4,43.2,74,Cloudy,0
2012-12-27 11:00:00,Surat,27.3,30,1011.2,38.52,1,Clear,0
2019-02-17 16:00:00,Kollam,30,68,1007.8,60.84,49,Clear,0
2007-03-28 17:00:00,Anand,37.8,15,1003.6,31.32,0,Clear,0
2005-12-15 00:00:00,Pune,16.2,53,949.9,32.76,86,Cloudy,0
1997-03-06 20:00:00,Jodhpur,25.9,18,988.7,39.24,65,Cloudy,0
2006-10-12 15:00:00,Kota,35.2,26,981.7,26.64,1,Clear,0
2005-04-12 19:00:00,Udaipur,29.9,9,948.9,25.92,0,Clear,0
2014-12-11 13:00:00,Shivamogga,24.1,80,947.4,21.24,100,Rain,0.2
2017-11-05 03:00:00,Barmer,23.1,40,991.3,50.76,0,Clear,0
2012-03-23 20:00:00,Idukki,23.1,58,899.5,9,3,Clear,0
2007-11-02 15:00:00,Ajmer,31.3,11,956,18.72,0,Clear,0
1996-01-24 22:00:00,Junagadh,23.5,49,1005.6,14.04,0,Clear,0
1999-08-10 05:00:00,Warangal,24,81,975.6,36.72,73,Cloudy,0
1999-12-13 15:00:00,Bhavnagar,27,31,1009.9,31.32,0,Clear,0
2000-12-30 12:00:00,Shivamogga,26.7,57,947,45,70,Cloudy,0
2014-12-07 08:00:00,Ratnagiri,22,70,1005.1,33.84,41,Clear,0
2002-05-01 18:00:00,Jaipur,39.8,7,951.1,47.16,51,Clear,0
2022-01-13 22:00:00,Mysuru,19.1,68,929.4,21.6,62,Cloudy,0
1997-12-19 14:00:00,Warangal,26.2,67,984.1,42.48,100,Cloudy,0
2000-11-20 06:00:00,Kochi,24.3,88,1008.6,14.4,100,Rain,1.9
1999-05-22 03:00:00,Khammam,26.7,83,988.5,29.52,100,Rain,0.6
2022-09-02 05:00:00,Bikaner,28.1,65,981.1,36.36,0,Clear,0
1997-03-05 04:00:00,Nagpur,21.5,42,976.2,28.44,11,Clear,0
1996-08-09 22:00:00,Chikkamagaluru,19.1,92,899,41.4,100,Rain,0.1
2025-08-20 04:00:00,Pune,22,94,941.1,61.56,100,Rain,1.4
2021-10-09 20:00:00,Jodhpur,30,51,982.4,49.32,14,Clear,0
2017-10-29 15:00:00,Ajmer,31.9,14,959.8,47.16,36,Clear,0
1997-08-26 21:00:00,Bikaner,25.6,90,970,53.28,100,Rain,0.4
2001-09-29 10:00:00,Mysuru,24.8,72,925.6,40.68,94,Cloudy,0
2020-04-06 17:00:00,New_Delhi,31.6,26,984.5,40.32,3,Clear,0
2016-08-01 19:00:00,Warangal,26,80,973.2,49.32,100,Rain,0.3
2012-05-20 10:00:00,Bharuch,34.4,44,1005.4,15.48,0,Clear,0
2014-11-11 17:00:00,Rajkot,31.2,33,995.4,31.68,51,Clear,0
2000-01-11 00:00:00,Shivamogga,22.7,58,945.7,23.76,6,Clear,0
2005-05-17 21:00:00,Solapur,37.9,17,954.8,83.88,48,Clear,0
2018-04-02 17:00:00,Dharwad,33.3,23,928.6,20.16,24,Clear,0
2004-07-27 09:00:00,Surat,25.8,90,1002.3,58.68,100,Rain,0.1
2004-08-24 02:00:00,Nashik,21.5,98,942.4,66.6,100,Cloudy,0
2007-04-11 22:00:00,Wayanad,22.9,98,927.3,14.76,54,Clear,0
2025-01-09 14:00:00,Karimnagar,26.1,39,982.1,26.64,64,Cloudy,0
2005-03-30 18:00:00,Dharwad,30.2,42,927.1,67.68,0,Clear,0
2002-03-03 02:00:00,Kollam,24.7,89,1007.7,21.96,0,Clear,0
1998-05-01 02:00:00,Mangaluru,29,79,1005.9,36.72,16,Clear,0
2007-02-16 18:00:00,Mumbai,25.9,63,1009.7,60.48,76,Cloudy,0
2022-12-01 20:00:00,Anand,23.4,46,1008.1,33.84,0,Clear,0
2024-05-20 09:00:00,Bharuch,36.8,33,1002.4,30.96,0,Clear,0
2004-10-21 03:00:00,Karimnagar,19.5,78,980.2,23.04,1,Clear,0
2017-11-16 06:00:00,Shivamogga,19.1,99,944.2,13.68,100,Cloudy,0
2013-06-21 03:00:00,Jodhpur,28.7,71,975.7,75.96,41,Clear,0
2022-05-02 03:00:00,Kolhapur,22,98,944.7,28.8,100,Cloudy,0
1998-07-01 15:00:00,Warangal,26.4,90,967.9,41.4,100,Rain,1
2016-03-26 06:00:00,Kozhikode,26.1,93,1011.4,11.88,23,Clear,0
2024-03-02 19:00:00,Bhavnagar,29.3,44,1007.2,57.24,16,Clear,0
2010-03-24 04:00:00,Solapur,27,24,953,41.76,2,Clear,0
2000-06-13 22:00:00,New_Delhi,30.5,61,974.3,46.8,10,Clear,0
2017-09-22 17:00:00,Aurangabad,25.8,76,941.7,22.68,97,Cloudy,0
1998-11-26 19:00:00,Anand,23.5,46,1009.1,34.92,0,Clear,0
2022-12-04 21:00:00,Kalaburagi,24.9,63,962.8,33.12,10,Clear,0
2015-11-18 17:00:00,Bikaner,27,18,989.4,31.32,0,Clear,0
2013-05-17 22:00:00,Mysuru,25.8,70,928.4,51.12,86,Cloudy,0
2001-03-05 01:00:00,Aurangabad,21.5,51,945.8,28.08,65,Cloudy,0
2018-10-12 14:00:00,Ratnagiri,29.6,75,998.9,54,94,Cloudy,0
2003-03-20 16:00:00,Mangaluru,29.7,67,1005.5,42.12,39,Clear,0
2019-12-13 17:00:00,Thrissur,31.6,47,1006.2,74.88,61,Cloudy,0
2019-11-21 22:00:00,Aurangabad,21.1,73,949.2,35.64,3,Clear,0
2018-02-17 23:00:00,Kollam,25.9,84,1009.9,23.4,11,Clear,0
2009-10-24 15:00:00,Hyderabad,30.8,25,954.2,32.76,0,Clear,0
2026-01-06 23:00:00,Bikaner,10.6,90,995.4,34.56,0,Clear,0
2023-03-20 05:00:00,Bengaluru,18,79,908.5,23.4,93,Cloudy,0
2012-11-14 12:00:00,Ratnagiri,32.1,31,1003.2,33.84,0,Clear,0
2024-10-25 05:00:00,Ratnagiri,23.8,96,1000.9,12.24,100,Cloudy,0
2022-07-01 15:00:00,Kalaburagi,29.5,64,952.2,78.48,100,Rain,2.1
2005-11-23 05:00:00,Anand,16.9,69,1008.9,28.44,0,Clear,0
2013-11-02 01:00:00,Kolhapur,20.2,86,949.6,27.72,4,Clear,0
2014-06-09 17:00:00,Mysuru,24.2,78,923.7,81.72,99,Rain,0.1
2024-08-12 14:00:00,Mumbai,28.8,78,1005.2,71.64,100,Rain,0.1
2012-05-05 00:00:00,Delhi_North,25.3,31,977.3,38.88,0,Clear,0
2002-01-28 12:00:00,Surat,24.8,21,1014.2,53.28,0,Clear,0
1997-01-15 03:00:00,Kochi,24.5,88,1010.8,10.44,14,Clear,0
2021-03-06 06:00:00,Nagpur,21.1,26,978.2,6.48,0,Clear,0
2021-02-04 02:00:00,Bharuch,20.6,58,1011.2,33.84,25,Clear,0
2003-11-30 11:00:00,Khammam,27.2,61,1000.8,16.2,53,Clear,0
1996-06-10 23:00:00,Barmer,36.4,35,981.2,29.88,54,Clear,0
2013-04-03 19:00:00,Surat,26.1,54,1007.9,64.08,0,Clear,0
2017-03-13 04:00:00,Ajmer,12.2,50,955.8,34.2,0,Clear,0
2002-09-13 20:00:00,Khammam,28.4,75,993.9,20.88,96,Cloudy,0
2007-08-28 22:00:00,Kozhikode,25,89,1008.3,14.76,68,Cloudy,0
1999-07-24 22:00:00,Hyderabad,23.2,83,948.8,79.2,99,Cloudy,0
2017-12-14 18:00:00,Bhavnagar,19.9,75,1011.7,35.28,0,Clear,0
2006-08-10 18:00:00,Kalaburagi,24.5,81,953.1,69.12,97,Rain,0.4
2023-02-08 17:00:00,Hubballi,31.6,26,941,44.28,2,Clear,0
2014-08-29 14:00:00,Wayanad,21.1,97,923.2,48.96,100,Rain,0.5
2015-04-26 13:00:00,Chikkamagaluru,29.5,45,900.6,13.68,51,Clear,0
2008-08-24 09:00:00,Bengaluru,22.4,74,910.9,45,98,Cloudy,0
1998-04-11 05:00:00,Junagadh,20,89,1000.8,27.36,0,Clear,0
2008-04-25 05:00:00,Kozhikode,25.4,91,1007.6,11.88,96,Cloudy,0
2002-02-12 12:00:00,Rajkot,24.8,25,1003.4,45,0,Clear,0
2025-09-26 13:00:00,Nashik,24,86,942.3,40.32,99,Rain,4.2
2006-12-04 08:00:00,Nagpur,22.6,71,982.6,13.68,13,Clear,0
2022-02-28 10:00:00,Ajmer,20.6,30,964.6,28.8,0,Clear,0
2008-07-16 15:00:00,Warangal,33,56,971.8,27.36,99,Cloudy,0
2007-10-26 05:00:00,Surat,23.5,61,1008.3,37.44,0,Clear,0
2002-09-04 12:00:00,Hubballi,25.8,77,941.2,59.4,100,Cloudy,0
2024-08-17 15:00:00,Mangaluru,28,83,1001.5,64.8,100,Rain,0.3
2004-12-31 12:00:00,Adilabad,29.2,28,984.7,19.44,16,Clear,0
2006-03-11 10:00:00,Ratnagiri,25,64,1005.9,14.4,53,Rain,0.2
1997-08-12 03:00:00,Warangal,25.9,80,977.1,36.36,100,Cloudy,0
2016-08-05 23:00:00,Kolhapur,22.1,95,944.8,73.08,100,Rain,0.3
1999-05-13 01:00:00,Bikaner,32.1,31,976.3,72.72,11,Clear,0
1999-02-18 23:00:00,Kalaburagi,23.6,30,962,34.2,0,Clear,0
2017-08-14 09:00:00,Kollam,27.5,81,1010.5,30.24,99,Cloudy,0
1997-09-06 01:00:00,Mumbai,25.4,91,1009.1,22.32,72,Cloudy,0
2018-02-26 11:00:00,Thrissur,34.8,30,1008.8,64.44,32,Clear,0
2009-12-11 23:00:00,Udaipur,17.8,60,950.1,26.64,0,Clear,0
2021-09-04 06:00:00,Kozhikode,24,95,1006.9,26.64,98,Rain,1.2
2017-07-12 11:00:00,Idukki,23.3,77,898.8,63.72,100,Cloudy,0
2011-05-26 16:00:00,Karimnagar,37.3,32,972.4,24.12,26,Clear,0
2020-08-02 09:00:00,Kolhapur,25.5,77,944.7,50.4,97,Rain,0.1
2002-11-15 04:00:00,Kochi,24.2,94,1007.1,11.52,38,Clear,0
2003-04-13 23:00:00,Bharuch,26.5,61,1007,41.4,0,Clear,0
2004-03-24 00:00:00,Barmer,25.7,14,985.4,57.6,0,Clear,0
2000-06-09 10:00:00,Delhi_North,29.4,69,976.8,24.12,96,Cloudy,0
2004-07-21 13:00:00,Bikaner,36.7,32,974,92.16,0,Clear,0
2000-07-03 20:00:00,Warangal,25.8,85,972.5,25.92,96,Cloudy,0
2001-02-20 18:00:00,Shivamogga,31.6,28,945.4,22.32,2,Clear,0
2007-07-11 20:00:00,Hubballi,22.5,90,938.7,53.28,100,Cloudy,0
2007-06-07 19:00:00,Barmer,38.1,32,979.6,80.28,0,Clear,0
2008-09-13 00:00:00,Bengaluru,19.9,87,908.5,59.76,100,Cloudy,0
2011-09-18 16:00:00,Ratnagiri,26.2,85,999.6,30.96,100,Rain,2.3
2025-12-23 21:00:00,Jaipur,18.2,53,966.4,37.08,0,Clear,0
2006-10-31 07:00:00,Mumbai,25.8,83,1010.8,32.76,7,Clear,0
2023-08-20 16:00:00,Hubballi,27.8,65,937.6,80.28,25,Rain,0.1
1997-02-10 11:00:00,Mangaluru,27.5,57,1009.3,28.44,45,Clear,0
2012-03-27 02:00:00,Kozhikode,25.9,87,1009.4,12.96,27,Clear,0
2017-03-10 07:00:00,Kota,18.8,70,978.5,9,89,Rain,0.3
2005-03-06 17:00:00,Anand,31.2,27,1007.6,16.56,92,Cloudy,0
2004-08-23 21:00:00,Ratnagiri,23.6,95,1002.3,38.88,99,Rain,0.9
2000-08-15 10:00:00,Ahmedabad,27.9,81,1000.2,46.8,97,Cloudy,0
2004-05-22 05:00:00,Jodhpur,25.8,75,973.4,100.8,15,Clear,0
2007-04-12 10:00:00,Mumbai,31,47,1008.8,20.16,0,Clear,0
2019-09-14 03:00:00,Hyderabad,23,90,951.2,47.52,38,Clear,0
2013-11-07 20:00:00,Amravati,21.8,67,975,30.24,5,Clear,0
2024-09-09 08:00:00,New_Delhi,28.2,85,979.8,25.56,22,Clear,0
2001-07-31 16:00:00,Jodhpur,32.1,54,979.1,58.68,25,Clear,0
2022-06-06 19:00:00,Thrissur,26.5,87,1004.1,21.24,100,Cloudy,0
2010-06-06 15:00:00,Chikkamagaluru,25.2,67,898,59.76,88,Rain,0.5
2020-11-20 04:00:00,Kozhikode,23.9,98,1007.9,16.92,100,Rain,0.1
2007-04-19 20:00:00,Ratnagiri,27.9,77,1001.5,31.68,22,Clear,0
2017-03-04 18:00:00,Shivamogga,29.2,30,942,23.04,88,Cloudy,0
1999-08-28 21:00:00,Ganganagar,30.2,58,981.7,15.48,11,Clear,0
2014-05-21 00:00:00,Anand,29.1,32,1001.3,37.08,90,Cloudy,0
2013-06-12 20:00:00,Kollam,24.5,92,1005.9,53.28,100,Rain,0.7
2001-02-08 19:00:00,Nizamabad,26.8,16,966.9,29.88,0,Clear,0
2014-06-30 11:00:00,Warangal,33.8,40,975.3,59.4,100,Cloudy,0
2020-06-23 17:00:00,Bikaner,38.6,36,973.5,102.6,44,Clear,0
2016-03-19 04:00:00,Kollam,27.1,84,1008.4,18,12,Clear,0
1997-08-07 22:00:00,Thrissur,22.6,96,1010.9,5.76,97,Rain,1.3
2010-10-18 20:00:00,Kozhikode,24.6,93,1009.3,3.96,55,Clear,0
2022-06-06 01:00:00,Thrissur,24.2,96,1004.9,20.88,100,Rain,0.1
1998-12-21 13:00:00,Ajmer,24,33,957.4,30.24,0,Clear,0
2025-03-23 03:00:00,Bikaner,21,28,986.3,40.32,0,Clear,0
2020-03-18 15:00:00,Wayanad,35.4,12,927.1,42.12,46,Clear,0
2004-01-20 06:00:00,Karimnagar,18.5,81,980.4,34.92,0,Clear,0
2024-06-14 14:00:00,Jodhpur,39,28,976.5,72.72,23,Clear,0
2021-01-24 01:00:00,New_Delhi,11.4,90,988.2,20.16,16,Clear,0
2020-02-03 20:00:00,Ajmer,15.1,40,960,36.72,0,Clear,0
2015-12-21 00:00:00,Kollam,26.1,88,1012.1,12.96,50,Clear,0
2023-05-12 09:00:00,Surat,36,42,1007.3,27,0,Clear,0
2011-11-25 02:00:00,Kota,18,75,985.8,25.92,1,Clear,0
2018-10-04 05:00:00,Nashik,22,88,945.9,24.84,56,Clear,0
2002-01-14 23:00:00,Mangaluru,25,82,1008.7,11.88,6,Clear,0
2004-03-04 08:00:00,Ajmer,20.2,33,959,18,0,Clear,0
1997-02-09 07:00:00,Bhavnagar,16.7,49,1007.6,55.08,0,Clear,0
2017-10-13 14:00:00,Ganganagar,34.8,28,983.8,16.92,0,Clear,0
2008-10-21 09:00:00,Amravati,27.7,43,974.3,2.88,0,Clear,0
2006-03-13 08:00:00,Mangaluru,24.7,64,1008.9,21.96,9,Clear,0
2001-03-08 10:00:00,Surat,26.7,33,1010.9,40.68,0,Clear,0
2000-08-22 19:00:00,Jaipur,27.4,81,953.6,23.76,83,Cloudy,0
2020-09-20 18:00:00,Nagpur,28.6,83,964.3,4.68,96,Cloudy,0
2001-08-18 02:00:00,Bikaner,26.4,84,973,74.52,98,Cloudy,0
2016-10-09 10:00:00,Hyderabad,26.2,79,954.5,63,85,Cloudy,0
2016-12-22 03:00:00,Nashik,13.7,78,947.5,27.36,54,Clear,0
1997-06-24 16:00:00,Kollam,26,88,1006.8,43.92,99,Rain,0.5
1997-12-05 09:00:00,Thiruvananthapuram,26.5,80,1011.1,8.64,100,Cloudy,0
2002-01-26 16:00:00,Jaipur,20.7,20,961.2,55.08,0,Clear,0
2003-04-12 03:00:00,Mumbai,25.8,85,1009.9,6.48,21,Clear,0
2007-11-09 04:00:00,Thrissur,22.7,96,1007.2,14.04,25,Clear,0
2006-06-25 12:00:00,Ganganagar,34,54,983.6,72.72,86,Rain,1.5
1998-04-23 20:00:00,Mangaluru,29.6,70,1008,43.92,1,Clear,0
2013-03-02 06:00:00,Karimnagar,19.1,52,982.5,30.24,0,Clear,0
2022-02-23 11:00:00,Solapur,32,31,963.7,51.84,0,Clear,0
2020-10-30 05:00:00,Mumbai,24,90,1010.3,17.64,0,Clear,0
2018-05-17 23:00:00,Nizamabad,31.2,47,962.2,48.6,17,Clear,0
2018-10-07 02:00:00,Thrissur,23.8,98,1005.7,29.16,79,Rain,0.2
2018-03-20 21:00:00,Udaipur,22.5,24,948.1,45.36,0,Clear,0
2022-03-21 17:00:00,Solapur,37.8,11,953,65.52,96,Cloudy,0
2000-12-08 07:00:00,Dharwad,14.6,77,932.1,41.04,1,Clear,0
2002-05-01 16:00:00,Nizamabad,40.4,17,958.3,30.24,10,Clear,0
2018-08-09 22:00:00,Bharuch,26.8,87,1004.2,64.44,94,Cloudy,0
2018-04-23 01:00:00,Nagpur,29,45,971.7,15.84,0,Clear,0
2011-10-08 07:00:00,Barmer,21.7,89,989.8,23.76,0,Clear,0
2008-10-11 08:00:00,Kochi,27.1,84,1012.2,9,67,Cloudy,0
1999-12-24 14:00:00,Idukki,23.7,50,899.4,23.04,28,Clear,0
1997-04-19 19:00:00,Shivamogga,29.5,40,946,3.96,29,Clear,0
2009-03-21 17:00:00,Ratnagiri,29,58,999.6,58.68,0,Clear,0
2007-06-16 21:00:00,Barmer,35.2,46,974.6,85.68,14,Clear,0
2002-07-13 05:00:00,Aurangabad,23.4,84,940.7,47.16,100,Cloudy,0
2001-11-02 21:00:00,Bharuch,26.6,51,1010.3,36.36,0,Clear,0
2015-09-14 14:00:00,Kolhapur,25.5,80,946.1,58.32,87,Rain,1.8
2003-10-30 05:00:00,Jodhpur,18.6,69,989.2,28.8,1,Clear,0
2007-08-01 12:00:00,Chikkamagaluru,21.2,92,898.2,33.84,100,Rain,1.6
2010-07-25 20:00:00,Dharwad,20.8,95,924.9,86.04,100,Rain,1.1
1997-11-24 15:00:00,Bikaner,21.9,44,985.2,50.04,91,Cloudy,0
2020-07-19 08:00:00,Kollam,25.4,93,1006.8,31.68,85,Rain,0.7
2012-12-10 11:00:00,Kolhapur,30.1,38,951.1,10.08,0,Clear,0
2003-11-04 02:00:00,Hyderabad,20.6,96,957,25.56,6,Clear,0
2008-08-15 09:00:00,Kochi,24.1,93,1009.1,28.44,100,Rain,4
2025-08-17 02:00:00,Warangal,24.5,86,970.4,38.16,98,Cloudy,0
2023-04-06 22:00:00,Thiruvananthapuram,26.5,87,1010,10.8,5,Clear,0
2013-05-25 02:00:00,Ratnagiri,27.4,84,1000.3,15.48,44,Clear,0
2021-10-10 09:00:00,Shivamogga,25.5,79,946.8,29.52,61,Rain,0.2
2018-03-22 08:00:00,Kota,25.2,37,981.5,27,0,Clear,0
2018-06-11 04:00:00,Nizamabad,24.8,87,956.9,72.72,100,Rain,0.3
2020-05-20 07:00:00,Hyderabad,29.6,38,947.1,59.04,93,Cloudy,0
2007-04-07 12:00:00,Ratnagiri,32.1,59,1002.5,42.12,20,Clear,0
2013-06-09 06:00:00,Nizamabad,24.9,89,959.4,40.68,100,Cloudy,0
2010-02-10 00:00:00,Aurangabad,20.1,66,944.7,24.48,88,Cloudy,0
1999-04-23 10:00:00,Junagadh,33.5,33,998.3,53.28,0,Clear,0
1996-08-27 00:00:00,Solapur,22.7,90,954.3,67.32,100,Rain,0.4
2003-02-19 04:00:00,Aurangabad,19.9,84,944.4,45.72,68,Cloudy,0
2017-08-18 03:00:00,Kota,25.6,81,972.4,37.44,98,Cloudy,0
2016-12-24 06:00:00,Delhi_North,9.2,93,985,24.84,0,Clear,0
2007-12-09 00:00:00,Warangal,18.9,69,983.4,23.04,1,Clear,0
2007-06-13 04:00:00,Mangaluru,25.5,94,1001,61.56,100,Rain,2.6
2006-02-07 06:00:00,Warangal,15.4,64,983.5,22.68,0,Clear,0
2012-01-03 06:00:00,Aurangabad,17,92,945.5,21.6,0,Clear,0
2004-03-22 05:00:00,Pune,20.2,81,945.4,19.44,0,Clear,0
2008-02-28 08:00:00,Barmer,17.5,17,993.6,20.88,0,Clear,0
2013-05-22 17:00:00,Shivamogga,28.5,65,943.4,59.76,82,Cloudy,0
2013-12-19 12:00:00,Kolhapur,26.8,28,951.1,16.2,0,Clear,0
2021-12-21 06:00:00,Bhavnagar,13.9,85,1013,27.72,0,Clear,0
2002-07-03 18:00:00,Nagpur,29.8,65,967.1,40.32,100,Cloudy,0
2005-01-05 16:00:00,Kozhikode,30.6,54,1008.2,35.64,3,Clear,0
2000-07-25 06:00:00,Mumbai,25.2,93,1006.8,43.92,46,Rain,0.4
2006-08-17 04:00:00,Amravati,23.6,91,960.1,41.4,100,Rain,0.2
2022-01-19 19:00:00,Rajkot,23.2,34,998.7,47.88,0,Clear,0
1999-01-23 17:00:00,Kolhapur,28.8,28,948.2,14.04,41,Clear,0
2022-06-29 20:00:00,Rajkot,30.9,63,985,75.24,100,Cloudy,0
2018-10-25 20:00:00,Wayanad,21.5,65,929,42.84,9,Clear,0
2024-05-31 13:00:00,Ahmedabad,40.2,29,997.1,57.96,1,Clear,0
2024-07-02 12:00:00,Idukki,24,78,897.1,73.44,100,Rain,0.1
2018-05-04 07:00:00,Karimnagar,27.8,71,979.7,24.48,22,Clear,0
2019-09-28 02:00:00,Karimnagar,24.5,95,981,39.24,100,Cloudy,0
2002-02-07 10:00:00,Idukki,22.7,70,900.7,12.24,34,Rain,0.1
2025-03-07 07:00:00,Khammam,21.3,96,997,32.04,100,Cloudy,0
1999-02-01 02:00:00,Thrissur,23.6,90,1007.5,11.16,8,Clear,0
1998-07-23 00:00:00,Ratnagiri,25.3,93,998.7,7.56,100,Cloudy,0
2021-08-01 05:00:00,Karimnagar,25.1,75,973.6,56.52,97,Cloudy,0
2025-10-25 23:00:00,Bharuch,25,88,1006.6,44.64,98,Rain,1
2014-11-20 21:00:00,Mumbai,28.8,64,1011.6,45.72,16,Clear,0
2010-04-14 12:00:00,Ajmer,40.3,7,955.8,39.24,0,Clear,0
2009-09-10 06:00:00,Ratnagiri,23.8,95,998.9,26.64,100,Rain,0.1
2025-06-03 12:00:00,Jodhpur,36.5,29,976.6,59.04,0,Clear,0
2022-11-27 11:00:00,Nizamabad,28.3,35,967.3,18.72,1,Clear,0
2015-03-13 00:00:00,Bikaner,20.1,47,989.4,49.32,50,Clear,0
2011-12-20 02:00:00,Wayanad,16,91,925.8,21.96,56,Clear,0
2020-10-29 13:00:00,Anand,33.5,25,1006.1,2.88,14,Clear,0
2004-08-23 16:00:00,Mysuru,25.6,65,927.6,60.84,70,Rain,0.2
2004-04-29 23:00:00,Thrissur,26.3,95,1005,5.76,100,Cloudy,0
1998-04-25 03:00:00,Jodhpur,28.8,48,980.5,64.44,73,Cloudy,0
2022-08-04 18:00:00,Warangal,27.3,83,972.1,9.72,100,Cloudy,0
1997-01-25 18:00:00,Hubballi,28.5,24,940.7,30.24,24,Clear,0
2007-02-07 03:00:00,Chikkamagaluru,17.1,90,898.7,12.24,66,Cloudy,0
1998-08-18 20:00:00,Mysuru,22.9,86,927.3,37.8,100,Cloudy,0
1997-02-12 18:00:00,Kozhikode,27.5,68,1008.7,41.76,8,Clear,0
2003-01-17 05:00:00,Warangal,16,39,986.1,28.08,0,Clear,0
1997-02-06 19:00:00,Mumbai,23.3,65,1012.1,40.68,0,Clear,0
2011-11-02 15:00:00,Mangaluru,27,84,1003.5,47.16,98,Rain,4.7
1998-08-25 16:00:00,Amravati,28.9,76,963.9,6.48,70,Rain,2.1
2021-11-27 03:00:00,Anand,19.6,71,1006.7,23.76,0,Clear,0
1998-08-04 07:00:00,Adilabad,26,81,976.5,44.28,100,Cloudy,0
2017-07-02 11:00:00,Idukki,22.3,91,898.2,54.72,100,Rain,0.1
1996-09-14 20:00:00,Bharuch,27.5,83,1001,41.4,98,Cloudy,0
2004-07-17 13:00:00,Mangaluru,27,81,1005.2,60.84,100,Rain,0.3
2017-07-28 06:00:00,New_Delhi,27.7,80,978.3,47.16,99,Cloudy,0
2020-12-11 16:00:00,Ratnagiri,27,80,1002,41.4,99,Cloudy,0
2019-11-27 18:00:00,Junagadh,26.8,49,1001.4,47.88,0,Clear,0
2004-07-06 01:00:00,Dharwad,21.1,94,927.8,46.44,100,Cloudy,0
2025-04-20 05:00:00,Mangaluru,27,85,1005.4,11.16,10,Clear,0
1998-10-06 17:00:00,Wayanad,21.7,93,923.6,36,100,Cloudy,0
2008-05-20 17:00:00,Rajkot,35.1,37,989.6,81,0,Clear,0
2002-09-19 23:00:00,Jodhpur,28.3,58,987.3,38.88,28,Clear,0
1998-06-26 06:00:00,Nagpur,28,78,964.2,28.8,100,Rain,0.1
2018-04-17 17:00:00,Kota,38.8,10,977.6,64.08,0,Clear,0
2022-02-23 06:00:00,Adilabad,18.8,52,982.9,29.88,0,Clear,0
2023-11-27 07:00:00,Kalaburagi,22.1,83,963.3,33.12,13,Clear,0
1996-01-22 16:00:00,New_Delhi,21.5,50,989.6,29.88,39,Clear,0
2011-05-14 12:00:00,Kalaburagi,40,15,957.2,36.72,26,Clear,0
2003-11-25 22:00:00,Shivamogga,20,55,950,37.44,46,Clear,0
1996-06-29 18:00:00,Jaipur,32.1,46,951.4,56.88,9,Clear,0
2023-10-21 18:00:00,Kota,27.9,39,984.6,24.48,2,Clear,0
1997-12-26 09:00:00,Hyderabad,22.4,78,960.9,64.44,79,Cloudy,0
2022-08-15 09:00:00,Mysuru,24,74,929.3,40.32,100,Cloudy,0
2022-02-22 13:00:00,Junagadh,31.4,30,1001.1,35.64,0,Clear,0
2023-08-05 16:00:00,Aurangabad,26.5,74,941.8,84.6,97,Rain,0.2
2008-10-07 19:00:00,Wayanad,21.6,97,926.9,15.12,32,Clear,0
2014-09-02 20:00:00,Rajkot,26,93,984.4,14.04,100,Rain,0.2
2001-10-17 12:00:00,Rajkot,35.5,25,995.9,43.56,0,Clear,0
1996-02-26 06:00:00,Jaipur,11.1,88,959.2,22.68,3,Clear,0
2004-04-30 03:00:00,Nagpur,29.5,47,969.2,35.28,4,Clear,0
2008-11-08 03:00:00,Nizamabad,19.6,73,966.8,14.04,0,Clear,0
2025-08-14 14:00:00,Mangaluru,24.8,85,1005.3,30.96,100,Rain,1.1
2002-07-17 04:00:00,Bharuch,26.5,83,1001.4,37.44,8,Clear,0
2004-02-02 02:00:00,Nagpur,16.2,68,976.9,40.68,0,Clear,0
2012-03-06 00:00:00,Nagpur,24.3,30,972.3,30.24,0,Clear,0
2002-11-13 02:00:00,Kolhapur,21.8,89,947.1,15.12,3,Clear,0
2016-02-08 06:00:00,Kozhikode,24.5,90,1010.8,13.32,39,Clear,0
2024-06-16 03:00:00,Anand,29.5,77,998.8,47.52,1,Clear,0
2021-01-05 21:00:00,Dharwad,22.9,71,931.7,26.28,33,Clear,0
2014-07-21 15:00:00,Hyderabad,26.1,72,946.4,77.76,100,Rain,0.2
2020-06-11 04:00:00,Hubballi,22.8,94,936.2,53.64,100,Rain,0.1
2013-11-06 19:00:00,Rajkot,26.1,48,998,30.6,1,Clear,0
2002-07-11 07:00:00,Mysuru,22,84,926.9,68.04,100,Cloudy,0
2015-02-28 05:00:00,Khammam,20.4,94,995.1,34.56,98,Cloudy,0
2013-09-15 07:00:00,Nizamabad,23.6,93,961.7,30.24,99,Cloudy,0
2009-10-06 15:00:00,Jodhpur,37.1,23,977.6,39.96,20,Clear,0
1997-06-22 13:00:00,Bikaner,38.1,37,974.6,47.52,16,Clear,0
2016-09-27 04:00:00,Bikaner,29.3,40,979.3,43.56,0,Clear,0
2025-10-20 09:00:00,Nagpur,29.1,44,977.6,24.48,0,Clear,0
2010-09-14 02:00:00,Thrissur,23.4,96,1006.1,18.72,100,Rain,0.5
2018-04-13 14:00:00,Ajmer,34.4,16,955.2,18,39,Clear,0
2022-01-21 08:00:00,Kolhapur,18.7,66,949.9,13.68,0,Clear,0
2003-03-17 16:00:00,Hyderabad,29.7,48,953.7,28.44,84,Cloudy,0
2025-08-06 03:00:00,Amravati,24.4,89,967.8,15.12,72,Cloudy,0
2015-10-31 18:00:00,Thiruvananthapuram,24.6,92,1008.2,19.08,100,Rain,2.1
2010-04-02 04:00:00,Wayanad,21.4,99,925.9,16.56,93,Cloudy,0
1998-07-28 19:00:00,Kozhikode,24.2,92,1006.4,23.04,100,Rain,0.4
2011-06-17 06:00:00,Bengaluru,19.9,93,907.9,61.2,100,Cloudy,0
2002-02-17 05:00:00,New_Delhi,12.5,93,989.7,21.24,90,Cloudy,0
2000-08-23 20:00:00,Mangaluru,24.1,94,1004.5,87.12,100,Rain,2.2
2004-09-05 13:00:00,Kochi,27.3,81,1006.5,30.96,100,Cloudy,0
2014-09-24 07:00:00,Mumbai,25.7,92,1010.2,13.68,26,Clear,0
1996-02-23 02:00:00,Rajkot,21,86,996,37.44,11,Clear,0
2024-01-14 22:00:00,Mysuru,21.2,65,931.6,22.68,3,Clear,0
2006-10-04 06:00:00,Delhi_North,23.2,64,980.8,18.72,2,Clear,0
2024-06-09 03:00:00,Hubballi,21.8,100,935.5,68.76,100,Rain,0.1
2010-11-07 20:00:00,Mysuru,19.8,89,924.8,31.32,100,Rain,4.7
1996-07-14 13:00:00,Bikaner,37.3,36,973.7,74.88,52,Clear,0
2025-01-10 11:00:00,Kollam,33,42,1010.2,59.04,98,Cloudy,0
2023-12-04 07:00:00,Nizamabad,21.5,78,967.4,27.36,100,Cloudy,0
1996-03-30 06:00:00,Nizamabad,24.5,48,961.8,31.32,0,Clear,0
2023-06-19 03:00:00,Barmer,25.6,94,978.6,105.84,100,Cloudy,0
2007-12-01 09:00:00,Mysuru,21.1,71,933.5,36.36,77,Cloudy,0
2019-09-26 15:00:00,Solapur,28,72,955.5,75.96,99,Rain,0.7
2016-06-14 12:00:00,Anand,35.8,40,999.4,81.36,75,Cloudy,0
1999-06-08 23:00:00,Kota,33.7,43,972.1,23.4,28,Clear,0
2026-01-04 11:00:00,New_Delhi,15.1,68,996.7,33.12,21,Clear,0
2000-01-11 11:00:00,Dharwad,27.1,42,933,49.68,6,Clear,0
2021-01-21 12:00:00,Nashik,27.1,38,948.6,16.92,0,Clear,0
2015-11-06 15:00:00,Delhi_North,27.8,47,985.7,20.88,38,Clear,0
2018-05-12 17:00:00,Surat,31.9,55,1003.2,72,7,Clear,0
2015-12-19 12:00:00,Bhavnagar,24.6,39,1013.4,42.12,0,Clear,0
2015-04-27 13:00:00,Udaipur,40.3,10,947.8,72.36,0,Clear,0
2023-11-23 01:00:00,Barmer,19.8,36,990,27.36,0,Clear,0
2009-10-05 05:00:00,Delhi_North,23.8,81,981.1,29.52,94,Cloudy,0
2007-10-25 16:00:00,Warangal,29,51,980.5,26.64,2,Clear,0
2003-02-08 20:00:00,Kochi,27.5,76,1006.8,23.76,22,Clear,0
2021-09-30 07:00:00,Rajkot,24.8,94,989.3,87.48,100,Rain,2.1
2010-06-28 12:00:00,Barmer,37.6,30,977.6,127.08,0,Clear,0
2022-11-08 00:00:00,Hubballi,20.2,61,943.6,27.36,51,Clear,0
1996-02-18 20:00:00,Adilabad,26.4,36,982.3,29.16,83,Cloudy,0
2010-01-05 00:00:00,Rajkot,16.7,63,1000.4,39.24,0,Clear,0
2015-07-27 04:00:00,Kota,23.8,92,970,74.88,100,Rain,0.5
2003-11-30 09:00:00,Rajkot,22.7,44,1001.8,31.32,0,Clear,0
2007-11-03 15:00:00,Shivamogga,27.1,63,942,33.84,21,Clear,0
2006-09-30 02:00:00,Solapur,23.7,91,955.8,56.52,100,Cloudy,0
2007-05-04 00:00:00,Junagadh,25.9,93,996.1,31.68,12,Clear,0
2000-04-17 02:00:00,Junagadh,22.7,96,998.1,24.12,4,Clear,0
2020-11-20 11:00:00,Delhi_North,21.4,41,991.4,45.72,0,Clear,0
2005-03-10 21:00:00,Warangal,27.3,57,982.7,14.76,90,Cloudy,0
2021-08-04 09:00:00,Bhavnagar,28.7,73,1003.5,78.12,100,Cloudy,0
2000-09-07 12:00:00,Bikaner,34.9,37,977.1,81,0,Clear,0
2020-06-15 18:00:00,Barmer,41.7,17,974.8,18,57,Clear,0
2010-06-23 06:00:00,Adilabad,28.8,73,973.4,36.72,24,Clear,0
2013-04-20 11:00:00,Chikkamagaluru,29.9,29,901.1,28.8,1,Clear,0
2017-06-09 20:00:00,Rajkot,31,61,989.1,65.52,95,Cloudy,0
2001-06-27 16:00:00,Hyderabad,32,43,946.6,83.16,100,Cloudy,0
2014-02-04 00:00:00,Junagadh,19.7,51,1002.4,32.04,0,Clear,0
2020-11-17 07:00:00,Wayanad,20.7,96,925.9,35.28,97,Cloudy,0
2001-10-03 20:00:00,Thrissur,25.1,88,1007.1,14.04,97,Cloudy,0
2014-11-15 01:00:00,Nizamabad,23.2,92,970.1,15.48,91,Cloudy,0
2010-04-08 19:00:00,Solapur,37.8,17,959.2,60.84,100,Cloudy,0
2004-01-22 03:00:00,Kota,14,95,981.1,26.28,45,Clear,0
2011-03-12 14:00:00,Wayanad,33.7,20,925.2,48.6,0,Clear,0
2020-06-17 02:00:00,Kollam,25.8,95,1005.5,40.68,100,Rain,0.7
2006-02-16 07:00:00,Dharwad,16,75,928.9,15.48,0,Clear,0
2005-09-29 17:00:00,Anand,28.8,73,1002.7,17.28,39,Clear,0
2015-06-03 08:00:00,Dharwad,25,77,929.2,45.72,91,Cloudy,0
2020-11-07 07:00:00,Khammam,24.8,91,1001.7,15.12,32,Clear,0
2008-08-21 17:00:00,Warangal,26.4,79,975.8,12.6,96,Cloudy,0
1997-08-15 03:00:00,Nizamabad,24.4,84,964.7,41.4,100,Cloudy,0
2022-06-08 21:00:00,Chikkamagaluru,19.4,98,897.7,46.08,100,Cloudy,0
2008-01-17 18:00:00,Amravati,26.1,35,974.8,15.12,0,Clear,0
2024-07-07 08:00:00,Kochi,25.3,93,1008.3,30.24,100,Rain,0.2
2020-06-16 22:00:00,Dharwad,22.4,98,925.9,73.44,100,Rain,2.1
2013-11-29 23:00:00,Jaipur,15.1,60,967.2,30.24,0,Clear,0
2025-10-24 05:00:00,Nizamabad,22.9,96,966,18.36,55,Clear,0
2002-04-14 11:00:00,Aurangabad,35.9,18,946.4,29.16,3,Clear,0
2010-02-12 06:00:00,Mumbai,19.1,97,1013.2,21.96,56,Clear,0
2015-02-24 15:00:00,Kalaburagi,33.1,19,960.2,42.48,0,Clear,0
2022-09-08 01:00:00,Ratnagiri,23.6,98,998.3,12.24,100,Cloudy,0
2012-08-23 09:00:00,Thiruvananthapuram,26.1,81,1009.3,26.64,33,Clear,0
2005-03-31 00:00:00,Ratnagiri,23.9,86,1000.2,12.24,0,Clear,0
1998-07-07 15:00:00,Kalaburagi,30.5,53,954.2,106.92,98,Rain,0.1
2021-11-30 11:00:00,Hyderabad,27.2,51,959,39.24,100,Cloudy,0
2021-06-14 14:00:00,Thiruvananthapuram,26.8,81,1006.7,73.8,100,Rain,0.6
2014-03-08 11:00:00,Dharwad,28.7,44,934.9,35.28,32,Clear,0
2023-07-17 17:00:00,Adilabad,27.9,78,970.3,48.6,100,Rain,0.1
2005-03-14 21:00:00,Solapur,28,26,959.5,53.64,0,Clear,0
2018-05-14 14:00:00,Anand,41.8,18,999.3,39.24,8,Clear,0
2005-05-12 00:00:00,Khammam,30.2,40,989.4,24.84,5,Clear,0
1996-02-18 13:00:00,Idukki,28.6,22,899.4,33.84,0,Clear,0
2007-02-07 11:00:00,Kota,27.8,42,984.6,44.28,16,Clear,0
2022-01-15 08:00:00,Rajkot,12.6,66,1002,46.8,0,Clear,0
2001-12-31 01:00:00,Anand,18.6,47,1012.1,42.48,0,Clear,0
2009-09-16 03:00:00,Delhi_North,22.5,84,977.8,20.88,0,Clear,0
2000-01-02 09:00:00,Barmer,15.7,55,994.5,52.56,0,Clear,0
2000-07-13 00:00:00,Mumbai,25.7,92,1000.4,75.24,100,Rain,1.6
2024-01-31 04:00:00,Dharwad,18.4,64,931.1,26.64,13,Clear,0
2023-07-27 22:00:00,Amravati,24.9,93,965.3,54,99,Cloudy,0
2009-04-28 21:00:00,Kalaburagi,32.6,23,957.9,36.72,28,Clear,0
1996-06-24 11:00:00,Bhavnagar,32.5,56,1001.3,72,81,Cloudy,0
2018-01-27 06:00:00,Kolhapur,14.4,78,946.4,25.92,83,Cloudy,0
2023-12-11 05:00:00,Delhi_North,8.4,95,987.3,24.84,0,Clear,0
2014-09-03 23:00:00,Kolhapur,22,94,946.1,57.24,94,Cloudy,0
2020-07-31 20:00:00,Adilabad,27.8,81,974.3,20.52,95,Cloudy,0
2025-03-29 05:00:00,Kalaburagi,26.2,39,957,29.88,0,Clear,0
2004-12-22 16:00:00,Nagpur,29.1,32,973.7,23.04,0,Clear,0
2001-04-10 23:00:00,Rajkot,26.6,34,996.3,28.8,0,Clear,0
2025-06-18 20:00:00,Kota,29.4,78,967.9,16.56,98,Rain,0.4
2015-04-12 22:00:00,Bikaner,25.9,48,987.4,47.52,5,Clear,0
2010-11-23 20:00:00,Shivamogga,20.9,97,945.8,11.88,95,Rain,0.7
2006-07-30 21:00:00,Delhi_North,29.2,78,976.5,34.92,76,Cloudy,0
1999-03-13 10:00:00,Kollam,28.4,73,1008.5,10.44,61,Cloudy,0
2008-05-25 10:00:00,Shivamogga,28.8,60,945.3,33.84,78,Cloudy,0
2001-03-11 01:00:00,Delhi_North,16.6,51,985.8,38.16,0,Clear,0
2025-12-25 05:00:00,Delhi_North,8.6,89,989.1,27,0,Clear,0
2005-01-14 04:00:00,Dharwad,17.4,60,929.6,30.96,0,Clear,0
2014-02-04 12:00:00,Karimnagar,29.3,28,980.5,21.96,0,Clear,0
1999-05-11 13:00:00,Aurangabad,37.7,21,941.9,20.16,16,Clear,0
2002-05-18 13:00:00,Rajkot,40.5,22,987.4,78.84,0,Clear,0
2019-07-21 06:00:00,Anand,26.5,97,996.7,31.68,99,Rain,2.3
2017-06-01 06:00:00,Bikaner,28.7,67,975.8,46.44,56,Clear,0
2021-05-05 09:00:00,Kalaburagi,32.2,47,960.7,24.48,54,Clear,0
2015-02-06 17:00:00,Anand,28.3,46,1007.1,23.4,9,Rain,0.1
2014-11-15 16:00:00,Bengaluru,24.5,65,912,39.24,50,Clear,0
2000-06-16 10:00:00,Jaipur,33,45,953.7,74.88,100,Cloudy,0
1999-04-08 10:00:00,Thiruvananthapuram,27.9,76,1009,68.04,95,Cloudy,0
2020-01-03 12:00:00,Kollam,32,56,1010.3,28.8,24,Rain,0.1
2021-10-10 01:00:00,Wayanad,20.2,100,926.6,17.28,92,Rain,2
2014-03-13 05:00:00,Jodhpur,15.8,45,991,62.28,29,Clear,0
2001-01-12 16:00:00,Delhi_North,17.8,47,988.9,25.92,0,Clear,0
2025-09-20 10:00:00,Dharwad,25.8,71,931.7,56.88,56,Rain,0.1
2013-01-06 11:00:00,Hyderabad,27.7,51,957.1,33.12,42,Clear,0
2025-11-05 05:00:00,Khammam,23.8,95,994,19.8,99,Cloudy,0
2000-10-28 22:00:00,Aurangabad,22.4,35,945.8,29.52,0,Clear,0
2006-03-13 03:00:00,Nagpur,18.6,74,973.6,23.04,2,Clear,0
2000-02-21 00:00:00,Ganganagar,8.9,83,993.6,27.36,0,Clear,0
2008-08-02 14:00:00,Mumbai,26.2,91,1003.9,58.68,100,Rain,1.3
2017-11-26 09:00:00,Kochi,27,85,1012.7,1.8,100,Cloudy,0
2008-04-10 00:00:00,Surat,27.8,60,1007.8,49.68,1,Clear,0
2019-11-21 05:00:00,Ajmer,16.5,80,959.3,33.48,71,Cloudy,0
2007-02-22 06:00:00,Mysuru,17.4,75,930.3,24.84,84,Cloudy,0
1999-01-27 19:00:00,Khammam,25.8,44,994.2,24.48,12,Clear,0
2000-11-21 23:00:00,Adilabad,20.6,63,981.6,26.64,34,Clear,0
2020-07-04 00:00:00,Kochi,23.9,96,1007.8,12.24,100,Cloudy,0
2013-06-18 04:00:00,Nizamabad,25,80,957.4,47.52,39,Clear,0
1999-03-27 21:00:00,Kolhapur,27,44,947.2,41.4,0,Clear,0
2002-08-11 14:00:00,Nagpur,26.6,80,967.2,50.04,100,Cloudy,0
2015-11-15 14:00:00,Aurangabad,31.4,28,945.1,40.68,55,Clear,0
1996-01-03 20:00:00,Delhi_North,15.4,70,994.4,28.08,4,Clear,0
2016-09-17 14:00:00,Rajkot,32.4,56,989.6,49.68,69,Cloudy,0
2009-11-20 21:00:00,Rajkot,23.3,46,1001.5,30.24,1,Clear,0
2010-01-06 09:00:00,Rajkot,19.1,44,999.8,32.76,0,Clear,0
2009-10-16 11:00:00,Idukki,24.2,71,900.6,12.6,81,Rain,0.1
2021-03-13 12:00:00,Hyderabad,32.7,12,959.8,39.96,0,Clear,0
2016-07-02 13:00:00,Kota,32.8,61,969.6,26.64,100,Cloudy,0
2016-01-08 00:00:00,Adilabad,18.9,54,986.2,25.2,3,Clear,0
2013-01-12 15:00:00,New_Delhi,22.8,50,989.3,23.76,3,Clear,0
2000-10-06 19:00:00,Bhavnagar,31,68,1004.3,40.68,19,Clear,0
2000-11-29 09:00:00,Kochi,26.7,82,1008.8,4.68,63,Cloudy,0
2002-01-13 08:00:00,Chikkamagaluru,16.8,63,901.1,19.44,0,Clear,0
2004-02-21 08:00:00,Mumbai,22.3,82,1013.5,25.56,0,Clear,0
2008-05-06 05:00:00,Ajmer,27,52,949.7,46.44,1,Clear,0
2018-05-28 12:00:00,Thiruvananthapuram,28.3,76,1004.7,93.6,81,Rain,0.7
2003-09-03 23:00:00,Mysuru,20.8,89,929.4,46.44,91,Cloudy,0
2012-01-22 21:00:00,Nashik,18.1,77,948.9,24.48,0,Clear,0
2025-03-13 07:00:00,Wayanad,20.8,94,927.9,23.4,100,Cloudy,0
2014-02-08 08:00:00,Shivamogga,20.8,44,946.3,33.48,80,Cloudy,0
2008-04-29 22:00:00,Mumbai,27.2,83,1007,26.64,3,Clear,0
2012-04-19 01:00:00,Dharwad,22.9,90,927.8,19.44,26,Clear,0
2015-05-24 00:00:00,Bengaluru,23,86,911.5,49.32,66,Cloudy,0
2006-09-20 15:00:00,Bikaner,39.9,19,977.4,61.56,20,Clear,0
2011-12-31 20:00:00,Hyderabad,23.2,77,957.7,44.64,74,Cloudy,0
2011-02-27 08:00:00,Jodhpur,14.3,67,992.4,43.56,0,Clear,0
1999-06-24 17:00:00,Kozhikode,27.6,77,1008.6,26.64,75,Cloudy,0
2019-06-22 22:00:00,Jaipur,30.5,49,953.6,19.44,10,Clear,0
2023-08-30 20:00:00,Khammam,28.4,65,992,25.92,6,Clear,0
2021-06-05 07:00:00,Pune,22.1,95,947.3,14.04,100,Rain,1.8
2020-10-02 02:00:00,Kalaburagi,22.2,92,955.7,21.24,40,Clear,0
2009-02-16 04:00:00,Bengaluru,17.2,64,910.3,30.24,0,Clear,0
2023-09-11 16:00:00,Kozhikode,26.1,83,1006.7,53.28,100,Rain,0.2
2025-07-28 12:00:00,Mysuru,27.5,59,928.5,93.6,75,Cloudy,0
2014-10-11 12:00:00,Nashik,31.5,38,945.6,47.88,95,Cloudy,0
2004-05-01 21:00:00,Kalaburagi,32.9,36,956.4,47.16,31,Clear,0
2006-03-29 11:00:00,Pune,34.6,17,951.4,65.52,0,Clear,0
2011-03-04 19:00:00,Khammam,28.6,46,994,26.64,0,Clear,0
2007-01-26 04:00:00,Shivamogga,19.7,68,947.6,30.24,0,Clear,0
2000-10-28 11:00:00,Mangaluru,28.6,75,1009.6,16.2,54,Clear,0
2025-09-14 16:00:00,Adilabad,29,77,974.1,8.28,100,Rain,0.2
2019-06-07 00:00:00,Dharwad,24.1,86,927.5,50.04,85,Cloudy,0
2016-07-11 10:00:00,New_Delhi,31.4,75,975.7,46.44,86,Cloudy,0
1997-06-23 12:00:00,Nashik,24.3,91,939.4,80.64,100,Rain,2.8
2001-11-07 09:00:00,Delhi_North,22.4,57,992.2,24.84,0,Clear,0
2002-09-26 23:00:00,Adilabad,26.3,73,978.6,21.24,99,Cloudy,0
2016-06-29 17:00:00,Ahmedabad,30.2,78,993.2,38.88,91,Thunderstorm,5.6
1996-03-13 02:00:00,Nizamabad,26.1,37,965.5,34.92,0,Clear,0
2025-10-23 18:00:00,Kota,26.7,53,980.9,25.56,0,Clear,0
2002-04-26 20:00:00,Aurangabad,32.2,16,941.3,34.2,0,Clear,0
2009-01-02 09:00:00,Nagpur,21.1,47,981.9,29.16,0,Clear,0
2021-04-28 11:00:00,Bharuch,38,31,1008.4,25.56,49,Clear,0
2009-06-27 14:00:00,Thrissur,25.5,89,1005.7,32.4,100,Rain,2.1
2018-03-12 22:00:00,Mysuru,25.2,48,931.2,67.68,34,Clear,0
1997-05-24 01:00:00,Karimnagar,30.8,35,973.5,33.84,1,Clear,0
1996-05-18 23:00:00,Barmer,31.8,45,982.1,43.2,88,Cloudy,0
2007-12-21 09:00:00,Solapur,25.4,54,964.8,36,19,Clear,0
2001-04-08 22:00:00,Wayanad,22.5,96,928.2,5.4,100,Cloudy,0
1998-08-03 00:00:00,Jaipur,26.5,89,954.7,32.76,100,Rain,2
2000-04-16 17:00:00,Kalaburagi,37.3,21,953.8,1.44,29,Clear,0
2001-07-23 10:00:00,Rajkot,28.2,77,987.9,49.68,68,Rain,0.2
2024-09-21 19:00:00,Mysuru,23.9,73,927.2,57.96,94,Cloudy,0
2024-04-28 23:00:00,Chikkamagaluru,22.7,85,900.4,31.68,0,Clear,0
2005-05-08 23:00:00,Pune,24.1,84,947.2,22.32,7,Clear,0
2016-07-24 19:00:00,Ahmedabad,29.4,72,995.7,19.44,98,Cloudy,0
1997-12-12 00:00:00,Aurangabad,15.2,76,946.8,35.28,0,Clear,0
1996-10-09 10:00:00,Delhi_North,28.9,48,987.8,40.32,0,Clear,0
2011-06-06 21:00:00,Warangal,28.2,74,975.5,42.12,96,Rain,1.6
2004-04-26 19:00:00,Kota,36.2,15,975.7,33.12,0,Clear,0
2012-01-04 22:00:00,Mangaluru,26,84,1009.6,27,2,Clear,0
2022-12-09 09:00:00,Amravati,20.6,43,976,46.44,28,Clear,0
2006-11-24 22:00:00,Aurangabad,21.3,87,946.5,19.44,22,Clear,0
2015-10-20 16:00:00,Wayanad,25.7,76,926.4,16.92,98,Cloudy,0
1996-06-05 00:00:00,Kota,35.1,31,971.3,67.68,0,Clear,0
2013-01-25 04:00:00,Ratnagiri,19.9,81,1004.3,17.64,2,Clear,0
1996-03-31 13:00:00,Bhavnagar,32.8,21,1005.5,46.44,0,Clear,0
2015-07-08 14:00:00,Kalaburagi,33.9,40,955.4,92.88,97,Cloudy,0
2024-06-30 16:00:00,Surat,28.8,83,998,101.88,100,Rain,0.2
2000-03-08 15:00:00,Thiruvananthapuram,28,77,1006,66.24,86,Rain,0.3
2020-03-16 11:00:00,Ratnagiri,33,39,1003.6,39.96,0,Clear,0
2007-12-24 01:00:00,Surat,22.8,55,1011,40.68,0,Clear,0
2016-03-27 12:00:00,Mysuru,32.6,29,932.7,6.84,0,Clear,0
2018-10-13 09:00:00,Jaipur,27.3,48,966.7,25.92,0,Clear,0
2014-03-22 07:00:00,Kalaburagi,26.9,35,959.1,40.32,14,Clear,0
2014-04-17 18:00:00,Ratnagiri,28.3,67,999.7,42.84,13,Clear,0
2007-07-08 12:00:00,Idukki,20.5,85,898.3,51.12,91,Rain,0.7
2012-01-04 08:00:00,Jaipur,10.1,89,964.6,23.76,0,Clear,0
2011-02-20 03:00:00,Pune,16,72,948.5,22.32,0,Clear,0
2012-01-02 07:00:00,Bengaluru,18.5,97,913.6,32.4,99,Cloudy,0
2011-04-17 23:00:00,Udaipur,25.5,45,946.7,28.08,2,Clear,0
2018-09-04 19:00:00,Nizamabad,25.5,76,963.2,21.24,100,Cloudy,0
2007-07-21 02:00:00,Hyderabad,25.6,76,949.3,34.2,100,Cloudy,0
2008-06-18 05:00:00,Dharwad,21.7,92,924.7,62.28,98,Cloudy,0
2000-02-29 19:00:00,Kozhikode,29.4,67,1006.9,15.48,35,Clear,0
2002-01-24 13:00:00,Barmer,23.2,23,992.6,30.24,0,Clear,0
2007-06-09 17:00:00,Surat,32.4,64,1000.7,107.64,100,Cloudy,0
2003-11-25 04:00:00,Aurangabad,17.6,61,949.2,26.28,1,Clear,0
2022-10-11 20:00:00,Amravati,24,94,971.5,14.4,96,Cloudy,0
2022-03-02 11:00:00,Adilabad,31.2,34,985.9,13.32,26,Clear,0
2005-01-22 15:00:00,Idukki,24.3,59,899.1,23.76,75,Cloudy,0
2005-04-18 06:00:00,Thrissur,26.1,94,1008.7,3.96,17,Clear,0
1997-06-05 01:00:00,Jaipur,24.3,82,960.8,20.88,19,Clear,0
2013-06-10 18:00:00,Thiruvananthapuram,25.1,90,1006,65.88,100,Rain,0.2
1998-03-23 14:00:00,Pune,37.1,18,949.3,48.24,0,Clear,0
2003-06-17 06:00:00,Khammam,28.1,67,987.5,45.72,91,Cloudy,0
2008-05-10 21:00:00,Adilabad,35,20,975.3,57.24,0,Clear,0
2012-08-28 05:00:00,Khammam,24.2,92,989.2,28.8,90,Cloudy,0
2024-05-26 14:00:00,Hubballi,32,52,936.4,81.72,100,Cloudy,0
2001-05-01 09:00:00,Amravati,37.4,21,969.6,41.04,0,Clear,0
2001-04-17 14:00:00,Khammam,31.1,65,992.8,19.08,31,Rain,0.3
2010-07-07 06:00:00,Adilabad,24.1,95,974.8,39.96,100,Rain,2.2
2006-10-07 15:00:00,Kozhikode,25.8,89,1007.8,24.84,98,Rain,0.9
2014-05-27 14:00:00,Bhavnagar,36,49,1002,28.08,20,Clear,0
2023-09-30 11:00:00,Ahmedabad,34.2,53,1001.9,32.76,14,Clear,0
2003-09-11 20:00:00,Jodhpur,26.9,71,979,57.96,9,Clear,0
2006-01-25 14:00:00,Anand,26.4,20,1012.2,38.16,0,Clear,0
2011-11-25 18:00:00,Ratnagiri,29.7,50,998.7,10.8,11,Clear,0
2000-07-06 19:00:00,Nashik,23.3,91,939.3,56.52,100,Cloudy,0
2011-07-27 08:00:00,Surat,26.7,88,1003,51.84,88,Cloudy,0
2022-01-26 11:00:00,Surat,23.1,37,1013.7,51.48,0,Clear,0
2000-09-05 21:00:00,Junagadh,25.7,87,996.2,32.4,55,Clear,0
2005-07-17 01:00:00,Ganganagar,28.7,78,980.5,33.12,48,Clear,0
2005-09-09 06:00:00,Hubballi,21.6,98,936.7,48.6,100,Cloudy,0
2020-03-22 03:00:00,Amravati,19.4,52,970.4,27.72,0,Clear,0
2013-07-27 22:00:00,Jaipur,25.2,95,951.9,5.76,99,Cloudy,0
1999-11-13 02:00:00,Aurangabad,18.2,60,947.9,25.2,6,Clear,0
2012-09-14 05:00:00,Amravati,24.4,86,967.6,37.8,100,Cloudy,0
2005-01-06 19:00:00,Kota,17.3,52,987.8,29.52,0,Clear,0
2021-04-16 05:00:00,Wayanad,20.3,99,926.2,4.68,100,Cloudy,0
2009-07-17 11:00:00,Jaipur,30,71,949.7,65.16,96,Cloudy,0
2023-05-27 02:00:00,Kochi,26,95,1009.5,20.88,85,Cloudy,0
2009-06-12 17:00:00,Bharuch,33.2,48,1001.5,87.48,64,Cloudy,0
1999-06-22 00:00:00,Chikkamagaluru,19.7,92,898.3,48.24,100,Cloudy,0
2015-05-26 15:00:00,Kozhikode,30.4,74,1006.2,41.04,76,Cloudy,0
2001-11-10 05:00:00,Ratnagiri,23.3,68,1000.3,27.36,59,Clear,0
2005-12-29 14:00:00,Nagpur,26.6,31,979.5,3.96,0,Clear,0
2011-03-13 15:00:00,Ganganagar,31.7,22,989.3,42.48,0,Clear,0
1998-12-10 07:00:00,Kozhikode,24,93,1009.4,3.6,90,Cloudy,0
2001-01-20 15:00:00,Mangaluru,31.7,42,1005.1,70.56,51,Clear,0
2013-12-18 03:00:00,Idukki,12.5,88,893.6,25.2,100,Cloudy,0
2025-08-28 17:00:00,Solapur,24,94,950.5,45.72,100,Rain,3.4
2004-03-10 18:00:00,Hyderabad,30.6,24,953.9,25.56,1,Clear,0
2010-04-25 23:00:00,Jaipur,31.4,19,958.5,37.44,62,Cloudy,0
2022-12-28 01:00:00,Kota,11.2,79,987.1,22.32,0,Clear,0
2017-05-22 07:00:00,Idukki,22,99,896.5,47.16,100,Cloudy,0
2017-04-04 10:00:00,Mysuru,31.5,44,932.6,14.76,0,Clear,0
2014-10-23 15:00:00,Jodhpur,35.9,17,986.4,20.88,28,Clear,0
2011-10-22 07:00:00,Kochi,25.4,91,1008.1,9,100,Cloudy,0
2024-07-25 12:00:00,Kota,28.3,85,966.6,37.44,93,Thunderstorm,6.9
2020-04-08 16:00:00,Kochi,29.6,78,1008.4,40.68,7,Clear,0
2012-01-02 05:00:00,Kozhikode,23.9,89,1009.4,11.16,62,Cloudy,0
2015-11-10 06:00:00,New_Delhi,17.6,91,989.6,19.44,4,Clear,0
2007-07-10 19:00:00,Bengaluru,23,75,908.6,54.36,100,Cloudy,0
2022-04-25 15:00:00,Adilabad,42.3,10,973.6,25.2,21,Clear,0
1998-01-23 23:00:00,Udaipur,11.9,42,951.4,33.12,0,Clear,0
1996-02-11 12:00:00,Nagpur,24.2,49,981.5,19.8,1,Clear,0
2006-03-15 09:00:00,Rajkot,23.3,74,998.7,36.36,5,Clear,0
2016-12-15 08:00:00,Nizamabad,22.5,61,971.5,22.68,16,Clear,0
2021-08-25 01:00:00,Khammam,26.5,89,991.3,12.96,89,Rain,0.4
2013-08-15 08:00:00,Kozhikode,24.9,89,1007.9,16.56,98,Cloudy,0
2015-06-05 01:00:00,Mysuru,21.5,98,926.5,21.96,98,Cloudy,0
2014-12-18 13:00:00,Solapur,27.4,30,962.4,37.44,88,Cloudy,0
2024-01-16 19:00:00,Kozhikode,26.8,81,1008.8,23.76,4,Clear,0
1999-12-14 20:00:00,Kochi,25.5,91,1009.7,6.48,47,Clear,0
2011-07-01 05:00:00,Thiruvananthapuram,24.2,91,1007.5,57.24,94,Cloudy,0
2007-01-31 21:00:00,Solapur,25.9,38,963.6,34.2,26,Clear,0
2007-09-12 16:00:00,Ratnagiri,27.5,79,996.2,33.12,100,Rain,0.5
2006-11-28 07:00:00,Ahmedabad,15.1,70,1007.4,29.52,0,Clear,0
1999-08-22 05:00:00,Rajkot,24.6,90,989.4,44.28,99,Cloudy,0
2001-10-15 14:00:00,Bhavnagar,34.2,45,1005.1,45.36,11,Clear,0
2024-06-30 04:00:00,Aurangabad,23.3,90,938.6,46.8,100,Cloudy,0
2004-09-30 15:00:00,Thiruvananthapuram,27.3,79,1009.1,43.92,100,Rain,0.2
2002-07-10 02:00:00,Dharwad,21,92,927.5,52.2,100,Cloudy,0
2023-10-11 23:00:00,Mangaluru,25.3,95,1009.5,23.04,83,Cloudy,0
2018-03-18 07:00:00,Kochi,26.8,91,1009.4,6.84,75,Cloudy,0
2024-05-21 04:00:00,Ganganagar,27,24,980,34.92,0,Clear,0
2002-09-18 20:00:00,Kalaburagi,26,72,959.6,25.56,57,Clear,0
2023-02-26 12:00:00,Mangaluru,36,18,1010.5,27.72,0,Clear,0
2001-06-15 18:00:00,Nashik,20.3,93,937.2,113.04,100,Rain,1.5
2001-01-26 08:00:00,Surat,16.9,48,1011.3,59.76,0,Clear,0
2008-09-04 07:00:00,Idukki,19,97,896.9,8.64,92,Cloudy,0
2016-11-14 05:00:00,Idukki,19,95,898.3,19.44,64,Cloudy,0
2000-10-13 20:00:00,Hubballi,22.2,92,941.1,33.84,73,Cloudy,0
2012-06-15 05:00:00,Shivamogga,22.2,94,942.7,34.92,100,Cloudy,0
2019-05-09 13:00:00,Bikaner,39.8,13,978.7,97.92,22,Clear,0
2023-09-29 22:00:00,Pune,22.1,96,946.7,40.68,95,Rain,0.2
2014-07-07 04:00:00,Thiruvananthapuram,24.2,93,1007.5,64.08,94,Cloudy,0
1996-06-07 11:00:00,Rajkot,35.9,40,993.4,45.36,4,Clear,0
2001-07-13 01:00:00,Khammam,28.4,61,990.9,28.08,97,Cloudy,0
2018-11-15 22:00:00,Kolhapur,21.7,44,950.3,28.8,0,Clear,0
2006-01-03 08:00:00,Delhi_North,12,95,990.5,40.68,2,Clear,0
2004-07-18 09:00:00,Hyderabad,26.4,71,950.9,62.64,93,Cloudy,0
2008-06-14 21:00:00,Kozhikode,24.2,95,1008.5,8.28,99,Rain,0.6
2020-06-09 04:00:00,Ganganagar,27.5,61,980.6,21.96,0,Clear,0
2018-10-29 17:00:00,Karimnagar,26.5,41,979,30.6,0,Clear,0
1997-11-04 00:00:00,Ajmer,20.6,62,964,28.8,2,Clear,0
2013-10-08 04:00:00,Kolhapur,21.8,97,947.9,30.96,96,Cloudy,0
1997-05-10 04:00:00,Mysuru,23.3,90,925.6,39.24,99,Cloudy,0
2008-10-29 23:00:00,Hubballi,19.2,83,942.1,24.84,0,Clear,0
2021-01-30 06:00:00,Kolhapur,17.5,76,949.7,32.4,46,Clear,0
1998-11-04 21:00:00,Jaipur,23.4,47,964,33.12,14,Clear,0
2013-04-05 03:00:00,Mumbai,23.4,93,1007.2,12.24,0,Clear,0
2003-09-28 07:00:00,Idukki,18.8,92,894.9,14.4,12,Clear,0
2016-12-01 07:00:00,Bengaluru,17.5,74,911.8,47.52,100,Cloudy,0
2023-12-17 21:00:00,New_Delhi,13.9,69,994,30.96,0,Clear,0
2008-07-19 13:00:00,Wayanad,24.2,86,923,37.08,95,Rain,0.9
2004-11-20 18:00:00,Ganganagar,25,47,993.8,9.36,100,Cloudy,0
2006-11-12 19:00:00,Anand,26.1,52,1008.9,23.76,0,Clear,0
2015-10-17 03:00:00,Kota,25,54,983.8,32.76,0,Clear,0
2010-09-02 08:00:00,Khammam,26.1,84,992.4,45,95,Rain,0.3
2017-11-20 10:00:00,Bikaner,20.4,39,994.1,18.72,0,Clear,0
2006-01-22 09:00:00,Bengaluru,22.8,42,917.5,24.12,0,Clear,0
1998-12-10 12:00:00,Mangaluru,31.4,54,1007.4,23.76,75,Cloudy,0
2004-09-08 07:00:00,Kochi,24.2,91,1010.5,24.12,98,Cloudy,0
2005-01-16 09:00:00,Rajkot,18.7,45,1000.3,30.96,0,Clear,0
2022-02-04 10:00:00,Amravati,21.5,40,974.5,38.52,0,Clear,0
2009-05-07 13:00:00,Adilabad,41.7,13,976.1,32.4,3,Clear,0
2010-10-12 23:00:00,Warangal,24.6,81,979.8,21.6,66,Cloudy,0
2024-11-29 23:00:00,Khammam,23.1,95,996.2,29.16,100,Rain,1.3
2007-10-16 06:00:00,Rajkot,21.5,89,997.2,24.84,33,Clear,0
2012-08-21 17:00:00,Anand,29.1,72,997.4,58.68,100,Cloudy,0
2014-11-02 22:00:00,Ahmedabad,25.7,53,1007.8,28.44,3,Clear,0
2024-08-26 20:00:00,Udaipur,21.7,99,934,56.88,100,Rain,1.2
2023-05-15 14:00:00,Ahmedabad,41.5,21,998.1,68.76,10,Clear,0
2016-12-02 19:00:00,Kochi,24.9,93,1010,13.68,79,Rain,2.1
2004-03-08 16:00:00,Surat,34.9,19,1008.8,29.88,0,Clear,0
2010-03-04 12:00:00,Bikaner,29.2,28,982.9,70.92,1,Clear,0
2021-11-20 19:00:00,Kalaburagi,24.2,87,957,36,99,Rain,0.1
2008-01-05 17:00:00,Khammam,28.1,36,999.1,1.44,0,Clear,0
2022-11-20 08:00:00,Chikkamagaluru,18,62,900.6,36.36,5,Clear,0
2008-02-14 20:00:00,Kozhikode,27.8,75,1010.4,22.68,10,Clear,0
2005-05-05 21:00:00,Anand,30.5,46,1000.3,41.04,5,Clear,0
2017-08-15 05:00:00,Dharwad,20.1,99,929.7,28.44,93,Cloudy,0
1998-05-01 13:00:00,Bikaner,38.4,25,980.8,54.36,63,Cloudy,0
2025-08-21 09:00:00,Dharwad,23.5,83,931.8,78.48,51,Rain,0.3
2022-07-07 23:00:00,Surat,27,89,1002.6,45.36,100,Cloudy,0
2019-08-16 04:00:00,Rajkot,24.9,95,989,47.52,100,Rain,0.4
2006-03-22 17:00:00,Hyderabad,33.2,27,951,29.16,90,Cloudy,0
2004-08-15 23:00:00,New_Delhi,27.8,90,975.9,12.24,100,Cloudy,0
2023-12-13 21:00:00,Mumbai,25.4,65,1012.5,38.52,0,Clear,0
2020-11-25 03:00:00,Barmer,17,57,990,51.48,20,Clear,0
1997-10-17 12:00:00,Mysuru,26.7,65,932.2,47.88,79,Cloudy,0
2012-02-15 20:00:00,Mumbai,23.3,56,1010.8,42.84,0,Clear,0
2022-04-28 18:00:00,Bikaner,41.1,9,978.5,57.96,0,Clear,0
2014-12-30 20:00:00,Junagadh,19.2,36,1000.1,33.84,0,Clear,0
2003-07-23 09:00:00,Thiruvananthapuram,25.3,87,1008.4,80.28,100,Rain,0.3
2013-08-03 19:00:00,Wayanad,20.2,99,925.2,30.24,100,Cloudy,0
2010-12-05 12:00:00,Kalaburagi,28.2,41,958.2,59.04,75,Cloudy,0
2001-06-21 00:00:00,Thiruvananthapuram,24.7,93,1009.9,60.12,89,Rain,0.1
2000-11-08 22:00:00,Nagpur,24.7,38,978.7,16.2,1,Clear,0
2010-05-22 04:00:00,Khammam,26,82,985.6,68.4,100,Rain,0.4
2015-01-16 19:00:00,Thiruvananthapuram,25.6,73,1010.3,22.68,8,Clear,0
1996-02-01 10:00:00,New_Delhi,17.3,43,991.8,5.76,83,Cloudy,0
1997-01-16 17:00:00,Amravati,22.7,37,975.2,14.76,3,Clear,0
2009-03-06 07:00:00,Idukki,18.1,92,898,10.44,83,Cloudy,0
2005-09-16 17:00:00,Junagadh,26.6,89,991,93.96,100,Rain,0.2
2001-09-20 21:00:00,Junagadh,25.4,81,999,32.04,99,Cloudy,0
2025-11-01 18:00:00,Surat,27.5,88,1007.4,36,20,Rain,1.1
2025-10-30 05:00:00,Ajmer,19.8,93,956.4,51.48,100,Rain,0.7
2025-12-22 09:00:00,Bhavnagar,21.8,71,1013.8,23.04,97,Cloudy,0
2016-09-06 13:00:00,Mangaluru,26.5,83,1010.5,38.16,100,Cloudy,0
2001-05-30 22:00:00,Bhavnagar,29.7,70,1002.5,52.2,22,Clear,0
2008-10-10 18:00:00,Hubballi,23.3,90,942.2,17.28,61,Rain,2.2
2007-01-14 17:00:00,Surat,27.1,48,1009.6,55.08,96,Cloudy,0
2008-06-07 22:00:00,Jodhpur,33.7,46,974.6,36.36,30,Clear,0
2014-06-10 08:00:00,Thiruvananthapuram,26.1,88,1007.7,59.76,96,Rain,0.2
2015-08-12 05:00:00,Anand,26.2,91,999.7,37.8,96,Rain,0.1
2015-08-02 20:00:00,Adilabad,29.1,59,976.3,37.08,83,Cloudy,0
2005-09-01 11:00:00,Bengaluru,25.9,71,909.6,33.12,95,Cloudy,0
2026-03-15 09:00:00,Kollam,29.8,60,1012.7,11.88,1,Clear,0
2017-06-18 20:00:00,Amravati,31.8,49,963.9,34.56,14,Clear,0
2004-09-24 01:00:00,Karimnagar,23.9,96,977.6,14.4,36,Clear,0
2014-01-31 08:00:00,Kochi,25.5,75,1013.3,10.08,86,Cloudy,0
2013-08-21 22:00:00,Aurangabad,22.7,83,940.7,57.24,100,Cloudy,0
2007-11-16 21:00:00,Kozhikode,25,77,1011.1,18,2,Clear,0
2013-03-09 06:00:00,Khammam,22.8,97,998.6,18.72,100,Cloudy,0
2023-07-22 09:00:00,Kalaburagi,26,78,955.9,81.72,100,Rain,0.2
2002-06-07 14:00:00,Nizamabad,35.1,40,959.7,37.8,98,Cloudy,0
2024-10-14 12:00:00,Kolhapur,28.8,64,948.3,40.32,31,Rain,0.1
2001-08-21 23:00:00,Bhavnagar,26.9,85,1003.1,45,90,Cloudy,0
2005-10-15 10:00:00,Hubballi,24.1,80,940.3,45.72,97,Cloudy,0
2008-12-12 17:00:00,Warangal,27.1,54,981.2,19.8,20,Clear,0
2005-08-22 11:00:00,Pune,25,76,948.7,53.28,84,Rain,0.2
2025-05-11 17:00:00,Kozhikode,29.7,71,1005.2,50.76,21,Clear,0
2009-01-03 07:00:00,Nizamabad,16.8,81,971,23.4,0,Clear,0
2005-04-16 18:00:00,Delhi_North,33.6,10,983.7,39.96,0,Clear,0
1999-11-27 01:00:00,Shivamogga,18.1,79,945,24.48,0,Clear,0
2014-02-21 09:00:00,Wayanad,24.3,72,931.9,12.96,50,Rain,0.1
2007-11-08 23:00:00,New_Delhi,20.4,83,986.6,31.32,0,Clear,0
2006-03-08 12:00:00,Amravati,32.5,39,973.9,51.84,84,Cloudy,0
2016-04-29 05:00:00,Bharuch,27.2,58,1003.9,31.32,34,Clear,0
2018-03-08 01:00:00,Udaipur,18.9,37,947.5,14.76,7,Clear,0
2004-03-05 10:00:00,Pune,32.3,26,952.1,25.56,1,Clear,0
2018-01-15 05:00:00,Bikaner,11.9,54,989.4,18.72,0,Clear,0
2015-12-24 19:00:00,Thrissur,26,80,1010.1,19.44,58,Clear,0
2007-09-10 18:00:00,Hubballi,24.3,84,937.7,14.4,81,Cloudy,0
1998-03-23 19:00:00,Idukki,24.5,66,898.9,16.2,8,Clear,0
1997-10-29 03:00:00,Bhavnagar,25.6,64,1009.4,29.88,4,Clear,0
2019-03-16 08:00:00,Rajkot,22,30,1001.3,45,57,Clear,0
2011-10-18 02:00:00,Ratnagiri,25,97,1000.4,13.68,17,Clear,0
2017-06-09 19:00:00,Ganganagar,31.6,47,979.5,21.24,2,Clear,0
2014-06-28 20:00:00,Thiruvananthapuram,25.6,88,1009.2,43.56,81,Cloudy,0
2015-06-11 23:00:00,Kollam,25.4,92,1008.7,30.96,64,Rain,0.1
2017-07-04 02:00:00,Kalaburagi,24.2,80,955.7,63,78,Cloudy,0
2009-08-27 19:00:00,Bengaluru,22.9,74,909.3,49.32,40,Clear,0
2005-05-12 20:00:00,Udaipur,30.8,17,944.7,36.72,0,Clear,0
2013-08-24 08:00:00,Aurangabad,21.2,91,939.9,56.16,100,Rain,0.2
2007-11-02 10:00:00,Nashik,26.3,70,947.8,41.76,96,Cloudy,0
2023-02-16 04:00:00,Khammam,20.4,58,995.9,2.88,0,Clear,0
2016-08-13 10:00:00,Kolhapur,24.6,79,947.8,79.2,47,Rain,0.1
2023-09-25 21:00:00,Barmer,29,70,985.2,53.64,1,Clear,0
2008-05-28 11:00:00,Thrissur,29.1,80,1005.9,29.88,100,Cloudy,0
2021-07-23 13:00:00,Ahmedabad,32,65,991.9,42.84,100,Cloudy,0
2020-02-19 01:00:00,Bikaner,16.6,18,984.9,44.28,84,Cloudy,0
2002-12-18 21:00:00,New_Delhi,17.2,65,986.8,11.52,66,Cloudy,0
2017-08-24 16:00:00,Nagpur,27.9,78,966.3,15.48,100,Rain,4.2
2023-11-27 07:00:00,Nagpur,20,62,980.5,26.64,100,Rain,0.1
2002-11-30 15:00:00,Udaipur,27.9,22,949.5,8.28,0,Clear,0
2014-07-26 14:00:00,Delhi_North,33.5,56,977.6,51.84,56,Rain,0.1
2017-04-26 12:00:00,Kochi,30.7,75,1009.9,49.68,56,Rain,0.3
2022-03-01 05:00:00,Bikaner,13.6,60,989.1,39.24,0,Clear,0
2003-04-14 03:00:00,Kochi,26.1,90,1007.6,13.32,1,Clear,0
2017-04-15 02:00:00,Karimnagar,27.3,46,974.2,42.48,0,Clear,0
2007-05-14 03:00:00,Solapur,26.7,64,953.1,79.56,0,Clear,0
2011-05-07 01:00:00,Ajmer,26.7,28,952.2,26.28,0,Clear,0
1998-05-15 07:00:00,Barmer,28.9,23,983.8,60.12,0,Clear,0
2001-08-14 16:00:00,Barmer,31.2,68,979.3,67.32,90,Rain,0.2
1997-02-07 15:00:00,Udaipur,25.2,19,949.4,20.88,0,Clear,0
2005-12-08 20:00:00,Ahmedabad,20.6,48,1006.7,31.32,0,Clear,0
2000-04-21 22:00:00,Bharuch,28.1,64,1004.7,48.24,3,Clear,0
2020-02-07 19:00:00,Kalaburagi,26,42,961,24.48,90,Cloudy,0
2008-06-16 20:00:00,Wayanad,20.3,98,924.6,29.88,100,Cloudy,0
2006-12-04 13:00:00,Ajmer,26.5,39,960.9,14.76,84,Cloudy,0
2024-10-30 04:00:00,Hyderabad,22,88,953.3,18.36,27,Clear,0
2005-06-08 22:00:00,Bharuch,29.2,77,1000.1,69.12,1,Clear,0
2019-12-08 03:00:00,Bikaner,12.6,82,991.9,7.92,0,Clear,0
2024-02-27 21:00:00,Rajkot,26,31,999.5,57.24,0,Clear,0
2007-08-08 23:00:00,Karimnagar,25.9,74,970.5,58.68,52,Clear,0
2010-10-10 18:00:00,Junagadh,27,78,994.8,36.72,35,Clear,0
2015-03-06 17:00:00,Hyderabad,29.2,52,956.1,12.24,37,Clear,0
2015-01-14 06:00:00,Thiruvananthapuram,21.7,79,1011.1,27,18,Clear,0
2010-06-13 04:00:00,Kochi,26.4,89,1005,41.04,100,Rain,0.6
2009-02-09 21:00:00,Pune,24.1,38,952.8,30.96,1,Clear,0
2025-06-07 23:00:00,Kota,33.6,28,975,42.48,0,Clear,0
1996-08-28 15:00:00,Kota,32.1,64,974.3,16.56,40,Rain,0.1
2019-11-29 05:00:00,Kozhikode,24.9,98,1007.6,10.44,100,Rain,0.4
2008-12-29 19:00:00,Kalaburagi,24.4,33,961.5,28.08,0,Clear,0
2011-10-05 16:00:00,Kollam,29.1,70,1006.2,46.44,48,Clear,0
2001-07-08 23:00:00,Ratnagiri,24.9,93,994.4,79.92,100,Rain,2.1
2003-07-26 11:00:00,Junagadh,26.9,91,989.7,70.92,100,Rain,1.8
2024-10-15 08:00:00,Jaipur,25.6,54,964.9,12.6,0,Clear,0
2012-01-23 11:00:00,Nizamabad,27.4,40,971.2,24.48,1,Clear,0
2014-03-14 09:00:00,Chikkamagaluru,25.1,33,904.1,40.68,91,Cloudy,0
1996-05-08 16:00:00,Barmer,42.8,7,979.3,87.84,0,Clear,0
2011-07-25 14:00:00,Solapur,28.8,68,952.3,21.6,61,Cloudy,0
2020-06-05 06:00:00,Shivamogga,23.1,91,945.1,31.32,99,Cloudy,0
2024-07-12 21:00:00,Ajmer,28,76,945.9,43.2,47,Rain,0.1
2014-12-08 17:00:00,Khammam,29.1,49,996.6,4.68,81,Cloudy,0
1998-07-09 04:00:00,New_Delhi,25.6,96,973.3,14.76,47,Rain,1.9
2020-07-25 01:00:00,Nashik,22.2,97,941.5,14.04,99,Cloudy,0
2013-02-24 15:00:00,Ajmer,23.6,33,962.3,34.56,0,Clear,0
2007-04-13 02:00:00,Shivamogga,22.2,93,944,20.52,22,Clear,0
1998-02-26 02:00:00,Kozhikode,26.5,84,1010.2,9.36,6,Clear,0
2012-09-30 10:00:00,Hubballi,25.2,80,941.6,9.36,97,Rain,0.2
2002-11-08 14:00:00,Ajmer,29.7,21,961.3,38.88,14,Clear,0
2014-04-11 08:00:00,Ratnagiri,27.1,61,1004.9,1.44,32,Clear,0
2005-08-26 01:00:00,Amravati,24.6,80,969.4,40.32,99,Cloudy,0
2023-09-18 06:00:00,Bhavnagar,26.3,93,999.1,57.6,100,Rain,0.4
2010-10-23 04:00:00,Pune,22,98,944.2,20.16,100,Cloudy,0
2023-01-04 22:00:00,Kollam,25.1,79,1011.6,18.36,0,Clear,0
2017-08-20 13:00:00,Barmer,37.7,37,978.6,40.68,68,Cloudy,0
2018-11-29 14:00:00,Mumbai,32.4,30,1011.9,31.32,28,Clear,0
2014-08-13 14:00:00,Thrissur,26.1,89,1008.9,39.24,95,Rain,0.2
1996-09-26 20:00:00,Adilabad,27.3,75,975.1,20.52,100,Cloudy,0
2014-12-26 23:00:00,Wayanad,17.4,80,925.7,19.8,52,Clear,0
2004-03-08 15:00:00,Thrissur,36.2,25,1006.5,39.6,1,Clear,0
2003-12-24 15:00:00,Amravati,26.4,31,976.3,20.88,0,Clear,0
2008-01-01 10:00:00,Bhavnagar,20,43,1014.2,48.24,0,Clear,0
2015-10-11 17:00:00,Thiruvananthapuram,26.1,87,1009.5,48.96,96,Rain,0.3
2003-08-13 23:00:00,Ratnagiri,24.7,94,1001,20.88,100,Rain,0.4
2002-01-11 09:00:00,Bharuch,22.2,46,1015.8,26.28,0,Clear,0
2000-09-03 15:00:00,Aurangabad,27.3,66,939.8,63,97,Cloudy,0
2000-01-02 05:00:00,Junagadh,15.5,72,1002.4,24.12,0,Clear,0
1999-01-18 04:00:00,Kollam,23.4,83,1008.3,24.48,97,Cloudy,0
2003-09-01 18:00:00,Mysuru,21.8,84,927.7,56.88,78,Cloudy,0
2022-11-02 19:00:00,Kozhikode,25.1,95,1008.4,18,100,Cloudy,0
2008-11-18 09:00:00,Mysuru,24.6,72,929.5,35.28,20,Clear,0
2025-12-25 09:00:00,Karimnagar,20.8,55,985.7,11.16,0,Clear,0
1996-08-21 15:00:00,Ratnagiri,26.6,82,999.1,41.4,100,Rain,0.6
2020-04-20 15:00:00,Barmer,35.3,23,984.6,22.68,37,Clear,0
2023-04-24 05:00:00,Kalaburagi,24.6,72,957.3,29.16,58,Clear,0
2023-04-01 08:00:00,Barmer,22.3,58,987.6,15.48,0,Clear,0
1998-08-07 12:00:00,Nizamabad,28.5,70,960.9,51.12,100,Cloudy,0
1997-04-15 00:00:00,Khammam,27.5,80,994.7,38.52,23,Clear,0
2005-04-21 00:00:00,Barmer,30,22,988.3,53.64,98,Cloudy,0
2017-06-29 04:00:00,Thiruvananthapuram,24.2,94,1008.2,41.76,96,Cloudy,0
2020-01-23 22:00:00,Amravati,20.2,64,977.8,50.4,46,Clear,0
2025-07-22 03:00:00,Idukki,18.4,100,894.8,47.88,100,Rain,1.1
2025-08-02 05:00:00,Bengaluru,19.5,98,909.3,29.88,100,Cloudy,0
2024-11-22 18:00:00,Ratnagiri,25.9,66,1001.4,29.52,1,Clear,0
2001-08-02 08:00:00,Hyderabad,23.9,86,949.5,63.72,100,Rain,0.1
1998-09-20 20:00:00,Shivamogga,23,82,943.6,36,100,Cloudy,0
2024-10-16 09:00:00,Kalaburagi,26.5,81,961.7,23.04,98,Rain,0.2
2016-03-31 08:00:00,Nashik,25.4,42,950.1,9.36,0,Clear,0
2012-06-29 05:00:00,Mumbai,25.4,94,1004,46.44,93,Rain,0.2
2015-07-30 15:00:00,Amravati,29.4,63,966.5,68.76,97,Rain,0.1
2005-07-24 14:00:00,Nagpur,25.6,92,965.1,41.4,100,Rain,1.5
2025-05-29 14:00:00,Pune,30.7,60,939.5,57.6,65,Cloudy,0
2022-06-04 11:00:00,Ahmedabad,36.9,36,998.4,42.84,13,Clear,0
1998-03-14 06:00:00,Kolhapur,17.2,80,948.9,20.88,3,Clear,0
2020-09-12 08:00:00,Nizamabad,26.8,79,964,20.52,48,Clear,0
1996-04-20 08:00:00,New_Delhi,28.9,37,984.6,33.84,0,Clear,0
2016-03-11 05:00:00,Chikkamagaluru,21.2,92,901.2,5.4,32,Clear,0
2021-01-31 17:00:00,Delhi_North,19.5,47,990.5,11.88,0,Clear,0
2020-02-02 15:00:00,Kozhikode,29.9,59,1009.4,59.4,23,Clear,0
2004-04-20 22:00:00,Kalaburagi,33.6,20,959.3,43.56,94,Cloudy,0
2015-07-16 10:00:00,Chikkamagaluru,21.4,85,895.6,59.76,100,Cloudy,0
2007-09-18 17:00:00,Warangal,27.5,79,971.1,6.48,70,Rain,0.7
2015-03-28 15:00:00,Anand,38.3,23,1002.8,33.84,96,Cloudy,0
2019-10-29 21:00:00,Solapur,24.1,91,960.7,31.32,52,Clear,0
2018-09-20 22:00:00,Bengaluru,20.5,93,909.1,32.4,100,Rain,0.3
2017-06-14 20:00:00,Khammam,29,80,989.9,14.4,100,Cloudy,0
2009-01-06 12:00:00,Nagpur,27.5,44,976.8,26.64,18,Clear,0
1998-06-13 12:00:00,Delhi_North,35.1,42,978,44.64,3,Clear,0
2022-06-21 09:00:00,Mangaluru,24.5,94,1005.8,13.68,100,Thunderstorm,5.8
2024-05-31 00:00:00,Amravati,33,38,964.6,53.28,0,Clear,0
2017-10-07 20:00:00,Shivamogga,23,96,943.2,17.64,99,Rain,0.1
2014-02-13 05:00:00,Bengaluru,17.2,76,909.9,29.52,22,Clear,0
2013-10-28 03:00:00,Nagpur,21.5,87,974.4,23.76,0,Clear,0
2000-11-03 21:00:00,Ganganagar,23.6,54,995.7,8.64,0,Clear,0
2017-02-27 06:00:00,Thrissur,25.8,60,1007.2,40.32,98,Cloudy,0
2015-09-17 00:00:00,Hubballi,21.3,93,937.5,42.84,100,Cloudy,0
2005-11-02 11:00:00,Kozhikode,27.7,75,1010.9,23.76,99,Cloudy,0
2017-05-20 22:00:00,Kochi,26.9,97,1008.3,8.64,98,Rain,0.2
2016-10-03 08:00:00,Kollam,25.7,85,1010.4,28.8,66,Cloudy,0
1996-07-14 11:00:00,Hubballi,23.6,86,937.8,57.6,100,Rain,0.6
2011-04-20 13:00:00,Aurangabad,36.9,13,943.3,8.28,0,Clear,0
2006-08-31 19:00:00,Kolhapur,22.1,90,945,49.68,100,Cloudy,0
2003-10-22 07:00:00,New_Delhi,17.8,76,988.3,21.24,0,Clear,0
2011-07-21 09:00:00,Bikaner,30.3,56,971.6,118.8,88,Cloudy,0
2023-04-21 06:00:00,Barmer,22.1,42,982.2,53.28,0,Clear,0
2012-12-04 14:00:00,Jodhpur,27.8,38,989.2,20.88,1,Clear,0
2023-05-30 08:00:00,Amravati,33.3,35,972.3,2.88,0,Clear,0
2016-07-24 21:00:00,Ratnagiri,24.4,94,999.3,10.44,100,Rain,1.2
2012-09-23 18:00:00,Bhavnagar,28.4,74,1004.9,10.08,62,Cloudy,0
2007-01-23 16:00:00,Kolhapur,32.4,23,951.7,11.88,97,Cloudy,0
2013-10-23 03:00:00,Nizamabad,22.6,92,963.5,27.36,100,Cloudy,0
1997-04-17 16:00:00,Thrissur,31.5,59,1006.3,34.56,12,Clear,0
2026-02-27 03:00:00,Kota,18.5,60,978.4,10.08,2,Clear,0
1996-01-10 09:00:00,Nizamabad,23,67,971.1,38.88,4,Clear,0
2000-08-06 17:00:00,Hubballi,25.2,79,936.1,36.72,80,Rain,0.7
2012-01-25 22:00:00,Bengaluru,17.1,59,912.9,37.08,70,Cloudy,0
1996-04-04 17:00:00,Hubballi,32.9,31,938.4,65.52,40,Clear,0
2012-07-05 10:00:00,Dharwad,23,85,925.9,76.68,100,Rain,0.3
2003-01-07 13:00:00,Bhavnagar,26.6,41,1013.8,49.32,0,Clear,0
2010-11-15 16:00:00,Ahmedabad,31.6,52,1004.5,52.2,57,Clear,0
2019-05-28 22:00:00,Ratnagiri,27.8,80,999,48.96,68,Cloudy,0
2025-07-05 03:00:00,Kozhikode,23.3,94,1008.5,8.28,100,Cloudy,0
2020-03-01 09:00:00,Mysuru,25.5,58,931.7,34.56,72,Cloudy,0
2014-04-12 21:00:00,Ahmedabad,30.3,30,1001.8,20.52,0,Clear,0
1998-07-14 12:00:00,Hubballi,27.5,66,940.5,64.8,97,Rain,0.2
2009-10-30 01:00:00,Jaipur,20.8,35,967.5,31.32,0,Clear,0
2013-11-06 07:00:00,Bengaluru,17.9,91,914.9,43.2,99,Cloudy,0
2010-10-16 09:00:00,New_Delhi,28.6,62,985.2,16.92,0,Clear,0
2002-04-29 10:00:00,Surat,32.4,54,1004.8,66.24,0,Clear,0
2009-10-25 10:00:00,Idukki,23.5,64,899.8,12.24,32,Clear,0
2008-12-13 04:00:00,Kalaburagi,19.4,81,961.5,20.52,0,Clear,0
2009-10-10 09:00:00,Bengaluru,24,71,913.9,17.28,47,Rain,0.1
2013-08-19 05:00:00,Anand,24.6,92,999.1,40.32,93,Cloudy,0
2002-08-18 14:00:00,Bhavnagar,29.7,69,999,51.84,79,Cloudy,0
2024-01-27 20:00:00,Hyderabad,22,68,960.7,27.72,93,Cloudy,0
2000-08-17 19:00:00,Idukki,18.1,97,895.9,20.88,100,Rain,0.2
2009-03-04 06:00:00,Barmer,19.7,72,986.2,49.68,0,Clear,0
2005-05-16 13:00:00,Nagpur,44.1,11,970.3,44.28,52,Clear,0
2001-06-26 10:00:00,Kozhikode,26.2,88,1008.6,47.52,85,Rain,0.1
2007-03-21 10:00:00,Barmer,23,42,990.6,63,0,Clear,0
2022-08-13 01:00:00,Karimnagar,26.5,72,972.8,69.48,100,Cloudy,0
2021-01-29 02:00:00,Bikaner,8.7,56,990.7,35.64,0,Clear,0
2023-06-22 08:00:00,Anand,31.7,61,1000.7,49.32,78,Cloudy,0
2011-08-09 08:00:00,Nizamabad,25.6,78,959.2,59.04,93,Cloudy,0
2011-04-25 13:00:00,Bikaner,40.5,6,980.1,14.76,0,Clear,0
1996-10-06 17:00:00,Udaipur,27.3,45,945.7,19.8,0,Clear,0
1999-12-06 13:00:00,Bengaluru,24.9,42,913.7,6.48,0,Clear,0
2013-01-13 15:00:00,Ajmer,25,17,958.9,50.04,0,Clear,0
1997-04-02 03:00:00,Dharwad,19.1,86,926.3,29.52,1,Clear,0
2015-06-24 05:00:00,Bhavnagar,27.2,87,989.2,79.56,100,Thunderstorm,6
1998-01-12 03:00:00,Chikkamagaluru,14.9,81,898,20.88,0,Clear,0
2023-02-19 13:00:00,Anand,36.7,14,1007.7,17.28,96,Cloudy,0
2000-06-19 11:00:00,Hyderabad,22.4,83,948,77.04,100,Rain,0.8
2021-12-26 04:00:00,Bengaluru,14.8,96,911.9,28.8,28,Clear,0
2010-12-20 18:00:00,Bharuch,23.5,37,1012.7,34.56,0,Clear,0
2021-11-29 02:00:00,Idukki,18.9,95,896.5,29.16,100,Rain,0.2
2004-05-15 17:00:00,Jodhpur,37.5,31,974.9,66.96,0,Clear,0
2008-05-14 01:00:00,Kalaburagi,29.8,43,956.8,95.04,3,Clear,0
2000-02-27 09:00:00,Mumbai,25.7,46,1010.6,32.4,0,Clear,0
2020-07-11 19:00:00,Kota,31.9,60,969.8,71.64,52,Clear,0
2009-05-24 05:00:00,Dharwad,22.1,84,924.5,50.04,94,Cloudy,0
1998-06-17 16:00:00,Idukki,20.3,88,895.9,30.6,100,Rain,0.5
2002-04-05 09:00:00,Delhi_North,29.6,28,984.4,37.8,99,Cloudy,0
2007-03-12 20:00:00,Kolhapur,26.4,54,950.4,46.8,10,Clear,0
2016-03-15 04:00:00,Bhavnagar,23.3,65,1008.6,33.84,67,Cloudy,0
2025-11-25 04:00:00,Hyderabad,20.1,70,958.2,26.28,13,Clear,0
2020-12-05 14:00:00,Chikkamagaluru,23.8,67,898.3,72,100,Rain,0.1
2013-08-30 04:00:00,Wayanad,19.2,99,925.7,13.68,85,Cloudy,0
2006-11-19 08:00:00,Nizamabad,23,69,970.8,18,1,Clear,0
2021-07-14 18:00:00,Solapur,24.9,88,949.7,61.2,97,Rain,1.3
2013-07-08 17:00:00,Nagpur,28.9,75,964.4,22.32,88,Rain,0.1
1997-03-13 00:00:00,Jodhpur,24.9,30,984.8,43.92,64,Cloudy,0
2025-01-03 09:00:00,Mumbai,25.5,51,1015.4,21.96,11,Clear,0
2005-04-11 08:00:00,Kozhikode,26.3,87,1009.8,4.68,78,Cloudy,0
2011-05-12 18:00:00,Jaipur,37.9,16,953.7,44.64,43,Clear,0
2005-05-31 09:00:00,Bengaluru,25,76,910.7,24.48,97,Cloudy,0
2019-06-28 19:00:00,Mysuru,24.8,70,927.1,53.64,68,Cloudy,0
1998-04-27 00:00:00,Udaipur,26.6,55,948.5,48.96,99,Cloudy,0
2005-08-14 06:00:00,Hubballi,21,97,938.3,62.28,93,Rain,0.1
2003-08-28 23:00:00,Bharuch,25.6,92,1003.4,43.92,79,Cloudy,0
2000-12-10 13:00:00,Mumbai,31,28,1011.8,6.48,0,Clear,0
2021-09-27 21:00:00,Shivamogga,21.4,94,941.7,38.16,99,Cloudy,0
2020-10-29 18:00:00,Idukki,20.1,100,896.9,10.44,34,Clear,0
2004-05-25 10:00:00,New_Delhi,35.2,42,980,26.28,0,Clear,0
2010-01-24 05:00:00,Junagadh,14.2,80,1003.4,31.32,0,Clear,0
2005-08-11 05:00:00,Delhi_North,26.9,63,973.6,58.32,40,Clear,0
2006-03-17 04:00:00,Wayanad,19.5,90,925.5,2.88,46,Clear,0
2021-02-24 00:00:00,Mumbai,25.6,56,1011.3,18.36,0,Clear,0
1997-03-06 13:00:00,New_Delhi,27.9,27,991.9,14.4,24,Clear,0
2023-01-13 15:00:00,Kochi,28.2,61,1008.3,51.12,97,Cloudy,0
2004-08-03 00:00:00,Karimnagar,25.4,75,968.4,62.28,100,Cloudy,0
2016-07-27 13:00:00,Kolhapur,26,77,945.4,29.88,100,Rain,0.2
2023-01-21 23:00:00,Kollam,24.5,74,1010.7,30.6,99,Cloudy,0
2024-04-04 14:00:00,Ratnagiri,31.9,53,1000.3,77.04,8,Clear,0
1997-01-03 19:00:00,Jodhpur,20.5,27,989.2,12.96,0,Clear,0
2008-09-03 02:00:00,Bikaner,30.3,42,978.6,51.84,3,Clear,0
2000-03-05 04:00:00,Ahmedabad,18.6,64,1002.9,34.56,0,Clear,0
2009-04-04 06:00:00,Kollam,24.5,91,1008.5,18.72,27,Clear,0
1998-12-28 04:00:00,Kollam,24.1,84,1010.1,19.44,99,Cloudy,0
2023-01-11 01:00:00,Nizamabad,17,58,969.2,12.96,0,Clear,0
2025-06-28 12:00:00,Ratnagiri,28.7,75,998.7,85.68,98,Cloudy,0
2024-03-18 03:00:00,Barmer,19.1,18,990.9,38.88,0,Clear,0
2000-05-23 17:00:00,Hyderabad,35,36,949,49.68,99,Cloudy,0
2023-04-09 05:00:00,Ahmedabad,24.9,38,1006.2,19.44,0,Clear,0
1998-10-27 17:00:00,Karimnagar,28.4,71,978.8,20.88,20,Clear,0
1997-09-18 10:00:00,Shivamogga,25.7,70,951,40.32,100,Cloudy,0
2015-05-26 07:00:00,Chikkamagaluru,22.2,88,900.5,38.88,71,Cloudy,0
2006-11-10 22:00:00,Mysuru,21,85,931.9,19.8,46,Clear,0
2014-12-27 03:00:00,Kolhapur,15.8,65,948.3,25.2,92,Cloudy,0
2023-09-09 06:00:00,Karimnagar,25.9,82,972.5,56.88,80,Cloudy,0
2003-06-25 07:00:00,Ahmedabad,27.8,84,995.1,29.16,88,Cloudy,0
2017-07-11 14:00:00,Bhavnagar,34.5,45,1000.7,92.52,84,Rain,0.2
2003-04-05 19:00:00,Mysuru,25,76,928.1,21.6,89,Cloudy,0
2000-09-29 22:00:00,Rajkot,29,50,993.3,40.32,0,Clear,0
2020-01-10 19:00:00,Karimnagar,21,72,983.9,30.96,33,Clear,0
2016-04-12 17:00:00,Mysuru,34.9,29,926.5,19.44,29,Clear,0
2015-02-03 20:00:00,Kollam,28,65,1013.1,18.72,95,Cloudy,0
2009-11-06 08:00:00,Anand,24.1,41,1008.7,34.92,0,Clear,0
2018-07-18 14:00:00,Aurangabad,27.5,68,936.7,86.76,100,Rain,0.2
2019-12-04 19:00:00,Nashik,24.6,61,950.1,30.96,99,Cloudy,0
2018-01-25 08:00:00,Bikaner,8.9,87,987.2,34.56,0,Clear,0
2024-02-24 00:00:00,Aurangabad,19.1,41,945.8,37.08,0,Clear,0
2018-10-17 03:00:00,Wayanad,19.6,100,927.7,6.48,99,Rain,0.1
1998-05-05 17:00:00,Dharwad,26.8,75,927,29.88,92,Rain,1.7
2000-12-24 16:00:00,Karimnagar,27.9,24,980.4,19.8,0,Clear,0
2006-10-16 07:00:00,Junagadh,22.3,85,1004.4,25.56,1,Clear,0
2014-08-20 16:00:00,Bengaluru,27.6,62,907.8,8.28,53,Clear,0
2006-01-16 20:00:00,Adilabad,23.5,51,983,24.12,0,Clear,0
2012-07-05 21:00:00,Warangal,30,58,973,41.76,100,Cloudy,0
2017-08-12 11:00:00,Kozhikode,28.7,73,1009.7,55.8,98,Rain,0.1
2021-10-22 19:00:00,Rajkot,25.5,63,998.1,42.12,0,Clear,0
2005-09-16 00:00:00,Mysuru,20.6,91,930.4,39.6,100,Cloudy,0
2003-03-06 09:00:00,Mumbai,26.2,36,1011.1,31.32,0,Clear,0
2021-11-06 07:00:00,Nizamabad,22.4,84,968,8.64,75,Cloudy,0
2000-03-22 03:00:00,Karimnagar,25.4,65,976.7,58.68,0,Clear,0
2025-01-07 20:00:00,Chikkamagaluru,19,55,899.5,23.4,0,Clear,0
2014-06-19 23:00:00,Ratnagiri,26.6,89,997.2,41.04,72,Rain,0.7
2018-05-16 09:00:00,Ganganagar,32.5,36,984.7,26.64,0,Clear,0
2021-01-15 16:00:00,Surat,29.1,44,1006.6,25.92,0,Clear,0
2019-09-22 02:00:00,Kochi,25.3,96,1007,12.24,90,Rain,0.1
2023-12-27 18:00:00,Thiruvananthapuram,28.9,70,1008.7,12.96,97,Cloudy,0
2000-03-05 20:00:00,Idukki,20.9,64,897.4,21.6,79,Cloudy,0
2018-10-16 00:00:00,Surat,25.5,81,1009.9,33.48,1,Clear,0
1998-02-05 00:00:00,Nashik,16.8,62,949.9,30.24,79,Cloudy,0
2019-11-23 17:00:00,Rajkot,29,46,998.8,46.44,5,Clear,0
1997-08-10 19:00:00,Thiruvananthapuram,23.9,91,1012.1,66.96,100,Rain,0.1
2012-06-09 04:00:00,Hyderabad,27.3,65,949.4,78.48,95,Cloudy,0
1998-09-03 18:00:00,Kolhapur,24.9,83,946.3,43.2,100,Rain,0.1
2006-08-09 00:00:00,Ganganagar,28.5,73,979.7,23.4,7,Clear,0
2018-01-17 22:00:00,Mumbai,24.8,64,1012.1,42.84,0,Clear,0
2007-11-21 12:00:00,Amravati,27.9,20,977.7,25.92,0,Clear,0
2000-08-17 12:00:00,Dharwad,25.8,73,929.9,61.2,99,Rain,0.1
2014-01-09 07:00:00,Mysuru,18,88,931.5,38.52,21,Clear,0
2002-12-29 05:00:00,Ganganagar,6.7,94,994.1,21.96,0,Clear,0
2015-09-09 10:00:00,Shivamogga,25.2,74,947.8,40.32,94,Cloudy,0
2012-08-23 06:00:00,Wayanad,20.1,99,925.7,13.68,97,Cloudy,0
1999-10-02 19:00:00,Mumbai,26.9,87,1007.4,7.56,81,Cloudy,0
2010-11-01 09:00:00,Surat,28.2,51,1010.4,40.32,13,Clear,0
2014-05-31 03:00:00,Junagadh,26.9,87,995.7,43.56,64,Cloudy,0
2011-03-12 06:00:00,Bengaluru,17.2,91,910,24.48,19,Clear,0
2007-02-28 17:00:00,Wayanad,27.8,58,925.5,17.64,22,Clear,0
1999-07-24 01:00:00,Thiruvananthapuram,23.9,92,1008.4,61.56,100,Cloudy,0
2008-03-18 11:00:00,Rajkot,31.3,26,995.1,38.52,0,Clear,0
2020-09-17 19:00:00,Jaipur,30.8,59,955.8,30.24,68,Cloudy,0
2004-10-24 07:00:00,Thrissur,25.2,82,1008.3,42.48,98,Cloudy,0
2010-10-28 15:00:00,Ganganagar,31.3,24,991.8,23.76,0,Clear,0
2025-12-25 14:00:00,Ganganagar,21.5,38,995.7,17.64,82,Cloudy,0
1999-09-10 19:00:00,Kochi,26,84,1007.2,12.96,67,Rain,0.1
2013-09-27 02:00:00,Thrissur,24,96,1009,8.28,60,Cloudy,0
1997-10-20 06:00:00,Delhi_North,18.2,95,988.1,22.32,50,Rain,0.7
2014-12-31 10:00:00,Ratnagiri,24.6,69,1002.6,21.96,19,Clear,0
2015-07-25 13:00:00,Thrissur,26.7,86,1008.4,39.24,100,Rain,1
2025-08-13 08:00:00,Udaipur,25.5,78,942.6,24.12,100,Cloudy,0
2013-05-15 13:00:00,Kochi,29.4,71,1005.9,39.6,100,Rain,0.1
2005-06-20 23:00:00,Aurangabad,25.8,76,938.1,55.08,99,Cloudy,0
2002-11-03 22:00:00,Rajkot,26.1,25,999.8,23.04,0,Clear,0
2013-10-02 19:00:00,Jodhpur,28.1,75,982.1,33.84,8,Clear,0
2010-12-13 18:00:00,Bikaner,21.9,29,985.2,11.88,0,Clear,0
1996-07-08 00:00:00,Mysuru,22,87,925,33.84,97,Cloudy,0
2016-02-16 13:00:00,Junagadh,28.9,26,1004.4,39.24,0,Clear,0
2007-08-17 18:00:00,Shivamogga,24.9,72,944,51.84,100,Cloudy,0
2019-01-28 07:00:00,Amravati,13.1,69,980.6,38.16,11,Clear,0
2021-06-27 09:00:00,Kozhikode,27.2,82,1009.2,27.36,98,Cloudy,0
2016-11-18 19:00:00,Bhavnagar,26.8,51,1009.9,28.8,98,Cloudy,0
2011-01-09 07:00:00,Solapur,14.7,50,957.2,36.36,32,Clear,0
1996-11-30 19:00:00,Nagpur,21.2,55,977.1,31.68,1,Clear,0
2012-04-15 13:00:00,Dharwad,33.3,36,931.3,20.16,23,Clear,0
2018-07-12 18:00:00,Kozhikode,25.2,92,1005.4,42.12,100,Rain,0.4
2009-07-18 16:00:00,Hyderabad,29.5,56,946.9,78.12,100,Cloudy,0
2013-11-20 06:00:00,Mangaluru,23.6,95,1007.9,14.4,16,Clear,0
2023-12-16 10:00:00,Junagadh,26.6,51,1007,28.44,0,Clear,0
2017-01-22 01:00:00,Bengaluru,18.2,91,916.1,48.96,12,Clear,0
2016-02-07 20:00:00,Rajkot,22.1,25,1000.5,37.44,0,Clear,0
2019-01-01 09:00:00,Dharwad,20.1,45,938.9,63.72,0,Clear,0
1999-07-02 14:00:00,Bharuch,31.6,61,998.5,114.48,97,Cloudy,0
2025-01-06 12:00:00,Kozhikode,31.9,40,1009.3,12.24,37,Clear,0
2003-06-25 13:00:00,Kota,32.4,62,971.1,22.68,99,Cloudy,0
1998-05-07 05:00:00,Thrissur,26.5,91,1005.5,9,100,Rain,0.4
2020-06-26 08:00:00,Hubballi,24.7,84,937.6,10.44,89,Cloudy,0
2022-12-14 19:00:00,Kozhikode,24.6,92,1009.7,17.64,100,Cloudy,0
1996-01-02 00:00:00,Warangal,20.7,63,986.7,45,5,Clear,0
2017-04-20 11:00:00,Pune,36.7,14,948.7,77.04,0,Clear,0
2007-04-24 09:00:00,Dharwad,28.4,38,931.6,21.96,0,Clear,0
2004-02-29 10:00:00,Karimnagar,31.3,29,982.5,25.56,0,Clear,0
2007-07-13 14:00:00,Nizamabad,29.7,60,957.9,63,100,Cloudy,0
2014-04-06 05:00:00,Adilabad,22.9,47,978.4,26.28,0,Clear,0
2014-10-11 17:00:00,Nizamabad,30.4,49,960.5,34.92,27,Clear,0
2001-08-06 03:00:00,Ahmedabad,25.8,85,997.2,29.88,100,Cloudy,0
2021-06-30 12:00:00,Thrissur,29.9,74,1005.8,42.84,84,Rain,0.4
2012-09-22 21:00:00,Ajmer,24.6,80,954.3,24.48,5,Clear,0
2006-12-18 13:00:00,Anand,29,30,1009.6,26.64,0,Clear,0
2002-06-10 07:00:00,Idukki,19.1,93,894.1,12.96,99,Cloudy,0
2000-09-30 09:00:00,Aurangabad,27.8,64,945.3,6.84,2,Clear,0
2008-12-24 11:00:00,Pune,27.1,45,954.5,38.16,0,Clear,0
2013-05-21 10:00:00,Thrissur,30.3,70,1007.6,28.44,79,Rain,0.3
2012-05-19 19:00:00,Kochi,27.9,86,1007.8,10.08,84,Cloudy,0
2003-11-06 02:00:00,Amravati,19.3,68,973.7,23.4,4,Clear,0
1997-09-03 06:00:00,Mysuru,19.3,96,928,31.32,100,Cloudy,0
1999-06-05 17:00:00,Anand,37,31,998.4,47.52,1,Clear,0
2022-07-22 21:00:00,Solapur,23.8,88,955,37.08,100,Rain,0.7
2002-08-14 21:00:00,Bhavnagar,27.7,79,1000,64.44,93,Cloudy,0
2026-01-11 04:00:00,Bharuch,14.7,74,1015.4,29.88,0,Clear,0
2002-12-12 16:00:00,Mangaluru,30.2,54,1008.3,59.4,73,Cloudy,0
2017-03-16 09:00:00,New_Delhi,21.2,47,989.2,29.52,5,Clear,0
2011-02-08 12:00:00,Mysuru,27.7,38,928.1,25.56,0,Clear,0
2025-10-11 07:00:00,Jaipur,20.4,79,963.8,14.76,0,Clear,0
2012-03-29 02:00:00,Surat,26.6,46,1009.4,36.36,0,Clear,0
2012-12-03 22:00:00,Amravati,19.6,71,975,24.48,4,Clear,0
2000-06-11 03:00:00,Thrissur,24.1,94,1006.6,24.84,99,Rain,0.1
2009-01-20 07:00:00,Nagpur,17.9,65,981.2,30.96,33,Clear,0
2015-07-26 21:00:00,Kozhikode,24.2,92,1011.4,12.96,100,Rain,0.4
2019-11-17 18:00:00,Solapur,27.8,53,960.4,55.08,9,Clear,0
1996-03-28 23:00:00,Mysuru,24.1,85,926.6,57.6,99,Cloudy,0
1998-08-23 06:00:00,Udaipur,24.1,90,943.2,10.44,52,Clear,0
2009-11-18 22:00:00,Karimnagar,23.2,96,981.9,13.68,98,Cloudy,0
2016-04-18 08:00:00,Wayanad,26,83,928.5,9,63,Cloudy,0
2002-05-07 14:00:00,Kalaburagi,38.4,32,954.4,27.36,35,Clear,0
2014-04-22 13:00:00,Amravati,37.6,23,973.5,11.16,4,Clear,0
2003-05-17 10:00:00,Pune,32.2,38,948.4,63.72,14,Clear,0
2010-01-31 01:00:00,Bhavnagar,22.1,57,1012.3,30.24,0,Clear,0
2013-06-19 15:00:00,Hyderabad,30.3,58,946.8,56.88,78,Cloudy,0
1996-11-23 07:00:00,Aurangabad,16.3,91,947.2,23.76,11,Clear,0
2004-08-20 23:00:00,Chikkamagaluru,19.2,92,898.5,51.84,100,Cloudy,0
2000-02-21 07:00:00,Ahmedabad,14.8,46,1004.4,31.32,0,Clear,0
2015-04-01 20:00:00,Mangaluru,27.2,85,1008,15.12,79,Cloudy,0
1999-10-06 02:00:00,Kozhikode,24,95,1005.1,6.48,100,Rain,3.6
2016-12-02 22:00:00,Khammam,23.4,92,999.7,30.24,100,Rain,1.3
2003-07-26 18:00:00,Nashik,22.6,93,936.5,70.56,99,Rain,0.3
2009-12-24 11:00:00,Warangal,25.6,35,987.5,27.72,78,Cloudy,0
2023-12-09 19:00:00,Thiruvananthapuram,25.7,95,1008.7,16.2,100,Cloudy,0
2001-02-02 08:00:00,Rajkot,12,20,999.4,55.08,0,Clear,0
2000-02-22 15:00:00,Nizamabad,31.1,31,964.8,18.36,31,Clear,0
2023-01-19 01:00:00,Barmer,12.4,32,993.7,41.04,0,Clear,0
2005-10-21 02:00:00,Aurangabad,18.5,67,942.7,28.8,0,Clear,0
2008-02-29 04:00:00,Idukki,16.1,82,895.2,14.04,94,Cloudy,0
1999-06-25 00:00:00,Chikkamagaluru,19.6,92,899.3,36.72,100,Cloudy,0
2013-07-30 17:00:00,Kozhikode,25.3,91,1006.9,34.92,100,Rain,3.2
2009-07-22 10:00:00,Kollam,26.6,89,1009.1,57.6,100,Cloudy,0
2020-06-11 14:00:00,Pune,26.7,75,941.7,64.44,94,Rain,4.8
2025-03-27 22:00:00,Mangaluru,27.8,84,1006.9,32.04,13,Clear,0
1996-07-10 22:00:00,Hyderabad,25.5,85,949,45,100,Rain,0.3
2016-11-15 07:00:00,Jodhpur,14,75,990.9,32.04,0,Clear,0
2019-11-30 08:00:00,Kochi,27.6,80,1010,7.2,99,Cloudy,0
2014-07-20 18:00:00,Kozhikode,25,90,1009.1,20.16,100,Rain,1.6
2025-03-02 05:00:00,Nashik,20.9,50,945.6,7.56,13,Clear,0
2009-04-22 23:00:00,Mangaluru,27.7,74,1008.9,37.08,99,Cloudy,0
2001-11-14 04:00:00,Junagadh,16.7,54,1002.7,37.08,0,Clear,0
2023-05-29 08:00:00,Warangal,27.5,72,979.9,30.96,98,Rain,1.1
2017-01-17 23:00:00,Bengaluru,17.6,63,915,62.28,0,Clear,0
2009-06-17 06:00:00,Nizamabad,28.6,47,960.4,34.92,3,Clear,0
2012-10-04 17:00:00,Khammam,28.3,78,990.8,14.76,100,Cloudy,0
1997-10-28 01:00:00,Junagadh,22.9,63,1003.5,30.6,0,Clear,0
2021-06-15 22:00:00,Kolhapur,22,95,943,51.84,100,Rain,1
2008-01-29 13:00:00,Bharuch,26.9,21,1009.6,29.52,1,Clear,0
2007-05-16 11:00:00,Ahmedabad,34.3,40,1001.5,46.8,6,Clear,0
2019-10-05 15:00:00,Bharuch,30.9,64,1004.4,38.16,20,Clear,0
2014-09-23 10:00:00,Kochi,27.5,82,1009.4,24.84,65,Rain,0.3
2014-02-05 16:00:00,Pune,31.3,25,947,5.76,86,Cloudy,0
2026-01-04 08:00:00,Mumbai,22.5,71,1014.9,14.76,2,Clear,0
1996-04-15 19:00:00,Dharwad,25.3,67,930.1,36.36,6,Clear,0
2025-04-05 05:00:00,Junagadh,23,59,1000.9,5.76,0,Clear,0
2021-07-05 20:00:00,Wayanad,21.7,93,924.4,16.2,69,Cloudy,0
2012-02-09 12:00:00,Pune,25,16,951,32.4,24,Clear,0
2004-05-13 06:00:00,Hyderabad,25.2,85,948,36.72,53,Clear,0
2002-05-17 12:00:00,Bengaluru,29.6,55,909.1,59.76,100,Cloudy,0
2000-10-16 22:00:00,Jodhpur,25.1,31,986.1,25.92,0,Clear,0
2022-11-16 07:00:00,Thrissur,24.6,92,1010.5,18.72,69,Cloudy,0
2014-03-25 04:00:00,Anand,22.7,46,1004.7,26.28,0,Clear,0
2010-05-15 22:00:00,Amravati,34.3,16,964.6,28.8,0,Clear,0
2020-08-18 23:00:00,Karimnagar,25,89,973.3,58.68,99,Rain,0.2
2006-12-21 20:00:00,Ratnagiri,26,61,1003.3,21.96,34,Clear,0
2000-05-06 20:00:00,Wayanad,22.2,98,926.8,18,100,Cloudy,0
2013-01-02 01:00:00,Wayanad,21.3,97,927.2,14.04,42,Clear,0
2007-12-11 06:00:00,Nashik,17.7,80,945.2,6.48,11,Clear,0
2014-09-19 16:00:00,Idukki,21.7,75,896.2,43.56,82,Rain,0.3
2011-02-12 20:00:00,Bharuch,25.6,50,1007.5,36,0,Clear,0
2009-10-25 03:00:00,Udaipur,18.4,30,947.9,23.76,0,Clear,0
2013-04-15 14:00:00,Bengaluru,32.7,34,911.4,16.56,52,Clear,0
2016-12-21 10:00:00,Barmer,20,40,997.4,40.68,0,Clear,0
2014-01-06 20:00:00,Ganganagar,11.5,58,997.4,24.48,47,Clear,0
1999-06-27 00:00:00,Wayanad,20.3,100,925.4,20.52,100,Cloudy,0
2010-07-10 21:00:00,Bhavnagar,28.4,83,1002.5,53.64,18,Clear,0
2005-01-13 16:00:00,Bikaner,22,19,989,23.4,11,Clear,0
2000-02-19 22:00:00,Nizamabad,23.9,42,964.5,47.16,20,Clear,0
2006-08-14 13:00:00,Amravati,27.7,74,961.5,76.68,100,Cloudy,0
1996-12-25 09:00:00,Ganganagar,14.6,59,998.5,30.6,48,Clear,0
1997-12-30 06:00:00,Bhavnagar,17.5,64,1015.7,63.72,92,Cloudy,0
2017-01-31 19:00:00,New_Delhi,16.4,80,990.4,32.04,0,Clear,0
2022-05-06 10:00:00,Kozhikode,27,87,1008.7,25.56,100,Rain,2.8
2013-10-01 22:00:00,Dharwad,21.3,90,929.1,36.36,100,Cloudy,0
2013-12-17 23:00:00,Dharwad,17,47,930.4,33.84,0,Clear,0
2021-03-23 05:00:00,Amravati,22.4,71,974.1,29.52,11,Clear,0
2019-01-05 01:00:00,Hyderabad,17.9,70,959.4,23.76,0,Clear,0
2018-01-18 00:00:00,Idukki,17.6,89,898.8,51.84,69,Cloudy,0
2004-08-20 16:00:00,Anand,28.1,81,996.4,52.2,95,Rain,1
2025-07-13 15:00:00,Bengaluru,24.6,75,908.6,48.6,100,Rain,1.8
2014-01-26 10:00:00,Mumbai,28,52,1014.4,46.8,11,Clear,0
2018-09-21 14:00:00,Aurangabad,31.3,42,937.8,72.72,99,Cloudy,0
2016-07-26 08:00:00,Bengaluru,20.9,93,909.2,32.4,100,Rain,0.6
2007-05-04 23:00:00,Junagadh,26.9,88,997.1,32.4,93,Cloudy,0
1997-11-05 02:00:00,Adilabad,20.9,87,985.6,26.64,12,Clear,0
2009-12-20 18:00:00,Ahmedabad,26.5,50,1009.7,23.76,18,Clear,0
1998-01-01 17:00:00,Kolhapur,29.8,29,949.5,18.72,0,Clear,0
2011-10-27 10:00:00,Bikaner,27.7,28,989.9,11.88,0,Clear,0
1998-07-25 10:00:00,Bengaluru,24.4,73,909.5,73.08,100,Rain,0.2
2008-08-10 20:00:00,Hubballi,21.3,95,935.2,87.48,100,Rain,2.4
1996-05-29 09:00:00,Karimnagar,35.1,34,971.7,78.84,55,Clear,0
2022-09-29 12:00:00,Surat,28.6,77,1006.3,39.6,100,Thunderstorm,6
2013-01-11 18:00:00,Hubballi,27.2,39,942.4,27.36,0,Clear,0
2023-06-17 08:00:00,Jaipur,27,74,955.8,16.56,100,Rain,0.6
2019-02-18 21:00:00,Kolhapur,21.6,61,948,30.6,0,Clear,0
2007-11-28 07:00:00,Mangaluru,23.4,93,1010.5,16.92,24,Clear,0
2025-12-16 15:00:00,Jaipur,25.3,28,967.3,22.68,0,Clear,0
2004-09-26 21:00:00,Jodhpur,30.6,45,985.9,24.84,90,Cloudy,0
2018-07-21 06:00:00,Dharwad,21,96,926.1,86.04,100,Rain,0.6
2001-03-12 11:00:00,Kalaburagi,31.6,25,962.2,14.4,0,Clear,0
2008-05-26 10:00:00,Amravati,38.4,19,968.5,71.64,0,Clear,0
1999-09-27 05:00:00,Nizamabad,22.6,97,962.7,15.12,100,Rain,0.6
2007-02-01 15:00:00,Rajkot,29.5,15,1000.7,46.08,0,Clear,0
2012-12-15 17:00:00,Warangal,27.4,59,984.4,23.04,46,Clear,0
2019-02-10 00:00:00,Adilabad,13.9,49,986.9,34.92,0,Clear,0
2004-12-10 11:00:00,Khammam,27.3,55,1001.5,13.68,42,Clear,0
2011-08-29 20:00:00,Delhi_North,29.1,82,977.7,24.84,16,Clear,0
1997-12-08 22:00:00,Ahmedabad,20.2,63,1004.1,37.8,0,Clear,0
2021-03-17 03:00:00,Nagpur,23,48,973.5,21.6,9,Clear,0
2002-11-14 03:00:00,Anand,21,54,1006.5,24.48,8,Clear,0
2003-09-25 11:00:00,Kota,30.3,64,980.9,41.04,49,Rain,0.2
2017-05-15 03:00:00,Dharwad,24.2,87,928.2,51.12,100,Cloudy,0
2002-02-23 09:00:00,New_Delhi,21.3,66,994.7,26.64,34,Rain,0.3
2018-07-26 04:00:00,Kota,25.5,91,970.1,44.28,100,Rain,0.4
1998-11-17 10:00:00,Junagadh,27.1,44,1001.7,33.84,0,Clear,0
2024-08-30 22:00:00,Bharuch,26,90,1005.3,35.28,78,Cloudy,0
2018-11-20 10:00:00,Hubballi,26.6,64,946.8,58.32,98,Cloudy,0
2013-12-31 08:00:00,Junagadh,13,37,1008.2,44.64,0,Clear,0
1997-04-29 17:00:00,Adilabad,36,28,977.3,21.24,64,Cloudy,0
2012-12-02 21:00:00,Surat,24.3,61,1010.7,37.44,25,Clear,0
2012-04-18 09:00:00,Nagpur,35.5,19,972.5,25.92,44,Clear,0
2013-07-17 02:00:00,Nagpur,23.6,95,964.6,30.24,100,Rain,0.6
2009-06-16 22:00:00,Adilabad,33.2,32,972.7,23.4,5,Clear,0
2013-09-28 20:00:00,Jodhpur,25,90,977.8,54.36,95,Rain,0.5
2008-07-28 20:00:00,Ahmedabad,25.2,94,990,16.56,100,Thunderstorm,5.3
1996-03-10 00:00:00,Delhi_North,18.7,71,987.2,26.64,4,Clear,0
2022-02-17 17:00:00,Junagadh,30.4,19,996.2,50.4,0,Clear,0
2010-12-12 03:00:00,Rajkot,14.4,37,993.6,22.32,0,Clear,0
2002-07-31 18:00:00,Ajmer,34.9,37,945.4,21.24,64,Cloudy,0
2002-03-26 15:00:00,Thiruvananthapuram,28.1,81,1004.2,46.08,53,Rain,0.3
2022-05-12 11:00:00,Pune,32.1,46,945.7,73.44,84,Cloudy,0
2011-03-28 06:00:00,Karimnagar,20.9,68,977.7,29.16,0,Clear,0
2013-12-19 07:00:00,Amravati,14.1,72,973.3,6.48,0,Clear,0
1998-03-21 13:00:00,Hubballi,35.9,23,943.8,24.48,4,Clear,0
1999-04-05 07:00:00,Junagadh,21.8,62,999.9,15.48,0,Clear,0
2000-11-25 03:00:00,Thiruvananthapuram,23.5,94,1009.4,0,88,Rain,0.1
2006-12-20 21:00:00,Bengaluru,17.8,72,915.2,40.32,18,Clear,0
2011-01-25 08:00:00,Amravati,19.2,61,976.5,14.4,0,Clear,0
2006-05-28 00:00:00,New_Delhi,30.7,67,976.5,71.28,2,Clear,0
2018-08-14 11:00:00,Kochi,26.1,88,1009.1,86.4,97,Rain,0.5
1997-02-05 04:00:00,Nashik,13.3,67,944.2,23.76,0,Clear,0
2008-09-14 17:00:00,Hyderabad,27,69,949,39.24,29,Clear,0
1996-02-27 06:00:00,Kozhikode,24.2,89,1010.6,13.32,63,Cloudy,0
2005-04-02 11:00:00,Udaipur,31.9,9,951.1,28.44,0,Clear,0
2020-12-16 04:00:00,Ahmedabad,16.5,82,1009.7,37.8,0,Clear,0
2023-01-20 18:00:00,Nizamabad,26.4,41,968.7,28.8,4,Clear,0
2014-02-04 04:00:00,Warangal,16.8,61,979.9,17.64,0,Clear,0
1999-08-27 03:00:00,Wayanad,19.5,99,927,23.04,100,Cloudy,0
2017-12-30 12:00:00,Dharwad,25.9,37,933.3,48.24,23,Clear,0
1998-08-29 15:00:00,Chikkamagaluru,24.1,72,899,53.28,70,Rain,0.6
1997-01-01 12:00:00,Barmer,24.3,24,997.4,30.6,94,Cloudy,0
2007-07-07 22:00:00,Anand,28.1,81,995.4,59.76,100,Rain,0.1
2018-04-17 14:00:00,Anand,41.1,16,1003.7,54,0,Clear,0
2006-11-06 19:00:00,Khammam,24.4,90,997.1,10.8,97,Cloudy,0
2006-08-28 13:00:00,Bengaluru,26.9,54,910.3,69.84,100,Cloudy,0
2011-06-22 03:00:00,Mangaluru,24.5,94,1005.1,25.2,86,Rain,0.2
2001-03-18 23:00:00,Thrissur,27.5,79,1008.7,21.6,13,Clear,0
2003-08-31 16:00:00,Kollam,25.8,88,1008.9,43.56,89,Rain,2.6
2004-01-27 09:00:00,Nashik,18.8,62,948.9,64.8,5,Clear,0
2007-03-08 21:00:00,Kozhikode,27.7,76,1007.9,18.72,12,Clear,0
2012-08-27 11:00:00,Bharuch,27.6,83,1001.7,37.8,97,Cloudy,0
2023-02-09 23:00:00,Thiruvananthapuram,23.4,94,1011.8,15.48,89,Cloudy,0
2004-01-26 08:00:00,Surat,16.8,54,1012.8,61.92,95,Cloudy,0
2009-06-22 06:00:00,Wayanad,20.6,97,925.7,25.2,98,Cloudy,0
2012-05-04 02:00:00,Delhi_North,23.8,30,976.7,31.32,0,Clear,0
2024-11-07 23:00:00,Mumbai,25.8,58,1012.1,26.28,0,Clear,0
1996-10-03 18:00:00,Solapur,24.2,85,950,72.72,97,Cloudy,0
1997-10-05 14:00:00,Thrissur,29.1,78,1008.6,42.12,51,Rain,0.2
2004-01-08 19:00:00,Nizamabad,22.4,42,972.9,27.36,0,Clear,0
2011-02-08 02:00:00,Kolhapur,21.1,51,946.8,11.88,0,Clear,0
2009-10-06 10:00:00,New_Delhi,27.7,66,981.5,27,100,Cloudy,0
2017-12-06 19:00:00,Aurangabad,24.9,64,944.1,13.68,46,Rain,0.1
2024-01-18 05:00:00,Ajmer,8.9,89,958.2,28.8,0,Clear,0
2004-04-30 22:00:00,Ratnagiri,27.1,81,998.9,27,24,Clear,0
2021-02-10 01:00:00,Thiruvananthapuram,24.6,64,1009.4,25.2,62,Cloudy,0
2011-11-15 15:00:00,Udaipur,29.3,29,951.6,7.92,36,Clear,0
2014-03-16 06:00:00,Khammam,22.4,80,1001,20.88,0,Clear,0
2000-01-05 16:00:00,New_Delhi,18.9,43,990.8,27.72,0,Clear,0
2013-07-18 08:00:00,Mysuru,22.1,79,926.8,80.64,100,Cloudy,0
2004-02-06 02:00:00,Ahmedabad,15,42,1008.4,29.52,0,Clear,0
2023-10-22 09:00:00,Surat,30.4,62,1013.7,9.36,16,Clear,0
2018-09-07 12:00:00,Kalaburagi,28.5,54,957.5,78.12,100,Cloudy,0
2025-02-10 19:00:00,Kota,20.9,74,983.4,17.28,42,Clear,0
2017-12-04 11:00:00,Nashik,22.2,59,948.1,44.28,100,Cloudy,0
2000-02-07 06:00:00,Chikkamagaluru,14.6,89,896.7,17.64,13,Clear,0
2020-09-19 05:00:00,Mumbai,25.5,97,1003,11.88,75,Cloudy,0
2001-01-21 21:00:00,Thiruvananthapuram,24.8,75,1009.9,19.8,100,Cloudy,0
1997-09-10 06:00:00,Wayanad,20.1,100,926.9,12.96,100,Cloudy,0
2020-10-09 00:00:00,Mysuru,21,97,927.6,37.08,81,Rain,0.7
2009-09-16 13:00:00,Bhavnagar,31.6,53,1005.5,28.8,30,Clear,0
2016-01-04 10:00:00,Kollam,28.1,46,1014.1,30.24,92,Cloudy,0
2011-09-10 13:00:00,Nizamabad,28.8,62,962,49.32,100,Cloudy,0
2003-07-23 16:00:00,Ratnagiri,24.7,93,995.2,36.36,100,Rain,0.8
2007-02-09 19:00:00,Rajkot,27.4,35,995.1,7.56,1,Clear,0
2000-04-04 10:00:00,New_Delhi,32.4,23,982.9,12.6,0,Clear,0
2007-09-29 10:00:00,Ratnagiri,26.9,85,1003.4,19.44,93,Cloudy,0
2021-12-03 07:00:00,Barmer,12.7,75,993.8,36.72,0,Clear,0
2012-08-20 05:00:00,Barmer,27.1,75,978,30.24,96,Cloudy,0
2000-09-15 16:00:00,Kozhikode,27.1,84,1004.1,24.12,90,Rain,0.5
1996-04-19 13:00:00,Ratnagiri,32,49,1001,52.56,0,Clear,0
2011-12-28 18:00:00,Shivamogga,26.9,23,945.9,32.4,46,Clear,0
2020-10-27 00:00:00,New_Delhi,21.1,41,986.6,30.96,0,Clear,0
2022-06-16 23:00:00,Barmer,31.7,53,979.6,93.6,0,Clear,0
2013-12-23 13:00:00,Pune,27.7,35,953,46.08,0,Clear,0
2005-05-18 11:00:00,Rajkot,34.4,42,994,56.16,0,Clear,0
2021-04-27 07:00:00,Wayanad,23.6,91,927.5,8.28,97,Cloudy,0
2014-12-26 00:00:00,Nagpur,17.3,65,979.8,30.96,7,Clear,0
2022-07-08 22:00:00,Ganganagar,31.6,70,979,40.32,88,Cloudy,0
2015-05-29 20:00:00,Shivamogga,24.5,90,945.4,37.8,99,Cloudy,0
2012-02-25 14:00:00,Jodhpur,25.8,16,986.7,42.48,0,Clear,0
2009-06-24 22:00:00,Junagadh,26,91,992.7,29.88,67,Cloudy,0
1997-01-15 12:00:00,Udaipur,20.8,44,953.1,15.12,49,Clear,0
2023-08-19 13:00:00,Surat,30.6,67,1003.4,47.52,83,Rain,0.1
2025-02-18 18:00:00,Ganganagar,23.2,36,993.4,47.88,5,Clear,0
2009-01-08 06:00:00,Mysuru,17.6,81,930,23.04,7,Clear,0
2003-09-11 04:00:00,Karimnagar,24.9,77,973.8,49.68,69,Cloudy,0
2016-07-08 08:00:00,Nashik,23.2,89,940.9,75.6,100,Rain,0.3
1997-06-19 09:00:00,Idukki,21.5,80,899.5,13.32,100,Cloudy,0
2004-07-06 23:00:00,Mangaluru,24.8,92,1007.1,27.36,100,Cloudy,0
2009-11-25 13:00:00,Mangaluru,28.9,76,1008.8,31.32,100,Cloudy,0
2014-12-28 23:00:00,Aurangabad,14.9,44,948,34.92,0,Clear,0
2012-07-22 11:00:00,New_Delhi,33.5,54,976.6,27.72,65,Cloudy,0
2018-10-24 16:00:00,Kota,31.5,28,982.3,51.12,32,Clear,0
2014-08-04 05:00:00,Surat,26.3,88,999.2,80.28,100,Rain,0.2
2017-07-20 06:00:00,Kolhapur,22.5,92,940.6,88.56,100,Rain,1.3
2013-03-17 08:00:00,Khammam,24.8,68,1000.4,12.24,2,Clear,0
2001-01-17 22:00:00,Kota,16,42,988.2,37.8,0,Clear,0
2021-08-10 09:00:00,Bharuch,28.3,76,1006,46.08,100,Rain,0.1
2008-12-24 07:00:00,Kalaburagi,18.6,75,963.6,10.44,0,Clear,0
2022-08-10 13:00:00,Barmer,33.5,62,972.7,78.84,11,Clear,0
2015-03-15 16:00:00,Udaipur,24.5,35,946.9,70.56,6,Clear,0
2000-11-11 20:00:00,Aurangabad,23.1,44,947.4,26.64,0,Clear,0
2015-11-23 01:00:00,Mangaluru,25.8,90,1006.9,17.64,100,Rain,0.4
2012-05-22 11:00:00,Shivamogga,28,57,946,39.24,100,Cloudy,0
1998-04-30 08:00:00,Dharwad,25.8,77,931.3,29.88,33,Clear,0
2023-08-20 19:00:00,Pune,23,88,945.4,44.28,54,Rain,0.1
2018-07-11 09:00:00,Solapur,25.9,80,953.3,65.88,95,Rain,0.3
2009-12-05 11:00:00,Nashik,26.4,52,949.8,18.72,83,Cloudy,0
2010-11-11 21:00:00,Shivamogga,22.1,91,948.5,9,100,Cloudy,0
2008-11-02 22:00:00,Amravati,22.7,51,972.7,23.4,0,Clear,0
1999-12-21 04:00:00,Idukki,13.5,88,895,19.8,66,Cloudy,0
2025-03-27 21:00:00,Thrissur,27.5,85,1006.9,13.32,20,Clear,0
1998-10-18 07:00:00,Kozhikode,24.4,93,1013.1,6.48,100,Rain,0.2
2021-01-01 19:00:00,Aurangabad,23.5,62,946.9,18.72,63,Cloudy,0
1999-09-28 21:00:00,Surat,28.6,84,1004.7,30.24,96,Cloudy,0
2012-09-04 08:00:00,Idukki,18.5,95,897.1,33.84,100,Rain,0.8
2006-12-30 14:00:00,Kozhikode,30.2,51,1010,38.52,0,Clear,0
2023-11-05 05:00:00,Ganganagar,16.1,77,992.8,30.96,0,Clear,0
1998-03-02 17:00:00,Jaipur,25.5,19,965.9,20.52,0,Clear,0
2008-09-26 05:00:00,Chikkamagaluru,18,98,899.4,21.24,99,Cloudy,0
2019-05-11 07:00:00,Bharuch,28.5,65,1008.4,16.92,0,Clear,0
2025-05-24 03:00:00,Thiruvananthapuram,24.4,98,1004.6,21.96,100,Rain,1.4
1997-04-22 17:00:00,Bhavnagar,33.8,39,1003.7,35.64,8,Clear,0
2009-09-23 02:00:00,Ganganagar,27.5,67,982.5,20.88,0,Clear,0
2012-05-20 04:00:00,Nagpur,30.4,26,968.9,25.92,1,Clear,0
2018-05-16 05:00:00,Kollam,25.3,93,1004.4,17.28,100,Cloudy,0
2002-07-29 15:00:00,Junagadh,30.2,64,993.5,72,100,Cloudy,0
1996-02-29 18:00:00,Mangaluru,28.6,67,1007.4,45.36,0,Clear,0
2014-11-16 18:00:00,Hyderabad,25,69,956.1,28.44,4,Clear,0
2022-08-01 15:00:00,Pune,27.7,67,943.1,68.76,95,Rain,0.1
2021-08-02 00:00:00,Hyderabad,24,77,949.9,80.28,6,Clear,0
2003-12-06 14:00:00,Adilabad,29.5,24,983.7,21.96,0,Clear,0
1997-04-22 21:00:00,Kollam,27.7,75,1010.1,16.2,96,Cloudy,0
2009-07-10 11:00:00,Junagadh,27.9,90,990.5,55.44,100,Cloudy,0
2000-06-10 16:00:00,Chikkamagaluru,22.1,84,896.7,56.16,84,Rain,0.7
2014-01-01 22:00:00,Kota,13.9,68,990.3,21.6,58,Clear,0
2010-04-08 19:00:00,Idukki,23,76,900.3,2.52,97,Rain,0.2
2017-11-22 05:00:00,Bikaner,11.4,59,987.8,32.04,0,Clear,0
2010-09-13 05:00:00,Mumbai,25,93,1006.2,31.32,60,Rain,0.2
2023-02-05 07:00:00,Shivamogga,20,66,946.2,16.92,98,Cloudy,0
2019-02-08 20:00:00,Kota,13.6,50,986.7,26.28,0,Clear,0
2019-04-10 08:00:00,Aurangabad,30,23,947.4,3.96,0,Clear,0
2016-04-10 19:00:00,Jaipur,32.1,17,960.4,34.92,30,Clear,0
2012-12-15 09:00:00,Barmer,16.4,73,996.9,63.36,13,Clear,0
2004-10-04 18:00:00,Nashik,23,90,943.9,27.36,88,Cloudy,0
2022-06-19 04:00:00,Bengaluru,20,98,908.7,35.64,100,Cloudy,0
2001-09-26 15:00:00,Kalaburagi,28.8,70,953.2,20.16,100,Rain,1.6
2021-04-01 20:00:00,Bharuch,27.2,66,1002.9,59.04,0,Clear,0
2017-03-21 05:00:00,Junagadh,20.5,81,1002.3,23.76,0,Clear,0
1998-01-17 14:00:00,Idukki,26,52,899.2,29.16,42,Clear,0
2012-09-13 13:00:00,Mumbai,27.3,86,1007.1,83.52,96,Rain,0.6
2009-06-20 12:00:00,Warangal,36.7,43,975,32.04,80,Cloudy,0
2001-04-26 09:00:00,Shivamogga,27.4,67,946.7,24.48,48,Clear,0
2003-11-30 15:00:00,Anand,31.6,28,1007.4,12.96,0,Clear,0
2006-11-21 14:00:00,Nashik,29.4,39,946.4,15.48,97,Cloudy,0
2008-01-23 00:00:00,Ahmedabad,14.9,42,1005.2,41.04,10,Clear,0
2021-07-21 10:00:00,Wayanad,22.6,90,927.9,54.36,100,Rain,0.9
2013-06-22 11:00:00,Kalaburagi,24.5,87,955.6,73.08,99,Rain,0.4
2025-02-16 04:00:00,Mysuru,18.9,60,928.1,14.04,32,Clear,0
2019-02-22 02:00:00,Amravati,24.4,57,975.5,19.44,37,Clear,0
2002-09-17 19:00:00,Thiruvananthapuram,25.6,84,1010.6,50.76,47,Clear,0
2001-04-01 17:00:00,Nizamabad,35.9,13,962.9,21.96,0,Clear,0
2018-03-29 07:00:00,Barmer,24.9,20,987.4,47.88,0,Clear,0
2024-07-10 15:00:00,Nizamabad,31.1,59,960,46.8,100,Cloudy,0
2014-05-23 18:00:00,Mumbai,30.1,68,1004.2,58.32,0,Clear,0
2014-09-20 07:00:00,Bengaluru,19.8,89,910.4,66.6,100,Cloudy,0
1999-03-29 10:00:00,Bengaluru,30.2,33,914.3,6.48,26,Clear,0
2012-01-30 10:00:00,Warangal,24.2,60,985.8,54,23,Clear,0
1999-09-29 18:00:00,Kochi,25.2,87,1006.1,20.88,99,Rain,0.3
2003-04-03 14:00:00,Delhi_North,36.1,19,976.3,41.76,11,Clear,0
1998-09-27 20:00:00,Bengaluru,20.8,96,908.5,14.76,96,Rain,2.1
2026-01-23 05:00:00,Nagpur,17.9,56,979.9,26.28,53,Clear,0
2023-02-06 06:00:00,Bengaluru,16.1,77,911.7,34.2,100,Cloudy,0
2005-03-17 18:00:00,Ahmedabad,33.4,20,1003.5,35.28,9,Clear,0
2025-04-28 01:00:00,Kota,27.8,19,976.1,24.84,0,Clear,0
2014-12-15 19:00:00,Bharuch,21.1,35,1014.1,34.92,0,Clear,0
2002-09-08 11:00:00,Khammam,30.9,55,991.4,70.92,100,Cloudy,0
2001-08-19 06:00:00,Solapur,21.5,91,954,44.64,80,Cloudy,0
2016-10-13 04:00:00,Bharuch,21,97,1007.1,23.04,19,Clear,0
2021-09-21 16:00:00,Ajmer,27.3,78,948.7,23.04,68,Rain,1.7
2022-09-22 14:00:00,Bengaluru,27.5,47,910.1,73.8,100,Cloudy,0
2009-07-23 08:00:00,Aurangabad,22.5,92,936,69.12,100,Rain,1
2013-07-05 16:00:00,Jodhpur,32.8,56,971.3,45.72,78,Cloudy,0
2000-12-03 19:00:00,Junagadh,24.9,26,1005.7,35.64,0,Clear,0
1999-11-06 03:00:00,Nizamabad,22.3,78,966.7,12.96,2,Clear,0
2015-12-19 15:00:00,Idukki,23.1,67,899.6,7.56,37,Rain,0.3
2023-06-27 10:00:00,Kalaburagi,28.8,68,956.8,75.6,100,Rain,0.1
2013-08-15 23:00:00,Ratnagiri,24.1,94,1000.3,14.04,100,Rain,0.4
2018-01-19 21:00:00,Aurangabad,19.9,52,947.8,15.48,0,Clear,0
2004-09-13 12:00:00,Anand,30.2,65,1005.4,26.64,53,Rain,0.1
2002-03-31 10:00:00,Idukki,26.4,52,901,10.08,6,Clear,0
2015-01-17 23:00:00,Chikkamagaluru,18.2,84,901.8,16.2,15,Clear,0
2022-08-15 18:00:00,Kota,24.8,96,970.9,33.12,100,Rain,3.1
2000-08-27 00:00:00,Ahmedabad,26.5,87,996.5,45.36,84,Cloudy,0
2010-10-28 16:00:00,Pune,28.6,48,949.3,31.68,7,Clear,0
2006-03-11 02:00:00,Junagadh,18.2,78,1000.3,29.16,0,Clear,0
2009-05-16 23:00:00,Nagpur,32.5,41,968.9,25.2,2,Clear,0
2021-10-05 04:00:00,Ajmer,22.5,90,953.8,36.72,1,Clear,0
2011-12-02 20:00:00,Hyderabad,23.5,46,953.7,31.32,0,Clear,0
1996-12-28 14:00:00,Khammam,28.9,42,1000,14.4,40,Clear,0
1997-10-12 12:00:00,Junagadh,35,35,1004.4,25.92,2,Clear,0
2004-05-19 09:00:00,Delhi_North,37.6,21,969.5,86.04,0,Clear,0
2003-11-09 22:00:00,Ratnagiri,27.7,80,1004.3,23.04,95,Cloudy,0
2025-06-20 01:00:00,Barmer,29.2,73,975.5,80.64,66,Cloudy,0
2017-09-06 05:00:00,Jodhpur,24.4,87,980.9,43.2,10,Clear,0
2011-05-21 19:00:00,Kochi,26.8,87,1007.6,16.92,89,Cloudy,0
2006-09-03 12:00:00,Adilabad,29.6,70,978.9,38.16,78,Cloudy,0
2009-06-13 00:00:00,Kalaburagi,28,58,957.6,71.28,96,Cloudy,0
2004-03-08 15:00:00,Kollam,32.2,55,1007.5,46.8,35,Clear,0
2006-10-06 07:00:00,Shivamogga,21.3,93,946.7,50.4,65,Cloudy,0
2009-12-24 17:00:00,Nashik,24.5,41,948.3,19.8,2,Clear,0
2006-12-31 13:00:00,Thiruvananthapuram,29.4,43,1011.3,25.92,1,Clear,0
2012-05-22 13:00:00,Udaipur,39,16,944.8,27.72,27,Clear,0
2009-07-30 06:00:00,New_Delhi,28.9,68,976.9,49.32,80,Cloudy,0
2017-02-28 10:00:00,Hyderabad,31.3,23,960,45,0,Clear,0
2025-05-18 00:00:00,Bharuch,28.2,80,1003.4,41.04,54,Clear,0
2005-08-24 14:00:00,Jodhpur,33.2,41,979.4,94.68,86,Cloudy,0
2006-02-17 23:00:00,Ratnagiri,24.9,64,1003.9,25.92,0,Clear,0
2009-12-12 18:00:00,Mangaluru,27.1,65,1005.8,22.32,90,Cloudy,0
2003-12-21 14:00:00,Ahmedabad,27.5,34,1010.5,23.04,8,Clear,0
2021-03-31 07:00:00,Kochi,27.3,93,1006.7,12.24,71,Cloudy,0
2010-03-03 23:00:00,Hubballi,24.8,74,942.4,29.52,10,Clear,0
2017-11-22 06:00:00,Mysuru,20.2,96,928.6,31.32,100,Cloudy,0
2013-07-01 20:00:00,Delhi_North,31.6,67,970.7,25.92,60,Cloudy,0
1999-08-24 09:00:00,Ahmedabad,29,65,1001.8,36.72,83,Cloudy,0
2021-07-28 14:00:00,Nagpur,28.2,70,966.7,76.68,100,Cloudy,0
2003-03-08 22:00:00,Jaipur,17.2,29,962.9,30.24,0,Clear,0
2023-09-19 09:00:00,Aurangabad,26.1,76,943.7,65.16,45,Rain,0.1
1998-09-23 07:00:00,Kota,24.1,98,976.6,12.96,100,Rain,0.6
2006-02-07 12:00:00,Solapur,30.3,17,962.4,36,0,Clear,0
2001-11-07 03:00:00,Chikkamagaluru,19.5,95,897.9,12.96,100,Rain,0.1
2016-10-26 07:00:00,Pune,20,86,949.7,26.64,40,Clear,0
2009-10-24 04:00:00,Mumbai,22.8,88,1009.6,25.56,0,Clear,0
2014-10-12 16:00:00,Thrissur,25.7,87,1004.8,28.44,99,Rain,0.6
2006-08-14 14:00:00,Wayanad,23.8,81,924.3,59.76,86,Rain,0.2
2003-02-05 23:00:00,Khammam,23.8,72,1000.2,43.56,2,Clear,0
2013-07-25 04:00:00,Shivamogga,21.2,92,941.5,83.52,98,Rain,0.5
2021-10-02 22:00:00,Kozhikode,24.4,96,1007.8,29.88,98,Rain,1.7
2022-09-27 00:00:00,Kota,26.5,73,979.8,16.2,19,Clear,0
2008-07-24 15:00:00,Nagpur,28.9,74,965.8,33.12,98,Cloudy,0
2020-09-19 23:00:00,Karimnagar,25.8,92,970.7,12.96,100,Rain,0.3
2004-01-08 01:00:00,Amravati,16.7,72,978.7,33.12,0,Clear,0
2007-04-19 23:00:00,Hyderabad,23.8,88,955.1,23.4,40,Rain,3
2025-01-11 22:00:00,Shivamogga,22.8,75,949.6,1.44,92,Cloudy,0
2009-07-16 22:00:00,Bikaner,33.7,58,971.7,14.4,17,Clear,0
2006-06-04 19:00:00,Mumbai,27.2,84,1004.5,58.68,58,Clear,0
2005-09-26 10:00:00,Thrissur,27.9,75,1009.8,25.56,51,Clear,0
2005-09-29 11:00:00,Hyderabad,27.2,66,953.9,32.4,100,Cloudy,0
2020-09-18 20:00:00,Hubballi,22,96,937.9,48.24,97,Cloudy,0
2025-07-31 13:00:00,Warangal,31.6,57,974.4,61.56,86,Rain,0.1
2011-02-16 18:00:00,Bharuch,24.8,34,1008.1,29.16,0,Clear,0
2014-04-18 19:00:00,Mangaluru,29.1,73,1008.2,66.24,5,Clear,0
2010-04-01 05:00:00,Solapur,23.6,45,956.8,47.52,0,Clear,0
1999-10-10 07:00:00,Jaipur,23.2,57,963,39.24,61,Cloudy,0
2015-09-02 14:00:00,Pune,28.7,54,946.2,57.24,94,Rain,0.2
2025-01-15 22:00:00,Nagpur,22.6,52,981.6,28.8,92,Cloudy,0
2020-11-23 13:00:00,Kolhapur,30.2,39,951.2,31.32,76,Cloudy,0
2003-12-30 12:00:00,Anand,24.5,34,1014.2,32.4,96,Cloudy,0
2017-01-11 06:00:00,Thrissur,22.4,87,1008.8,25.2,22,Clear,0
2016-01-21 15:00:00,New_Delhi,17.8,48,994.2,47.52,0,Clear,0
2014-01-07 01:00:00,Mysuru,19.6,68,928.3,30.96,70,Cloudy,0
2000-04-28 09:00:00,Kolhapur,27.1,59,947.8,36.36,5,Clear,0
2017-02-11 16:00:00,Kochi,28.4,73,1007.8,66.24,18,Clear,0
2006-10-19 15:00:00,Hubballi,29.5,48,941.6,33.12,41,Clear,0
2008-06-26 07:00:00,Bikaner,31.6,56,974.7,84.6,47,Clear,0
2014-09-21 06:00:00,Udaipur,19.4,95,943.3,24.84,0,Clear,0
1999-09-01 08:00:00,Mumbai,25.9,90,1008.2,28.44,99,Rain,0.1
2025-07-16 02:00:00,Ajmer,25.3,85,947,51.84,90,Cloudy,0
2010-06-05 11:00:00,Chikkamagaluru,27.8,56,902.6,44.64,88,Cloudy,0
2021-12-22 11:00:00,Adilabad,24,33,985.7,25.92,0,Clear,0
2015-04-10 18:00:00,Nizamabad,30.6,52,963.9,12.96,55,Clear,0
1998-10-11 10:00:00,Kalaburagi,26.8,79,958.2,32.04,63,Rain,0.2
2010-11-10 06:00:00,Hubballi,20.8,96,943.7,29.88,41,Clear,0
2018-12-09 17:00:00,Adilabad,25.9,64,979.9,18.36,28,Clear,0
1996-07-18 03:00:00,Pune,23.1,94,941.2,44.64,100,Rain,0.1
2025-07-23 10:00:00,Amravati,29.2,73,963.5,57.24,97,Rain,0.1
2002-07-13 14:00:00,Surat,29.9,73,1003,105.48,38,Rain,0.1
1997-06-23 06:00:00,Mysuru,21.3,89,926.7,54.72,100,Cloudy,0
2002-06-03 06:00:00,Pune,23.4,90,945.8,30.96,95,Rain,0.1
2024-10-06 10:00:00,Thiruvananthapuram,29,72,1009.6,23.04,100,Rain,0.4
2014-02-01 14:00:00,Anand,28.9,36,1008.7,21.96,41,Clear,0
2000-04-24 02:00:00,Bikaner,28.5,38,975.9,51.12,0,Clear,0
2025-06-23 20:00:00,Udaipur,26,84,936.8,30.96,100,Rain,0.1
2015-09-27 11:00:00,Rajkot,28.4,63,997.1,27.36,23,Clear,0
2021-11-08 20:00:00,Surat,27.9,36,1010,48.96,100,Cloudy,0
2023-01-11 10:00:00,Nashik,21.9,49,952,9,0,Clear,0
2022-06-07 06:00:00,Chikkamagaluru,19.8,99,896.2,38.52,100,Cloudy,0
1997-11-06 01:00:00,Pune,20.1,84,952.7,26.28,7,Clear,0
2019-07-20 10:00:00,Hyderabad,25.2,84,948.2,48.96,100,Rain,0.4
2001-09-16 04:00:00,Idukki,18.5,96,895.5,9.36,100,Cloudy,0
2017-02-26 21:00:00,Jodhpur,20,30,986.8,38.52,0,Clear,0
2021-03-25 05:00:00,New_Delhi,16.9,60,987.9,45.72,0,Clear,0
2007-03-24 00:00:00,Aurangabad,26.6,32,947.5,43.2,1,Clear,0
2018-01-27 03:00:00,Shivamogga,16.5,93,943.4,14.76,68,Cloudy,0
2021-10-19 17:00:00,Mangaluru,27.5,78,1006.5,47.88,100,Cloudy,0
2001-02-24 14:00:00,Nagpur,36.6,10,973.2,44.64,38,Clear,0
2019-05-26 23:00:00,Ajmer,30.9,26,951.2,39.24,0,Clear,0
2012-10-18 22:00:00,Kalaburagi,23.4,58,962.1,41.04,2,Clear,0
1999-12-08 05:00:00,Bikaner,11.5,79,991.3,30.24,0,Clear,0
2014-10-08 12:00:00,Nizamabad,29.7,60,966,24.84,33,Clear,0
2010-10-11 20:00:00,Kolhapur,22.3,88,948.4,23.4,23,Clear,0
2001-01-29 10:00:00,Kochi,27.3,61,1010.7,7.56,100,Cloudy,0
2003-11-09 20:00:00,Anand,27.7,44,1007.9,27.36,2,Clear,0
2023-12-09 04:00:00,Nashik,17.2,95,947.9,28.44,0,Clear,0
2007-03-02 19:00:00,Anand,25.5,30,1007.3,29.88,0,Clear,0
2010-04-30 14:00:00,Dharwad,30.6,47,931.2,19.44,98,Cloudy,0
2019-07-07 07:00:00,Delhi_North,28.9,76,971.5,25.2,37,Clear,0
2023-02-08 01:00:00,Bhavnagar,20.5,65,1009.5,28.8,0,Clear,0
2006-02-24 17:00:00,Solapur,35.8,13,955.9,52.2,0,Clear,0
2006-06-12 01:00:00,Mumbai,27.5,83,1006.5,27.36,40,Clear,0
2010-10-01 10:00:00,Khammam,28.9,81,994,17.64,99,Cloudy,0
1998-03-27 18:00:00,Kalaburagi,34.8,15,959.1,30.96,0,Clear,0
2021-12-12 07:00:00,Karimnagar,20.2,73,986,22.32,8,Clear,0
2010-07-23 13:00:00,Wayanad,26.2,72,926,47.88,100,Rain,0.1
2011-04-15 14:00:00,Bharuch,38.9,22,1003,20.88,20,Clear,0
2015-04-02 11:00:00,Nizamabad,34.6,28,967.5,23.76,0,Clear,0
2022-09-04 16:00:00,Mangaluru,27,84,1003.2,50.4,100,Rain,0.2
2012-12-05 06:00:00,Nizamabad,19,73,968.3,23.04,14,Clear,0
2019-10-28 13:00:00,Kota,26.7,61,983.6,23.04,99,Cloudy,0
2016-07-08 10:00:00,Udaipur,28.3,67,940.4,46.8,91,Cloudy,0
2000-05-04 18:00:00,Mysuru,27.2,64,925.8,36.72,49,Clear,0
2006-12-22 23:00:00,Shivamogga,21.9,72,947.6,47.88,3,Clear,0
2002-10-29 17:00:00,Wayanad,21.5,96,924.6,11.88,92,Rain,2.2
2007-07-05 14:00:00,Shivamogga,24.9,77,943.6,97.2,100,Rain,0.2
2002-01-15 23:00:00,Shivamogga,18.2,61,946.6,24.48,91,Cloudy,0
2025-06-02 13:00:00,Udaipur,32.7,40,940,47.52,34,Clear,0
2020-08-15 17:00:00,Anand,27.7,84,992.9,66.24,76,Rain,0.5
1999-08-01 15:00:00,Delhi_North,32.1,63,973.6,41.04,95,Cloudy,0
2013-03-27 05:00:00,Khammam,23.7,96,992.8,48.24,69,Cloudy,0
1998-02-08 09:00:00,Jodhpur,17.4,28,994.3,48.24,0,Clear,0
2009-03-25 08:00:00,Ratnagiri,26.2,82,1004.8,13.68,0,Clear,0
2015-10-03 09:00:00,Mangaluru,26.3,89,1012.6,32.76,100,Rain,0.1
2019-01-23 01:00:00,Ratnagiri,21.1,84,1005.3,35.28,0,Clear,0
2006-02-11 16:00:00,Delhi_North,27,31,987.8,35.64,0,Clear,0
2009-12-12 00:00:00,Ganganagar,13.3,65,995.2,28.44,96,Cloudy,0
1998-03-07 02:00:00,Kota,16.6,49,983.3,30.24,0,Clear,0
2008-11-06 04:00:00,Rajkot,20.4,98,995,20.88,2,Clear,0
2001-04-24 21:00:00,Adilabad,33.3,23,977.1,38.52,0,Clear,0
2009-11-13 23:00:00,Hyderabad,22.4,97,956,31.32,6,Clear,0
2005-08-23 08:00:00,Khammam,27.3,76,994.6,18.72,99,Cloudy,0
1996-05-31 21:00:00,Junagadh,29.2,69,996.4,46.8,1,Clear,0
2011-03-24 19:00:00,Aurangabad,29.6,25,943.8,28.8,21,Clear,0
2013-04-09 05:00:00,Pune,21,68,945.4,13.68,1,Clear,0
2020-04-05 00:00:00,Dharwad,26.5,73,931.2,41.04,53,Clear,0
2016-04-06 17:00:00,Kozhikode,31.5,62,1006.3,26.28,4,Clear,0
2022-10-03 07:00:00,Hubballi,21.5,93,940.7,38.88,96,Cloudy,0
2010-08-08 20:00:00,Kollam,25.8,89,1007.7,37.8,73,Cloudy,0
2022-12-16 09:00:00,Ajmer,17.5,55,960.8,24.84,0,Clear,0
2010-09-22 06:00:00,Mangaluru,24.3,94,1007.2,14.04,97,Rain,0.2
2023-06-03 09:00:00,Chikkamagaluru,25.7,72,901.5,14.4,41,Clear,0
2010-05-08 18:00:00,Kochi,28.2,86,1005.1,12.96,95,Rain,0.2
1999-08-01 11:00:00,Kollam,26.3,80,1009.1,60.48,100,Rain,0.5
2009-09-18 18:00:00,Anand,31.5,62,1003.2,25.2,13,Clear,0
2002-07-02 10:00:00,Dharwad,24.9,72,930.3,83.88,100,Cloudy,0
1999-12-29 09:00:00,Mysuru,19.6,71,933.2,58.32,40,Clear,0
2014-12-04 19:00:00,Karimnagar,22,58,981.7,18,25,Clear,0
2023-11-23 09:00:00,Wayanad,23.7,84,928.8,16.92,100,Cloudy,0
2020-11-05 10:00:00,Rajkot,30.4,34,1001,13.68,0,Clear,0
2023-02-28 08:00:00,Mumbai,23.1,47,1015.6,32.04,0,Clear,0
2007-11-28 10:00:00,Bhavnagar,25.5,54,1012.1,9.72,42,Clear,0
2003-08-19 05:00:00,Solapur,22.4,90,953.9,41.4,99,Cloudy,0
2014-11-09 02:00:00,Hubballi,18.4,66,940.9,21.96,74,Cloudy,0
2021-02-05 22:00:00,Ganganagar,11.3,85,997.8,27.36,0,Clear,0
1999-06-04 16:00:00,Thrissur,27.8,73,1007.3,46.8,93,Rain,0.3
2024-05-11 11:00:00,Amravati,37.8,29,970.9,7.92,10,Clear,0
2020-11-18 17:00:00,Ganganagar,18.5,38,992.1,28.8,0,Clear,0
2020-10-09 06:00:00,Bikaner,23.5,35,984,22.68,0,Clear,0
2000-11-21 09:00:00,Idukki,20.5,90,897.7,11.16,98,Cloudy,0
2013-08-28 18:00:00,Shivamogga,23.4,83,944.9,44.28,100,Cloudy,0
2023-04-04 04:00:00,Khammam,26,91,992.9,38.52,99,Cloudy,0
2024-01-20 12:00:00,Nagpur,26.8,58,979,23.76,8,Clear,0
2024-03-20 10:00:00,Hyderabad,27.2,61,959.4,33.12,5,Clear,0
2013-11-26 00:00:00,Ahmedabad,20.5,65,1005.8,29.88,96,Cloudy,0
1998-08-03 02:00:00,Bharuch,26.5,93,1002.3,39.24,100,Cloudy,0
2015-12-25 12:00:00,Bengaluru,25.3,45,916.5,60.84,1,Clear,0
2003-04-17 11:00:00,Ratnagiri,32.8,52,1002.5,22.32,9,Clear,0
2000-07-01 11:00:00,Chikkamagaluru,23.2,78,896.5,74.16,98,Rain,0.3
2023-02-19 05:00:00,Thrissur,22.6,93,1009.6,25.56,0,Clear,0
1997-10-29 03:00:00,Kollam,24.7,92,1010.1,13.32,89,Cloudy,0
2022-07-27 08:00:00,Idukki,21.3,86,897,19.44,98,Rain,0.2
2007-06-27 16:00:00,Ahmedabad,31,66,992.9,50.4,57,Rain,0.2
2011-12-16 06:00:00,Adilabad,18.7,47,984.3,8.64,5,Clear,0
2017-04-21 09:00:00,Wayanad,26.6,75,929.4,21.6,44,Rain,0.2
2011-01-14 12:00:00,Idukki,24,35,898.7,6.48,45,Clear,0
2015-12-01 17:00:00,Nizamabad,29.7,42,967.4,17.28,27,Clear,0
2000-10-21 13:00:00,Wayanad,23.8,81,926.7,30.24,88,Rain,0.4
2019-01-03 03:00:00,Kalaburagi,14.2,60,965,27.36,79,Cloudy,0
2005-08-16 19:00:00,Hyderabad,24.2,82,949.3,53.28,99,Cloudy,0
2020-12-23 10:00:00,Kolhapur,22.8,53,951.7,40.68,0,Clear,0
2017-04-25 11:00:00,Wayanad,31.8,45,929.2,21.24,31,Clear,0
2002-02-19 07:00:00,Ganganagar,13.1,78,1000.7,27.36,0,Clear,0
2016-05-10 13:00:00,Jodhpur,41.2,18,982.8,85.68,0,Clear,0
2012-03-25 08:00:00,Bhavnagar,24.3,41,1010.4,30.96,0,Clear,0
2011-09-29 09:00:00,Nashik,24.6,75,947.6,8.64,17,Clear,0
2016-05-31 15:00:00,Chikkamagaluru,24.1,78,898,37.8,92,Rain,4.4
2012-04-02 07:00:00,Nashik,25.9,37,947.3,18.72,11,Clear,0
2024-07-12 16:00:00,Delhi_North,36,54,968.7,12.24,67,Rain,0.3
2013-07-06 23:00:00,Surat,26.9,86,1003,74.52,100,Cloudy,0
2012-12-25 05:00:00,Aurangabad,16.4,61,945.4,25.92,82,Cloudy,0
1996-11-06 04:00:00,Ajmer,18.1,54,956.3,35.28,0,Clear,0
2025-04-07 22:00:00,Mumbai,29.8,54,1008.6,46.08,0,Clear,0
2001-12-13 04:00:00,Ajmer,12.1,82,963,26.64,0,Clear,0
2018-03-09 04:00:00,Hyderabad,21.2,40,954,32.76,25,Clear,0
2024-01-27 20:00:00,Jodhpur,16.5,50,992.3,39.96,100,Cloudy,0
1998-09-26 16:00:00,Delhi_North,30.8,71,982.5,1.8,18,Rain,0.1
1996-03-18 10:00:00,Ajmer,26.1,40,956.8,36.36,1,Clear,0
2007-06-27 09:00:00,Kota,32.3,53,974,54.36,90,Cloudy,0
2002-05-05 19:00:00,Delhi_North,36.6,18,973.5,29.88,47,Clear,0
1996-11-21 13:00:00,Kolhapur,29.2,30,951.2,45.36,100,Cloudy,0
2021-06-08 04:00:00,Bikaner,32.4,46,975.2,99.36,0,Clear,0
2016-01-25 09:00:00,New_Delhi,9.8,84,994,22.32,8,Clear,0
2017-02-09 14:00:00,Wayanad,31,21,927.7,24.48,0,Clear,0
2021-01-15 07:00:00,Idukki,19.4,88,897,72.72,99,Cloudy,0
2010-01-23 05:00:00,Wayanad,16.3,90,927.9,19.44,0,Clear,0
2003-06-16 18:00:00,Kota,38,29,967.9,46.8,63,Cloudy,0
2020-04-16 03:00:00,Surat,27.5,63,1005.8,24.48,48,Clear,0
2003-03-21 09:00:00,Nashik,29,26,948.5,16.56,0,Clear,0
2016-03-29 16:00:00,Kollam,30.7,70,1008.1,6.48,18,Clear,0
2013-02-22 08:00:00,Hubballi,23.2,52,945.9,33.12,0,Clear,0
2024-07-30 00:00:00,New_Delhi,30.5,79,975.2,48.24,92,Cloudy,0
2002-12-15 23:00:00,New_Delhi,14.6,69,991.9,29.52,6,Clear,0
2011-03-28 11:00:00,Nagpur,36.8,12,975.3,19.44,0,Clear,0
2024-12-07 03:00:00,Nagpur,22.8,86,975.3,15.84,86,Cloudy,0
2006-08-10 07:00:00,Nashik,21.8,96,939.6,75.24,100,Rain,0.7
2013-03-25 05:00:00,Adilabad,26.5,51,979.3,20.52,100,Cloudy,0
1999-06-02 15:00:00,Nagpur,36.7,28,967.8,44.64,33,Clear,0
2020-09-28 06:00:00,Bhavnagar,24.3,87,1006.3,24.48,6,Clear,0
2025-01-29 14:00:00,Udaipur,29.5,16,948.8,48.24,0,Clear,0
2011-10-11 14:00:00,Hyderabad,29.7,61,954.5,29.16,100,Rain,0.1
1996-03-26 13:00:00,Udaipur,35.4,20,943.6,54,0,Clear,0
1999-04-06 22:00:00,Thrissur,27.6,78,1007.9,14.4,90,Cloudy,0
2002-12-18 23:00:00,Bharuch,20.6,81,1010.3,26.64,0,Clear,0
2002-04-21 23:00:00,Solapur,32,36,955.8,55.8,27,Clear,0
2004-08-25 11:00:00,Dharwad,24.6,69,931.5,66.6,99,Cloudy,0
2014-01-18 22:00:00,Chikkamagaluru,21.4,75,903.1,9.72,7,Clear,0
1999-05-30 12:00:00,Adilabad,36.2,31,973.8,57.24,0,Clear,0
2010-04-11 19:00:00,Jaipur,35,16,955.1,35.28,81,Cloudy,0
1996-02-25 17:00:00,Bikaner,22.2,38,980.9,49.32,49,Clear,0
2013-05-30 16:00:00,Surat,33.7,49,1000.3,85.68,1,Clear,0
2005-07-09 09:00:00,Barmer,30.5,58,980.1,82.44,7,Clear,0
2013-08-04 05:00:00,Delhi_North,25.9,95,976.5,14.4,19,Clear,0
2003-12-02 16:00:00,Nagpur,28.6,30,977.3,13.68,94,Cloudy,0
2017-07-04 22:00:00,Ganganagar,34.1,45,974.3,46.44,14,Clear,0
1996-06-16 01:00:00,Bharuch,27.9,90,993.8,30.6,90,Cloudy,0
2021-08-11 10:00:00,Idukki,22.8,86,899.3,69.12,96,Rain,0.2
2018-10-07 06:00:00,Dharwad,22.2,89,930.1,48.24,100,Cloudy,0
2001-12-17 03:00:00,Nashik,16.4,76,949,24.48,0,Clear,0
2023-09-07 13:00:00,Surat,29.8,73,1001.8,53.28,100,Rain,0.1
2017-09-23 03:00:00,Thrissur,23,99,1007.2,14.76,16,Clear,0
2010-11-23 21:00:00,Karimnagar,22.7,83,979.5,25.92,0,Clear,0
2005-11-01 15:00:00,Kollam,27.4,81,1006.4,41.04,85,Rain,0.4
2016-11-21 23:00:00,Jodhpur,16.8,61,988,33.84,0,Clear,0
2013-12-28 05:00:00,Nashik,15.7,88,947.7,19.8,20,Clear,0
2023-06-20 07:00:00,Kollam,25.2,92,1006.3,32.4,99,Rain,0.3
1997-09-30 14:00:00,Anand,29.8,56,1006.5,42.48,30,Clear,0
2012-05-15 03:00:00,Delhi_North,24.7,41,978.1,29.88,0,Clear,0
2018-04-25 13:00:00,Karimnagar,39.3,21,975.3,5.76,31,Clear,0
2008-07-16 04:00:00,Junagadh,25.3,93,992.4,48.96,100,Cloudy,0
2002-11-15 15:00:00,Rajkot,32.1,23,996.2,21.6,0,Clear,0
1996-03-03 12:00:00,New_Delhi,24.2,57,990.3,21.6,5,Clear,0
2003-03-26 14:00:00,Rajkot,38.5,13,996.2,29.16,0,Clear,0
2023-01-11 18:00:00,Thiruvananthapuram,26.9,52,1009.1,29.88,0,Clear,0
2025-02-18 05:00:00,Ratnagiri,22,58,1002.2,9,0,Clear,0
2005-12-08 07:00:00,Delhi_North,7.3,88,989,23.4,0,Clear,0
2008-11-14 12:00:00,Ratnagiri,30.8,39,1001,33.48,70,Cloudy,0
2019-02-28 23:00:00,Jodhpur,16.6,24,988.4,34.2,1,Clear,0
2007-12-14 11:00:00,Thrissur,28.4,50,1006.7,58.68,100,Cloudy,0
1999-05-21 11:00:00,Amravati,35.1,40,967.5,60.84,21,Clear,0
2013-01-28 06:00:00,Kolhapur,19,59,950.7,20.52,0,Clear,0
2000-11-24 18:00:00,Nagpur,26.7,41,977.2,14.76,0,Clear,0
1996-05-12 11:00:00,Nagpur,39.5,19,974.3,49.68,8,Clear,0
1998-04-23 17:00:00,Hubballi,35.5,28,940.5,60.84,21,Clear,0
2010-02-11 08:00:00,Mangaluru,26.2,75,1010.8,25.92,59,Clear,0
2002-11-07 11:00:00,Ahmedabad,31.4,32,1009.4,29.88,3,Clear,0
1996-10-08 04:00:00,Chikkamagaluru,18.1,89,899.1,3.96,97,Cloudy,0
2015-09-14 17:00:00,Kalaburagi,26.9,78,954.6,23.4,99,Rain,1.4
2005-02-20 01:00:00,Anand,12.9,25,1010.8,37.44,0,Clear,0
2013-08-24 10:00:00,Ratnagiri,25.6,86,999.9,46.8,94,Rain,0.8
2024-01-27 00:00:00,Khammam,22.8,77,1003.4,35.64,19,Clear,0
2019-04-14 22:00:00,Mangaluru,29,80,1007.9,24.84,15,Clear,0
1999-01-15 20:00:00,Pune,21.9,43,952.5,25.92,0,Clear,0
2003-02-23 15:00:00,Bikaner,25.9,33,986.1,6.84,52,Clear,0
2025-12-17 20:00:00,Mysuru,22.6,53,932.3,35.28,0,Clear,0
2016-03-18 16:00:00,Ahmedabad,35.5,22,1001.6,60.48,0,Clear,0
2008-05-23 19:00:00,Idukki,19.2,95,895.8,6.84,100,Cloudy,0
2013-03-21 06:00:00,Kollam,25.1,91,1008.4,21.24,54,Clear,0
2009-12-21 23:00:00,Khammam,23,77,1001.8,30.24,10,Clear,0
2015-11-26 09:00:00,Kolhapur,26.2,55,952.5,29.16,0,Clear,0
2009-01-25 00:00:00,Wayanad,18.7,84,926.4,8.64,25,Clear,0
2011-06-22 03:00:00,Pune,22.6,94,942.5,44.64,100,Cloudy,0
2024-11-12 05:00:00,Chikkamagaluru,18.9,72,898.6,28.44,100,Cloudy,0
2016-08-18 11:00:00,Nizamabad,27.6,64,961.4,72.36,100,Rain,0.1
2009-06-20 05:00:00,Jaipur,26.5,43,953.4,26.28,4,Clear,0
2024-09-23 21:00:00,Anand,28.9,82,1001,25.56,100,Cloudy,0
2006-10-11 10:00:00,Barmer,31,46,993,29.88,0,Clear,0
2009-05-15 10:00:00,Bharuch,33,54,1003.7,81.72,16,Clear,0
2019-02-26 15:00:00,Bikaner,22.9,16,981.9,33.48,94,Cloudy,0
2002-11-21 22:00:00,Nizamabad,20.7,48,970.3,28.8,0,Clear,0
2016-08-19 22:00:00,Thrissur,24.4,89,1007.9,45.36,99,Rain,0.2
2004-01-05 17:00:00,Thrissur,29.1,64,1008.6,44.64,39,Clear,0
2009-03-27 21:00:00,New_Delhi,19.5,89,986.9,48.96,79,Cloudy,0
2000-11-17 21:00:00,Kozhikode,25.8,80,1007.4,15.48,91,Cloudy,0
2006-03-25 14:00:00,Nagpur,37.3,20,973.3,24.12,17,Clear,0
2021-01-12 17:00:00,Kollam,25.1,87,1005.7,12.24,100,Thunderstorm,7.9
2024-07-13 03:00:00,Wayanad,20.6,100,923.5,17.28,100,Rain,0.4
2020-06-27 21:00:00,Warangal,29,73,975.4,31.32,100,Rain,0.1
2013-12-21 23:00:00,Hyderabad,18.3,77,958.5,47.88,0,Clear,0
2020-09-05 13:00:00,Karimnagar,31.1,70,975.1,10.08,100,Rain,0.1
2025-03-28 07:00:00,Hubballi,24.5,61,940.9,19.44,0,Clear,0
2016-12-01 22:00:00,Kollam,24,67,1010.9,44.28,98,Cloudy,0
2002-02-23 14:00:00,Shivamogga,32.7,14,950.6,57.6,0,Clear,0
2025-11-25 17:00:00,Hubballi,26.9,45,942.9,50.4,73,Cloudy,0
2016-11-09 20:00:00,Dharwad,20.6,39,933.1,29.16,0,Clear,0
2004-08-16 08:00:00,Anand,24.5,95,998.5,41.04,100,Rain,0.7
2012-01-27 10:00:00,Rajkot,19.2,41,1002,30.24,0,Clear,0
2015-01-10 22:00:00,Dharwad,17.3,36,933.7,34.2,0,Clear,0
2022-01-17 19:00:00,Solapur,26,44,963.4,38.88,11,Clear,0
2022-04-24 01:00:00,New_Delhi,26.6,22,981.8,33.84,0,Clear,0
1998-07-11 08:00:00,Mumbai,27.8,87,1001.9,78.84,99,Rain,0.1
1998-12-26 19:00:00,Wayanad,21.3,68,927.9,22.68,26,Clear,0
2008-02-27 20:00:00,Rajkot,23.9,27,1000.1,33.84,0,Clear,0
2010-10-31 05:00:00,Nizamabad,20.9,80,968.3,33.84,53,Clear,0
2024-12-22 11:00:00,Hubballi,25.8,57,943.9,14.4,67,Cloudy,0
2017-03-21 12:00:00,Barmer,35,17,992.1,59.4,0,Clear,0
2000-03-09 08:00:00,Aurangabad,20.6,26,945.8,29.52,0,Clear,0
2000-08-17 14:00:00,Kollam,26.9,81,1007,51.12,98,Rain,0.2
2003-11-28 16:00:00,Ratnagiri,30.1,43,999.9,32.76,15,Clear,0
2006-09-17 18:00:00,Anand,29.6,85,998.5,36,100,Rain,0.9
2011-07-25 15:00:00,Nagpur,29.3,70,968.1,14.4,67,Cloudy,0
1996-03-05 04:00:00,Amravati,18.5,59,973.6,23.76,0,Clear,0
2000-06-01 01:00:00,Ratnagiri,24.6,95,999.1,21.96,100,Rain,0.7
1997-08-06 23:00:00,Kozhikode,23.1,95,1010.5,12.24,100,Rain,1.8
1996-05-06 14:00:00,Chikkamagaluru,31.1,35,898.6,39.6,93,Cloudy,0
2025-08-17 05:00:00,Kollam,24.2,95,1005.3,35.64,100,Rain,0.2
2022-10-20 00:00:00,Amravati,22.4,88,972.5,24.48,1,Clear,0
1998-01-17 05:00:00,Adilabad,20.8,78,980,10.8,64,Cloudy,0
2015-08-12 17:00:00,Delhi_North,31.3,67,976.3,20.16,52,Clear,0
2017-01-10 02:00:00,Mangaluru,22.9,79,1006.7,33.84,9,Clear,0
2007-12-05 11:00:00,Ratnagiri,28.3,51,1006.3,69.84,92,Cloudy,0
1997-08-01 01:00:00,Ajmer,24.9,97,942.9,23.76,96,Rain,0.2
2009-11-10 19:00:00,Kochi,24.7,91,1005.3,30.96,100,Rain,1
1996-11-12 01:00:00,Khammam,24.1,91,997,16.56,37,Clear,0
2025-11-09 09:00:00,Nizamabad,23.4,61,971.7,21.96,0,Clear,0
2024-11-19 14:00:00,Kozhikode,30.2,73,1006.5,30.24,66,Rain,0.1
2022-01-28 10:00:00,Nagpur,18.5,44,983.8,36.72,0,Clear,0
1999-04-28 09:00:00,Bharuch,29.7,59,1006.7,47.52,8,Clear,0
2012-07-14 23:00:00,Ratnagiri,24.8,94,999.1,20.88,100,Rain,0.2
1997-10-31 06:00:00,Chikkamagaluru,17.8,99,901.7,1.8,79,Cloudy,0
2006-06-19 08:00:00,Hyderabad,28.2,67,951.1,34.92,28,Clear,0
2017-10-07 09:00:00,Dharwad,24.8,80,929.3,40.68,98,Rain,0.1
2023-03-16 14:00:00,Ratnagiri,30.8,57,1000.4,51.12,86,Rain,0.5
2015-07-01 07:00:00,Bhavnagar,27,85,1004.6,51.48,44,Clear,0
2016-01-16 11:00:00,Barmer,18.1,44,993.4,47.16,0,Clear,0
2018-12-04 01:00:00,Ganganagar,13.9,74,995.3,26.28,98,Cloudy,0
2000-09-16 19:00:00,Aurangabad,26.5,65,941.7,24.84,21,Clear,0
2020-02-19 08:00:00,Karimnagar,21.4,75,984.6,18,0,Clear,0
2023-06-21 01:00:00,Jodhpur,27.1,83,977.4,79.92,3,Clear,0
2012-04-09 06:00:00,Adilabad,29,46,977,35.64,34,Clear,0
2016-01-13 05:00:00,Delhi_North,11.3,93,987,25.56,7,Clear,0
2023-06-08 21:00:00,Shivamogga,24.6,84,945.2,47.16,91,Cloudy,0
2011-01-04 05:00:00,Kochi,24.4,88,1007.8,6.48,75,Cloudy,0
2001-02-08 21:00:00,Adilabad,22.2,28,982.2,29.52,0,Clear,0
2023-11-24 02:00:00,Amravati,20.9,66,972.1,26.28,2,Clear,0
2012-05-13 16:00:00,Dharwad,26.5,73,927.2,34.56,91,Rain,2
2008-08-23 13:00:00,New_Delhi,31.6,70,980.1,9.72,46,Rain,0.3
2009-09-28 00:00:00,Bengaluru,20.3,93,909.3,38.88,100,Cloudy,0
2000-04-18 06:00:00,Surat,24.4,90,1005.3,1.44,0,Clear,0
2023-07-14 15:00:00,Kota,31.2,74,972.2,33.12,100,Rain,0.3
2014-03-30 08:00:00,Bengaluru,27.2,30,914.4,36.72,77,Cloudy,0
2012-09-28 10:00:00,Surat,28.4,76,1011.6,46.8,3,Clear,0
2013-01-09 21:00:00,Pune,23,54,951.7,28.44,6,Clear,0
2005-02-05 22:00:00,Anand,21.5,64,1007.9,16.92,0,Clear,0
1999-01-01 16:00:00,Bikaner,23.3,29,991.2,11.88,0,Clear,0
2018-11-29 11:00:00,Mumbai,31.3,32,1015.2,27.36,49,Clear,0
2011-10-09 16:00:00,Anand,33.5,44,1004.2,25.56,28,Clear,0
2020-08-08 05:00:00,Pune,22.8,92,942.3,47.52,86,Cloudy,0
1999-05-21 06:00:00,Bengaluru,20.1,95,909.4,58.32,95,Cloudy,0
2000-10-14 17:00:00,Kollam,26.1,85,1006.1,37.08,100,Rain,0.2
2005-07-18 02:00:00,Nashik,22.5,98,940.9,28.8,98,Cloudy,0
2023-09-22 16:00:00,Jaipur,32.2,55,956.9,21.6,20,Clear,0
2022-08-27 15:00:00,Nashik,27,66,942,54.72,99,Cloudy,0
2016-11-18 22:00:00,Mysuru,24.2,46,929.8,36.36,97,Cloudy,0
2014-07-16 15:00:00,Bharuch,29.7,74,994.4,45.36,100,Rain,0.2
2022-03-13 07:00:00,Bharuch,22.8,47,1009.4,21.6,0,Clear,0
2006-10-06 06:00:00,Kollam,24.5,93,1009.9,18.72,83,Cloudy,0
2012-02-21 06:00:00,Delhi_North,11.5,91,982.5,28.08,89,Cloudy,0
2001-05-03 23:00:00,Karimnagar,33.4,37,971.6,60.84,3,Clear,0
2009-11-14 23:00:00,Wayanad,20.1,99,926.5,23.04,100,Rain,0.2
2020-02-14 08:00:00,Pune,20.6,61,953.2,5.4,6,Clear,0
2015-06-22 21:00:00,Surat,26.5,92,996,109.44,95,Rain,0.8
2021-06-25 05:00:00,Ajmer,26.5,75,948.7,61.2,19,Clear,0
2009-11-08 05:00:00,Barmer,20.5,36,987.5,13.68,0,Clear,0
2008-04-20 23:00:00,Pune,27,55,947.7,25.92,6,Clear,0
2016-01-23 03:00:00,Rajkot,15.2,44,1001.2,38.52,0,Clear,0
1997-08-28 07:00:00,Thiruvananthapuram,24.1,93,1008.3,85.32,99,Rain,0.2
2010-11-11 08:00:00,Nizamabad,24.9,85,969.4,8.28,14,Clear,0
2009-08-16 22:00:00,Mysuru,21.6,94,927.9,28.44,100,Rain,0.7
1998-05-02 23:00:00,Amravati,33.4,29,970,27.36,18,Clear,0
2008-10-23 06:00:00,Udaipur,21.6,42,948.3,13.32,6,Clear,0
2017-12-18 09:00:00,Jodhpur,15.1,43,997.1,48.24,0,Clear,0
2000-05-04 10:00:00,Nagpur,39.8,15,971.5,14.76,0,Clear,0
2012-08-16 20:00:00,Nizamabad,27,68,961.5,21.24,99,Cloudy,0
2009-10-10 00:00:00,Pune,19.7,97,948.5,25.92,60,Cloudy,0
2019-09-28 13:00:00,Kozhikode,28.8,80,1009.2,42.48,94,Rain,0.7
2025-07-18 11:00:00,Delhi_North,31.8,66,977.1,61.56,100,Cloudy,0
1999-05-29 15:00:00,Hubballi,28.6,52,936.8,69.84,99,Cloudy,0
2011-12-13 11:00:00,Khammam,28.7,46,1000.5,8.28,1,Clear,0
2002-12-01 12:00:00,Ahmedabad,29.6,26,1008.2,31.32,0,Clear,0
2012-03-22 11:00:00,Nizamabad,36.7,14,968.6,25.92,0,Clear,0
2011-03-26 12:00:00,Thrissur,33.1,55,1007.5,29.88,10,Clear,0
2002-10-01 21:00:00,Jodhpur,31.3,18,985.2,39.6,31,Clear,0
2006-12-28 16:00:00,Amravati,27.8,39,974.7,12.96,21,Clear,0
2007-04-23 12:00:00,Ahmedabad,34.7,34,1003.1,45.72,0,Clear,0
2023-07-13 20:00:00,Junagadh,26.5,90,994.2,42.48,100,Rain,0.1
2015-11-14 07:00:00,Mangaluru,24.9,91,1007.9,29.52,89,Cloudy,0
2020-08-25 12:00:00,Solapur,29,64,957.7,56.16,79,Rain,0.2
2013-11-22 14:00:00,Wayanad,27.3,56,925.1,12.6,86,Cloudy,0
2000-04-12 09:00:00,Nagpur,35.1,18,973.8,26.64,0,Clear,0
2006-08-23 15:00:00,New_Delhi,33.3,58,977.2,3.6,96,Cloudy,0
1997-11-03 00:00:00,Junagadh,25,50,1004.8,33.84,11,Clear,0
1996-12-18 01:00:00,Aurangabad,20.9,50,948.7,31.32,97,Cloudy,0
2024-11-06 10:00:00,Adilabad,28.8,50,985.3,11.88,0,Clear,0
2011-10-05 14:00:00,Solapur,31,42,957.7,31.32,39,Clear,0
2015-03-17 20:00:00,Hubballi,28.3,45,942.7,24.84,23,Clear,0
2024-03-07 12:00:00,Mysuru,34.3,22,931.4,22.32,0,Clear,0
2007-04-10 16:00:00,Barmer,39.6,9,984.8,54.72,0,Clear,0
2018-09-13 02:00:00,Bhavnagar,25.5,78,1004.7,51.84,10,Clear,0
2009-11-18 16:00:00,Thiruvananthapuram,26.6,83,1007.1,42.84,93,Rain,0.7
2015-04-08 17:00:00,Hyderabad,33.3,33,952.1,40.32,27,Clear,0
2006-06-01 16:00:00,Hyderabad,30.4,54,948.3,72.36,51,Rain,0.2
2006-04-13 19:00:00,Kollam,27.8,79,1005.4,11.88,76,Cloudy,0
2005-07-19 23:00:00,Mangaluru,24.6,94,1008.2,33.12,96,Rain,0.4
1996-10-26 14:00:00,Kolhapur,27.4,55,945.5,43.2,40,Clear,0
2012-01-16 11:00:00,Bengaluru,24,18,913.6,14.76,93,Cloudy,0
2013-11-15 16:00:00,Hubballi,27,34,940.8,49.68,0,Clear,0
2016-08-18 22:00:00,Ganganagar,31,60,980.6,14.4,93,Cloudy,0
2000-07-24 08:00:00,Pune,22.8,84,947,55.44,96,Cloudy,0
2008-02-21 07:00:00,Thrissur,23.4,95,1011.1,17.28,12,Clear,0
2025-09-03 07:00:00,Warangal,25.8,83,973.4,52.56,100,Cloudy,0
1999-04-09 00:00:00,Shivamogga,24.9,84,945.4,43.56,33,Clear,0
2010-05-24 08:00:00,Bhavnagar,29.7,68,1002.7,32.4,8,Clear,0
2013-07-23 08:00:00,Kollam,25.1,92,1007.3,32.4,100,Cloudy,0
2007-08-13 08:00:00,Solapur,24,82,955.9,74.16,100,Cloudy,0
2011-11-01 14:00:00,Warangal,29.5,58,979.9,23.76,69,Cloudy,0
2025-07-31 02:00:00,Bhavnagar,26.4,86,998.6,57.24,100,Cloudy,0
1996-08-09 00:00:00,Dharwad,20.7,88,928.6,72.72,100,Cloudy,0
2008-07-31 18:00:00,Junagadh,27.5,82,989.9,61.56,99,Cloudy,0
2017-07-13 06:00:00,Aurangabad,23.4,84,939.9,69.84,100,Cloudy,0
2001-02-23 19:00:00,Ratnagiri,26.7,53,1001.2,38.88,0,Clear,0
2019-06-02 20:00:00,Ratnagiri,28.5,77,999.1,18,35,Clear,0
2024-07-23 05:00:00,Mysuru,21.1,92,927.2,65.88,100,Cloudy,0
1999-10-02 07:00:00,Surat,25.2,95,1007.4,17.64,84,Rain,1
2014-02-16 10:00:00,Hubballi,24.7,45,943.9,49.32,10,Clear,0
2000-04-09 06:00:00,Jaipur,20.2,34,958.1,25.92,0,Clear,0
2009-07-07 08:00:00,Thiruvananthapuram,24.5,89,1008.3,74.16,97,Cloudy,0
1996-10-31 17:00:00,Ganganagar,31.9,20,987.5,28.44,0,Clear,0
2018-08-13 22:00:00,Kozhikode,23.6,97,1010.2,42.12,100,Rain,2
2014-08-19 20:00:00,Hyderabad,28.1,67,952.9,15.48,97,Cloudy,0
2007-03-10 11:00:00,Anand,29.2,38,1008.6,14.4,0,Clear,0
2000-05-11 15:00:00,New_Delhi,40.7,22,975.2,2.52,35,Clear,0
2022-05-19 09:00:00,Shivamogga,22.9,93,943.2,43.56,100,Rain,1.6
2010-04-18 10:00:00,Mysuru,29.3,60,931.6,27.36,82,Cloudy,0
2015-02-17 22:00:00,Bikaner,22.5,62,986.3,41.04,0,Clear,0
2006-11-27 03:00:00,Anand,16.8,68,1005.8,25.56,2,Clear,0
1997-01-30 15:00:00,Ahmedabad,27.7,22,1005.3,43.56,0,Clear,0
2008-07-16 13:00:00,Amravati,31.5,56,964.7,48.24,81,Cloudy,0
2008-03-28 23:00:00,Wayanad,20.5,98,927.4,9,98,Rain,1.3
2004-07-18 20:00:00,Ratnagiri,24.9,93,997.8,36,56,Rain,0.4
1999-09-22 09:00:00,Bhavnagar,28.4,69,1007.9,40.68,76,Cloudy,0
2004-11-17 05:00:00,Nagpur,16.9,60,978.8,24.48,1,Clear,0
2016-12-01 00:00:00,Ajmer,17.2,62,960,32.04,0,Clear,0
2015-06-07 18:00:00,Khammam,32.3,55,988,16.56,100,Cloudy,0
2002-05-20 07:00:00,Jaipur,29.7,46,948.4,76.68,0,Clear,0
2020-05-15 20:00:00,Jodhpur,35.3,20,979.9,25.56,30,Clear,0
2004-12-25 22:00:00,Kollam,26.1,78,1010.2,15.12,0,Clear,0
2017-02-17 12:00:00,Dharwad,30,27,935.4,100.8,0,Clear,0
2017-12-19 17:00:00,Hubballi,24.9,43,944,35.64,0,Clear,0
2018-04-03 08:00:00,Kochi,28.1,81,1010.1,13.32,62,Cloudy,0
2020-07-14 04:00:00,Thrissur,24,96,1003.8,6.48,31,Clear,0
2018-07-16 18:00:00,Kollam,25.9,90,1005.9,57.6,100,Rain,0.1
2015-01-22 14:00:00,Khammam,29.4,31,1000.3,37.44,0,Clear,0
2024-05-03 03:00:00,Jodhpur,26,15,980.4,10.44,92,Cloudy,0
2004-02-11 18:00:00,Karimnagar,26.7,43,983.1,31.32,0,Clear,0
2024-01-29 15:00:00,Junagadh,28.6,37,1004.7,29.52,44,Clear,0
2016-11-17 20:00:00,Amravati,19.8,58,975.5,24.84,0,Clear,0
2013-01-15 05:00:00,Kota,14.7,64,982.8,10.8,1,Clear,0
2001-08-22 21:00:00,Hubballi,22,89,938.7,48.6,91,Cloudy,0
2023-06-28 08:00:00,Rajkot,28,84,989.6,42.48,100,Cloudy,0
2019-08-28 12:00:00,Barmer,31.5,73,980.7,41.4,99,Rain,0.9
1999-01-28 22:00:00,Chikkamagaluru,17,69,899.1,21.6,23,Clear,0
1997-08-04 14:00:00,Aurangabad,28,64,939.7,105.12,92,Rain,0.2
2016-08-11 03:00:00,Bharuch,25.5,91,1001.4,47.52,98,Cloudy,0
2016-12-15 02:00:00,Wayanad,18.6,99,926.2,16.56,53,Clear,0
1999-03-06 05:00:00,Aurangabad,19.8,47,940,14.4,12,Clear,0
2001-06-20 10:00:00,New_Delhi,34.7,50,973.7,77.76,17,Clear,0
2009-01-08 04:00:00,Kollam,23.5,87,1009.8,19.44,13,Clear,0
2025-10-10 17:00:00,Kolhapur,27.9,73,946.6,3.96,100,Cloudy,0
2023-09-14 23:00:00,Bengaluru,20.2,96,910.8,47.52,98,Cloudy,0
2015-10-12 12:00:00,Dharwad,27.2,67,933.5,6.84,63,Cloudy,0
2012-04-20 21:00:00,Aurangabad,26.2,60,945.6,21.24,44,Clear,0
2018-07-30 13:00:00,Adilabad,30,61,973.2,54.72,99,Rain,0.1
2024-07-15 04:00:00,Kollam,24.9,92,1005.3,77.76,100,Rain,1.4
1999-12-06 07:00:00,Mangaluru,23.7,84,1010.3,11.88,52,Clear,0
2012-12-07 09:00:00,Anand,22.9,48,1009.5,25.92,0,Clear,0
2004-11-09 15:00:00,Delhi_North,27.4,28,987.1,43.2,0,Clear,0
1997-05-17 13:00:00,Chikkamagaluru,30.8,42,898.4,29.52,100,Cloudy,0
2022-12-15 15:00:00,Aurangabad,28.5,50,945.5,7.92,60,Cloudy,0
1999-09-05 08:00:00,Kochi,24.9,87,1011,11.16,97,Cloudy,0
2010-02-19 21:00:00,Warangal,28.5,47,983.8,33.48,29,Clear,0
2022-09-30 17:00:00,Solapur,28.1,69,953.8,33.84,90,Cloudy,0
2015-09-23 12:00:00,Bengaluru,27.8,54,912.7,15.12,59,Clear,0
2014-05-29 17:00:00,Khammam,37.2,41,988.3,18.36,18,Clear,0
2022-03-12 17:00:00,Ahmedabad,35.3,12,1003.1,44.28,0,Clear,0
2001-02-05 12:00:00,Delhi_North,20.3,31,989.7,19.8,19,Clear,0
2025-09-07 15:00:00,Dharwad,25.5,72,928,81.36,99,Rain,0.3
2015-10-22 09:00:00,Pune,29.4,47,953.1,30.24,2,Clear,0
2021-05-16 16:00:00,Nagpur,35.3,42,968.9,40.32,85,Cloudy,0
2020-06-25 10:00:00,Solapur,29.1,68,954.3,14.76,41,Rain,0.1
2018-02-01 08:00:00,Ahmedabad,17.5,69,1010.1,23.04,0,Clear,0
2004-04-10 05:00:00,Thiruvananthapuram,25.5,88,1007.1,13.32,79,Cloudy,0
2017-06-24 21:00:00,Hyderabad,26.5,73,947.5,39.24,100,Rain,0.1
1996-07-21 15:00:00,Idukki,19.7,89,895.5,53.28,100,Rain,2.3
2016-06-16 23:00:00,Bhavnagar,30.5,61,1000.3,77.4,0,Clear,0
2000-05-17 03:00:00,Nashik,22.9,90,940.7,46.08,61,Cloudy,0
2013-11-20 20:00:00,Karimnagar,20.3,71,978.7,32.4,0,Clear,0
2011-03-22 21:00:00,Nagpur,29,26,973.1,30.24,0,Clear,0
2007-04-20 10:00:00,Thiruvananthapuram,28.6,81,1010.7,22.68,24,Clear,0
2019-11-24 17:00:00,Pune,24.9,50,949.9,23.76,0,Clear,0
2011-11-11 00:00:00,Rajkot,25.1,52,998.4,18,41,Clear,0
2021-12-31 12:00:00,Jaipur,16.9,36,973.5,20.88,100,Cloudy,0
2015-10-10 02:00:00,Hubballi,22.1,93,940.2,32.04,100,Cloudy,0
2015-10-23 18:00:00,Ratnagiri,29.3,79,1001.9,19.44,16,Clear,0
2000-04-07 03:00:00,Dharwad,22.9,85,927.9,34.56,36,Clear,0
2024-01-14 19:00:00,Kota,16.8,83,986.5,27,0,Clear,0
1999-01-24 01:00:00,Kalaburagi,18.7,42,961.1,43.2,88,Cloudy,0
1997-02-27 14:00:00,Adilabad,35,17,981.3,33.48,0,Clear,0
2016-05-27 19:00:00,Ganganagar,37.4,31,979.6,25.56,1,Clear,0
2018-05-06 17:00:00,Bharuch,39.8,17,1002.9,53.64,0,Clear,0
2018-11-02 22:00:00,Thiruvananthapuram,24.5,96,1009.5,18.72,97,Rain,0.1
2018-08-26 09:00:00,Jaipur,27.6,74,953.8,74.16,70,Cloudy,0
2005-07-31 05:00:00,Anand,25.4,87,993.3,26.64,96,Cloudy,0
2001-09-17 02:00:00,Adilabad,25.1,87,976.9,19.44,73,Cloudy,0
2015-09-01 16:00:00,Hyderabad,30,54,949.8,56.16,100,Cloudy,0
2018-05-17 06:00:00,Udaipur,28.5,46,942.9,56.52,0,Clear,0
2017-07-20 17:00:00,Ratnagiri,26,91,993.5,78.84,100,Rain,1.3
2004-04-09 13:00:00,Ganganagar,39.3,14,982.6,57.96,2,Clear,0
2000-10-29 07:00:00,Thiruvananthapuram,24.8,87,1011.1,31.68,24,Clear,0
2007-08-05 23:00:00,Jaipur,25.7,93,950.4,22.68,99,Cloudy,0
2018-11-24 18:00:00,Warangal,24.7,50,985.1,23.76,0,Clear,0
2018-12-08 13:00:00,Bikaner,26.1,26,988.8,21.6,0,Clear,0
2015-06-12 00:00:00,Hubballi,23.1,90,939.3,51.84,99,Cloudy,0
2001-07-04 14:00:00,Shivamogga,24.6,74,941.6,92.52,99,Rain,0.4
2011-12-11 00:00:00,Solapur,24.2,51,959.6,45.72,41,Clear,0
2005-11-21 10:00:00,Bengaluru,21.8,66,914.2,71.28,97,Cloudy,0
1996-03-01 21:00:00,Ahmedabad,28.3,28,1005.3,27,9,Clear,0
2022-09-19 00:00:00,Bengaluru,19.9,92,911.3,27.36,100,Cloudy,0
2001-08-26 11:00:00,Kalaburagi,27.6,64,959.3,65.16,78,Rain,0.2
2025-03-28 12:00:00,Nizamabad,36.2,25,965.2,15.48,0,Clear,0
2017-05-15 11:00:00,Ratnagiri,30.6,68,1001.4,45,100,Cloudy,0
2008-09-30 14:00:00,Nagpur,31.3,56,972.3,5.4,17,Clear,0
2018-05-05 02:00:00,Pune,22.9,69,946.8,25.92,6,Clear,0
2015-11-24 22:00:00,Ratnagiri,26.4,86,1004.1,23.4,92,Rain,0.2
2000-04-18 03:00:00,Ganganagar,24,36,982.2,33.48,0,Clear,0
1997-05-08 03:00:00,New_Delhi,24.4,63,979.5,22.32,33,Rain,0.4
2008-03-05 13:00:00,Delhi_North,31.6,23,985.3,27.36,0,Clear,0
2011-12-11 19:00:00,Aurangabad,22.5,45,945.8,27.72,0,Clear,0
2023-04-13 04:00:00,Thrissur,25.2,94,1007.9,13.68,29,Clear,0
2014-08-11 22:00:00,Amravati,26.1,78,966.4,28.44,78,Cloudy,0
2021-02-17 23:00:00,Nizamabad,23.5,42,968.1,29.88,1,Clear,0
2012-08-14 14:00:00,Hyderabad,28.7,58,950.2,67.68,100,Cloudy,0
2006-06-04 17:00:00,Khammam,33.5,48,986.6,34.56,100,Cloudy,0
2023-12-27 22:00:00,Idukki,18.9,90,900.8,36.72,95,Cloudy,0
2012-09-29 11:00:00,Mumbai,30.3,71,1009.3,34.92,21,Clear,0
2022-09-14 18:00:00,Kozhikode,25.5,87,1009.6,19.44,60,Rain,0.3
2014-04-16 14:00:00,Hubballi,35.1,32,940.7,15.12,52,Clear,0
1999-09-02 14:00:00,Junagadh,30.2,60,996.1,69.12,97,Cloudy,0
2021-11-28 23:00:00,Mangaluru,26.5,73,1008,40.68,100,Cloudy,0
1997-04-05 01:00:00,Kollam,25.5,88,1007.9,5.76,63,Rain,0.4
2019-02-18 16:00:00,Adilabad,30.8,25,978.8,21.24,0,Clear,0
2020-10-02 03:00:00,Junagadh,22.7,97,997.8,18.36,78,Cloudy,0
2020-03-07 10:00:00,Hubballi,26.6,40,945.5,12.96,18,Clear,0
2018-06-25 21:00:00,Anand,27.7,86,994.2,38.88,100,Rain,0.5
2002-12-10 09:00:00,Warangal,25.3,56,988.2,11.16,93,Cloudy,0
1997-12-09 07:00:00,Pune,17.9,99,948,23.4,100,Cloudy,0
2008-10-28 12:00:00,Bengaluru,25.8,42,913.6,32.76,40,Clear,0
2006-07-23 21:00:00,Mangaluru,25.4,87,1010.1,17.28,100,Rain,0.5
2000-11-05 21:00:00,Nashik,23.1,60,947.5,23.76,8,Clear,0
2005-12-25 06:00:00,Aurangabad,14.4,52,948,39.6,0,Clear,0
2013-05-12 12:00:00,Warangal,39.8,24,975.5,50.4,15,Clear,0
2021-08-24 05:00:00,Adilabad,24.4,92,976.7,25.92,60,Cloudy,0
2017-03-14 16:00:00,Wayanad,26.2,72,925.8,23.4,79,Rain,1.6
2005-09-22 03:00:00,Bengaluru,18.8,93,909.6,40.68,50,Clear,0
1997-09-05 03:00:00,Mumbai,24.7,94,1007.6,21.24,100,Rain,0.1
1998-07-25 11:00:00,Hubballi,26.5,75,938.5,53.28,98,Cloudy,0
2015-03-10 02:00:00,Adilabad,23.6,76,985,13.32,21,Clear,0
2019-01-28 10:00:00,Kozhikode,30.5,49,1013.9,27.36,21,Clear,0
2004-07-29 05:00:00,Mysuru,20.9,90,924.8,44.28,100,Cloudy,0
2023-03-03 14:00:00,Kollam,32,45,1009.9,70.56,0,Clear,0
2025-01-02 04:00:00,Kozhikode,21.3,93,1007.9,5.4,100,Cloudy,0
2024-11-03 13:00:00,Thrissur,30.1,70,1007.1,37.8,68,Rain,0.4
2008-03-23 19:00:00,Mysuru,22.8,80,926.3,42.48,98,Cloudy,0
2014-01-15 07:00:00,Khammam,19.4,95,1001.4,25.2,97,Cloudy,0
2001-11-07 15:00:00,Idukki,20,95,895,15.12,97,Rain,0.8
2010-07-16 15:00:00,Mumbai,27.5,86,1000.6,45.72,66,Rain,0.5
2016-06-08 01:00:00,Nagpur,32.5,50,968.3,33.48,100,Cloudy,0
2011-05-17 18:00:00,Bengaluru,26.4,62,911.1,11.16,65,Rain,0.1
2013-09-12 09:00:00,Khammam,28.2,75,993.7,29.88,27,Clear,0
2024-01-14 20:00:00,Kozhikode,25.9,89,1010.6,16.92,25,Clear,0
2017-04-19 19:00:00,Kolhapur,28,61,946.5,54.36,6,Clear,0
2006-12-27 18:00:00,Jodhpur,19,48,991.2,45,0,Clear,0
2015-07-19 04:00:00,Kolhapur,22.8,93,942.6,77.76,100,Rain,0.2
2024-09-24 10:00:00,Amravati,29.2,77,968,32.04,100,Rain,0.1
2022-04-25 06:00:00,Nashik,23.5,48,943.9,30.96,0,Clear,0
1998-01-04 19:00:00,Anand,25.9,54,1011.7,25.2,11,Clear,0
1998-12-16 09:00:00,Solapur,21.8,47,964,43.2,3,Clear,0
2008-09-16 05:00:00,Pune,21.8,93,943.5,53.28,100,Rain,0.5
2025-06-17 23:00:00,Karimnagar,29.5,56,973.1,65.16,100,Cloudy,0
2020-11-02 22:00:00,Anand,24.2,44,1010,27.36,20,Clear,0
2002-01-07 17:00:00,Hubballi,27.7,40,942,16.56,12,Clear,0
2022-08-04 18:00:00,Nizamabad,26.9,87,957.7,7.92,100,Cloudy,0
1997-03-15 15:00:00,Idukki,29.4,27,898.8,21.24,34,Clear,0
2007-02-18 02:00:00,Hyderabad,20.1,79,955.3,29.88,2,Clear,0
2007-07-22 10:00:00,Amravati,29.2,67,966.9,34.2,43,Clear,0
2016-01-13 03:00:00,Rajkot,16.3,98,998.7,29.52,90,Cloudy,0
1998-09-14 23:00:00,Kochi,24.6,92,1010.4,10.8,100,Rain,0.3
2011-05-07 20:00:00,Karimnagar,33.8,30,971.7,26.64,4,Clear,0
1997-10-04 17:00:00,Amravati,28.5,57,973.3,26.28,13,Clear,0
2003-12-20 19:00:00,Nashik,21.5,45,951.1,16.92,6,Clear,0
1998-02-16 12:00:00,Barmer,23.8,37,990,112.68,79,Cloudy,0
2011-06-30 13:00:00,New_Delhi,32.7,61,973,45.36,84,Cloudy,0
1996-04-25 23:00:00,Thiruvananthapuram,26.5,88,1007.5,37.44,61,Cloudy,0
2019-05-25 23:00:00,Thrissur,26.1,95,1007.5,19.8,100,Rain,1.7
2025-03-06 12:00:00,Kochi,32,61,1010.8,56.16,53,Clear,0
2007-11-08 04:00:00,Mysuru,19.3,96,926.8,5.76,98,Cloudy,0
1996-02-11 23:00:00,Jodhpur,14.5,69,994.1,57.24,0,Clear,0
2025-07-25 01:00:00,Ajmer,26,77,944.5,41.4,4,Clear,0
2013-12-08 04:00:00,Jodhpur,12.7,86,986.5,23.76,0,Clear,0
2005-08-26 18:00:00,Mangaluru,26.8,81,1006,63.36,34,Clear,0
2017-11-13 01:00:00,Thiruvananthapuram,24.2,94,1006.6,12.96,95,Cloudy,0
2020-10-05 10:00:00,Ahmedabad,30.3,62,1004.8,48.6,69,Cloudy,0
2007-11-28 09:00:00,Nagpur,22.3,46,980.8,19.44,0,Clear,0
1998-08-12 18:00:00,Khammam,29.1,74,987.4,20.52,100,Cloudy,0
2025-04-24 05:00:00,Amravati,27.7,17,966.8,38.52,0,Clear,0
2016-12-04 23:00:00,Adilabad,21,75,986.2,23.04,1,Clear,0
2009-04-28 21:00:00,Mangaluru,26.5,85,1008,10.08,97,Cloudy,0
2013-08-08 03:00:00,Nizamabad,24.1,82,961.4,35.28,99,Cloudy,0
2012-04-24 05:00:00,Mumbai,25,87,1007.3,38.88,51,Clear,0
2004-02-29 18:00:00,Kochi,28.8,68,1007.9,29.52,4,Clear,0
1998-10-09 09:00:00,Pune,25.9,81,947.9,53.28,58,Clear,0
1998-06-03 19:00:00,Warangal,39.1,22,972,32.4,23,Clear,0
2020-12-27 09:00:00,Mumbai,26.2,58,1013.7,26.28,68,Cloudy,0
2007-03-08 10:00:00,Ajmer,25.7,18,958.4,31.68,0,Clear,0
2013-12-28 23:00:00,Udaipur,11.7,64,952.4,30.24,0,Clear,0
2011-10-14 10:00:00,Mangaluru,27.9,78,1008.1,10.44,24,Clear,0
2023-11-23 14:00:00,Amravati,30.7,35,971.7,10.44,24,Clear,0
2013-04-14 13:00:00,Shivamogga,35.3,29,946.5,20.52,13,Clear,0
1999-12-10 15:00:00,Bengaluru,25.5,39,912,30.24,80,Cloudy,0
2019-01-02 02:00:00,Nashik,13,53,949.7,14.4,70,Cloudy,0
2017-07-28 16:00:00,Jodhpur,30.1,76,975.4,52.2,100,Cloudy,0
1997-11-09 12:00:00,Aurangabad,29.3,42,947.7,29.16,21,Clear,0
2021-09-25 20:00:00,Mysuru,22.9,86,926.9,48.96,97,Cloudy,0
2019-06-20 12:00:00,Hubballi,25.1,84,938.9,65.52,98,Rain,2
2003-12-29 02:00:00,Kalaburagi,20.6,79,964.8,47.88,26,Clear,0
2014-04-08 14:00:00,Rajkot,36.3,13,995.7,32.76,0,Clear,0
1998-03-28 10:00:00,Bengaluru,29.7,37,916.3,24.12,11,Clear,0
2019-11-08 11:00:00,Barmer,26.7,36,992.1,82.44,0,Clear,0
2025-05-01 11:00:00,Solapur,40.2,14,957.9,39.24,22,Clear,0
2019-07-11 10:00:00,Amravati,27.9,73,966.8,70.56,100,Cloudy,0
2025-03-22 17:00:00,Ganganagar,31.1,24,991,11.16,1,Clear,0
2024-06-07 12:00:00,Khammam,35.1,49,990.6,9.36,100,Cloudy,0
2025-11-26 10:00:00,Shivamogga,27.4,50,950.6,48.6,98,Cloudy,0
2007-12-26 02:00:00,Nagpur,17.6,72,975.9,25.92,19,Clear,0
2003-06-24 00:00:00,Delhi_North,29.2,81,973.5,19.44,55,Clear,0
2011-06-29 12:00:00,Kolhapur,26.6,72,944.9,91.8,97,Cloudy,0
1998-07-20 09:00:00,Idukki,20.5,94,897.2,19.8,100,Cloudy,0
2010-06-11 02:00:00,Nizamabad,28.6,68,958.2,36,85,Cloudy,0
2002-09-04 21:00:00,Adilabad,24.8,88,975,39.24,99,Cloudy,0
2015-08-27 22:00:00,Aurangabad,25.2,74,942.2,28.8,100,Cloudy,0
2001-11-21 12:00:00,Ahmedabad,32.2,20,1009.7,14.04,41,Clear,0
2011-01-11 07:00:00,Kota,5.4,90,984.1,16.92,0,Clear,0
2004-02-25 03:00:00,Mangaluru,24.7,91,1009,22.32,11,Clear,0
2004-06-28 08:00:00,Hyderabad,26.3,70,951.9,84.24,73,Cloudy,0
2021-09-07 17:00:00,Nashik,24.3,90,937.9,31.32,100,Rain,0.3
2023-03-27 04:00:00,Surat,22.8,82,1007.8,28.8,0,Clear,0
2017-10-21 11:00:00,Bhavnagar,32.5,43,1006.7,31.68,0,Clear,0
2014-03-18 05:00:00,Jodhpur,20.3,39,986.7,39.24,0,Clear,0
2004-12-27 18:00:00,Ajmer,15.8,34,959.7,32.4,0,Clear,0
2006-01-07 06:00:00,Kollam,24.2,72,1008.2,30.96,18,Clear,0
2004-03-10 08:00:00,Junagadh,21.3,61,1002.2,24.12,0,Clear,0
2024-05-15 14:00:00,Dharwad,35.7,34,929.2,28.08,55,Clear,0
2021-03-20 22:00:00,Karimnagar,27.9,48,978.1,28.44,8,Clear,0
2011-12-17 00:00:00,Hubballi,19,55,942.5,29.52,0,Clear,0
2016-05-17 04:00:00,Surat,28.4,86,1000.4,24.84,42,Clear,0
2006-03-25 14:00:00,Rajkot,33.9,17,995.4,53.28,0,Clear,0
2016-07-12 09:00:00,Thrissur,26.7,86,1009,27,54,Rain,0.2
2022-12-26 22:00:00,Solapur,26.2,61,962.8,39.6,26,Clear,0
2015-10-05 07:00:00,Adilabad,25.4,91,981.4,17.28,8,Clear,0
2000-08-12 00:00:00,Karimnagar,24.5,83,971.1,50.4,97,Cloudy,0
2023-02-22 06:00:00,Nagpur,17.8,46,976.8,23.76,0,Clear,0
2020-01-28 08:00:00,Kochi,27,78,1012.2,27,8,Clear,0
2016-03-27 20:00:00,Junagadh,30.8,23,1001.3,38.52,0,Clear,0
2006-09-03 12:00:00,Amravati,29.6,66,970.4,36.72,86,Cloudy,0
2024-02-27 12:00:00,Jodhpur,25.7,30,991.6,63.36,0,Clear,0
2003-11-30 04:00:00,Bharuch,20,68,1011,27.36,7,Clear,0
2022-04-12 13:00:00,Jaipur,38.8,9,957.9,35.64,66,Cloudy,0
2011-01-01 15:00:00,Jodhpur,21.3,26,988.2,37.44,0,Clear,0
2015-06-03 19:00:00,Bharuch,30.7,63,1001.1,72.72,5,Clear,0
2012-05-22 04:00:00,Idukki,18.2,97,894.8,9.72,100,Cloudy,0
2019-08-20 02:00:00,Kolhapur,21.6,98,946.9,27.36,98,Cloudy,0
2025-04-04 13:00:00,Kota,38.4,10,981.9,27.36,0,Clear,0
2003-02-03 07:00:00,Nagpur,19.5,83,981.2,36,8,Clear,0
2011-05-16 06:00:00,Kozhikode,25.8,94,1008.2,11.16,25,Clear,0
2002-08-07 16:00:00,Kota,30.8,68,969.2,45.72,79,Cloudy,0
2009-06-26 06:00:00,Pune,23.5,92,943.8,46.08,90,Rain,0.2
2011-09-01 09:00:00,Ganganagar,28.9,81,983,35.28,83,Cloudy,0
2011-07-21 21:00:00,Idukki,18.3,95,897.2,18.72,100,Cloudy,0
2006-02-06 23:00:00,Hubballi,21.4,28,943.4,38.16,0,Clear,0
2024-12-22 14:00:00,Warangal,29.1,44,980.7,28.44,0,Clear,0
2021-08-22 09:00:00,Junagadh,25,95,999.1,26.64,96,Rain,0.7
2017-10-11 05:00:00,Adilabad,23.5,96,975.7,15.12,23,Clear,0
2023-12-10 16:00:00,Nagpur,24.8,47,977.1,26.64,0,Clear,0
2025-09-18 05:00:00,Idukki,18.7,100,896.3,41.4,100,Cloudy,0
2012-05-11 13:00:00,Idukki,23,77,897.3,14.4,85,Rain,4.2
2001-10-14 23:00:00,Khammam,25.2,90,992.7,16.56,100,Cloudy,0
2007-05-21 09:00:00,Anand,31,61,1002.1,43.56,39,Rain,0.1
2003-03-07 20:00:00,Rajkot,25.4,16,997.3,39.6,0,Clear,0
2000-10-28 21:00:00,Bengaluru,19,75,912.2,28.44,20,Clear,0
2014-09-25 02:00:00,Thiruvananthapuram,25.2,92,1006.9,42.48,59,Clear,0
1998-04-03 07:00:00,Barmer,25.2,52,985.5,37.44,0,Clear,0
2017-03-08 03:00:00,Solapur,23.7,47,954.6,64.8,0,Clear,0
2007-12-09 22:00:00,Idukki,19.3,79,899,19.44,100,Cloudy,0
2012-03-29 03:00:00,Bikaner,21.7,47,988,39.96,7,Clear,0
2013-03-31 05:00:00,Udaipur,19.8,48,945.1,25.92,95,Cloudy,0
2020-09-13 09:00:00,Kolhapur,22.4,91,948.1,39.96,100,Rain,1.3
2004-12-04 09:00:00,Nizamabad,23.9,41,975.1,36.72,0,Clear,0
2015-08-09 06:00:00,Wayanad,20.5,99,924.1,30.96,100,Cloudy,0
1997-12-10 04:00:00,Ratnagiri,19.6,80,1003.1,17.28,0,Clear,0
2026-01-12 19:00:00,Chikkamagaluru,19.6,78,904.1,57.24,98,Cloudy,0
2021-12-20 02:00:00,Hubballi,15.1,73,943.4,25.2,0,Clear,0
2017-10-31 01:00:00,Solapur,21,62,959.2,37.8,67,Cloudy,0
2010-10-31 22:00:00,Pune,20.7,72,949.7,32.04,56,Clear,0
2000-03-08 22:00:00,Ahmedabad,20.9,26,1005.7,34.56,0,Clear,0
2021-03-30 15:00:00,Khammam,40.7,15,987.7,23.4,7,Clear,0
2003-11-11 16:00:00,Adilabad,28.6,37,982.4,34.92,1,Clear,0
1999-12-09 13:00:00,Thiruvananthapuram,28.2,60,1010,35.28,91,Cloudy,0
1997-07-09 03:00:00,Shivamogga,21.7,95,943,57.96,100,Cloudy,0
2021-10-31 02:00:00,Ahmedabad,20,46,1008.7,34.92,0,Clear,0
2006-10-12 00:00:00,New_Delhi,26,48,985.6,27,0,Clear,0
2020-06-04 12:00:00,Jodhpur,35.1,33,978.3,31.32,55,Clear,0
2010-10-31 03:00:00,Surat,24.7,71,1010.8,36.72,8,Clear,0
2021-02-09 15:00:00,Nashik,29,20,948,6.84,0,Clear,0
2012-10-31 22:00:00,Amravati,21.2,49,972.8,23.76,100,Cloudy,0
2010-08-22 22:00:00,Junagadh,26.2,90,997.1,34.56,96,Cloudy,0
2006-01-10 15:00:00,Mysuru,28.6,42,928,54.72,1,Clear,0
2019-05-27 23:00:00,Bengaluru,26.5,61,909,34.92,28,Clear,0
2019-07-12 19:00:00,Kozhikode,26,92,1009.7,32.76,54,Rain,0.1
1998-01-26 00:00:00,Mumbai,19.6,95,1014.5,26.28,0,Clear,0
2022-09-11 02:00:00,Karimnagar,24.2,92,970.2,59.76,100,Rain,1.1
2024-05-25 13:00:00,Hyderabad,35.5,35,945.3,60.84,100,Cloudy,0
2013-05-04 18:00:00,Ganganagar,37.7,17,977.4,34.56,0,Clear,0
2018-10-24 06:00:00,Thiruvananthapuram,23.6,93,1009.9,16.2,84,Cloudy,0
2018-07-08 22:00:00,Ajmer,30.9,50,945.6,46.08,98,Cloudy,0
2014-10-23 15:00:00,Anand,35,28,1005.3,12.24,23,Clear,0
2000-05-16 13:00:00,Idukki,24.9,69,898.4,19.8,35,Clear,0
1997-07-30 14:00:00,Kota,28.2,81,967.7,48.24,100,Rain,0.2
2021-05-02 12:00:00,Jodhpur,37,21,983.7,28.8,46,Clear,0
2013-08-01 23:00:00,Chikkamagaluru,19.4,95,895.5,64.44,100,Rain,0.9
2021-10-21 03:00:00,Idukki,18.8,98,898,12.96,100,Rain,0.3
2005-11-15 03:00:00,Dharwad,13.4,74,929.7,29.88,0,Clear,0
2011-04-29 01:00:00,Kolhapur,24,88,944.7,43.2,29,Clear,0
1996-01-04 08:00:00,Jodhpur,11.3,76,994.1,43.56,25,Clear,0
2011-06-10 00:00:00,Bengaluru,20.9,88,909.3,54,55,Clear,0
2011-08-23 16:00:00,Solapur,29.2,65,952.2,34.92,72,Cloudy,0
2022-06-16 17:00:00,Hyderabad,28.4,67,948.7,23.4,100,Rain,0.2
2006-08-26 23:00:00,Ratnagiri,24.2,95,1003.4,15.48,100,Rain,0.1
2013-12-15 10:00:00,Pune,24.2,33,953.4,20.16,0,Clear,0
2016-11-13 02:00:00,Bhavnagar,23.2,66,1011.6,34.2,0,Clear,0
2022-11-13 13:00:00,Thiruvananthapuram,25.5,89,1008.2,42.12,100,Rain,0.7
2024-07-01 16:00:00,Ahmedabad,28.2,86,989.9,74.16,100,Rain,0.4
2017-01-31 14:00:00,Warangal,30.8,34,982.3,9,0,Clear,0
2025-05-27 06:00:00,Adilabad,27.4,84,970.5,18.72,100,Cloudy,0
2020-05-15 02:00:00,Aurangabad,29,46,942.5,24.84,49,Clear,0
2013-12-15 10:00:00,Kota,22.2,40,986.9,11.52,0,Clear,0
2025-07-16 20:00:00,Mangaluru,24.5,96,1005.4,45.72,100,Thunderstorm,7.1
2022-09-11 02:00:00,Warangal,23.5,94,971.4,43.56,100,Rain,1.6
2011-07-21 18:00:00,Rajkot,29,71,985.3,69.48,99,Cloudy,0
2026-01-27 07:00:00,Mangaluru,24,81,1014,21.96,96,Cloudy,0
2010-02-20 00:00:00,Ajmer,14.6,35,959.7,29.16,0,Clear,0
2014-05-15 14:00:00,Kolhapur,34.2,27,946.2,28.08,16,Clear,0
2020-12-05 07:00:00,Ajmer,16.2,71,957.4,28.8,0,Clear,0
2016-07-30 12:00:00,Ratnagiri,25.3,93,999.6,31.68,100,Rain,0.8
2001-09-15 04:00:00,Barmer,26.2,74,986.6,29.88,21,Clear,0
1997-06-18 19:00:00,Mysuru,24.3,72,928.3,46.44,93,Cloudy,0
2012-09-21 15:00:00,Surat,29.3,69,1004.1,53.28,21,Clear,0
2014-09-05 08:00:00,Bhavnagar,26.9,85,1001.9,44.28,95,Cloudy,0
1999-12-29 21:00:00,Warangal,22.2,63,984.7,7.92,4,Clear,0
2023-07-16 20:00:00,Kolhapur,22.8,89,946.3,54.36,100,Cloudy,0
2010-02-07 05:00:00,Mysuru,16.8,79,930.3,28.8,28,Clear,0
2021-11-22 05:00:00,Udaipur,17.1,95,949.4,30.96,0,Clear,0
2006-04-10 14:00:00,Mangaluru,31.8,63,1004.9,52.56,76,Cloudy,0
2014-03-08 11:00:00,Nagpur,26.1,54,982.9,17.64,35,Clear,0
2022-10-24 03:00:00,Chikkamagaluru,14.9,80,896.8,18.72,0,Clear,0
2020-06-15 15:00:00,Bikaner,42.8,16,971.7,37.08,21,Clear,0
2011-06-27 22:00:00,Amravati,28,67,962.3,32.4,100,Cloudy,0
2024-03-04 00:00:00,Thiruvananthapuram,25.4,84,1010.6,26.28,0,Clear,0
2008-11-13 08:00:00,Jodhpur,18.7,46,985.1,16.92,0,Clear,0
2023-11-24 03:00:00,Mangaluru,24.4,97,1004.8,14.04,99,Rain,0.2
2018-04-17 15:00:00,Adilabad,36,32,977.7,12.24,80,Rain,2.1
2012-03-20 01:00:00,Mysuru,22.7,82,929.1,31.32,0,Clear,0
2025-10-18 23:00:00,Idukki,19,98,896.3,18,100,Cloudy,0
1997-03-10 16:00:00,Jaipur,31.1,20,963.9,30.6,0,Clear,0
2014-11-09 04:00:00,Thrissur,24.1,94,1008.7,15.84,89,Cloudy,0
2010-05-26 18:00:00,Kota,43.9,12,967.1,58.32,5,Clear,0
2017-10-25 10:00:00,Kozhikode,29.2,68,1012.1,11.16,3,Clear,0
2005-05-08 13:00:00,Bhavnagar,34.3,46,1003.8,20.88,2,Clear,0
2005-04-12 21:00:00,Kolhapur,28.8,58,951.3,30.6,56,Clear,0
1996-05-25 05:00:00,Nizamabad,30.5,41,961.4,33.84,79,Cloudy,0
2011-12-20 13:00:00,Kolhapur,28.5,30,950.5,48.24,99,Cloudy,0
2003-10-03 04:00:00,Bengaluru,19.8,97,908.8,14.76,100,Cloudy,0
2024-10-07 01:00:00,Shivamogga,20,100,945.3,7.56,100,Cloudy,0
2016-07-30 04:00:00,Dharwad,20.6,97,925.9,52.56,100,Rain,1.1
2020-05-21 12:00:00,Thrissur,29.6,76,1005.5,48.96,92,Cloudy,0
2013-04-01 10:00:00,Idukki,26.6,55,901,14.76,8,Clear,0
2006-09-29 01:00:00,Anand,26.5,87,1004.3,22.32,16,Clear,0
2002-07-18 06:00:00,Udaipur,24.5,84,941.5,31.68,92,Cloudy,0
2013-01-04 09:00:00,Hyderabad,25.9,54,959.2,28.8,24,Clear,0
1998-02-22 23:00:00,Bharuch,20.9,36,1010.9,33.84,0,Clear,0
1996-05-17 19:00:00,Dharwad,28.6,55,929,68.4,26,Clear,0
2011-12-30 15:00:00,Thrissur,30.3,59,1003.4,46.08,99,Cloudy,0
2019-09-19 01:00:00,Ratnagiri,24.5,96,998.5,29.52,100,Rain,1.5
2001-12-17 02:00:00,Shivamogga,18,65,948.1,32.4,100,Cloudy,0
1999-03-23 19:00:00,Mumbai,26.8,57,1007.1,32.04,0,Clear,0
2026-03-11 03:00:00,Ahmedabad,27.8,23,1005.9,37.08,0,Clear,0
2008-02-28 11:00:00,Warangal,30.8,33,985.9,18,0,Clear,0
2015-12-02 10:00:00,Karimnagar,28.9,54,984.3,35.28,34,Clear,0
2022-02-12 12:00:00,Surat,31.2,24,1011.8,36.72,0,Clear,0
2008-12-14 01:00:00,Nizamabad,21.1,76,970.2,22.32,14,Clear,0
2014-03-15 15:00:00,Surat,33.8,33,1010.1,50.76,1,Clear,0
2000-10-18 16:00:00,Barmer,38.1,9,984.3,7.2,19,Clear,0
2008-08-19 07:00:00,Amravati,23.6,88,968.3,37.8,100,Cloudy,0
2014-07-18 20:00:00,Shivamogga,21.7,90,943.7,81.72,98,Cloudy,0
2026-03-02 12:00:00,Jaipur,31.1,19,965.5,39.24,0,Clear,0
2016-01-23 11:00:00,Shivamogga,26.6,56,951.3,54,83,Cloudy,0
2022-07-26 20:00:00,New_Delhi,28.6,77,980.4,38.88,51,Clear,0
2011-04-07 17:00:00,Khammam,33.1,44,993.7,32.4,43,Clear,0
2007-09-30 16:00:00,Adilabad,28.1,75,975.9,21.6,100,Cloudy,0
2018-08-28 16:00:00,Thrissur,26.5,86,1005.8,40.68,99,Rain,0.1
2025-10-30 17:00:00,Junagadh,24.4,91,997.1,36.36,100,Rain,1.6
2004-08-11 06:00:00,Warangal,24,80,975.6,45.72,98,Rain,0.3
2003-07-30 23:00:00,Kozhikode,25.5,87,1009.6,15.48,95,Cloudy,0
2022-02-01 13:00:00,Thiruvananthapuram,30.4,60,1007.4,56.88,20,Clear,0
2006-09-03 08:00:00,Bengaluru,22.4,81,912.7,46.44,92,Cloudy,0
2000-04-17 17:00:00,Bikaner,40.7,8,976.3,50.04,20,Clear,0
2005-10-06 14:00:00,Udaipur,31.7,33,949.9,12.96,10,Clear,0
2007-09-09 22:00:00,Ganganagar,28.5,74,982.8,20.16,10,Clear,0
2009-11-10 23:00:00,Kozhikode,23.9,92,1005.1,21.96,100,Rain,1.8
2007-07-29 08:00:00,Idukki,19.2,88,897,21.24,100,Cloudy,0
2014-04-06 17:00:00,Bhavnagar,33.5,37,1004.6,17.28,0,Clear,0
2000-02-20 04:00:00,Kota,13.5,45,980.3,27.36,1,Clear,0
2022-11-03 14:00:00,Kalaburagi,30,44,959.3,50.4,35,Clear,0
2013-06-16 19:00:00,Nizamabad,27.6,66,956,58.68,87,Cloudy,0
2012-01-24 16:00:00,Karimnagar,29.8,34,979.5,27.72,47,Clear,0
2009-06-06 21:00:00,Kochi,24.3,92,1009.3,24.48,100,Rain,1.1
1996-05-08 00:00:00,Junagadh,27.3,65,997.7,23.76,0,Clear,0
2013-12-26 03:00:00,Bhavnagar,19.5,70,1013.3,45.36,16,Clear,0
2015-07-03 22:00:00,Mumbai,27.1,90,1010.2,51.12,99,Rain,0.3
1997-10-14 04:00:00,Kalaburagi,23.6,67,961.5,27.72,21,Clear,0
2021-10-22 05:00:00,Junagadh,21.2,86,1003.3,24.12,0,Clear,0
2007-03-07 08:00:00,Pune,23.3,45,948.4,23.04,0,Clear,0
2004-01-22 09:00:00,Ajmer,13.5,87,958.1,48.6,100,Cloudy,0
1999-07-09 01:00:00,Ratnagiri,24.2,94,998.4,20.88,100,Rain,0.3
2006-10-19 16:00:00,Thiruvananthapuram,26.7,84,1008,18.36,99,Rain,2.2
2018-10-27 15:00:00,Delhi_North,29.3,35,990.1,41.4,16,Clear,0
2008-03-07 21:00:00,Delhi_North,22.2,64,987,54.36,0,Clear,0
2016-01-01 02:00:00,Anand,19.9,61,1011.9,24.12,0,Clear,0
2006-11-30 17:00:00,Anand,27.5,40,1008.5,22.32,51,Clear,0
2025-10-07 11:00:00,Bharuch,28.2,74,1009.9,13.32,26,Rain,1.7
2018-02-22 04:00:00,Warangal,20.5,64,979.8,40.68,32,Clear,0
2018-07-18 00:00:00,Bengaluru,20.9,87,909.2,68.76,90,Cloudy,0
2009-01-13 11:00:00,Ahmedabad,27,57,1014.5,19.8,0,Clear,0
2007-11-26 16:00:00,Amravati,27.8,30,976,14.4,0,Clear,0
2024-03-26 08:00:00,Nashik,27.6,37,949.2,2.52,0,Clear,0
2011-01-02 15:00:00,Amravati,25.3,33,971.6,5.4,3,Clear,0
2020-02-23 18:00:00,Bikaner,24.9,36,989.8,39.24,0,Clear,0
2024-06-26 08:00:00,Shivamogga,23.4,88,940,79.2,100,Rain,0.1
2012-06-19 06:00:00,Mysuru,19.5,95,926.5,58.68,100,Rain,0.1
2007-07-17 09:00:00,Aurangabad,25.9,74,940,56.88,100,Cloudy,0
2002-03-22 10:00:00,Delhi_North,28.7,41,984.6,10.08,0,Clear,0
2024-07-04 22:00:00,Ahmedabad,28.9,82,994.5,51.84,100,Cloudy,0
2011-02-27 12:00:00,Amravati,30,31,976.5,17.64,25,Clear,0
2002-08-06 16:00:00,Warangal,27.6,74,971.5,31.68,98,Rain,0.9
1996-06-22 01:00:00,Karimnagar,29.8,54,971.3,72,99,Cloudy,0
2016-06-29 12:00:00,Thrissur,27.1,87,1007.7,37.8,100,Rain,0.5
2019-04-20 13:00:00,Ratnagiri,32,45,999,55.8,0,Clear,0
2023-07-04 00:00:00,Bhavnagar,27.6,89,1000,24.12,90,Cloudy,0
1997-09-28 15:00:00,Bikaner,35.8,27,979.7,73.8,0,Clear,0
2006-07-08 23:00:00,Bhavnagar,27.5,82,999.9,61.56,69,Cloudy,0
2023-03-21 00:00:00,Kollam,24.1,93,1008.4,23.76,100,Cloudy,0
1996-11-06 07:00:00,Karimnagar,20.1,68,978.1,41.04,2,Clear,0
2018-01-07 06:00:00,Shivamogga,16.8,75,945.2,15.84,0,Clear,0
2025-11-14 07:00:00,Anand,16.9,72,1011.8,41.04,0,Clear,0
2024-03-04 05:00:00,Bikaner,8.1,38,987.6,16.92,0,Clear,0
2025-10-09 18:00:00,Kochi,27.5,86,1009.2,20.16,100,Cloudy,0
2021-01-24 13:00:00,Warangal,31.2,37,982.4,7.56,0,Clear,0
2016-05-19 22:00:00,Barmer,38.2,25,976.5,75.96,0,Clear,0
2019-10-27 16:00:00,Anand,28,76,1003.7,32.76,71,Rain,0.4
2005-09-18 14:00:00,Kozhikode,28.4,72,1010.8,52.92,92,Rain,0.2
2024-11-28 14:00:00,Jaipur,26.1,28,966.3,21.24,0,Clear,0
2018-02-24 07:00:00,Mumbai,23.1,69,1010.8,12.96,0,Clear,0
2006-01-24 04:00:00,Khammam,18.6,73,997.4,31.32,0,Clear,0
1999-02-17 22:00:00,Junagadh,21.7,62,1006.2,33.12,0,Clear,0
2005-02-14 15:00:00,Delhi_North,21.9,53,985,64.08,96,Cloudy,0
2002-10-22 11:00:00,Nizamabad,30.6,41,968.6,23.04,65,Cloudy,0
2002-05-27 05:00:00,Hubballi,22.7,90,939.3,32.4,95,Cloudy,0
2015-07-21 16:00:00,Barmer,35.9,46,976.3,41.04,99,Cloudy,0
2009-08-26 12:00:00,Udaipur,27.6,78,944,44.64,79,Rain,0.1
2014-05-15 21:00:00,Solapur,34.2,23,954.4,33.12,53,Clear,0
2010-02-16 15:00:00,Nashik,29.8,26,947.1,30.96,39,Clear,0
2012-02-11 01:00:00,Shivamogga,22.9,73,946.3,27.36,24,Clear,0
2020-03-26 23:00:00,Thiruvananthapuram,25.9,86,1010,28.08,99,Cloudy,0
2002-03-11 06:00:00,Karimnagar,23,73,981.3,24.48,1,Clear,0
2023-10-25 13:00:00,Ahmedabad,33.3,34,1007.9,4.68,0,Clear,0
1996-06-22 07:00:00,Kozhikode,24.1,94,1008.8,7.92,100,Rain,1.5
2021-07-19 10:00:00,Ajmer,28.4,70,947.4,76.32,100,Cloudy,0
2009-10-17 06:00:00,Kalaburagi,20.9,92,960.4,16.92,11,Clear,0
2005-02-25 18:00:00,Mysuru,31.1,23,929.4,33.84,46,Clear,0
2011-07-05 01:00:00,Rajkot,26.6,84,990.4,42.12,65,Cloudy,0
1998-04-15 21:00:00,Mysuru,27.9,62,930.2,43.92,47,Clear,0
2000-02-07 19:00:00,Ajmer,15.7,39,957.8,27.36,0,Clear,0
2002-11-06 18:00:00,Ajmer,25.3,27,958.6,31.32,34,Clear,0
2015-06-03 07:00:00,Thiruvananthapuram,26.1,87,1007.3,21.96,98,Cloudy,0
2008-03-21 15:00:00,Warangal,34.1,36,976,42.48,98,Cloudy,0
1998-12-16 11:00:00,Ajmer,22.8,32,963.4,31.32,100,Cloudy,0
2006-11-26 20:00:00,Ajmer,16.1,34,958.1,34.2,0,Clear,0
2019-08-29 05:00:00,Rajkot,25,96,988.9,41.76,85,Cloudy,0
2001-07-23 00:00:00,Mangaluru,24.4,92,1006.3,30.24,100,Rain,1.3
2001-01-01 06:00:00,Hubballi,19,98,940.3,28.44,100,Cloudy,0
2012-06-25 01:00:00,Udaipur,28.2,61,938.9,61.2,84,Cloudy,0
2019-11-11 16:00:00,Surat,31.2,53,1006.9,27.36,0,Clear,0
2001-07-12 07:00:00,Shivamogga,21.6,93,943.9,52.2,99,Cloudy,0
1996-08-16 21:00:00,Thiruvananthapuram,24.7,88,1008.5,55.08,100,Cloudy,0
2003-11-11 08:00:00,Ratnagiri,26.2,58,1005.2,35.28,0,Clear,0
2003-07-08 16:00:00,Ratnagiri,25.4,90,996.6,42.48,100,Rain,0.6
2012-12-17 08:00:00,Bengaluru,18.3,80,915.9,72.72,61,Cloudy,0
2018-08-30 10:00:00,Kochi,26,89,1010.4,49.68,89,Cloudy,0
2014-12-06 10:00:00,Rajkot,26.5,38,1002.3,45,32,Clear,0
2000-11-29 03:00:00,Warangal,19.7,67,979.3,9,95,Cloudy,0
2002-03-23 09:00:00,Nashik,28,22,947.1,15.84,0,Clear,0
2019-08-28 14:00:00,Barmer,28,86,979.4,28.8,100,Thunderstorm,12.5
2012-01-11 00:00:00,Udaipur,9.1,58,953.1,24.84,0,Clear,0
2002-02-08 12:00:00,Nizamabad,28.6,49,968.5,19.44,92,Cloudy,0
1996-04-01 03:00:00,Idukki,18.2,93,892.8,9,31,Clear,0
2023-12-31 23:00:00,Warangal,19.8,83,984.5,20.88,0,Clear,0
2009-03-20 21:00:00,Delhi_North,22.1,58,984,11.16,91,Cloudy,0
2002-08-19 11:00:00,Anand,28.7,68,999.5,52.2,100,Cloudy,0
2000-10-25 14:00:00,Barmer,35.5,21,988.6,10.44,0,Clear,0
2018-09-30 20:00:00,Dharwad,24.5,85,930.3,8.64,89,Cloudy,0
2000-10-06 08:00:00,Bhavnagar,29.4,64,1007,36.72,12,Clear,0
2003-03-15 21:00:00,Nizamabad,26.4,70,966.5,38.88,63,Cloudy,0
2024-07-26 18:00:00,Khammam,27.1,83,984.7,49.32,100,Rain,2.5
2001-05-25 23:00:00,Adilabad,33.1,42,971.3,43.2,55,Clear,0
2000-12-10 19:00:00,Kolhapur,24.8,28,950.7,32.76,0,Clear,0
2007-11-17 13:00:00,Ratnagiri,31.2,26,1001.7,30.96,0,Clear,0
2014-12-12 05:00:00,Wayanad,17.9,100,926.5,17.28,100,Cloudy,0
2007-12-24 10:00:00,Delhi_North,20.2,51,989.5,35.28,0,Clear,0
2000-08-06 00:00:00,Jaipur,26.9,66,954.5,48.24,5,Clear,0
2003-12-06 02:00:00,Nizamabad,16.9,61,969.4,10.44,59,Clear,0
2023-05-20 04:00:00,Idukki,19.7,99,896.8,36,3,Clear,0
2006-06-16 18:00:00,Jodhpur,37.1,27,976.3,97.56,2,Clear,0
2012-01-15 02:00:00,Nagpur,10.4,63,978,22.32,0,Clear,0
2000-02-07 02:00:00,Mumbai,20.2,90,1011.4,34.56,11,Clear,0
2017-10-15 20:00:00,Ahmedabad,30.1,48,1000.1,15.48,0,Clear,0
2001-06-05 21:00:00,New_Delhi,28.9,73,975,19.44,5,Clear,0
2015-10-15 14:00:00,Adilabad,33.5,39,980.4,28.44,42,Clear,0
2010-09-04 02:00:00,Udaipur,23.9,97,940.1,32.04,100,Cloudy,0
2008-08-01 21:00:00,Surat,26,91,1000.9,69.84,100,Rain,0.1
2024-02-19 20:00:00,Nizamabad,27.8,31,968.5,90,2,Clear,0
2001-08-08 06:00:00,Karimnagar,23.9,90,972.3,37.8,100,Rain,0.4
2002-09-04 00:00:00,Karimnagar,24.7,87,975,32.4,96,Cloudy,0
2024-04-18 13:00:00,Karimnagar,40.3,24,975.8,21.24,38,Clear,0
2001-06-08 03:00:00,Bhavnagar,28.4,74,996.4,45.72,100,Cloudy,0
2009-09-23 01:00:00,Pune,22.6,99,946.5,11.16,99,Rain,0.2
2020-04-16 08:00:00,Kochi,28,83,1011.3,18.36,7,Clear,0
2000-03-06 05:00:00,Surat,18.1,93,1006.5,12.96,0,Clear,0
2014-11-18 03:00:00,Kochi,24.3,94,1008.6,12.6,19,Clear,0
2015-02-24 04:00:00,Wayanad,16.7,61,926.4,20.52,14,Clear,0
1997-02-13 07:00:00,Amravati,11.3,54,975.5,27.72,0,Clear,0
2005-01-01 00:00:00,Kolhapur,20.9,91,950.6,27.36,2,Clear,0
2015-05-09 21:00:00,Ratnagiri,28.9,79,999.4,32.04,17,Clear,0
1999-12-16 01:00:00,Nagpur,14.1,65,978.2,28.8,0,Clear,0
2000-12-16 16:00:00,Thrissur,31.6,27,1007.1,21.6,47,Clear,0
2004-11-07 13:00:00,Rajkot,32,21,997,36,6,Clear,0
2012-04-29 14:00:00,Jaipur,36.8,9,955.5,63.36,0,Clear,0
2021-05-15 06:00:00,Ahmedabad,28.4,67,995.7,45,0,Clear,0
2024-08-02 19:00:00,Ahmedabad,26.2,95,993.2,46.8,100,Rain,0.4
2004-02-06 09:00:00,Solapur,23.2,19,962.8,62.64,0,Clear,0
2002-04-14 03:00:00,Hubballi,23.7,88,939.8,23.4,66,Cloudy,0
1996-07-01 22:00:00,Thiruvananthapuram,25.3,90,1009.9,57.96,30,Clear,0
2020-11-01 13:00:00,Nashik,28.9,43,948.4,8.64,30,Clear,0
2016-08-26 04:00:00,Dharwad,20.5,94,927.3,25.92,100,Cloudy,0
1999-07-03 00:00:00,Mysuru,20.6,89,926.2,46.8,55,Clear,0
2012-04-01 03:00:00,Mumbai,24.7,89,1008,5.76,0,Clear,0
2003-07-05 05:00:00,Dharwad,20.4,98,924.5,47.88,100,Cloudy,0
2018-03-03 06:00:00,Adilabad,24.6,36,978.7,39.24,2,Clear,0
2007-05-15 17:00:00,Junagadh,32.3,48,994.7,75.24,0,Clear,0
2013-02-11 12:00:00,Thiruvananthapuram,29.9,51,1008.2,14.76,75,Cloudy,0
2014-06-09 20:00:00,Nagpur,38.7,24,963,59.04,57,Clear,0
2019-04-30 16:00:00,Bhavnagar,36.5,37,998.7,112.32,19,Clear,0
2019-06-17 03:00:00,Mysuru,21.8,95,927.4,45.72,100,Cloudy,0
2022-08-10 09:00:00,Ratnagiri,25.1,87,993.8,91.44,100,Rain,0.9
2016-01-09 21:00:00,Nagpur,20.4,54,979.7,28.44,8,Clear,0
1998-05-18 23:00:00,Kolhapur,25.1,85,945.6,46.8,44,Clear,0
1997-09-28 11:00:00,Jaipur,31,50,961,27.36,8,Clear,0
2011-08-03 09:00:00,Khammam,25.9,86,988.9,40.68,100,Rain,0.4
2010-06-11 18:00:00,Kota,41.5,12,969.5,35.28,2,Clear,0
2008-09-08 21:00:00,Mangaluru,24.4,94,1007.3,26.64,100,Rain,0.2
1996-06-05 01:00:00,Adilabad,35,27,972.3,37.44,56,Clear,0
1997-05-14 16:00:00,Amravati,41.8,12,965.1,40.32,5,Clear,0
2020-04-03 06:00:00,Amravati,25,42,971.4,45,1,Clear,0
2023-05-06 15:00:00,Kochi,30.2,71,1005.3,31.68,100,Cloudy,0
2021-04-15 05:00:00,Bengaluru,20,95,912.1,17.64,98,Rain,0.4
2019-01-23 14:00:00,Pune,26.6,37,950.5,41.76,1,Clear,0
2006-01-13 07:00:00,Mysuru,16.9,95,929.1,24.12,99,Cloudy,0
2010-02-03 21:00:00,Bharuch,24.3,39,1010.2,28.44,3,Clear,0
2015-10-16 19:00:00,Amravati,28.1,67,974.3,21.24,23,Clear,0
2007-12-21 21:00:00,Mysuru,21.4,86,932.9,22.68,31,Clear,0
1999-06-02 12:00:00,Bengaluru,27.4,53,912.9,64.08,98,Cloudy,0
1998-05-17 16:00:00,Mumbai,32.2,66,1004.1,67.68,14,Clear,0
1998-03-05 02:00:00,Bikaner,14.5,83,984.8,36.72,1,Clear,0
2024-05-18 01:00:00,Bhavnagar,32,49,1002.3,31.68,0,Clear,0
2012-10-08 03:00:00,Junagadh,25.5,73,999.9,14.04,74,Cloudy,0
2013-10-13 06:00:00,Karimnagar,24.1,86,972.8,57.96,81,Cloudy,0
2023-12-02 08:00:00,Thiruvananthapuram,25.8,89,1009.6,19.44,100,Cloudy,0
1999-12-15 20:00:00,Ganganagar,15.2,61,994.3,20.88,0,Clear,0
2023-10-01 15:00:00,Ratnagiri,25.9,89,995.4,100.8,100,Rain,1.8
2003-10-07 20:00:00,Shivamogga,22.6,89,943.1,43.2,99,Cloudy,0
1997-05-31 20:00:00,Hyderabad,33,23,951.6,16.92,5,Clear,0
1997-12-27 20:00:00,Rajkot,19.8,51,1000.5,30.96,77,Cloudy,0
2005-07-20 17:00:00,Bengaluru,23.1,81,908.6,47.88,100,Rain,1.5
2014-03-30 07:00:00,Kollam,25.8,89,1009.2,22.68,87,Cloudy,0
2006-09-08 14:00:00,Warangal,32.6,55,977,21.96,15,Clear,0
2012-02-10 08:00:00,Ganganagar,6.8,61,996.3,18.72,0,Clear,0
2015-05-27 21:00:00,Ratnagiri,29.2,68,1001,46.08,67,Cloudy,0
1996-05-10 02:00:00,Anand,27.5,68,1000.8,51.48,0,Clear,0
2002-03-18 15:00:00,Karimnagar,36,17,980.2,39.6,77,Cloudy,0
2013-12-01 13:00:00,Hubballi,29.6,47,943.6,34.92,15,Clear,0
2014-05-27 10:00:00,Kolhapur,30.6,56,948.7,44.28,9,Clear,0
1999-05-14 20:00:00,Amravati,33.8,28,962.3,36,2,Clear,0
2014-07-14 01:00:00,Bengaluru,20.5,92,907.7,72.72,100,Cloudy,0
2025-04-29 23:00:00,Adilabad,31,40,975.5,74.88,0,Clear,0
1996-01-09 21:00:00,Kalaburagi,23.2,47,962.9,27.36,43,Clear,0
2000-05-02 16:00:00,Rajkot,39.9,15,991.4,47.88,0,Clear,0
1996-10-04 05:00:00,Hubballi,20.8,97,938.5,75.96,100,Rain,0.1
2008-01-23 01:00:00,Bhavnagar,17.7,41,1008.6,48.24,60,Cloudy,0
2006-12-26 02:00:00,Barmer,17.7,77,989.6,36.72,14,Clear,0
2024-05-22 04:00:00,Amravati,27.1,57,964.1,18.36,31,Clear,0
1996-09-15 09:00:00,Amravati,26.8,81,966.1,43.92,93,Cloudy,0
2004-07-16 22:00:00,Kozhikode,24.1,93,1008.4,15.84,100,Rain,1.6
2009-09-29 07:00:00,Wayanad,20.3,98,925.3,34.92,99,Cloudy,0
2006-10-27 10:00:00,Hubballi,26.7,58,945.9,63,91,Cloudy,0
2010-09-04 03:00:00,Aurangabad,22.2,90,938.8,42.12,100,Cloudy,0
1996-11-22 05:00:00,Hubballi,20,84,941.2,45.36,16,Clear,0
1998-10-07 04:00:00,New_Delhi,21.9,93,984.8,11.16,0,Clear,0
2020-03-23 22:00:00,Ajmer,23.9,46,957.7,28.44,54,Clear,0
2002-10-31 05:00:00,Hyderabad,17.8,74,955.4,26.64,38,Clear,0
2008-04-03 03:00:00,Bengaluru,19.7,94,910.9,18.36,78,Cloudy,0
1996-09-17 14:00:00,Amravati,27.9,77,964.6,60.84,55,Rain,0.1
1999-10-20 15:00:00,Nagpur,29.8,46,974.2,27.72,40,Clear,0
2004-07-15 02:00:00,Ajmer,27.2,61,946.4,54,3,Clear,0
2010-06-11 13:00:00,Ratnagiri,30.2,74,994.5,34.2,98,Rain,1
2014-07-13 07:00:00,Jaipur,32,51,952.9,63,20,Clear,0
2000-04-19 09:00:00,Anand,32.4,26,1005.5,20.16,0,Clear,0
2018-04-09 21:00:00,Kota,28.3,35,979.6,35.28,60,Cloudy,0
2012-09-21 12:00:00,Mangaluru,28.8,68,1007.2,28.44,83,Cloudy,0
2005-05-21 08:00:00,Ratnagiri,28.2,78,1000.1,13.32,67,Cloudy,0
2015-03-07 04:00:00,Hyderabad,21,89,956.3,19.08,21,Clear,0
2013-11-26 08:00:00,Nagpur,22.1,44,977.5,29.52,0,Clear,0
2025-02-17 10:00:00,New_Delhi,23.4,41,992.6,10.08,1,Clear,0
2006-07-24 03:00:00,Thrissur,24.8,90,1008.7,13.68,99,Cloudy,0
2024-05-16 18:00:00,Mumbai,34.3,52,1005.4,28.08,51,Clear,0
2016-01-28 07:00:00,Ganganagar,8.8,93,995.2,18.36,0,Clear,0
2013-11-29 08:00:00,Barmer,17.8,57,996.2,44.64,0,Clear,0
2002-09-23 23:00:00,Kalaburagi,26,70,957.3,29.16,100,Cloudy,0
2003-08-16 11:00:00,Junagadh,27.9,77,998.1,60.84,59,Rain,0.3
2015-03-31 05:00:00,New_Delhi,17.5,95,986,41.76,1,Clear,0
2007-06-01 18:00:00,Anand,38.5,30,996.6,43.2,36,Clear,0
2014-10-20 05:00:00,Chikkamagaluru,18.7,97,898,20.88,66,Cloudy,0
2015-07-31 03:00:00,Mangaluru,24.1,94,1007.2,25.56,97,Rain,0.2
1996-02-28 13:00:00,Nashik,32.2,24,948.6,21.96,0,Clear,0
2010-02-17 13:00:00,Jaipur,22.8,21,968.2,46.8,0,Clear,0
2014-09-05 13:00:00,Kalaburagi,28.8,64,956.5,75.96,47,Clear,0
2017-01-14 23:00:00,Kota,10.9,68,987.7,28.08,0,Clear,0
2008-04-21 02:00:00,Kozhikode,26.9,88,1005.4,8.28,67,Cloudy,0
2001-07-21 12:00:00,Pune,25.5,75,945,69.12,100,Rain,0.2
2017-04-04 19:00:00,Hyderabad,30,43,953.5,19.44,7,Clear,0
2023-06-10 23:00:00,New_Delhi,31,53,975,21.6,2,Clear,0
2001-07-15 15:00:00,Bikaner,32.5,56,971.1,111.24,100,Cloudy,0
2011-04-10 03:00:00,Kota,24,32,981.2,25.56,3,Clear,0
2016-05-30 16:00:00,Udaipur,35.9,33,941.1,57.24,26,Clear,0
2003-06-04 23:00:00,Kota,36.5,23,970.9,49.32,0,Clear,0
2011-07-15 01:00:00,Bikaner,31.4,61,970.6,64.44,37,Clear,0
2013-03-22 03:00:00,Kolhapur,21.8,62,945.5,30.6,56,Clear,0
2024-04-12 14:00:00,Wayanad,36.7,25,925.9,12.96,98,Cloudy,0
2008-11-06 06:00:00,Mumbai,23.2,87,1008.6,24.48,0,Clear,0
2005-01-07 07:00:00,Surat,16.5,76,1014.2,55.8,0,Clear,0
2015-02-15 02:00:00,Bhavnagar,21.1,61,1008.5,41.04,0,Clear,0
1996-09-29 05:00:00,Nashik,20.9,96,943.7,25.56,86,Cloudy,0
2003-07-08 08:00:00,Idukki,19.6,86,896.8,21.6,99,Cloudy,0
2009-05-17 13:00:00,Hubballi,35.2,37,939.9,35.28,17,Clear,0
2020-08-13 20:00:00,Amravati,24,93,962.9,76.32,100,Rain,2
1996-10-27 16:00:00,Thrissur,27.2,67,1004.5,36,100,Cloudy,0
2011-04-06 20:00:00,Dharwad,26.8,44,930.4,53.28,6,Clear,0
2024-05-07 16:00:00,Aurangabad,39.3,16,941.5,25.2,20,Clear,0
2025-06-23 07:00:00,New_Delhi,30,83,974.1,24.12,95,Cloudy,0
2026-02-27 22:00:00,Delhi_North,21.8,52,981.8,6.48,2,Clear,0
2001-08-12 02:00:00,Hubballi,21.2,94,937.8,57.24,99,Rain,0.1
2010-04-04 07:00:00,Dharwad,23.2,48,930.9,34.2,0,Clear,0
2015-06-18 04:00:00,Hubballi,21.6,95,934.8,69.12,100,Rain,0.3
2010-10-06 02:00:00,Rajkot,24.5,81,990.8,21.6,2,Clear,0
2019-11-17 21:00:00,Udaipur,18.5,69,952.1,32.4,0,Clear,0
2019-08-27 15:00:00,Wayanad,23.6,79,924.3,46.08,96,Rain,0.5
2003-11-13 13:00:00,Kota,29.7,22,985.9,12.96,42,Clear,0
2009-07-02 03:00:00,Junagadh,27,93,990.2,25.92,98,Cloudy,0
2003-08-20 00:00:00,Jaipur,24.9,82,952,22.68,17,Clear,0
2002-02-17 17:00:00,Mumbai,28.2,55,1010.7,46.08,1,Clear,0
2019-09-16 01:00:00,Hyderabad,23.7,87,951.5,30.96,48,Clear,0
2025-01-15 13:00:00,Mangaluru,31.5,47,1008.5,9.36,85,Cloudy,0
2007-06-10 20:00:00,New_Delhi,40.2,24,967.3,20.16,43,Clear,0
2005-11-29 23:00:00,Mangaluru,24,91,1008.4,14.04,99,Cloudy,0
2004-04-01 18:00:00,Nizamabad,30.2,55,967,10.08,89,Cloudy,0
2021-09-13 17:00:00,Aurangabad,24.8,88,935.3,40.32,100,Rain,0.3
2020-02-10 16:00:00,Nashik,27.6,42,948.3,21.24,54,Clear,0
2000-05-13 19:00:00,Wayanad,23.5,80,926.1,29.88,72,Cloudy,0
2007-03-05 18:00:00,Nizamabad,31,26,967.5,24.48,11,Clear,0
2025-10-08 13:00:00,Pune,28.5,57,949.3,11.16,39,Rain,0.2
1998-01-23 07:00:00,Kollam,24.8,92,1010.9,17.64,11,Clear,0
2000-05-20 21:00:00,Kollam,26.8,86,1007.8,31.32,25,Rain,0.1
2008-08-05 02:00:00,Bhavnagar,25.9,88,999.5,43.2,100,Cloudy,0
1998-05-12 22:00:00,Kollam,27,90,1006.6,10.44,100,Cloudy,0
1999-06-12 01:00:00,Udaipur,25.5,87,938.6,19.44,100,Rain,0.4
2010-04-14 23:00:00,Junagadh,29.3,50,999.2,20.88,0,Clear,0
2008-03-07 21:00:00,Bengaluru,21.2,29,914.5,39.24,39,Clear,0
2002-10-19 13:00:00,Pune,30,47,948.8,24.84,44,Clear,0
2020-02-19 11:00:00,Mysuru,28.7,36,933.9,42.12,96,Cloudy,0
2023-07-10 15:00:00,Nizamabad,33.2,49,959.8,49.68,100,Cloudy,0
2014-01-26 08:00:00,Junagadh,18,76,1006.6,46.44,0,Clear,0
2006-10-16 20:00:00,Nizamabad,25.6,76,969.3,29.16,32,Clear,0
2021-09-30 12:00:00,Udaipur,28.1,68,947.5,46.44,57,Rain,0.1
2025-01-19 15:00:00,Nagpur,29.1,17,978.4,18.36,0,Clear,0
1997-08-10 11:00:00,Adilabad,29.2,72,979.6,50.4,100,Rain,0.1
2014-07-14 14:00:00,Aurangabad,27.9,62,937.2,38.88,100,Cloudy,0
2012-02-13 14:00:00,Pune,32.7,16,950.1,41.4,0,Clear,0
2000-05-04 02:00:00,Kozhikode,26.5,86,1007.5,21.6,83,Cloudy,0
2023-03-16 09:00:00,Surat,30.6,39,1009.7,56.16,95,Cloudy,0
2022-09-29 22:00:00,Mumbai,25.8,94,1008.2,21.96,15,Clear,0
2012-08-13 02:00:00,Jodhpur,24.6,97,974.2,14.4,99,Rain,0.6
2002-08-22 17:00:00,Shivamogga,23.5,81,943.7,58.32,89,Rain,0.1
2014-02-08 20:00:00,Bengaluru,22,24,910.4,34.56,0,Clear,0
2008-10-14 03:00:00,Udaipur,21.5,53,947.3,29.16,0,Clear,0
2005-02-26 04:00:00,Nashik,19.9,52,947.2,22.32,0,Clear,0
2010-12-25 13:00:00,Dharwad,26.9,23,930.3,39.24,33,Clear,0
2018-12-30 21:00:00,Surat,18.4,51,1016.1,25.56,0,Clear,0
2021-02-17 17:00:00,Bhavnagar,30.5,17,1007.1,33.48,0,Clear,0
2019-01-20 23:00:00,Ganganagar,14.3,73,994,50.76,100,Rain,0.1
2004-10-20 12:00:00,Aurangabad,26.5,45,947.8,21.96,0,Clear,0
2022-10-28 00:00:00,Aurangabad,18.4,70,946.9,20.16,0,Clear,0
2001-12-21 19:00:00,Barmer,19.5,21,997.9,42.84,0,Clear,0
2021-08-17 15:00:00,Khammam,27,86,988.3,38.16,100,Rain,0.2
2021-08-21 17:00:00,Ratnagiri,25.1,92,999.1,23.76,96,Rain,0.1
2016-10-31 14:00:00,Karimnagar,29.6,61,981.5,28.8,30,Clear,0
2010-06-19 05:00:00,Nagpur,27,82,967.9,16.56,70,Cloudy,0
2006-11-24 20:00:00,Junagadh,24,48,1002,36.72,22,Clear,0
2010-07-20 03:00:00,Barmer,28.8,77,974.9,73.08,82,Cloudy,0
2025-11-27 21:00:00,Adilabad,20.9,77,986,9,0,Clear,0
2008-09-05 02:00:00,Bikaner,31.8,42,977.2,84.6,0,Clear,0
1999-05-14 16:00:00,Nagpur,39.8,19,964.2,42.84,7,Clear,0
2005-02-27 02:00:00,Idukki,17.2,62,896.4,21.6,1,Clear,0
2025-06-05 22:00:00,Khammam,29.1,65,992.9,11.16,84,Cloudy,0
1996-11-28 16:00:00,Kollam,25.7,87,1005.9,11.16,100,Rain,0.5
2005-07-15 22:00:00,Mysuru,22.4,90,928,38.52,98,Cloudy,0
2012-07-20 23:00:00,Wayanad,20.2,99,925.9,38.52,98,Cloudy,0
2016-02-20 00:00:00,Kozhikode,27.5,81,1013.2,2.88,57,Clear,0
2011-04-08 20:00:00,Ganganagar,25.2,40,989.7,31.32,70,Cloudy,0
2022-01-16 11:00:00,Rajkot,23.7,45,1003.2,44.64,0,Clear,0
2020-10-29 00:00:00,Adilabad,21.5,73,981.5,11.88,2,Clear,0
2023-12-14 04:00:00,New_Delhi,9.9,88,990.2,25.92,100,Cloudy,0
2001-10-23 20:00:00,Ahmedabad,28.1,33,1005.9,31.68,0,Clear,0
2004-12-10 09:00:00,Mysuru,21.9,67,933.5,41.04,11,Clear,0
2002-09-30 00:00:00,Bikaner,28.5,27,983.2,48.24,2,Clear,0
2000-05-17 14:00:00,New_Delhi,40.8,24,973.3,76.68,38,Clear,0
2025-08-07 00:00:00,Nizamabad,24.6,95,962.3,11.88,100,Cloudy,0
2015-08-18 16:00:00,Hubballi,29.3,56,939,41.4,95,Rain,0.4
2019-05-26 12:00:00,Junagadh,38.6,26,996.8,45.72,0,Clear,0
2021-01-17 03:00:00,Thrissur,24.1,86,1006.3,25.92,14,Clear,0
2025-01-03 21:00:00,New_Delhi,12,90,991.8,14.04,0,Clear,0
2015-01-28 21:00:00,Kochi,26.2,82,1010.2,14.4,64,Cloudy,0
2009-08-10 19:00:00,Thiruvananthapuram,25.7,86,1006.6,72.72,100,Cloudy,0
2025-05-17 05:00:00,New_Delhi,29.2,39,977.1,16.56,21,Clear,0
2025-11-10 14:00:00,Hyderabad,28.8,34,955.2,13.32,0,Clear,0
2010-07-26 09:00:00,Jaipur,27.3,81,949.2,66.6,54,Clear,0
2011-11-30 03:00:00,Nashik,21.1,74,945.6,23.4,1,Clear,0
2024-02-07 13:00:00,Hyderabad,33.3,30,960.1,15.12,21,Clear,0
1997-01-21 22:00:00,Ahmedabad,14.5,43,1010.2,30.24,0,Clear,0
2023-07-11 15:00:00,Thiruvananthapuram,27.2,82,1006.7,62.28,100,Cloudy,0
2006-09-25 08:00:00,Kota,27,81,981.6,39.24,1,Clear,0
2009-09-17 13:00:00,Chikkamagaluru,26,74,898.4,25.56,84,Rain,0.2
2005-12-21 05:00:00,Kochi,24.9,89,1008.5,23.04,72,Cloudy,0
2014-12-08 11:00:00,Bikaner,23.8,33,990.5,23.04,0,Clear,0
2014-04-20 05:00:00,Bikaner,20.1,69,984.8,47.16,4,Clear,0
2016-12-12 19:00:00,New_Delhi,20,63,988.9,23.04,10,Clear,0
2013-09-07 02:00:00,Bhavnagar,25,88,1005.8,45.36,39,Clear,0
2024-12-31 20:00:00,Shivamogga,22.9,50,949,37.08,21,Clear,0
2010-10-25 06:00:00,Hubballi,21.1,97,940,15.12,100,Cloudy,0
2011-11-28 14:00:00,Shivamogga,28.4,56,942.4,52.92,100,Cloudy,0
2020-12-10 03:00:00,Nizamabad,18.5,69,967,20.16,2,Clear,0
2022-08-04 02:00:00,Solapur,23,94,951.7,6.48,100,Cloudy,0
2009-05-22 14:00:00,Kollam,28.7,78,1004.1,50.76,100,Rain,1.2
2015-09-15 15:00:00,Warangal,28.3,82,971.4,27.36,100,Rain,0.5
1996-04-01 23:00:00,Kolhapur,25.6,52,945.7,34.2,0,Clear,0
2019-02-01 01:00:00,Bharuch,17.4,51,1012.1,27.36,0,Clear,0
2014-01-18 09:00:00,Anand,17,57,1013.8,18.72,0,Clear,0
2004-05-02 00:00:00,Solapur,32.7,35,954.1,54,18,Clear,0
2006-09-29 03:00:00,Solapur,23.1,93,956,40.32,73,Cloudy,0
2016-11-01 22:00:00,Kolhapur,24.2,65,951.1,31.68,23,Clear,0
2014-02-13 16:00:00,Ahmedabad,27.7,21,1001.4,73.8,66,Cloudy,0
2018-01-10 12:00:00,Thiruvananthapuram,25.3,82,1011.3,7.92,100,Rain,1.6
2009-12-03 18:00:00,Mumbai,27,71,1011.3,37.8,72,Cloudy,0
2005-01-14 14:00:00,Mumbai,29.3,37,1009.4,46.08,78,Cloudy,0
2019-03-27 04:00:00,Warangal,24,66,981.7,43.2,14,Clear,0
2008-05-11 22:00:00,Adilabad,33,24,975.2,30.24,4,Clear,0
1998-06-19 21:00:00,Anand,32.3,63,998,63.72,99,Cloudy,0
2015-08-13 09:00:00,Kolhapur,22.8,92,946.7,51.48,100,Cloudy,0
2019-07-26 20:00:00,Junagadh,26.2,88,992.7,69.48,100,Cloudy,0
2015-05-05 18:00:00,Kolhapur,28.5,63,946.7,12.96,29,Clear,0
2013-08-06 15:00:00,Hyderabad,25.6,75,948.2,69.12,90,Cloudy,0
2009-05-14 01:00:00,Khammam,29.4,80,986.5,21.96,8,Clear,0
2017-08-03 17:00:00,Ahmedabad,31.1,66,993.9,43.56,73,Cloudy,0
2007-03-08 03:00:00,Nagpur,21.4,42,971.9,22.68,17,Clear,0
2001-05-15 23:00:00,Kollam,27.4,87,1008.3,29.88,12,Clear,0
2006-09-28 03:00:00,Bhavnagar,25.6,85,1005.6,34.56,6,Clear,0
2006-07-17 17:00:00,Karimnagar,30.9,52,967.3,42.48,100,Cloudy,0
2002-06-05 13:00:00,Junagadh,35.5,41,995.4,79.56,36,Clear,0
1998-07-04 19:00:00,Warangal,27.1,83,974.7,28.08,98,Rain,2
2017-10-22 13:00:00,Amravati,32,60,968.8,31.32,29,Clear,0
2024-10-27 18:00:00,Pune,25,63,946.2,28.8,0,Clear,0
2005-11-13 01:00:00,Hyderabad,14.8,79,955.6,32.4,37,Clear,0
2015-02-21 13:00:00,Bhavnagar,29.2,42,1011,39.6,0,Clear,0
2002-01-03 21:00:00,Shivamogga,22.2,47,950,48.96,11,Clear,0
2022-12-09 06:00:00,Jodhpur,12,59,988.2,32.4,0,Clear,0
2008-05-07 10:00:00,Wayanad,27.8,59,926.6,21.24,46,Clear,0
2012-05-17 20:00:00,Rajkot,31.2,45,991.2,54.72,0,Clear,0
2002-07-28 21:00:00,Jaipur,32.7,42,953.8,64.44,76,Cloudy,0
2011-05-10 14:00:00,Udaipur,38.3,14,943.6,68.4,0,Clear,0
1996-12-13 17:00:00,Karimnagar,23.6,49,982.2,6.48,100,Cloudy,0
2015-06-24 01:00:00,Kozhikode,25.6,93,1008.8,6.48,95,Rain,0.8
2013-09-30 09:00:00,Nashik,23.9,82,943.5,56.16,78,Cloudy,0
2016-11-05 05:00:00,Khammam,23.9,74,992.6,35.28,7,Clear,0
2014-09-20 03:00:00,Nashik,21.4,98,943.1,29.88,100,Cloudy,0
2012-10-21 00:00:00,Shivamogga,21.3,93,946.5,50.76,100,Cloudy,0
2013-09-19 22:00:00,New_Delhi,26.5,80,978.9,28.8,2,Clear,0
2009-05-08 13:00:00,Aurangabad,39,14,943.7,23.76,3,Clear,0
2003-11-28 05:00:00,Karimnagar,17.9,92,979.8,23.04,91,Cloudy,0
2024-06-04 11:00:00,Kalaburagi,31.9,62,958.4,52.56,92,Rain,4.9
2012-02-14 18:00:00,Jaipur,20.4,25,964.9,29.52,34,Clear,0
2014-07-07 07:00:00,Ahmedabad,29.8,67,999.5,57.24,39,Clear,0
2009-05-20 12:00:00,Idukki,21.1,89,896.3,31.68,100,Rain,2.4
1996-03-24 08:00:00,Bhavnagar,26.9,44,1008.1,27.36,0,Clear,0
2009-09-15 00:00:00,Kota,25.9,70,978.1,52.2,1,Clear,0
2000-11-21 10:00:00,Thiruvananthapuram,25.6,80,1009.4,21.96,100,Cloudy,0
2010-04-29 14:00:00,Surat,37.5,30,1004.2,49.32,0,Clear,0
2025-01-10 16:00:00,Kochi,31,51,1008.3,63,1,Clear,0
2017-11-02 19:00:00,Pune,24.2,41,949.7,19.8,9,Clear,0
2012-12-30 05:00:00,Pune,17.9,68,945.9,22.68,23,Clear,0
2009-08-27 07:00:00,Ahmedabad,25.3,92,998.6,26.28,92,Rain,0.9
2004-04-20 16:00:00,Bikaner,40.4,11,979.1,56.88,0,Clear,0
2009-08-07 20:00:00,Nagpur,27.3,70,968.1,41.4,95,Cloudy,0
2021-01-11 13:00:00,Ganganagar,18.7,48,996.3,39.24,0,Clear,0
2011-06-22 20:00:00,Nizamabad,31.6,45,957.5,56.52,97,Cloudy,0
2011-01-11 17:00:00,Jaipur,18.4,39,962.8,34.2,40,Clear,0
2024-08-22 05:00:00,Kalaburagi,22.3,99,955.4,14.4,75,Cloudy,0
2001-05-14 08:00:00,Mysuru,24.4,68,928.3,52.56,1,Clear,0
2024-03-31 19:00:00,Thiruvananthapuram,28,77,1009.5,18.72,4,Clear,0
2007-10-04 08:00:00,Shivamogga,22.4,86,945.2,40.68,65,Cloudy,0
2022-12-20 04:00:00,Udaipur,14.9,47,947.5,23.76,0,Clear,0
2021-12-29 19:00:00,Idukki,18.6,72,898.8,47.52,2,Clear,0
2001-08-04 04:00:00,Nizamabad,22.4,95,958.7,33.48,100,Rain,0.2
2017-09-25 11:00:00,Kolhapur,27.5,78,948.3,13.32,75,Rain,0.1
2013-01-11 16:00:00,Udaipur,26.6,26,951.5,9,0,Clear,0
2008-07-27 23:00:00,Kota,25.5,95,969.4,18.36,76,Rain,0.7
2016-07-07 06:00:00,Anand,26.4,86,997.5,39.6,99,Cloudy,0
2017-02-19 10:00:00,Dharwad,28.5,32,937.4,39.24,40,Clear,0
2004-01-23 17:00:00,Khammam,26.2,60,995.1,18,96,Cloudy,0
2011-01-15 20:00:00,Solapur,25.3,36,960.6,30.6,0,Clear,0
1998-11-18 12:00:00,Kozhikode,27.7,75,1009.3,15.48,54,Clear,0
2006-06-14 05:00:00,New_Delhi,26.4,56,977.8,24.84,60,Cloudy,0
2010-01-08 12:00:00,Kota,21,45,987.1,16.92,0,Clear,0
2006-05-16 23:00:00,Kota,32.5,44,976.9,24.12,5,Rain,0.1
2023-12-11 17:00:00,Bengaluru,25.6,55,912.6,26.64,99,Cloudy,0
2011-08-06 08:00:00,Chikkamagaluru,20,95,896.3,53.64,100,Rain,0.2
2017-10-16 17:00:00,Delhi_North,29,57,979.6,35.64,0,Clear,0
2003-08-01 09:00:00,Delhi_North,26,91,978.8,19.44,100,Rain,2.6
2022-12-31 05:00:00,Surat,16.6,69,1015.4,31.32,0,Clear,0
1996-01-30 10:00:00,Kozhikode,28.4,40,1011,8.64,6,Clear,0
2020-09-20 18:00:00,Mangaluru,25.6,90,1003.1,57.6,100,Rain,1.7
2011-09-10 02:00:00,Khammam,24.8,92,990.1,17.64,100,Cloudy,0
2012-02-18 14:00:00,Hubballi,33.1,25,941.4,37.44,19,Clear,0
2018-06-19 17:00:00,Ganganagar,35.7,45,977.8,25.92,6,Clear,0
2013-04-24 15:00:00,Kalaburagi,37.3,26,957.8,9.72,61,Cloudy,0
2005-06-28 22:00:00,Warangal,25.2,81,973.7,62.64,100,Rain,0.9
2020-02-26 19:00:00,Karimnagar,23.2,58,980.6,28.44,0,Clear,0
2023-03-27 00:00:00,Warangal,24.9,84,978.5,42.84,0,Clear,0
2004-11-30 17:00:00,Thrissur,29.6,55,1006.8,13.32,95,Cloudy,0
2020-01-03 19:00:00,Aurangabad,20.1,70,948,37.08,22,Clear,0
2020-09-16 06:00:00,Kollam,25,93,1007.3,55.08,67,Rain,0.3
2021-02-10 21:00:00,Udaipur,17.8,32,949.4,27.72,1,Clear,0
2016-04-26 03:00:00,Thrissur,28.4,79,1005.1,20.88,45,Clear,0
2016-02-24 05:00:00,Jodhpur,13.2,37,986,32.04,99,Cloudy,0
2012-04-16 12:00:00,Amravati,39.1,16,970.3,21.6,5,Clear,0
2005-11-26 12:00:00,Chikkamagaluru,23.5,64,900.7,51.12,100,Cloudy,0
1996-04-15 22:00:00,Thrissur,26,86,1010,14.76,41,Rain,0.1
2010-09-28 10:00:00,Amravati,30.2,70,973.1,18.72,14,Clear,0
2012-06-13 05:00:00,Kozhikode,24.5,94,1005.4,6.84,100,Rain,2.6
2004-12-28 05:00:00,Chikkamagaluru,14.6,93,898.3,30.24,5,Clear,0
2015-03-19 05:00:00,Bhavnagar,22.7,57,1009,29.52,2,Clear,0
2012-12-21 13:00:00,Thrissur,33.8,39,1004.8,55.8,12,Clear,0
2017-12-24 16:00:00,Bhavnagar,26.5,41,1008.6,30.6,0,Clear,0
2002-05-16 19:00:00,Surat,29.9,76,999.6,88.92,0,Clear,0
1997-12-20 21:00:00,Kozhikode,26.8,85,1012.5,2.88,100,Cloudy,0
2010-09-18 12:00:00,Anand,29.9,72,999.3,19.8,23,Clear,0
1998-05-14 07:00:00,Solapur,27,75,957.2,9.36,72,Cloudy,0
2023-10-08 19:00:00,Thrissur,26,86,1009.2,16.56,45,Clear,0
2019-03-28 17:00:00,Jodhpur,38.2,13,983.9,54,0,Clear,0
2007-06-29 18:00:00,Ahmedabad,30.1,76,989.4,31.32,35,Rain,0.7
2017-01-23 08:00:00,Aurangabad,21.8,55,952.7,46.8,48,Clear,0
2024-03-11 07:00:00,New_Delhi,17,73,992.3,22.68,0,Clear,0
2022-05-14 07:00:00,Surat,29.4,76,1001.7,73.8,18,Clear,0
2014-02-05 05:00:00,Pune,19.4,67,946.8,14.76,100,Cloudy,0
2019-09-17 12:00:00,Mumbai,28.2,80,1006.8,60.12,56,Rain,0.3
1999-09-28 16:00:00,Bhavnagar,34.5,49,1000.6,46.8,20,Clear,0
2015-08-26 13:00:00,Kozhikode,28.1,74,1007.1,48.96,29,Rain,0.1
2011-06-11 18:00:00,Delhi_North,38,35,969.4,50.04,19,Clear,0
2005-02-05 13:00:00,Mumbai,29.8,42,1010.6,44.64,0,Clear,0
2022-07-08 06:00:00,Ganganagar,31,75,980.9,30.24,8,Clear,0
2014-06-04 08:00:00,Mumbai,30.1,73,1005.4,37.08,68,Cloudy,0
2001-07-12 23:00:00,Mumbai,25.5,91,1006,92.88,100,Rain,0.6
1996-09-06 18:00:00,Nagpur,27.4,77,968.3,14.76,100,Cloudy,0
2001-02-10 00:00:00,Kollam,24.6,86,1010.6,12.24,7,Clear,0
1999-01-09 04:00:00,Ajmer,7,88,958.2,25.92,0,Clear,0
2009-10-22 13:00:00,Shivamogga,30.1,40,948.9,47.88,16,Clear,0
2007-03-11 19:00:00,Bikaner,17.9,80,983.1,40.32,94,Cloudy,0
2006-04-23 02:00:00,Surat,27.6,68,1005.7,47.52,3,Clear,0
2019-10-08 22:00:00,Kollam,24.9,97,1010.4,18,52,Clear,0
2006-08-09 02:00:00,Mysuru,20.4,91,928.7,45,84,Cloudy,0
2003-04-04 10:00:00,Thrissur,29,73,1009.7,24.84,97,Rain,0.2
1998-05-06 02:00:00,Bikaner,30,38,977.4,22.68,13,Clear,0
2010-10-05 01:00:00,Warangal,24.6,94,976.1,15.12,67,Cloudy,0
2011-06-01 19:00:00,Warangal,34.4,40,972.6,29.52,96,Cloudy,0
2015-06-14 06:00:00,Anand,27.5,86,997.5,33.12,34,Clear,0
2020-01-09 18:00:00,Nagpur,21,64,979.3,34.56,98,Cloudy,0
2019-12-04 05:00:00,Karimnagar,21.8,92,983.6,9.36,43,Clear,0
2019-08-21 17:00:00,Pune,25.2,76,945.4,64.8,98,Cloudy,0
2025-03-22 19:00:00,Kolhapur,28.5,40,949.7,59.76,0,Clear,0
2016-12-06 12:00:00,Warangal,27,48,984.5,20.88,0,Clear,0
2022-01-11 18:00:00,Delhi_North,11.8,83,990.1,26.28,1,Clear,0
2003-03-15 15:00:00,Nagpur,35.5,16,973,13.32,96,Cloudy,0
2026-01-06 22:00:00,Bengaluru,19.5,72,916.8,41.76,100,Cloudy,0
1996-06-03 09:00:00,Anand,31.6,53,1000.8,50.76,1,Clear,0
1997-08-20 17:00:00,Ajmer,30.6,59,949.3,26.64,80,Cloudy,0
2002-09-25 17:00:00,Ratnagiri,27,77,1000.7,32.76,94,Cloudy,0
2018-11-29 00:00:00,Chikkamagaluru,16.8,76,900.9,34.92,0,Clear,0
2007-02-01 18:00:00,Solapur,30.8,24,961.6,30.24,1,Clear,0
2021-04-08 18:00:00,Ahmedabad,36.2,16,998.8,18,0,Clear,0
2003-08-16 21:00:00,Dharwad,21.8,86,930.5,53.28,80,Cloudy,0
2010-04-19 17:00:00,Nizamabad,40.5,16,960.3,60.12,59,Clear,0
2019-12-19 21:00:00,Bikaner,13.5,79,989.5,42.12,98,Cloudy,0
1998-06-05 15:00:00,Khammam,42.4,22,986.8,11.88,5,Clear,0
2025-04-24 06:00:00,Bikaner,25,17,977.9,37.08,0,Clear,0
2012-02-06 23:00:00,Mysuru,22.4,60,929.6,27.72,90,Cloudy,0
2014-12-01 17:00:00,Nashik,26.2,36,947.4,20.16,96,Cloudy,0
1998-01-15 15:00:00,Wayanad,29.1,39,928.3,21.24,53,Clear,0
2016-02-12 07:00:00,Hubballi,17.8,94,941.7,19.08,75,Cloudy,0
2021-09-14 03:00:00,Mysuru,20.8,94,924.4,58.68,82,Cloudy,0
2010-02-26 23:00:00,Ganganagar,19.9,58,992.2,36.36,98,Cloudy,0
1997-10-22 12:00:00,Rajkot,32.3,30,998.7,21.6,2,Clear,0
2021-12-11 21:00:00,Bengaluru,19.6,89,916.2,42.48,26,Clear,0
2001-08-11 17:00:00,Delhi_North,31.8,71,975.2,26.28,31,Rain,0.2
1997-09-15 10:00:00,Bikaner,31.5,57,982,78.12,3,Clear,0
2015-08-05 17:00:00,Nashik,21.9,94,940.2,82.08,100,Rain,0.4
2022-03-28 00:00:00,Ajmer,24.5,16,955.8,36.72,0,Clear,0
2020-08-28 13:00:00,Kolhapur,25.8,76,945.6,77.4,100,Rain,0.1
2003-02-07 00:00:00,Kochi,26.8,80,1009.9,14.4,34,Clear,0
2021-12-28 08:00:00,Mysuru,19,85,933.4,57.6,40,Clear,0
2021-01-13 18:00:00,Jaipur,13.8,54,963.9,27,0,Clear,0
1997-10-27 02:00:00,Bikaner,18,85,990.2,63.36,69,Rain,0.4
2015-07-06 05:00:00,Ahmedabad,27.4,78,995.5,58.32,81,Cloudy,0
2022-08-23 10:00:00,Idukki,20.1,92,897.4,69.12,100,Rain,0.1
2000-03-08 02:00:00,Idukki,17.7,89,895.9,9.36,60,Cloudy,0
2022-09-07 10:00:00,Wayanad,23.1,85,926.6,27.72,100,Cloudy,0
2017-03-28 14:00:00,Kota,41,12,980.4,52.92,0,Clear,0
2022-12-26 15:00:00,Nizamabad,30.5,41,968.3,19.44,45,Clear,0
2007-03-05 23:00:00,Rajkot,22.4,39,999.9,34.56,0,Clear,0
2017-05-15 05:00:00,Anand,28,51,999.7,23.04,0,Clear,0
2007-06-26 16:00:00,Nizamabad,29,65,959.1,42.12,99,Cloudy,0
2015-09-13 02:00:00,Kalaburagi,23.1,95,958.1,34.2,100,Rain,0.3
2004-09-17 12:00:00,Surat,29.7,73,1008.8,33.12,22,Clear,0
2005-03-08 06:00:00,Khammam,22,91,1000.8,25.92,91,Cloudy,0
2002-03-11 08:00:00,Ratnagiri,26.7,72,1005.7,20.16,85,Cloudy,0
1997-06-13 19:00:00,Mysuru,22.4,87,926.9,56.88,100,Cloudy,0
2018-04-18 09:00:00,Bengaluru,29.1,47,915.6,16.92,85,Cloudy,0
2003-02-07 23:00:00,Kollam,25.5,84,1010,18.36,42,Clear,0
2000-11-29 22:00:00,Adilabad,20.8,55,982.2,34.56,44,Clear,0
2008-07-28 21:00:00,Kochi,24.3,93,1007.9,20.88,100,Rain,0.3
2007-05-24 09:00:00,Bengaluru,27.1,63,913.7,29.52,100,Cloudy,0
1998-06-22 14:00:00,Warangal,32,66,971,23.4,100,Rain,1.1
2025-09-01 17:00:00,Aurangabad,24.2,90,936.9,55.44,100,Rain,0.1
2019-11-28 10:00:00,New_Delhi,19.1,83,994.3,59.76,42,Rain,2.2
2021-07-09 06:00:00,Barmer,26.6,83,978.9,55.8,74,Cloudy,0
2001-05-25 07:00:00,Hyderabad,26.1,66,948.7,79.2,86,Cloudy,0
2018-08-18 08:00:00,Hubballi,22.3,90,938.1,96.12,70,Rain,0.3
1997-10-06 01:00:00,Shivamogga,21,96,948,20.16,52,Rain,0.1
2007-03-28 14:00:00,Dharwad,33.6,34,931.5,30.24,59,Clear,0
2009-01-31 04:00:00,Kalaburagi,18.9,48,960,29.16,0,Clear,0
2018-07-16 02:00:00,Nagpur,25.6,90,962,42.48,100,Rain,0.3
2017-05-10 10:00:00,Wayanad,29,60,928.9,13.68,25,Clear,0
2013-10-07 19:00:00,Anand,26.5,88,1003.9,13.68,92,Cloudy,0
1996-02-25 18:00:00,Kochi,28.6,72,1008.5,23.04,0,Clear,0
2020-08-12 04:00:00,Amravati,24,91,965.2,66.24,90,Cloudy,0
1997-01-08 17:00:00,Nashik,23.6,44,949.5,27.36,47,Clear,0
2019-12-05 00:00:00,Kolhapur,21.9,72,952.6,44.28,100,Cloudy,0
1998-05-13 02:00:00,Delhi_North,26.8,43,979.3,13.32,9,Clear,0
1998-09-13 06:00:00,Nagpur,23.8,93,965.2,66.24,100,Rain,1.7
2013-02-16 07:00:00,Anand,17.1,60,1004.2,39.6,6,Clear,0
1996-03-18 20:00:00,Ratnagiri,26.3,72,1001.2,36.72,29,Clear,0
2025-03-10 08:00:00,Mumbai,27.5,38,1010.6,28.44,0,Clear,0
2016-07-05 06:00:00,Bikaner,31.4,61,972,71.64,43,Clear,0
1998-11-27 07:00:00,Nashik,12.5,75,948.4,31.32,0,Clear,0
1999-11-16 15:00:00,Bengaluru,25.3,29,913.6,38.52,0,Clear,0
2015-04-29 12:00:00,Ratnagiri,32.3,56,1002.2,40.32,0,Clear,0
1996-11-02 16:00:00,Ganganagar,31.6,23,988.2,15.48,0,Clear,0
1998-10-18 10:00:00,Mysuru,24.9,71,932,66.6,100,Rain,0.1
2001-05-03 13:00:00,Anand,38.9,20,998.3,56.88,0,Clear,0
2021-11-04 06:00:00,Bhavnagar,21.2,81,1009.6,28.44,87,Cloudy,0
2007-10-26 05:00:00,Rajkot,21.9,51,996.2,28.8,25,Clear,0
1998-04-23 08:00:00,New_Delhi,31.6,28,981,36.72,0,Clear,0
2011-09-14 01:00:00,Bikaner,27,88,977.6,44.64,21,Clear,0
2019-03-01 18:00:00,Chikkamagaluru,24,35,897.7,21.96,1,Clear,0
2008-01-23 13:00:00,Solapur,29.8,19,956.8,36.72,82,Cloudy,0
2000-07-20 00:00:00,Udaipur,24.1,88,937.3,50.4,100,Cloudy,0
2012-03-14 10:00:00,New_Delhi,22.3,40,993.5,40.68,0,Clear,0
1997-06-08 21:00:00,Khammam,33.6,42,992.5,34.92,99,Cloudy,0
2009-01-03 19:00:00,Ajmer,18.8,41,958.9,33.48,47,Clear,0
1998-03-15 08:00:00,Jodhpur,19.3,41,988.8,49.32,0,Clear,0
2010-01-19 09:00:00,Solapur,23.6,48,964.9,41.76,3,Clear,0
2013-05-14 03:00:00,Bhavnagar,29.1,58,1001.5,46.44,3,Clear,0
2013-09-22 17:00:00,Bikaner,31.6,57,974.2,71.28,35,Rain,0.4
2002-11-14 07:00:00,Dharwad,19.1,85,930.6,6.48,62,Cloudy,0
1996-05-14 06:00:00,Delhi_North,25.1,41,976.1,41.76,22,Clear,0
2022-03-31 19:00:00,Nagpur,32.3,15,971.4,27.36,0,Clear,0
2017-10-09 13:00:00,Thiruvananthapuram,28.2,79,1004.8,55.08,88,Rain,0.1
2019-07-29 08:00:00,Warangal,24.8,87,973.7,59.04,100,Rain,0.8
2004-03-05 21:00:00,Amravati,28.6,30,971.4,28.8,69,Cloudy,0
2000-02-26 05:00:00,Bengaluru,18.9,97,908.3,25.56,43,Clear,0
2007-03-23 19:00:00,Kota,28.9,23,982.8,27.36,0,Clear,0
2001-06-18 17:00:00,Bharuch,29.9,78,997.6,72,99,Rain,0.4
2008-05-02 22:00:00,Bharuch,28,75,1002.3,57.96,0,Clear,0
2021-12-07 13:00:00,Ajmer,23.6,23,962.6,24.48,0,Clear,0
2018-03-24 13:00:00,Kollam,30.2,72,1006.5,78.84,51,Clear,0
2024-05-11 22:00:00,Rajkot,30.5,61,995.3,54.36,0,Clear,0
2005-09-03 02:00:00,Mangaluru,25,93,1003.5,54.72,100,Rain,0.1
2021-08-25 19:00:00,Ajmer,29.1,55,947.6,57.24,5,Clear,0
2022-11-11 09:00:00,Ahmedabad,26.4,46,1011.8,44.28,0,Clear,0
2002-02-10 15:00:00,Delhi_North,19.5,32,990.6,32.04,26,Clear,0
2010-02-05 19:00:00,Khammam,27.1,49,999.5,13.32,4,Clear,0
2008-12-18 12:00:00,Rajkot,29.4,41,1000,42.84,90,Cloudy,0
2012-11-19 18:00:00,Kochi,26.8,70,1008.3,19.8,100,Cloudy,0
2023-06-13 00:00:00,Hubballi,23.9,88,938.7,74.52,98,Cloudy,0
1999-02-28 13:00:00,Wayanad,33.5,12,928.5,47.52,0,Clear,0
2015-01-15 15:00:00,Bharuch,29.7,25,1010,18,0,Clear,0
2006-08-31 03:00:00,Udaipur,23.1,82,941.5,57.96,86,Cloudy,0
2007-07-31 01:00:00,Mumbai,26,91,1005.1,36.72,99,Rain,0.1
2004-05-28 10:00:00,Hyderabad,34.4,36,954.9,40.68,79,Cloudy,0
2003-06-30 12:00:00,Nizamabad,29.1,65,959.8,53.28,100,Cloudy,0
2025-07-02 05:00:00,Bharuch,26.1,90,999,43.92,98,Rain,0.8
2000-04-04 15:00:00,Bengaluru,33.1,28,909.4,32.76,31,Clear,0
1997-02-10 23:00:00,Chikkamagaluru,18,77,899.5,15.12,9,Clear,0
2007-07-17 06:00:00,Shivamogga,21.2,93,942.5,65.52,100,Rain,0.3
1998-12-08 06:00:00,Khammam,18.1,86,1000.3,7.2,16,Clear,0
1999-10-11 08:00:00,Ahmedabad,27.5,86,1006.2,36.36,25,Clear,0
2002-04-04 06:00:00,Bikaner,20.4,21,979.8,60.48,0,Clear,0
2003-02-05 17:00:00,Thrissur,31.5,52,1006.2,28.08,11,Clear,0
2011-02-09 00:00:00,Surat,20.7,77,1007.3,42.48,0,Clear,0
2012-12-10 12:00:00,Aurangabad,29.5,33,946.6,14.04,3,Clear,0
2000-05-11 22:00:00,Wayanad,21.4,99,926.9,24.12,98,Cloudy,0
2013-04-10 07:00:00,Hyderabad,27.1,65,954,38.88,11,Clear,0
2012-01-29 00:00:00,Ratnagiri,21,68,1003,23.76,0,Clear,0
2002-08-19 16:00:00,Nashik,24.1,83,940.4,78.12,99,Rain,0.2
2004-06-29 02:00:00,Rajkot,26,91,990.3,43.2,92,Cloudy,0
1997-07-06 21:00:00,Ganganagar,36.2,44,973.7,22.32,20,Clear,0
2000-03-26 00:00:00,Barmer,22.8,22,990.9,33.84,0,Clear,0
2001-04-20 03:00:00,Ahmedabad,25.6,56,1001.1,29.88,3,Clear,0
2003-05-04 18:00:00,Kolhapur,30.2,44,944.5,58.68,0,Clear,0
2021-05-17 22:00:00,Idukki,20.2,93,897.8,27.72,39,Clear,0
2003-07-05 19:00:00,Amravati,26.6,83,963.1,16.92,99,Rain,0.3
2010-04-22 11:00:00,Anand,34.2,42,1005,25.92,0,Clear,0
2025-04-29 23:00:00,Nagpur,32.2,29,969.7,54.72,84,Cloudy,0
2016-05-19 05:00:00,Hubballi,24.2,89,934.7,53.64,100,Cloudy,0
2014-01-09 11:00:00,Kochi,30.3,55,1011.5,3.96,25,Clear,0
2014-07-24 21:00:00,Warangal,25.7,83,976.2,23.04,98,Cloudy,0
2020-07-26 15:00:00,Barmer,30.3,76,982.5,63.72,79,Rain,0.1
2002-11-08 13:00:00,Kalaburagi,30.8,34,961.9,39.6,20,Clear,0
2010-05-10 22:00:00,Pune,28.9,70,946.1,25.56,14,Clear,0
2000-05-29 11:00:00,Pune,30.4,56,948.3,56.88,47,Rain,0.2
1998-02-27 04:00:00,Shivamogga,19.7,91,946.3,20.16,76,Cloudy,0
2020-06-21 22:00:00,Idukki,19.6,99,896.5,61.92,100,Cloudy,0
2021-05-24 12:00:00,Solapur,32,45,957.1,86.76,65,Cloudy,0
2010-04-02 16:00:00,Chikkamagaluru,33,25,898.7,22.68,86,Cloudy,0
2020-06-24 08:00:00,Ajmer,29.8,59,951.6,71.28,64,Cloudy,0
1997-07-28 19:00:00,Aurangabad,23.2,92,940.5,64.44,83,Rain,0.5
2016-06-09 11:00:00,Thrissur,27.3,84,1007.7,46.08,100,Rain,0.8
2017-02-13 17:00:00,Dharwad,29.2,20,934,59.76,0,Clear,0
2011-06-25 01:00:00,Kalaburagi,26,72,953.3,70.2,100,Cloudy,0
2020-06-07 17:00:00,Shivamogga,26.6,68,943,49.68,84,Cloudy,0
2014-09-29 15:00:00,Barmer,36.1,29,986.5,75.6,1,Clear,0
2001-07-02 22:00:00,Kalaburagi,27.3,61,955.9,83.16,100,Cloudy,0
2022-04-26 13:00:00,Mumbai,33.8,55,1007,58.32,0,Clear,0
2017-09-29 12:00:00,Amravati,31.4,58,968.1,23.4,26,Clear,0
2013-09-19 22:00:00,Kozhikode,24.3,95,1007.1,21.24,100,Rain,0.5
2006-10-06 22:00:00,Kalaburagi,23.9,92,959.6,31.32,89,Cloudy,0
1998-04-18 14:00:00,Surat,34,25,1007.9,52.92,84,Cloudy,0
2017-03-08 09:00:00,Thrissur,28.9,77,1008.1,19.44,60,Rain,0.1
2007-03-11 17:00:00,Barmer,27,28,987.2,95.04,98,Cloudy,0
2018-05-02 18:00:00,Amravati,36.8,20,965.2,41.04,31,Clear,0
2014-11-06 06:00:00,Kolhapur,19.2,80,950.3,28.44,58,Clear,0
2006-09-08 04:00:00,Mangaluru,25.1,91,1004.4,24.48,95,Cloudy,0
1996-07-10 19:00:00,Udaipur,27.1,80,938.7,28.44,100,Cloudy,0
2011-05-23 01:00:00,Dharwad,22.4,87,929.1,45,36,Clear,0
2004-10-11 10:00:00,Pune,26.4,71,953.1,24.84,27,Clear,0
2007-08-08 08:00:00,Hubballi,21.2,95,936.7,74.88,100,Rain,0.3
2017-03-26 23:00:00,Anand,28,40,1006.7,26.28,0,Clear,0
2023-07-02 12:00:00,Hyderabad,32.3,51,950.5,70.56,94,Cloudy,0
2004-01-30 07:00:00,Ganganagar,10.1,93,992.3,29.16,69,Rain,0.5
2010-11-26 03:00:00,Barmer,15.5,91,990.3,30.24,0,Clear,0
2011-07-29 21:00:00,Kollam,24.5,92,1008.4,18.36,97,Cloudy,0
2026-02-22 15:00:00,Adilabad,33.8,23,977.1,4.68,12,Clear,0
2019-09-11 10:00:00,Mangaluru,27,85,1008.8,38.52,94,Rain,0.4
2004-11-21 10:00:00,Mumbai,30.4,39,1014.2,46.8,0,Clear,0
1996-12-07 04:00:00,Rajkot,16.7,41,1001.3,41.04,0,Clear,0
2009-08-17 00:00:00,Mangaluru,24.6,93,1007.6,36.72,100,Rain,0.8
2010-05-17 00:00:00,Jaipur,32.9,19,954,24.84,0,Clear,0
2019-09-22 16:00:00,Ratnagiri,27.4,83,997.5,43.92,26,Rain,0.1
2007-10-16 05:00:00,New_Delhi,20.5,93,986.4,24.48,26,Clear,0
2007-07-18 11:00:00,Ratnagiri,27,84,998.9,49.32,82,Rain,0.2
2024-10-23 23:00:00,Kollam,25.2,91,1010.4,25.56,100,Rain,0.3
2003-01-24 14:00:00,Hubballi,31.8,23,940.2,15.48,67,Cloudy,0
2008-01-08 19:00:00,Barmer,22.7,35,992,46.8,28,Clear,0
2010-03-14 17:00:00,Pune,32.7,18,950.2,45.72,100,Cloudy,0
2017-04-20 09:00:00,Wayanad,27.5,68,928.8,27.36,49,Clear,0
1998-09-28 19:00:00,Nizamabad,25.9,85,962.7,19.44,41,Clear,0
2017-07-30 03:00:00,Nizamabad,25.1,80,962.6,38.88,98,Cloudy,0
2019-12-30 19:00:00,Kozhikode,26.8,86,1009.7,36.72,82,Cloudy,0
2024-12-22 00:00:00,Kollam,25.6,91,1010.3,51.84,82,Rain,1.1
2012-09-10 03:00:00,Bharuch,25.4,93,1001,48.96,97,Cloudy,0
2002-12-09 03:00:00,Bikaner,13,64,992.9,41.76,16,Clear,0
1998-10-31 09:00:00,Junagadh,26.1,46,1003.5,34.92,0,Clear,0
1997-08-30 11:00:00,Bhavnagar,28.9,71,1004.3,37.44,51,Clear,0
2025-11-27 19:00:00,Thiruvananthapuram,25,80,1009.6,16.2,100,Cloudy,0
2000-11-06 02:00:00,Karimnagar,21.4,80,977.9,18.72,1,Clear,0
2002-10-20 15:00:00,Junagadh,34.4,32,998.5,56.88,6,Clear,0
2010-12-02 12:00:00,Kalaburagi,28.8,49,960.5,42.84,59,Clear,0
2024-07-22 07:00:00,Delhi_North,29.5,83,975.1,18.36,92,Rain,0.2
2020-09-05 21:00:00,Dharwad,25,82,927,20.88,94,Cloudy,0
2007-04-12 03:00:00,Ganganagar,21.3,49,982.5,34.92,0,Clear,0
2025-05-10 12:00:00,Solapur,35.7,26,957.9,26.28,17,Clear,0
2026-02-19 06:00:00,Udaipur,12.8,96,950.2,11.88,26,Clear,0
2005-12-21 16:00:00,Adilabad,28.6,45,980,5.76,28,Clear,0
1997-08-20 15:00:00,Dharwad,24.1,76,927.1,84.24,100,Cloudy,0
2021-10-24 13:00:00,Junagadh,29.5,54,1002.7,44.64,12,Clear,0
2015-02-28 20:00:00,Hyderabad,26.8,43,954.2,52.2,76,Cloudy,0
2016-12-28 07:00:00,Hubballi,17.1,61,943.1,45.72,0,Clear,0
2005-09-03 19:00:00,Bhavnagar,31.7,63,1000.3,44.28,39,Clear,0
2012-04-16 06:00:00,Barmer,22.4,55,985.8,32.76,15,Clear,0
2025-06-09 02:00:00,Solapur,25.2,81,955.2,44.64,3,Clear,0
2015-02-02 17:00:00,Idukki,24.1,40,899.6,21.96,61,Cloudy,0
2006-04-22 12:00:00,Shivamogga,33.9,29,946.7,12.6,64,Cloudy,0
2017-03-29 17:00:00,Warangal,35.7,32,978.8,23.76,8,Clear,0
1998-08-01 11:00:00,Aurangabad,27.4,71,941.3,55.08,89,Rain,0.2
1996-04-12 14:00:00,Idukki,24.4,77,896.1,14.04,60,Rain,1
1996-10-16 11:00:00,Surat,33,34,1010,6.48,0,Clear,0
2010-08-11 16:00:00,Thrissur,27.8,75,1004.1,71.28,34,Rain,0.2
2016-03-26 17:00:00,Pune,34.8,28,950.4,50.04,33,Clear,0
2024-02-01 23:00:00,Barmer,20.2,34,994,43.2,18,Clear,0
2007-07-19 03:00:00,Bharuch,25.9,90,1000.7,49.32,73,Cloudy,0
2000-12-10 20:00:00,Nagpur,21.1,40,978.7,35.64,0,Clear,0
2018-04-08 16:00:00,Barmer,39.2,10,982.7,46.8,51,Clear,0
2012-10-07 19:00:00,Bikaner,32.8,22,984.4,23.4,14,Clear,0
1999-07-24 06:00:00,Nizamabad,23.7,80,958.9,65.88,100,Cloudy,0
2025-11-13 06:00:00,Warangal,17.9,66,985.4,38.88,0,Clear,0
2013-10-24 05:00:00,Ganganagar,19.3,74,993.5,26.64,0,Clear,0
2003-08-15 16:00:00,Ratnagiri,25.8,87,998.9,43.56,73,Rain,0.5
2012-05-15 14:00:00,Anand,38.2,24,1001.9,43.56,0,Clear,0
2000-10-08 04:00:00,Barmer,29,36,984.6,43.2,29,Clear,0
2009-02-03 12:00:00,Nizamabad,32.9,27,969.7,11.88,0,Clear,0
1997-01-26 02:00:00,New_Delhi,6.4,74,990.8,30.24,11,Clear,0
2007-12-16 01:00:00,Wayanad,21.6,68,926.1,41.04,94,Cloudy,0
2020-02-25 19:00:00,Warangal,24.3,75,981.1,23.04,0,Clear,0
2011-06-15 15:00:00,Bharuch,32.6,62,999.9,91.8,67,Cloudy,0
2012-06-17 15:00:00,Thrissur,25,95,1006.3,24.48,100,Rain,1.8
1999-10-26 10:00:00,Nizamabad,27.3,70,968.2,12.24,31,Rain,0.1
2009-08-05 18:00:00,Ajmer,29.1,58,945,51.12,99,Cloudy,0
1999-03-19 00:00:00,Ganganagar,18.2,37,988.5,38.16,0,Clear,0
1998-07-30 08:00:00,Jodhpur,30,72,976.8,7.92,64,Cloudy,0
2009-02-02 14:00:00,Pune,32.9,20,951.5,33.12,0,Clear,0
2025-05-13 18:00:00,Amravati,34.1,37,965.6,29.88,6,Clear,0
2022-03-08 06:00:00,Chikkamagaluru,17.1,97,899.4,29.88,29,Clear,0
2003-06-13 16:00:00,Kalaburagi,35,40,952.6,52.56,100,Cloudy,0
2015-03-24 05:00:00,Ajmer,21.8,44,955.9,22.32,0,Clear,0
2016-10-15 19:00:00,Ganganagar,29.4,39,989.8,19.8,0,Clear,0
1997-08-30 09:00:00,Kalaburagi,26.7,62,958.4,86.76,100,Cloudy,0
2020-05-20 18:00:00,Kochi,28.2,86,1004.8,25.56,92,Cloudy,0
2016-08-31 04:00:00,Warangal,23.6,97,973.5,20.16,100,Rain,0.5
2017-05-31 11:00:00,Chikkamagaluru,24.5,68,898,68.76,37,Clear,0
2025-10-22 01:00:00,Shivamogga,22,96,943.9,34.56,92,Cloudy,0
2003-09-24 01:00:00,Mangaluru,24.1,95,1006.9,14.4,89,Cloudy,0
2014-07-08 01:00:00,Bengaluru,20.6,95,908.9,53.64,99,Rain,0.1
2024-07-18 00:00:00,New_Delhi,29.6,82,976.8,28.44,75,Cloudy,0
2018-07-23 15:00:00,Chikkamagaluru,19.9,94,895.4,81.72,95,Rain,0.7
2010-06-08 08:00:00,Aurangabad,27.1,69,943.8,55.8,27,Clear,0
2021-12-28 17:00:00,Kalaburagi,26.5,39,961.9,28.8,0,Clear,0
2019-12-17 10:00:00,Hyderabad,24.8,61,961.7,46.8,82,Cloudy,0
2023-01-04 18:00:00,Anand,20.4,37,1012.1,45,0,Clear,0
2010-02-22 23:00:00,Hyderabad,23.4,74,956.9,34.92,86,Cloudy,0
2002-08-17 21:00:00,Shivamogga,21,91,944.8,64.44,97,Rain,0.2
2017-10-06 19:00:00,Khammam,27.1,89,991.2,12.24,99,Cloudy,0
2005-11-28 01:00:00,Kota,17.8,61,985.1,19.44,18,Clear,0
2002-06-02 01:00:00,Kochi,24.9,93,1007.3,22.32,100,Cloudy,0
2018-03-03 14:00:00,Kochi,31.5,45,1006.3,64.44,51,Clear,0
2019-01-15 00:00:00,New_Delhi,8.9,57,993.2,54,0,Clear,0
2008-12-27 07:00:00,Jodhpur,10.2,90,987.4,25.92,0,Clear,0
2013-05-04 22:00:00,Jaipur,30.1,18,953.4,36,8,Clear,0
2003-10-22 01:00:00,Adilabad,23.7,91,980.4,14.04,99,Cloudy,0
2006-05-29 21:00:00,Jodhpur,36.6,30,969.3,79.2,0,Clear,0
2016-09-03 16:00:00,Mysuru,25.4,70,925.3,57.6,99,Rain,0.1
2000-11-24 02:00:00,Mangaluru,25.8,89,1009.2,12.24,96,Cloudy,0
2019-02-05 17:00:00,Udaipur,25.1,37,950.6,47.52,70,Cloudy,0
2009-09-09 09:00:00,Wayanad,22,87,927.1,46.44,88,Rain,0.3
2023-11-05 08:00:00,Mumbai,27.7,59,1011.7,38.52,45,Clear,0
2006-07-22 09:00:00,Junagadh,25.1,96,992.7,27.36,100,Rain,0.9
2001-01-19 13:00:00,Udaipur,28.4,20,952,46.08,0,Clear,0
2024-09-15 10:00:00,Kochi,28.6,79,1010.6,48.96,82,Rain,0.1
1996-07-18 06:00:00,Jodhpur,26.6,94,974.3,8.64,100,Rain,0.2
2025-09-28 04:00:00,Mumbai,26.2,93,1003.1,91.08,100,Thunderstorm,6.8
2010-08-04 22:00:00,Chikkamagaluru,20.1,92,897.5,40.68,100,Cloudy,0
2002-11-23 18:00:00,Kalaburagi,26.5,32,960.6,25.92,96,Cloudy,0
2021-07-22 11:00:00,Chikkamagaluru,19.6,95,895.8,106.92,100,Rain,2.7
2006-09-10 01:00:00,Kozhikode,24.6,91,1008.3,17.64,100,Cloudy,0
1998-12-31 14:00:00,Jodhpur,26.9,22,990.1,16.92,0,Clear,0
2023-01-16 04:00:00,Junagadh,12,44,1003.4,35.64,0,Clear,0
2025-10-03 10:00:00,Thrissur,29.8,72,1010,17.64,99,Rain,0.1
2012-01-14 08:00:00,Wayanad,20.4,73,930.3,37.08,27,Clear,0
2003-11-07 11:00:00,Mysuru,24.2,66,931.2,39.24,100,Cloudy,0
2000-01-01 23:00:00,Bhavnagar,22.5,61,1010.8,30.96,0,Clear,0
2005-07-03 23:00:00,Wayanad,20.4,99,927.6,25.56,100,Cloudy,0
2004-07-22 21:00:00,Bharuch,27.5,84,1002.6,63.72,95,Cloudy,0
2009-12-24 03:00:00,Bengaluru,17.6,96,913.5,37.8,98,Cloudy,0
2002-10-12 18:00:00,Khammam,25.3,89,990.6,9.72,100,Rain,0.3
2012-07-11 18:00:00,Chikkamagaluru,19.7,95,896,46.44,100,Rain,0.5
2006-04-23 17:00:00,Kollam,29.8,72,1004.7,53.28,25,Clear,0
2013-07-13 20:00:00,Jodhpur,28.6,80,974.3,57.96,100,Cloudy,0
1997-12-06 18:00:00,Nizamabad,25.3,60,970,27.36,85,Cloudy,0
1997-10-18 02:00:00,Nizamabad,24.6,76,970.1,18,32,Clear,0
2018-04-07 07:00:00,Kozhikode,26.3,87,1008.2,14.4,16,Clear,0
2012-08-23 21:00:00,Thrissur,25.1,91,1007.7,13.68,50,Clear,0
2015-10-25 08:00:00,Anand,27.4,44,1008.2,11.88,14,Clear,0
1998-07-31 13:00:00,Idukki,22.6,75,896.7,41.76,71,Rain,0.4
2003-04-07 09:00:00,Thiruvananthapuram,28.2,75,1011.1,18.72,9,Clear,0
2003-01-22 04:00:00,Mangaluru,25.3,91,1008.6,39.24,95,Cloudy,0
2012-09-02 10:00:00,Rajkot,28.9,78,989.9,22.32,99,Cloudy,0
2017-03-05 18:00:00,Ratnagiri,26.1,66,999.2,41.4,36,Clear,0
2005-12-11 15:00:00,Bhavnagar,27.3,40,1010.3,39.6,0,Clear,0
2025-04-20 21:00:00,Wayanad,22.2,96,927.8,18.72,75,Cloudy,0
2021-08-12 17:00:00,Bikaner,37.5,32,976.5,73.44,0,Clear,0
2009-11-23 13:00:00,Kalaburagi,29.3,42,963.2,22.68,48,Clear,0
2024-11-14 18:00:00,Solapur,25.6,76,959.3,42.48,96,Cloudy,0
2025-05-03 07:00:00,Ratnagiri,28.2,81,1002.1,19.8,90,Cloudy,0
2021-10-12 12:00:00,Hyderabad,30,44,951.5,24.48,91,Cloudy,0
1997-08-24 12:00:00,Thiruvananthapuram,28.1,72,1009.7,71.28,15,Clear,0
1996-03-06 11:00:00,Shivamogga,32,22,949.6,27,0,Clear,0
2016-04-20 06:00:00,Bharuch,26.7,63,1007.3,14.76,0,Clear,0
2004-10-07 00:00:00,Dharwad,19.4,94,930.6,37.8,97,Cloudy,0
2017-12-26 23:00:00,Nizamabad,18.4,58,970.9,27.36,0,Clear,0
2025-02-23 03:00:00,Thrissur,24.8,96,1010.4,1.8,6,Clear,0
2001-02-20 22:00:00,Amravati,25.2,28,971.4,30.6,0,Clear,0
1996-10-20 23:00:00,Mangaluru,24.7,88,1005.5,63.36,41,Rain,0.5
2022-03-01 23:00:00,Surat,23.5,45,1011.3,28.08,0,Clear,0
2024-09-08 19:00:00,Aurangabad,24.3,84,940.9,40.32,100,Cloudy,0
2000-03-13 17:00:00,Rajkot,30.3,23,991.5,24.48,1,Clear,0
2018-11-29 21:00:00,Amravati,20.4,61,977.3,29.52,0,Clear,0
1996-04-24 12:00:00,Kota,38.9,15,977.8,58.32,13,Clear,0
2006-03-22 03:00:00,Chikkamagaluru,20.2,91,897.1,11.16,40,Clear,0
2022-07-28 22:00:00,Nizamabad,24,93,965.6,16.2,100,Cloudy,0
2010-04-05 00:00:00,Nagpur,29.3,20,974.6,38.16,0,Clear,0
1996-04-30 12:00:00,Bharuch,38.5,23,1003.2,41.04,0,Clear,0
2016-08-04 15:00:00,Jodhpur,31.9,64,972.2,15.48,96,Cloudy,0
2004-11-01 14:00:00,Adilabad,30.6,40,982.2,43.56,100,Cloudy,0
2025-05-29 19:00:00,Anand,31.6,64,991.4,72,94,Cloudy,0
2018-04-06 21:00:00,Ganganagar,24.9,53,986.6,28.8,9,Clear,0
2025-07-07 15:00:00,Ratnagiri,27.3,79,997.3,98.28,100,Rain,0.3
2012-09-01 20:00:00,New_Delhi,29.1,85,976.6,17.64,81,Cloudy,0
2017-07-07 15:00:00,Bikaner,39.1,30,973.5,69.84,18,Clear,0
2010-08-13 15:00:00,Jaipur,29.6,76,954.6,32.4,99,Rain,0.8
2021-09-14 09:00:00,Nashik,23.8,87,939.7,83.16,96,Rain,0.1
2019-11-23 06:00:00,Mumbai,23.5,83,1012.4,18.36,95,Cloudy,0
2014-06-02 15:00:00,Mumbai,32.9,62,1004.8,68.4,26,Clear,0
2025-09-04 08:00:00,Idukki,19.2,96,898.1,64.44,100,Rain,0.4
2012-09-10 02:00:00,Solapur,23.2,90,954.3,51.48,100,Cloudy,0
2005-09-22 15:00:00,Mangaluru,26.6,85,1006.3,56.88,38,Rain,0.2
2020-08-12 20:00:00,Mysuru,22.3,85,928.8,39.24,99,Cloudy,0
1996-06-28 14:00:00,Bikaner,33.7,51,974.4,118.08,2,Clear,0
2016-05-18 03:00:00,Surat,29.1,84,998.8,6.48,40,Clear,0
2022-12-22 23:00:00,Thiruvananthapuram,24.4,94,1008.9,22.68,63,Cloudy,0
2003-07-31 19:00:00,Jodhpur,28.6,68,976.3,78.12,100,Cloudy,0
1998-09-19 13:00:00,Dharwad,26,73,927.5,45.36,96,Cloudy,0
2012-09-11 19:00:00,Jaipur,26.1,88,954,17.28,72,Cloudy,0
2019-01-08 05:00:00,Shivamogga,14.1,93,946.8,25.2,2,Clear,0
2026-01-01 14:00:00,Anand,26.1,53,1006.9,19.44,25,Clear,0
1999-08-23 23:00:00,Dharwad,20.6,95,930,38.16,85,Cloudy,0
2002-09-27 05:00:00,Amravati,22.7,83,970.1,18,87,Cloudy,0
2005-04-10 02:00:00,Aurangabad,23,25,943.5,31.32,1,Clear,0
2016-08-21 08:00:00,Dharwad,21.5,91,928.2,49.32,98,Cloudy,0
1999-05-18 12:00:00,Barmer,39.2,15,982.7,86.4,0,Clear,0
2015-06-28 17:00:00,Rajkot,34.3,48,988.5,59.04,27,Clear,0
2013-01-05 14:00:00,Pune,30.3,16,948,51.12,0,Clear,0
2005-02-03 12:00:00,Pune,27.1,40,952.4,35.64,0,Clear,0
2010-01-06 08:00:00,Wayanad,20.2,73,927.9,12.24,11,Clear,0
2013-06-18 03:00:00,Karimnagar,26.5,76,969.7,45,49,Clear,0
2022-01-21 14:00:00,Kozhikode,30.4,60,1007.9,62.28,95,Cloudy,0
2006-11-25 19:00:00,Ajmer,18,38,958.5,27,0,Clear,0
1999-01-15 01:00:00,Mangaluru,24.1,92,1009.2,19.44,19,Clear,0
2010-12-15 13:00:00,Nashik,25.3,38,947.2,31.32,94,Cloudy,0
2016-07-05 22:00:00,Bharuch,27.9,84,1000,72.72,100,Cloudy,0
2016-12-01 14:00:00,Idukki,18.1,100,896.9,13.32,100,Rain,1.7
2016-10-16 02:00:00,Kota,21.4,65,981,28.08,1,Clear,0
2026-02-01 14:00:00,Jodhpur,26.3,25,991.9,19.8,0,Clear,0
2025-08-28 09:00:00,Nagpur,27,84,968.7,19.08,98,Rain,0.5
2009-07-06 10:00:00,Jodhpur,39.4,29,974.3,48.96,0,Clear,0
1997-04-28 19:00:00,Nashik,29.1,40,946,36,97,Cloudy,0
2004-08-27 05:00:00,Kozhikode,23.7,92,1008.8,15.12,56,Clear,0
1999-09-20 06:00:00,Kota,24.5,88,979.8,7.56,66,Cloudy,0
2001-11-14 15:00:00,Kolhapur,30.2,34,948.9,19.44,57,Clear,0
2023-06-06 00:00:00,Mangaluru,27.6,78,1007,19.44,68,Cloudy,0
2024-01-06 17:00:00,Bhavnagar,26,44,1009.9,70.56,0,Clear,0
1997-09-29 11:00:00,Thiruvananthapuram,28,75,1013.6,36,23,Clear,0
2024-07-20 10:00:00,Kochi,27.2,86,1008.6,49.32,100,Rain,0.2
2004-09-25 20:00:00,Barmer,31.2,54,986.5,41.04,98,Rain,0.1
2000-09-22 18:00:00,Junagadh,29.7,68,998.1,39.24,90,Rain,1.1
2019-06-09 13:00:00,Ratnagiri,30.2,74,997.5,28.8,97,Rain,0.1
1998-05-27 10:00:00,Nashik,29.9,50,946.8,81.72,24,Clear,0
2014-11-20 00:00:00,Adilabad,22.1,53,983.9,25.56,1,Clear,0
2002-07-09 05:00:00,Bhavnagar,26.6,85,1000.3,38.52,82,Cloudy,0
1996-03-28 06:00:00,Aurangabad,22.6,53,941.8,28.44,0,Clear,0
2013-07-14 23:00:00,Dharwad,21.1,93,927.4,46.08,100,Cloudy,0
2003-03-09 05:00:00,Thrissur,25.1,91,1007.2,14.4,9,Clear,0
2011-12-14 19:00:00,Kollam,27.4,81,1008.6,22.32,100,Cloudy,0
2000-01-24 17:00:00,Nizamabad,27.2,28,969,21.96,0,Clear,0
2022-01-01 23:00:00,Nashik,15.9,86,951.2,27,0,Clear,0
2005-01-23 03:00:00,Jodhpur,10.1,75,990.2,43.56,67,Cloudy,0
2025-01-04 15:00:00,Kalaburagi,29.3,28,960.5,34.2,80,Cloudy,0
2011-05-24 19:00:00,Hyderabad,31.6,41,950.6,17.28,61,Cloudy,0
2009-09-17 13:00:00,Solapur,30.7,57,957.2,28.8,30,Clear,0
2019-05-17 23:00:00,Anand,29.8,64,1004,36,0,Clear,0
1998-12-19 12:00:00,Ratnagiri,30.3,27,1004.7,24.48,0,Clear,0
2004-03-08 07:00:00,Jodhpur,15.5,48,989,32.4,0,Clear,0
2002-08-18 01:00:00,Nizamabad,23.8,82,958.5,46.8,100,Cloudy,0
2020-03-31 02:00:00,Nagpur,23.7,66,974.4,23.04,2,Clear,0
2024-12-30 14:00:00,Solapur,30.5,33,962.1,30.96,0,Clear,0
2009-04-18 07:00:00,Kalaburagi,30.1,27,956.5,41.04,50,Clear,0
2018-06-04 17:00:00,Mumbai,31.1,71,1000.6,70.56,53,Clear,0
2019-06-13 17:00:00,Ganganagar,40.7,16,978,32.4,7,Clear,0
2005-02-18 21:00:00,Pune,19.1,70,951.2,25.92,0,Clear,0
2020-12-02 01:00:00,Barmer,17.4,40,993.1,39.24,0,Clear,0
2010-09-26 20:00:00,Bhavnagar,29.1,74,1006.4,30.24,15,Clear,0
2020-08-19 19:00:00,Solapur,25,88,951.8,37.44,100,Rain,0.5
2013-08-26 19:00:00,Khammam,26.4,78,989.5,21.96,100,Rain,0.9
2013-04-09 04:00:00,Khammam,25.6,92,992.1,41.4,54,Clear,0
2006-07-31 03:00:00,Bengaluru,19.5,88,909.3,57.6,100,Cloudy,0
2017-02-19 16:00:00,Idukki,28.2,23,899.7,39.24,91,Cloudy,0
2017-09-26 08:00:00,Bharuch,27.2,84,1006.8,18.72,36,Clear,0
2023-01-28 15:00:00,Aurangabad,29.1,28,945,30.6,0,Clear,0
2005-03-16 13:00:00,Thrissur,33.5,44,1006.7,20.52,37,Clear,0
2016-09-15 11:00:00,Surat,29.9,74,1005.3,37.8,88,Cloudy,0
2000-07-15 18:00:00,Nagpur,26.6,75,964.6,60.48,100,Cloudy,0
2009-08-11 22:00:00,Mumbai,25.7,93,1006.3,47.88,93,Rain,0.2
2025-04-17 00:00:00,Udaipur,28.5,25,944.5,21.24,0,Clear,0
2005-07-08 03:00:00,Kollam,24.7,95,1006.8,44.64,99,Rain,0.1
2020-01-22 03:00:00,Karimnagar,20.9,83,984,46.8,2,Clear,0
2021-07-19 16:00:00,Nizamabad,29.5,66,956.5,57.96,37,Rain,0.1
2003-06-12 22:00:00,Nagpur,30.2,63,968,47.88,48,Clear,0
2009-06-18 02:00:00,Pune,23.4,89,944.3,40.68,73,Cloudy,0
2018-12-01 14:00:00,Wayanad,26.9,54,926.8,36.72,95,Cloudy,0
1998-08-03 22:00:00,Kalaburagi,24.4,89,958.6,28.8,100,Cloudy,0
2006-01-30 10:00:00,New_Delhi,20.3,42,993.5,42.48,100,Cloudy,0
2002-07-04 14:00:00,Wayanad,24.8,82,926.8,50.04,93,Rain,0.6
2017-09-17 19:00:00,Bhavnagar,27,91,1001.7,14.4,97,Cloudy,0
2025-03-30 18:00:00,Hyderabad,34.9,24,952.6,30.6,21,Clear,0
1997-03-06 00:00:00,Bharuch,22.9,48,1011.1,31.32,99,Cloudy,0
2017-04-29 04:00:00,Delhi_North,22.5,47,979,37.08,38,Clear,0
2007-10-20 10:00:00,Kalaburagi,27.2,70,963.7,27.36,11,Clear,0
2003-02-19 00:00:00,Kozhikode,26.4,78,1011.5,9,12,Clear,0
2000-02-22 06:00:00,Hubballi,15.1,84,939.4,11.88,0,Clear,0
1998-07-16 05:00:00,Ratnagiri,24.5,93,999.7,19.44,100,Rain,0.4
2004-05-23 11:00:00,Dharwad,29.3,51,929.5,44.64,28,Clear,0
2015-03-13 18:00:00,Ganganagar,23.8,45,992,24.12,60,Cloudy,0
1998-01-23 08:00:00,Warangal,22.2,86,985.6,14.4,100,Rain,0.2
2016-11-18 03:00:00,Nizamabad,18.1,76,969.1,25.2,0,Clear,0
2000-06-06 10:00:00,Delhi_North,33.7,54,975.6,56.16,11,Clear,0
2019-04-25 11:00:00,Hubballi,35.5,26,943.1,9.36,46,Clear,0
2022-04-07 09:00:00,Rajkot,31.4,48,998.8,42.12,100,Cloudy,0
2000-04-06 10:00:00,Kota,33,12,979.8,18.36,0,Clear,0
2015-10-12 09:00:00,Nizamabad,29.1,63,970.1,20.88,5,Clear,0
2002-10-24 10:00:00,Ahmedabad,32.1,21,1006.6,40.68,0,Clear,0
2002-03-30 01:00:00,Solapur,28,35,956.8,66.6,0,Clear,0
2001-03-06 21:00:00,Bhavnagar,24.6,50,1010.2,50.04,14,Clear,0
2013-09-13 21:00:00,Bhavnagar,29.2,88,1006.3,11.16,100,Cloudy,0
2013-12-24 02:00:00,Thiruvananthapuram,23.5,76,1009.2,39.6,87,Cloudy,0
2007-08-02 08:00:00,Ratnagiri,25.5,91,998.6,25.2,100,Rain,1.2
2016-04-23 23:00:00,Jodhpur,28.9,26,978.9,41.76,38,Clear,0
2006-12-26 05:00:00,Kota,14.7,82,982.9,30.24,20,Clear,0
2022-11-23 18:00:00,Nagpur,24.5,48,976.5,3.96,100,Cloudy,0
2013-02-28 03:00:00,Aurangabad,20.8,39,946.5,36.36,31,Clear,0
1997-11-14 02:00:00,New_Delhi,13.4,76,989.5,25.56,41,Clear,0
2019-07-31 05:00:00,Thiruvananthapuram,24.2,96,1009.2,26.64,100,Cloudy,0
2004-04-06 11:00:00,Khammam,33.8,51,995.9,30.24,96,Cloudy,0
2004-02-04 20:00:00,Mumbai,24.2,72,1011.3,32.4,0,Clear,0
2019-06-08 09:00:00,Idukki,24.7,75,898.3,50.76,69,Cloudy,0
1996-12-27 11:00:00,Delhi_North,19.1,49,994.7,43.92,0,Clear,0
1997-11-19 12:00:00,New_Delhi,23.3,46,989.8,18,0,Clear,0
2023-12-25 04:00:00,Jodhpur,13.8,75,991.9,39.6,0,Clear,0
2024-05-21 07:00:00,Bharuch,32.2,67,1002.2,23.04,99,Cloudy,0
2002-12-01 19:00:00,Nizamabad,25,47,967.8,25.92,0,Clear,0
2014-01-19 08:00:00,Ajmer,9.1,84,967.9,37.44,0,Clear,0
2018-01-20 14:00:00,Adilabad,28.8,21,982.4,25.92,0,Clear,0
2019-06-05 20:00:00,Kozhikode,26.3,95,1005.5,14.04,100,Rain,0.3
1999-08-25 10:00:00,Ahmedabad,30.1,61,999.1,49.68,96,Cloudy,0
2020-06-14 13:00:00,Adilabad,33,62,971.1,31.32,100,Rain,0.1
2003-08-09 12:00:00,Kozhikode,27.5,82,1005.8,38.88,64,Cloudy,0
1999-08-08 14:00:00,Ganganagar,38.3,38,975.4,33.12,52,Clear,0
1997-01-01 12:00:00,Jodhpur,24.1,23,994.3,36.36,44,Clear,0
2019-09-23 05:00:00,Surat,25.4,95,1006,22.32,94,Cloudy,0
2011-09-16 07:00:00,Bengaluru,20.1,92,909.6,55.8,97,Cloudy,0
2010-06-29 18:00:00,Kalaburagi,30.7,54,952.3,37.44,95,Cloudy,0
2023-12-28 13:00:00,Karimnagar,28.9,47,983.4,25.2,77,Cloudy,0
2000-07-17 13:00:00,Kota,25.9,91,968.9,48.24,100,Rain,0.8
2008-11-10 11:00:00,Bengaluru,26.2,55,914.2,45,58,Clear,0
2010-06-25 12:00:00,Ratnagiri,26.3,91,995.9,57.96,94,Thunderstorm,6.7
2021-09-02 10:00:00,Kalaburagi,27,70,958.3,37.44,94,Rain,0.2
2019-11-05 19:00:00,Kalaburagi,24.8,78,960,19.8,10,Clear,0
2007-01-19 03:00:00,Kozhikode,23,92,1012.2,14.04,81,Cloudy,0
2015-02-20 17:00:00,Wayanad,28.7,36,926.5,16.92,32,Clear,0
1996-03-12 06:00:00,Udaipur,20.6,43,947.7,30.6,100,Cloudy,0
2009-08-12 22:00:00,Mysuru,22.2,85,927.6,45,91,Cloudy,0
2014-11-18 05:00:00,Bhavnagar,24.8,87,1010.6,18,2,Clear,0
2006-09-17 03:00:00,Ahmedabad,26.2,93,998.5,6.84,94,Cloudy,0
2021-12-30 08:00:00,Khammam,22.7,81,1003.5,25.92,5,Clear,0
2003-02-10 20:00:00,Udaipur,20.2,46,948.8,25.56,12,Clear,0
2018-08-03 03:00:00,New_Delhi,28.1,72,974.7,38.88,98,Cloudy,0
2010-11-12 18:00:00,Jodhpur,24.2,84,982.8,21.24,45,Clear,0
2023-11-16 22:00:00,Junagadh,22.6,50,1005.7,27.36,0,Clear,0
1998-10-10 06:00:00,Adilabad,25.1,88,978,1.8,89,Cloudy,0
2000-09-21 23:00:00,Ahmedabad,28.3,67,1001.9,20.88,9,Clear,0
2025-01-28 06:00:00,Surat,17.6,76,1007.8,30.96,30,Clear,0
2003-06-21 12:00:00,Idukki,18.8,100,895.2,42.84,100,Rain,3.1
2007-07-28 10:00:00,Idukki,19.4,89,896.9,32.76,100,Rain,0.2
2013-04-09 19:00:00,Anand,31.9,39,1001.8,39.96,33,Clear,0
2012-11-22 06:00:00,Surat,18.1,70,1010.2,37.8,0,Clear,0
2012-02-05 23:00:00,Kozhikode,26.1,79,1011.4,6.84,7,Clear,0
2004-06-20 00:00:00,Warangal,28,60,974.3,50.4,38,Clear,0
1999-07-08 06:00:00,Jodhpur,29.2,59,978.6,57.96,11,Clear,0
2017-11-27 11:00:00,Amravati,27.8,33,976.9,10.08,6,Clear,0
2020-11-22 09:00:00,Adilabad,23.5,55,987,31.32,0,Clear,0
2017-06-19 23:00:00,Bharuch,29.5,75,1000.9,78.84,4,Clear,0
2017-09-25 16:00:00,Bharuch,30.5,62,1003.2,47.52,18,Clear,0
1997-10-20 06:00:00,Kollam,24.2,94,1009.9,14.04,100,Cloudy,0
2003-11-01 16:00:00,Bhavnagar,32.7,35,1006.3,37.44,0,Clear,0
2003-10-06 06:00:00,Idukki,18.5,100,894.8,27.72,100,Rain,2
2002-09-08 18:00:00,Kalaburagi,26.5,62,955.9,20.52,100,Cloudy,0
2014-06-17 23:00:00,Kochi,25,94,1009.5,18.72,100,Rain,0.5
2007-11-28 22:00:00,Bengaluru,20.7,75,913.7,33.84,19,Clear,0
2024-06-21 03:00:00,Bharuch,28,87,998.3,61.92,100,Cloudy,0
2021-01-31 00:00:00,Delhi_North,7.2,83,989.4,37.08,0,Clear,0
2002-04-28 11:00:00,Jodhpur,37.6,13,979.1,73.8,0,Clear,0
2016-03-11 00:00:00,Dharwad,24.2,81,932.6,25.2,52,Clear,0
2017-09-15 20:00:00,Pune,23.4,88,945.6,31.32,97,Cloudy,0
2006-11-17 21:00:00,Udaipur,21.6,49,950.6,5.4,7,Clear,0
2001-05-30 16:00:00,Anand,32.8,54,997.1,73.44,72,Rain,0.1
2014-05-20 20:00:00,Hyderabad,31.5,54,951.6,16.2,45,Clear,0
2005-09-17 07:00:00,Warangal,25,79,980.8,43.2,94,Cloudy,0
2018-12-31 20:00:00,Bharuch,21.5,33,1015.7,31.32,0,Clear,0
2010-03-27 15:00:00,Chikkamagaluru,32.1,29,900.1,31.68,37,Clear,0
2009-03-14 12:00:00,Ganganagar,30.1,31,995.4,26.28,34,Clear,0
2000-10-09 22:00:00,Nizamabad,26,79,964.1,17.28,75,Cloudy,0
2022-11-29 04:00:00,Nizamabad,18.2,56,965.7,28.44,14,Clear,0
2017-10-10 05:00:00,Nashik,21.9,96,941.6,5.4,98,Cloudy,0
2006-05-08 18:00:00,Dharwad,29.4,58,928,55.8,48,Clear,0
2003-04-25 07:00:00,Khammam,28.5,72,993.9,32.4,30,Clear,0
2012-02-01 08:00:00,Kollam,25.4,67,1011,34.92,59,Clear,0
2025-06-27 00:00:00,Thiruvananthapuram,23.5,98,1008.8,41.76,98,Rain,0.2
2006-07-26 23:00:00,Amravati,25.1,87,967.2,51.84,100,Cloudy,0
2013-04-20 16:00:00,Dharwad,32.7,22,927.2,54.72,6,Clear,0
2002-08-13 09:00:00,Adilabad,26.6,76,974.8,62.64,86,Cloudy,0
2011-02-17 17:00:00,Jodhpur,23.1,32,987,21.24,0,Clear,0
2018-11-12 13:00:00,Ajmer,30.9,19,959.2,41.76,0,Clear,0
2009-05-10 11:00:00,Chikkamagaluru,29.3,53,900,27.36,7,Clear,0
1999-11-08 01:00:00,Ratnagiri,26.4,86,1002.6,12.6,42,Clear,0
2020-06-18 08:00:00,Chikkamagaluru,19.9,95,897.6,68.04,100,Rain,0.1
1997-08-22 21:00:00,Amravati,24.1,94,959.7,90.36,100,Rain,2.5
2001-03-16 20:00:00,Ajmer,25,19,956.6,42.84,0,Clear,0
2003-05-01 03:00:00,Bhavnagar,29.4,37,1000.7,55.8,0,Clear,0
2010-03-20 08:00:00,Nashik,26.6,48,949.2,14.4,8,Clear,0
2000-05-09 13:00:00,Mysuru,30.1,56,928,4.68,31,Clear,0
2004-07-20 03:00:00,Ratnagiri,24.1,95,997,35.64,100,Rain,0.9
2008-03-30 17:00:00,Khammam,31.4,57,990.2,23.4,54,Clear,0
1998-04-05 17:00:00,Solapur,37.8,20,958.7,32.4,42,Clear,0
2006-03-20 21:00:00,Warangal,26.6,47,980.9,19.44,0,Clear,0
2004-02-04 15:00:00,Chikkamagaluru,29.3,31,899.4,9,87,Cloudy,0
2020-05-25 19:00:00,Kalaburagi,37.9,21,955.9,46.8,69,Cloudy,0
2023-02-03 21:00:00,Ratnagiri,25.5,43,1005,28.8,0,Clear,0
1997-10-21 00:00:00,Delhi_North,17.9,98,989.1,14.04,10,Clear,0
1998-12-06 16:00:00,Mumbai,30.4,44,1011.5,31.32,56,Clear,0
2008-06-02 07:00:00,Khammam,29.7,61,991.6,28.8,79,Cloudy,0
2012-03-15 07:00:00,Junagadh,15.8,62,1003.3,33.12,0,Clear,0
2019-05-30 16:00:00,Nashik,36.7,23,940.6,59.76,2,Clear,0
2025-04-05 03:00:00,Khammam,25.1,84,995,28.44,60,Cloudy,0
2011-01-09 15:00:00,Nashik,27,21,945.7,18.36,6,Clear,0
1999-11-07 03:00:00,Jaipur,20.7,54,963.7,25.56,8,Clear,0
2020-12-02 08:00:00,Amravati,21.5,68,977.9,23.76,0,Clear,0
2021-05-22 12:00:00,Surat,31.4,63,1005.5,47.88,47,Clear,0
2011-07-14 22:00:00,Hyderabad,24.3,80,946.9,65.88,96,Cloudy,0
2017-03-19 17:00:00,Rajkot,32.6,33,995.8,52.92,3,Clear,0
2022-02-15 13:00:00,Kollam,28.6,68,1006.6,64.44,93,Rain,0.1
2010-08-15 15:00:00,Mysuru,24.9,79,924.4,48.24,100,Rain,4.8
1999-09-14 15:00:00,Rajkot,34.1,42,989.7,57.96,64,Cloudy,0
1996-05-03 22:00:00,Kollam,27.8,84,1007.9,28.44,22,Clear,0
2026-03-02 14:00:00,Bikaner,33.7,16,986.1,40.68,17,Clear,0
2017-09-08 00:00:00,Solapur,23.8,94,956,24.48,94,Cloudy,0
2001-11-21 23:00:00,Chikkamagaluru,19.8,74,902.4,37.44,66,Cloudy,0
2011-06-16 02:00:00,Solapur,23.4,89,953.8,69.12,100,Cloudy,0
2004-03-06 08:00:00,Ajmer,21.4,27,958.9,25.56,0,Clear,0
1998-01-02 22:00:00,Jodhpur,13.4,29,995.5,52.92,0,Clear,0
2005-01-18 02:00:00,Ratnagiri,20.7,62,1003.5,25.2,39,Clear,0
2021-03-09 19:00:00,Kolhapur,29.1,33,949.8,54.72,63,Cloudy,0
2012-02-22 00:00:00,Bhavnagar,21.7,51,1007.7,30.6,0,Clear,0
2018-05-25 11:00:00,Nashik,33,31,944.4,55.44,0,Clear,0
2000-01-14 15:00:00,Amravati,29.6,33,970,18.72,0,Clear,0
1997-05-05 22:00:00,Jaipur,23.4,63,959.1,28.8,13,Clear,0
2018-11-11 11:00:00,Karimnagar,30.3,28,983.1,39.6,15,Clear,0
2006-09-30 18:00:00,Bikaner,37,20,981.3,37.08,13,Clear,0
2000-06-21 06:00:00,Bharuch,27.9,76,1000.4,42.48,100,Cloudy,0
2004-01-05 05:00:00,Thrissur,24.2,68,1011.2,31.68,94,Cloudy,0
2021-01-25 06:00:00,Karimnagar,20,80,981.6,24.84,64,Cloudy,0
2009-02-16 00:00:00,Mysuru,20.9,42,928.1,38.52,0,Clear,0
2013-06-11 04:00:00,Warangal,24.7,92,972.2,34.92,100,Rain,0.5
1996-04-06 00:00:00,Idukki,19.8,80,897.9,6.48,65,Cloudy,0
2012-11-15 05:00:00,Nagpur,16.7,56,977.2,30.6,16,Clear,0
2016-06-11 23:00:00,Bhavnagar,30.9,62,1002.1,73.8,6,Clear,0
2021-09-06 16:00:00,Nashik,25.4,82,939.1,41.76,99,Rain,0.8
2016-12-24 16:00:00,Kota,28,27,979.7,6.48,0,Clear,0
2010-01-08 10:00:00,Barmer,17.1,54,995.6,50.04,0,Clear,0
1997-09-04 22:00:00,Bikaner,29.4,53,979.4,94.32,12,Clear,0
2019-05-10 06:00:00,Nashik,22.2,88,945,34.92,40,Clear,0
1999-05-12 15:00:00,Kollam,27.7,80,1006.4,42.84,73,Rain,0.3
2007-07-25 23:00:00,Udaipur,25.1,94,942.4,37.8,100,Cloudy,0
2007-02-25 13:00:00,Shivamogga,31.6,22,946.9,14.4,0,Clear,0
1997-09-03 06:00:00,Amravati,21.9,93,968.1,25.92,4,Clear,0
2011-04-17 01:00:00,Jaipur,24.7,46,959.9,23.4,72,Cloudy,0
2025-06-04 00:00:00,Aurangabad,23.9,78,941.5,37.8,55,Clear,0
2016-06-22 16:00:00,Jaipur,33.3,54,954.3,28.44,100,Rain,0.9
2000-07-13 21:00:00,Bikaner,29.3,83,970.4,42.12,87,Cloudy,0
2022-10-04 12:00:00,Bhavnagar,33,48,1007.2,30.24,6,Clear,0
2023-01-28 13:00:00,Solapur,31.1,17,959,38.52,0,Clear,0
2010-04-11 18:00:00,Warangal,38.5,22,974.1,20.88,22,Clear,0
2024-01-04 13:00:00,Mysuru,27.9,50,929.3,38.16,100,Cloudy,0
2024-11-04 10:00:00,Thiruvananthapuram,28.4,79,1010.5,19.44,98,Cloudy,0
2019-07-08 21:00:00,Aurangabad,24.3,91,939,47.52,99,Rain,0.1
2007-04-03 08:00:00,Udaipur,25.9,18,948.5,23.76,0,Clear,0
2014-08-26 04:00:00,Udaipur,23.9,95,944.1,23.76,52,Clear,0
2009-08-29 16:00:00,Ratnagiri,25.5,89,996.5,57.6,100,Rain,2
2010-08-12 02:00:00,Thrissur,24.8,88,1005.7,25.2,95,Rain,1.1
2014-01-28 06:00:00,Mumbai,22.2,67,1013.2,38.16,0,Clear,0
2026-01-03 20:00:00,Thiruvananthapuram,26.2,79,1011.6,24.48,13,Clear,0
2022-06-14 11:00:00,Nizamabad,31.6,57,964.1,34.92,15,Rain,0.1
2013-05-03 12:00:00,Hyderabad,39.7,16,949.5,40.68,4,Clear,0
2006-01-10 19:00:00,Bharuch,25.1,41,1010.3,43.92,0,Clear,0
2002-08-18 01:00:00,Hyderabad,23.2,82,947.2,79.56,96,Cloudy,0
2021-12-06 06:00:00,Kollam,24,89,1009.3,21.96,97,Cloudy,0
2005-08-31 02:00:00,Hubballi,21.6,97,936.8,23.4,53,Clear,0
2006-08-20 02:00:00,Anand,25.6,88,998.2,76.68,100,Cloudy,0
2002-04-20 21:00:00,Anand,32.2,25,1003.1,23.76,4,Clear,0
2020-07-18 19:00:00,Idukki,19.6,100,895.8,38.88,100,Rain,0.1
2004-09-20 23:00:00,Kalaburagi,23.4,93,958.1,41.76,96,Cloudy,0
2015-06-13 04:00:00,Wayanad,20.6,98,923.7,28.08,100,Rain,0.1
1999-05-11 16:00:00,Pune,34,34,944.3,46.8,7,Clear,0
2015-05-22 01:00:00,Shivamogga,23.3,92,945.2,48.24,100,Cloudy,0
2005-11-06 02:00:00,Hyderabad,19.5,93,955.7,21.24,62,Cloudy,0
2026-02-13 06:00:00,Bhavnagar,20.2,82,1011.1,24.12,0,Clear,0
2001-11-08 17:00:00,Kota,26.9,24,984.2,36.36,0,Clear,0
2010-07-23 12:00:00,Shivamogga,24.6,80,944.3,84.24,98,Rain,0.3
2005-10-23 07:00:00,Ganganagar,14.8,61,992.1,30.24,0,Clear,0
1998-03-17 20:00:00,Udaipur,21.6,45,950.7,20.88,35,Clear,0
2000-09-07 21:00:00,Hyderabad,24.1,72,952.4,41.4,83,Cloudy,0
2012-01-16 20:00:00,Chikkamagaluru,19,38,896.8,26.28,0,Clear,0
2002-05-16 06:00:00,Pune,23.3,93,945.7,44.64,55,Clear,0
2001-06-29 13:00:00,Junagadh,30.5,65,992.8,83.16,84,Cloudy,0
1998-07-12 16:00:00,Thiruvananthapuram,27.4,80,1005,90.36,34,Rain,0.1
2012-02-05 18:00:00,Hubballi,29.2,29,941.8,31.32,0,Clear,0
2003-04-11 21:00:00,Amravati,28.3,66,972.3,22.32,90,Cloudy,0
2018-08-28 22:00:00,Kochi,24.8,91,1011.5,46.8,90,Rain,0.1
1997-02-22 21:00:00,Kozhikode,27,71,1011,20.52,3,Clear,0
1996-11-06 23:00:00,Ganganagar,19,56,993.1,33.84,0,Clear,0
2000-06-04 18:00:00,Karimnagar,31,67,965.7,18,100,Cloudy,0
2001-08-28 23:00:00,Khammam,26.4,77,988.9,30.24,100,Cloudy,0
2007-08-30 00:00:00,Ahmedabad,24.9,98,997.4,23.04,100,Rain,1.4
2019-04-07 23:00:00,Kolhapur,24.5,65,948.2,27.36,0,Clear,0
2016-01-25 07:00:00,Nagpur,12.4,70,980,21.6,0,Clear,0
2020-05-06 01:00:00,Ratnagiri,27.4,90,999.3,38.88,3,Clear,0
2001-01-13 01:00:00,Mysuru,20.7,71,929.3,33.48,0,Clear,0
2003-11-19 22:00:00,Thrissur,26.5,75,1009.6,12.24,4,Clear,0
2010-06-12 12:00:00,Bengaluru,26.4,69,907.4,78.12,94,Cloudy,0
2019-01-26 15:00:00,Aurangabad,24.9,39,947.7,26.64,56,Clear,0
2013-08-13 13:00:00,Ajmer,28,81,946.9,8.28,100,Rain,0.1
2022-05-30 03:00:00,Shivamogga,21.6,96,943.1,20.88,100,Cloudy,0
2012-03-25 20:00:00,Kolhapur,27.3,64,949.1,59.76,0,Clear,0
2022-02-27 19:00:00,Jodhpur,24.4,18,990.6,72.36,0,Clear,0
2003-05-21 09:00:00,Adilabad,35.1,38,978.7,67.68,0,Clear,0
2018-06-20 14:00:00,Aurangabad,29,72,938.2,50.4,100,Cloudy,0
2010-03-03 15:00:00,Kolhapur,34.9,24,947.3,16.2,12,Clear,0
2009-03-28 03:00:00,Nizamabad,25.2,43,964.9,33.84,84,Cloudy,0
2024-03-16 17:00:00,Karimnagar,28,67,979.5,39.24,85,Rain,0.2
2005-06-10 08:00:00,Nashik,26.6,73,942.5,61.56,25,Clear,0
2010-10-25 10:00:00,Mysuru,24.7,71,930.1,26.28,30,Clear,0
2016-11-19 11:00:00,Solapur,28,30,961.2,25.92,67,Cloudy,0
2005-05-05 17:00:00,Ganganagar,33.2,34,982,28.44,11,Clear,0
2013-07-26 08:00:00,Hubballi,21.7,93,936.8,81.72,100,Rain,0.6
2022-06-16 06:00:00,Jodhpur,28.2,71,977.3,75.24,2,Clear,0
2023-11-13 16:00:00,Ajmer,25.1,35,961.4,16.2,100,Cloudy,0
2024-12-15 04:00:00,Mumbai,20.3,53,1011.9,26.64,0,Clear,0
2000-06-30 18:00:00,Hubballi,20.9,97,934.2,74.16,100,Rain,0.5
2009-01-19 16:00:00,Kota,26.8,46,986.1,24.84,100,Cloudy,0
2023-03-05 16:00:00,Kozhikode,31.8,52,1008.8,58.32,14,Clear,0
2000-06-01 14:00:00,Kozhikode,26.2,90,1005.3,22.68,100,Rain,0.2
2025-03-22 04:00:00,Anand,21.4,39,1006.7,12.24,0,Clear,0
2009-05-26 18:00:00,Mysuru,27,61,921.5,34.92,96,Cloudy,0
1996-11-17 06:00:00,Dharwad,16.5,84,932.3,33.12,0,Clear,0
2010-04-26 06:00:00,Anand,24.5,60,1004.3,21.6,0,Clear,0
2017-05-06 02:00:00,Udaipur,27.1,27,945.4,33.84,6,Clear,0
2000-02-02 00:00:00,Ajmer,14.3,45,954.8,28.08,0,Clear,0
2006-03-06 05:00:00,Idukki,18.6,96,898,15.84,43,Clear,0
2015-01-11 00:00:00,Kota,13.2,74,987.6,18,0,Clear,0
1998-02-16 16:00:00,Idukki,25.8,47,899.4,28.8,60,Cloudy,0
2016-12-29 00:00:00,Nashik,16,61,948,30.96,0,Clear,0
2026-01-16 06:00:00,Mangaluru,24.5,94,1009.4,35.64,28,Clear,0
2023-03-20 05:00:00,Ganganagar,16.4,88,986.1,28.08,100,Cloudy,0
2007-07-11 18:00:00,Amravati,28.1,78,963.2,23.04,66,Cloudy,0
2010-05-09 15:00:00,Thiruvananthapuram,27.7,84,1004.1,32.4,100,Rain,0.4
2005-01-22 03:00:00,Hubballi,21.2,60,943.8,54.36,71,Cloudy,0
2013-02-02 15:00:00,Idukki,29.2,18,898.3,14.4,0,Clear,0
2014-06-23 07:00:00,Amravati,28.1,62,967.6,84.24,52,Clear,0
2023-05-06 04:00:00,Mumbai,25.4,96,1006.6,14.76,77,Cloudy,0
2004-07-27 00:00:00,Warangal,23.8,91,973.1,41.4,100,Rain,0.4
2016-07-23 16:00:00,Bengaluru,22.9,80,907.4,55.44,100,Thunderstorm,8.2
1998-01-13 11:00:00,Ganganagar,16.8,61,996.3,28.44,6,Clear,0
2025-07-11 08:00:00,Mumbai,28,80,1005.2,32.04,71,Rain,0.1
2020-01-14 02:00:00,Nizamabad,17.6,73,966.5,27.36,0,Clear,0
2018-07-10 03:00:00,Ratnagiri,24.9,93,995.2,70.2,100,Rain,1.3
2023-11-06 18:00:00,Ratnagiri,28.4,72,1002.9,21.96,100,Cloudy,0
2005-05-19 01:00:00,Shivamogga,23.8,89,943.8,33.12,28,Clear,0
2011-09-27 11:00:00,Hyderabad,29.2,58,955.1,42.12,27,Clear,0
2003-07-22 19:00:00,Pune,24,86,944.3,48.24,100,Cloudy,0
2001-10-24 00:00:00,Pune,20.6,62,949.8,29.88,0,Clear,0
2005-09-25 16:00:00,Ganganagar,34.1,44,982.6,25.92,6,Clear,0
2022-08-30 19:00:00,New_Delhi,30.2,71,982.4,34.2,67,Cloudy,0
1999-11-29 03:00:00,Ahmedabad,16.5,51,1008.2,29.88,0,Clear,0
2024-06-28 12:00:00,Anand,28.5,83,995.2,63.72,87,Rain,0.4
2020-01-23 05:00:00,Jaipur,9.6,76,968.5,42.12,0,Clear,0
2002-09-16 09:00:00,Wayanad,22.9,82,931.7,31.32,93,Cloudy,0
2013-09-15 18:00:00,Barmer,37.8,26,977.9,66.6,45,Clear,0
2011-02-09 06:00:00,Bhavnagar,18.4,61,1006.2,24.84,0,Clear,0
2019-03-18 08:00:00,Bengaluru,23,63,916.2,32.04,7,Clear,0
2013-04-21 21:00:00,Warangal,24.9,88,978.3,40.32,45,Clear,0
2014-12-22 02:00:00,Kochi,24.5,92,1008.7,11.16,48,Clear,0
2000-09-01 17:00:00,Jodhpur,31.5,49,974.6,60.48,99,Cloudy,0
2023-03-03 20:00:00,Kollam,27.1,72,1012.6,20.16,0,Clear,0
2022-03-23 02:00:00,Thiruvananthapuram,25.2,88,1006,27,15,Clear,0
2017-09-03 09:00:00,Ahmedabad,27.5,84,1000.8,49.32,77,Cloudy,0
2001-08-20 00:00:00,Ahmedabad,26.3,84,998.1,43.92,97,Cloudy,0
2020-05-15 22:00:00,Ganganagar,27.1,56,985.8,32.4,0,Clear,0
2009-05-24 18:00:00,Kota,37.6,20,968.6,38.52,73,Cloudy,0
2001-06-01 14:00:00,Kollam,29.2,77,1003.7,74.16,100,Rain,0.3
2014-05-01 16:00:00,Kolhapur,30.9,54,945.4,36.72,19,Rain,0.6
2007-06-30 18:00:00,Jaipur,33.2,50,947.6,77.04,29,Clear,0
1996-03-22 08:00:00,Ahmedabad,25.5,47,1005.4,53.64,0,Clear,0
2017-05-31 23:00:00,Adilabad,31.5,55,972.7,14.4,76,Cloudy,0
2008-12-21 07:00:00,Bengaluru,13.7,98,912,29.16,94,Cloudy,0
2014-11-10 12:00:00,Ratnagiri,30.5,56,1002.3,10.08,0,Clear,0
2004-11-24 02:00:00,Thrissur,24.9,76,1006.3,33.84,98,Cloudy,0
2014-10-19 02:00:00,Thrissur,24.2,96,1006.5,14.76,100,Rain,0.4
2008-12-11 17:00:00,Jodhpur,23.5,28,988.2,36,0,Clear,0
2024-07-08 17:00:00,Kolhapur,24.2,87,941.6,67.32,100,Rain,0.3
2022-07-27 19:00:00,Ratnagiri,25.4,89,999.4,29.52,100,Cloudy,0
2019-01-21 07:00:00,Idukki,13.7,62,898.4,39.6,100,Cloudy,0
1999-04-30 20:00:00,Mangaluru,28.2,72,1006.5,44.28,9,Clear,0
2020-04-24 10:00:00,Solapur,36.3,23,958.4,45.72,0,Clear,0
2008-06-16 21:00:00,Ahmedabad,29.4,65,992.3,57.96,100,Cloudy,0
2025-05-04 16:00:00,Nagpur,35.2,27,969,49.68,64,Cloudy,0
2021-08-05 05:00:00,Ratnagiri,25.2,87,999.1,66.24,99,Rain,0.9
2014-12-01 03:00:00,Dharwad,19.1,54,929.8,34.2,97,Cloudy,0
2007-07-02 07:00:00,Hubballi,21.8,96,934.7,87.84,100,Rain,0.5
2010-12-26 18:00:00,Jaipur,16.1,64,963.1,29.52,0,Clear,0
2000-06-13 04:00:00,Barmer,27.2,77,977.8,81.36,4,Clear,0
2022-02-24 17:00:00,Bikaner,27.3,21,987.3,35.64,0,Clear,0
2008-03-22 10:00:00,Mangaluru,26.3,87,1005.6,7.92,100,Rain,0.9
2019-10-01 19:00:00,Bhavnagar,27.1,88,1006.5,27.72,16,Clear,0
2003-01-17 12:00:00,Bharuch,28.3,16,1015.3,44.28,0,Clear,0
2020-08-13 04:00:00,Rajkot,25.2,94,986.7,69.84,100,Rain,1.1
2010-11-14 14:00:00,Mysuru,26.9,64,928.4,39.24,35,Rain,0.1
2017-12-31 19:00:00,Kochi,26.5,79,1008.1,28.8,0,Clear,0
2021-06-14 13:00:00,New_Delhi,35.7,45,973,21.96,7,Clear,0
1997-02-06 14:00:00,Solapur,31.3,26,959.5,24.12,0,Clear,0
2008-01-01 21:00:00,Adilabad,24.2,48,983.3,29.88,15,Clear,0
1996-08-22 09:00:00,Thiruvananthapuram,25.4,83,1009.3,67.32,70,Cloudy,0
2002-08-28 21:00:00,Aurangabad,23.6,80,945.3,37.08,97,Cloudy,0
2016-09-06 10:00:00,Jaipur,26.6,71,960.1,70.2,42,Clear,0
2001-01-06 20:00:00,Nizamabad,21,43,969,36.72,0,Clear,0
2019-08-20 14:00:00,Kalaburagi,30.8,57,956.1,60.12,98,Cloudy,0
2011-07-17 15:00:00,Warangal,30.2,67,968.1,30.24,100,Cloudy,0
2020-12-18 21:00:00,Ganganagar,8.4,73,998.4,41.76,0,Clear,0
2021-07-25 21:00:00,Shivamogga,22.1,94,945.5,45.36,96,Rain,0.1
2008-10-07 09:00:00,Bikaner,30.7,47,983.4,70.92,35,Clear,0
1997-08-31 21:00:00,Chikkamagaluru,19.8,95,900.9,28.8,54,Clear,0
1999-01-19 18:00:00,Rajkot,27.8,34,996.9,10.44,0,Clear,0
2006-01-17 22:00:00,Adilabad,22.4,53,982.6,27.72,0,Clear,0
2002-01-15 15:00:00,Junagadh,29,43,999.6,49.68,38,Clear,0
2007-01-21 12:00:00,Karimnagar,30.9,33,984.5,7.2,14,Clear,0
2002-11-27 08:00:00,Dharwad,22.4,36,934.2,31.32,33,Clear,0
1996-03-19 06:00:00,Jodhpur,15.6,57,983.2,11.88,0,Clear,0
2004-08-13 02:00:00,Jaipur,24.2,95,953.4,21.96,95,Rain,0.5
1997-09-17 21:00:00,Chikkamagaluru,20.5,91,902.6,22.32,95,Cloudy,0
2008-03-20 17:00:00,Kochi,25.1,91,1004.1,11.88,100,Thunderstorm,6.6
1996-11-09 07:00:00,Chikkamagaluru,17.4,96,900.5,15.48,54,Clear,0
2012-04-09 05:00:00,Surat,24,95,1005.2,17.64,55,Clear,0
2024-12-13 16:00:00,Nizamabad,25.2,37,967.7,29.52,100,Cloudy,0
1997-09-28 19:00:00,Bhavnagar,28.8,67,1005.6,53.64,4,Clear,0
1996-05-02 20:00:00,Pune,26.5,63,947.4,30.96,0,Clear,0
2009-10-07 08:00:00,Delhi_North,24.5,82,979.9,14.4,24,Clear,0
2004-02-20 23:00:00,Jaipur,17,33,965.9,30.24,0,Clear,0
2009-04-08 23:00:00,Chikkamagaluru,22.2,88,898.1,18,73,Cloudy,0
2018-06-02 00:00:00,Chikkamagaluru,20.3,99,896.5,15.48,100,Cloudy,0
2022-12-01 13:00:00,New_Delhi,23.2,47,989.4,39.96,0,Clear,0
2009-02-15 23:00:00,Kozhikode,25.7,79,1009.2,6.48,1,Clear,0
2010-10-24 17:00:00,Nizamabad,27.6,68,962.2,19.44,100,Cloudy,0
1996-08-18 19:00:00,Shivamogga,22.3,88,942.7,34.92,99,Cloudy,0
2003-03-21 00:00:00,Nizamabad,25.3,62,965.7,31.32,9,Clear,0
2011-02-06 17:00:00,Nashik,29.6,23,946.1,15.48,0,Clear,0
2002-06-03 09:00:00,Amravati,34.2,41,967.7,26.64,61,Cloudy,0
1999-10-16 15:00:00,Khammam,30.6,60,990.5,13.68,19,Clear,0
2006-11-02 02:00:00,Kota,20.8,51,983.3,27.36,0,Clear,0
2022-08-23 13:00:00,Karimnagar,31.9,53,972.6,43.2,53,Rain,0.1
1996-07-07 13:00:00,Ratnagiri,28.3,80,997.3,32.4,100,Rain,0.2
2007-04-17 04:00:00,Khammam,25.6,83,993.1,25.2,10,Clear,0
2013-10-15 10:00:00,Pune,26.3,72,951.7,11.16,24,Clear,0
2008-12-11 01:00:00,Jaipur,17.7,77,965.7,41.4,2,Clear,0
2008-01-07 07:00:00,Ganganagar,9,92,999.2,20.16,95,Cloudy,0
2021-02-18 12:00:00,Idukki,25.9,53,900.6,35.64,6,Clear,0
2013-11-21 18:00:00,Adilabad,22.8,51,979.3,33.12,1,Clear,0
2020-01-15 21:00:00,Pune,17.6,70,950.7,44.28,0,Clear,0
2024-07-26 03:00:00,Karimnagar,24,86,968,80.28,100,Rain,0.6
2023-07-28 02:00:00,Barmer,26.9,90,980,78.84,98,Cloudy,0
2007-05-19 19:00:00,Nagpur,36.3,26,968.6,23.4,31,Clear,0
2016-09-16 14:00:00,Mangaluru,26.2,88,1005.5,37.8,100,Cloudy,0
2000-01-05 13:00:00,Dharwad,26.9,33,931.4,33.48,66,Cloudy,0
2007-03-13 07:00:00,Ganganagar,12.9,99,991.1,22.32,100,Cloudy,0
2010-07-25 11:00:00,Anand,27.5,86,993.3,52.92,100,Rain,0.2
2007-02-26 09:00:00,Bengaluru,25.2,50,914.4,15.48,0,Clear,0
2000-06-11 13:00:00,Mumbai,30.6,75,1005.5,76.68,61,Cloudy,0
2000-04-06 14:00:00,Idukki,25.5,61,895.7,4.68,87,Rain,0.3
1996-04-19 02:00:00,Mysuru,22.2,93,928,32.4,95,Cloudy,0
2021-04-11 04:00:00,Rajkot,23.4,64,994.7,28.8,0,Clear,0
2009-06-11 20:00:00,Ajmer,34.9,26,949.1,43.56,3,Clear,0
2021-03-05 00:00:00,Nizamabad,24.8,31,968.1,52.56,0,Clear,0
2004-09-30 21:00:00,Thrissur,25.3,90,1011.1,4.68,89,Cloudy,0
2006-07-17 21:00:00,Bharuch,27.3,85,998.3,52.56,100,Cloudy,0
2022-01-10 01:00:00,Kolhapur,17.3,91,949.4,21.24,2,Clear,0
2001-05-15 04:00:00,Hyderabad,30.3,34,948.7,29.16,8,Clear,0
2024-08-11 22:00:00,Thrissur,25.5,91,1005.6,36.36,44,Clear,0
2019-04-18 03:00:00,Ganganagar,16.8,96,991.3,23.4,0,Clear,0
2023-07-04 23:00:00,Nagpur,25.9,92,965.9,10.8,100,Rain,0.1
1997-12-26 18:00:00,Kalaburagi,25.8,55,962.1,34.92,47,Clear,0
1997-05-19 12:00:00,Nashik,32.5,38,945.3,79.2,0,Clear,0
2010-11-08 14:00:00,New_Delhi,29.1,42,989.6,28.8,44,Clear,0
2002-08-10 16:00:00,Junagadh,27.4,77,992.1,59.76,100,Rain,0.3
2004-04-02 19:00:00,Udaipur,29.6,22,948.1,36.72,73,Cloudy,0
2020-04-02 05:00:00,Amravati,20.7,67,969.3,33.84,0,Clear,0
2008-03-22 07:00:00,Aurangabad,23.7,75,942.5,27.72,90,Cloudy,0
2007-09-16 14:00:00,Jodhpur,34.2,46,978.5,41.4,14,Clear,0
2002-01-16 11:00:00,Hubballi,27,25,944.4,26.64,0,Clear,0
2021-01-15 07:00:00,Surat,17.5,94,1008.8,11.16,0,Clear,0
2001-09-09 03:00:00,Kota,26.8,66,978.9,41.76,61,Cloudy,0
2022-10-30 05:00:00,Ganganagar,16.8,72,993.3,33.84,0,Clear,0
2007-07-04 14:00:00,Wayanad,21.9,92,926.1,56.88,100,Rain,1.5
2005-05-25 03:00:00,Solapur,30.8,53,955.5,70.2,59,Clear,0
2009-09-19 19:00:00,Shivamogga,23.7,84,946.1,31.32,92,Cloudy,0
2000-03-11 01:00:00,Aurangabad,19.1,38,942.9,34.2,0,Clear,0
2004-02-28 06:00:00,Jaipur,16.7,55,959.8,30.96,8,Clear,0
2000-12-29 01:00:00,Dharwad,18.3,52,930.4,43.56,2,Clear,0
2006-07-30 17:00:00,Bengaluru,25.2,59,909.5,68.76,58,Clear,0
2010-12-06 03:00:00,Ajmer,10.8,79,957.2,30.24,0,Clear,0
2011-02-23 16:00:00,Nizamabad,31,28,967,26.64,22,Clear,0
2023-12-05 02:00:00,Amravati,21.8,77,972.4,36.36,100,Cloudy,0
2004-03-25 21:00:00,Chikkamagaluru,22.6,83,898.7,27.72,49,Clear,0
1997-02-16 19:00:00,Dharwad,26.8,23,930.8,14.4,0,Clear,0
2008-06-12 08:00:00,Bharuch,27.7,85,1000.5,55.8,93,Cloudy,0
2015-03-13 22:00:00,Karimnagar,25.1,49,982.9,28.44,0,Clear,0
2020-11-16 20:00:00,Kollam,25.3,81,1007.2,50.4,100,Cloudy,0
2021-08-10 23:00:00,Jodhpur,29.4,58,979.6,78.12,63,Cloudy,0
2012-10-28 03:00:00,Rajkot,22.2,44,997,30.96,0,Clear,0
2020-12-21 16:00:00,Warangal,26,31,982.7,25.2,36,Clear,0
2005-07-30 12:00:00,Surat,28.4,81,998.4,75.6,87,Rain,0.9
2022-08-10 19:00:00,Karimnagar,25.9,82,967,18.36,100,Cloudy,0
2014-02-11 11:00:00,Bikaner,19.2,28,988,10.44,0,Clear,0
2007-08-04 07:00:00,Barmer,28,77,977.7,48.6,96,Cloudy,0
2024-10-30 07:00:00,New_Delhi,22.5,86,985.4,22.68,0,Clear,0
2005-01-14 14:00:00,Anand,27.1,29,1007.2,21.96,12,Clear,0
1997-10-31 17:00:00,Barmer,28.4,32,993.2,45.36,13,Clear,0
1999-04-14 15:00:00,Jaipur,35,4,958.6,73.44,0,Clear,0
2020-02-08 11:00:00,Junagadh,25.2,31,1008.8,59.04,0,Clear,0
2000-05-04 05:00:00,New_Delhi,27.1,58,980,44.28,100,Cloudy,0
2007-08-22 08:00:00,Hyderabad,24.8,78,951.2,62.28,93,Cloudy,0
2012-01-27 11:00:00,New_Delhi,17.7,44,992.2,47.52,38,Clear,0
1996-05-07 06:00:00,Bengaluru,20.4,91,909.9,36.36,93,Cloudy,0
2012-12-10 05:00:00,Ratnagiri,23.3,87,1001.7,12.24,2,Clear,0
1997-05-05 10:00:00,Nagpur,35,23,974.9,9.72,4,Clear,0
2010-05-05 08:00:00,Hubballi,26.1,75,939.8,29.52,19,Clear,0
2018-08-17 00:00:00,Mangaluru,24,93,1006.3,75.96,100,Rain,1.8
1998-10-17 15:00:00,Bengaluru,25.1,72,912.3,61.56,85,Rain,0.3
2018-01-04 03:00:00,Nagpur,13,54,977.2,23.04,0,Clear,0
2026-01-14 10:00:00,Jaipur,17.2,64,969,14.76,0,Clear,0
2010-03-01 02:00:00,Nizamabad,21.6,43,966.2,17.28,0,Clear,0
2002-09-22 13:00:00,Bhavnagar,30.9,61,1005.5,16.92,83,Cloudy,0
2007-02-16 17:00:00,Bikaner,20.6,48,986,40.32,12,Clear,0
2009-11-08 08:00:00,Nizamabad,24.8,78,968.1,17.28,82,Cloudy,0
2025-01-22 16:00:00,Mangaluru,30.5,55,1004.5,48.24,25,Clear,0
2024-08-14 01:00:00,Bharuch,26,93,1003.5,38.52,100,Cloudy,0
2001-09-25 19:00:00,Bikaner,36.8,14,978.3,27.36,2,Clear,0
2006-04-12 21:00:00,Ahmedabad,29.2,35,998.5,42.84,31,Clear,0
2025-06-21 10:00:00,Kollam,27.8,82,1010.2,41.4,100,Cloudy,0
2018-04-15 07:00:00,Dharwad,23.6,85,931.1,31.32,70,Cloudy,0
2004-11-21 16:00:00,Kochi,28.6,75,1007.9,23.04,65,Cloudy,0
2017-03-05 14:00:00,Junagadh,33,14,999.1,36.36,0,Clear,0
2007-03-20 10:00:00,Bharuch,30.3,41,1011.9,37.08,0,Clear,0
2020-09-11 04:00:00,Ahmedabad,26.3,85,996,27.72,98,Cloudy,0
2003-02-28 03:00:00,Surat,22.4,91,1008.4,23.4,0,Clear,0
2020-02-26 00:00:00,Dharwad,22.5,66,930.7,38.88,0,Clear,0
2011-06-18 02:00:00,Ratnagiri,25.7,91,997.1,51.84,90,Rain,0.6
2017-04-26 09:00:00,Thiruvananthapuram,30.2,72,1009.9,47.52,44,Rain,0.3
1996-10-14 04:00:00,Warangal,23.2,79,981.8,14.76,86,Cloudy,0
2015-10-05 22:00:00,Nizamabad,24.8,80,965.9,14.04,5,Clear,0
2024-01-19 22:00:00,Kota,10.6,92,987.8,24.84,0,Clear,0
2006-03-17 14:00:00,Kollam,31.3,57,1006.4,38.88,100,Cloudy,0
2000-09-24 09:00:00,Mumbai,27.9,85,1009.6,14.4,11,Rain,1
2022-11-01 01:00:00,Shivamogga,18.6,78,946,26.64,75,Cloudy,0
2015-04-20 04:00:00,Kollam,26.1,90,1007,14.04,92,Cloudy,0
2005-04-09 14:00:00,Chikkamagaluru,30.5,36,899.9,28.44,76,Cloudy,0
2022-03-29 08:00:00,Warangal,29.8,60,980.9,32.76,0,Clear,0
2020-01-04 12:00:00,Pune,24,54,950.9,18,40,Clear,0
2016-02-21 15:00:00,Kota,28.8,18,984.2,32.04,0,Clear,0
2012-05-17 14:00:00,Chikkamagaluru,29.2,55,898.4,30.96,31,Clear,0
2011-10-02 17:00:00,Kota,30.2,45,977.8,20.88,0,Clear,0
2009-03-02 16:00:00,Kalaburagi,36.7,12,958.3,42.48,0,Clear,0
2001-01-12 18:00:00,Nizamabad,28.4,36,967,8.28,43,Clear,0
2013-06-15 14:00:00,Ganganagar,30.9,68,977.7,57.96,64,Rain,0.4
2014-08-28 17:00:00,Kalaburagi,22.9,95,953.2,37.44,100,Rain,0.5
2002-02-22 09:00:00,Hubballi,26,25,949.3,44.64,0,Clear,0
1998-09-05 15:00:00,Anand,32.3,61,1000.8,33.48,25,Clear,0
2018-04-16 07:00:00,Bikaner,27.8,31,982.1,13.32,0,Clear,0
2001-11-12 11:00:00,Barmer,27.9,21,994.6,46.8,0,Clear,0
2004-09-15 11:00:00,Kalaburagi,28.1,60,959.3,42.84,88,Cloudy,0
2018-02-12 06:00:00,Pune,15.1,78,950.2,20.16,10,Clear,0
2002-07-30 09:00:00,Kozhikode,25.5,87,1007.1,46.44,100,Rain,0.9
2026-03-04 08:00:00,Chikkamagaluru,21.3,51,903,26.28,0,Clear,0
2012-10-31 13:00:00,Karimnagar,29.2,46,977.4,47.88,96,Cloudy,0
2004-06-09 04:00:00,Amravati,25.8,91,966.7,9,100,Rain,0.3
1996-01-24 21:00:00,Ajmer,14.4,27,961.9,37.8,4,Clear,0
1999-11-28 18:00:00,Kozhikode,27.6,78,1007.8,6.84,92,Rain,0.8
2002-10-14 09:00:00,Karimnagar,25.5,82,977.9,41.4,95,Rain,0.2
1996-04-03 12:00:00,Mangaluru,32.8,56,1005.6,40.68,97,Cloudy,0
2013-01-31 08:00:00,Jaipur,12.5,73,968.2,31.68,97,Cloudy,0
2023-07-05 04:00:00,Delhi_North,27.5,90,973.2,46.8,42,Clear,0
2005-02-05 23:00:00,Warangal,21.2,73,983.1,32.76,9,Clear,0
1998-08-25 11:00:00,Bikaner,38.9,31,977.8,52.56,42,Clear,0
2016-01-06 17:00:00,Khammam,28.7,39,998.8,15.84,26,Clear,0
2020-11-29 14:00:00,Bhavnagar,30,41,1010.5,38.16,1,Clear,0
2024-01-19 22:00:00,Amravati,21.8,69,974.4,45.72,1,Clear,0
2004-02-15 21:00:00,Bengaluru,20.1,32,913.7,37.8,0,Clear,0
2023-01-28 10:00:00,Amravati,25.7,53,977.2,28.08,0,Clear,0
2003-08-16 17:00:00,Kochi,26,88,1009.6,7.2,100,Rain,1.6
2007-07-27 02:00:00,Shivamogga,21.6,97,942,34.56,100,Rain,0.2
2019-07-08 15:00:00,Bharuch,30.5,75,997.8,81.72,84,Rain,0.1
2000-09-25 18:00:00,Amravati,29.4,67,968.5,18.72,18,Clear,0
1999-02-03 00:00:00,Jaipur,11.4,56,968.6,36.72,0,Clear,0
2016-10-10 13:00:00,Bengaluru,26.5,60,911.2,58.68,48,Clear,0
2004-03-25 15:00:00,Rajkot,34.9,13,991.8,67.32,0,Clear,0
2007-05-27 22:00:00,Jodhpur,32.5,23,980.3,57.96,31,Clear,0
1997-07-28 23:00:00,Bikaner,27.5,89,974.8,50.4,100,Cloudy,0
2013-08-06 11:00:00,Ganganagar,30.4,68,982.7,35.28,100,Rain,0.2
1996-09-07 08:00:00,Ajmer,23.2,98,949.7,9,100,Rain,0.7
2017-01-01 19:00:00,Thiruvananthapuram,26,76,1009.8,15.12,89,Cloudy,0
2014-10-09 23:00:00,Kollam,25.7,90,1009,11.52,98,Cloudy,0
2011-06-16 06:00:00,Adilabad,27.6,64,973.2,60.84,82,Cloudy,0
2013-05-27 01:00:00,Anand,31,63,1000.4,48.24,1,Clear,0
2010-10-15 07:00:00,Bharuch,25.6,94,1007,17.28,2,Clear,0
2008-02-11 19:00:00,Bhavnagar,22.4,37,1011.1,48.24,0,Clear,0
2021-02-02 00:00:00,New_Delhi,13.7,79,992.9,23.04,0,Clear,0
2025-10-14 10:00:00,Anand,29,58,1006.8,21.24,0,Clear,0
2016-10-06 22:00:00,Mysuru,21.3,84,929.2,38.88,89,Cloudy,0
1997-08-01 08:00:00,Kochi,25.4,91,1009.2,21.24,100,Rain,0.6
2005-06-14 05:00:00,Thiruvananthapuram,25.2,93,1006.5,55.08,99,Rain,0.2
2000-07-11 10:00:00,Kalaburagi,23.6,90,952.4,74.52,100,Rain,0.6
2015-02-03 23:00:00,Ganganagar,10,91,1002.7,30.96,3,Clear,0
1996-08-03 03:00:00,Warangal,24.9,76,973.9,53.28,100,Cloudy,0
2006-11-25 04:00:00,Dharwad,20.1,97,929.4,16.92,57,Clear,0
2013-07-21 20:00:00,Thiruvananthapuram,24.6,90,1007.6,62.28,98,Rain,0.2
2019-04-07 08:00:00,Nashik,27.9,38,948.1,31.32,0,Clear,0
2013-06-21 15:00:00,Warangal,31.1,63,971.3,39.24,100,Cloudy,0
2019-04-19 08:00:00,Thiruvananthapuram,27.5,82,1009.4,2.88,95,Cloudy,0
1997-08-15 01:00:00,Bhavnagar,27.2,83,1005.9,50.4,11,Clear,0
2015-09-24 01:00:00,Khammam,25.8,87,993.9,21.96,99,Cloudy,0
2009-01-05 09:00:00,Aurangabad,23.1,49,947.9,21.6,0,Clear,0
2026-02-03 20:00:00,Chikkamagaluru,21.5,47,903.1,42.84,6,Clear,0
2000-03-01 04:00:00,Hubballi,18.8,62,939.4,29.16,0,Clear,0
2007-06-12 08:00:00,Kota,33.3,46,970.8,70.2,0,Clear,0
2025-05-16 03:00:00,Mysuru,22.2,91,926.3,30.96,0,Clear,0
2022-02-23 08:00:00,Nashik,20.8,53,949,18.72,0,Clear,0
2009-01-31 14:00:00,Karimnagar,34.4,23,978.6,16.92,0,Clear,0
2003-05-14 10:00:00,Khammam,32.4,53,988.6,27,100,Cloudy,0
2008-06-10 00:00:00,Karimnagar,27.4,75,973.3,30.6,100,Rain,0.1
2021-07-13 05:00:00,Chikkamagaluru,19,97,893.4,67.32,100,Rain,0.6
2012-03-11 04:00:00,Udaipur,12.7,32,945.1,38.52,0,Clear,0
2008-06-23 02:00:00,Delhi_North,27,91,973.5,16.56,3,Clear,0
1996-08-26 14:00:00,Ganganagar,33.5,52,984,30.24,69,Cloudy,0
2017-08-05 00:00:00,Wayanad,21,100,924.5,24.84,99,Rain,0.4
1999-10-19 21:00:00,Khammam,26,76,993.1,26.28,9,Clear,0
2012-07-28 17:00:00,Kota,28.8,81,967.2,34.92,100,Rain,1.4
2018-09-24 13:00:00,Rajkot,35,42,995.2,43.92,5,Clear,0
2005-05-29 08:00:00,Udaipur,31.7,27,947.3,13.32,0,Clear,0
2009-10-28 00:00:00,Mangaluru,26,91,1007.7,10.44,4,Clear,0
2013-04-15 11:00:00,Solapur,37.1,13,957.9,33.12,0,Clear,0
2004-07-20 18:00:00,Hubballi,23.4,83,937.5,54.36,100,Cloudy,0
2007-02-23 23:00:00,Chikkamagaluru,19.8,27,898.6,22.32,0,Clear,0
1996-10-06 18:00:00,Bharuch,27.9,71,1006.2,27,21,Clear,0
2017-01-10 15:00:00,Chikkamagaluru,24.1,40,899.1,45.36,100,Cloudy,0
2025-11-29 17:00:00,Ahmedabad,29.9,38,1006.5,28.44,5,Clear,0
1998-11-26 19:00:00,Dharwad,21.6,49,931.1,32.04,0,Clear,0
2017-07-27 20:00:00,Warangal,27.4,70,975.6,29.88,99,Cloudy,0
2012-05-21 21:00:00,Warangal,34.3,31,974.2,39.24,56,Clear,0
2016-06-05 19:00:00,Udaipur,37.9,13,941.4,51.48,0,Clear,0
2024-05-25 00:00:00,Junagadh,27.5,88,993.6,54,28,Clear,0
2014-05-30 02:00:00,Karimnagar,30.8,48,973.2,53.28,0,Clear,0
2024-11-12 07:00:00,Kota,20.3,72,985.7,6.48,0,Clear,0
2016-12-08 09:00:00,Hubballi,24,48,945.8,45.72,93,Cloudy,0
2008-03-04 23:00:00,Kalaburagi,25,33,959.3,32.76,0,Clear,0
2007-03-26 10:00:00,Mumbai,31.4,32,1010,23.76,0,Clear,0
2004-11-30 22:00:00,Pune,18.6,54,950.8,32.76,0,Clear,0
2020-07-09 08:00:00,Dharwad,22,98,927.8,56.16,100,Rain,0.3
2008-11-05 11:00:00,Anand,30.6,43,1006.9,18,0,Clear,0
2011-06-04 11:00:00,Rajkot,36.6,38,989.4,33.48,44,Clear,0
2022-08-30 13:00:00,Anand,31.9,67,1003.6,9.36,42,Rain,0.1
2023-06-01 23:00:00,Nashik,25.8,52,945.2,41.76,0,Clear,0
2000-09-19 21:00:00,Junagadh,25.5,84,998.1,20.88,25,Clear,0
1999-02-22 13:00:00,Mysuru,30.4,21,932.1,64.8,30,Clear,0
1999-09-27 09:00:00,Bharuch,29.9,66,1006.5,24.48,86,Cloudy,0
2021-08-10 00:00:00,Kochi,24.5,95,1011,28.08,100,Rain,1.4
1999-08-14 15:00:00,New_Delhi,32.4,62,974.5,63.72,27,Clear,0
1997-09-04 20:00:00,Rajkot,27.4,68,992.5,30.96,32,Clear,0
2023-01-15 19:00:00,Nashik,20,51,945.8,36.72,0,Clear,0
2013-11-11 00:00:00,Kochi,25.8,87,1009.3,6.84,77,Cloudy,0
2002-09-25 15:00:00,Ajmer,35.1,29,953.4,35.28,38,Clear,0
2003-03-12 01:00:00,Junagadh,21.1,50,1000.2,25.92,0,Clear,0
2017-04-28 23:00:00,Thiruvananthapuram,27.6,86,1009.3,32.4,100,Rain,0.1
2003-06-01 23:00:00,Bikaner,35.4,18,975.2,56.88,7,Clear,0
2024-10-23 18:00:00,Bikaner,32.9,23,986.3,7.92,1,Clear,0
1998-07-04 22:00:00,Rajkot,27.4,83,988.2,50.4,100,Cloudy,0
2024-06-02 03:00:00,Kollam,26.5,95,1005,40.68,100,Rain,0.1
2006-03-10 09:00:00,Bharuch,23.2,69,1010.9,36.36,4,Clear,0
2021-03-04 03:00:00,Dharwad,21.9,36,929.9,43.56,0,Clear,0
2015-08-02 16:00:00,Mysuru,23.6,83,927.1,52.2,98,Rain,0.3
2003-05-03 23:00:00,Mumbai,27.5,83,1006.9,30.24,22,Clear,0
2022-01-16 19:00:00,Wayanad,23.3,60,928.3,20.88,8,Clear,0
2008-01-25 03:00:00,Pune,14.8,67,945.6,14.4,77,Cloudy,0
2005-05-07 13:00:00,Warangal,38.1,27,974.4,31.68,30,Clear,0
2006-07-07 16:00:00,Kolhapur,24.6,83,945.2,68.04,99,Rain,0.2
2017-03-12 15:00:00,Hubballi,32.3,17,940.1,30.24,0,Clear,0
1998-12-13 20:00:00,Ratnagiri,28.4,48,1004.3,34.92,91,Cloudy,0
2005-01-25 13:00:00,Junagadh,25.2,31,1004.6,42.84,95,Cloudy,0
2019-03-13 02:00:00,Junagadh,19.2,63,1004.8,33.84,0,Clear,0
2015-11-04 05:00:00,Pune,20.6,76,949.7,18.72,100,Cloudy,0
2025-11-11 09:00:00,Kolhapur,22.2,58,953.2,14.04,0,Clear,0
2011-03-23 07:00:00,Amravati,23.4,50,970.3,10.8,21,Clear,0
2011-12-26 10:00:00,Surat,23.2,49,1012.8,42.84,0,Clear,0
1999-09-23 15:00:00,Nizamabad,28.2,72,961.9,27.72,31,Rain,0.2
2010-11-07 19:00:00,Mumbai,27.1,73,1006.6,36,100,Cloudy,0
2023-11-27 11:00:00,Mysuru,27.1,57,931.6,55.08,87,Cloudy,0
2008-06-28 06:00:00,Kochi,24.9,90,1007.9,16.56,100,Rain,0.1
2010-09-10 12:00:00,Adilabad,30.1,60,975.3,42.48,64,Cloudy,0
2020-10-25 07:00:00,Shivamogga,21.7,93,947,8.28,85,Cloudy,0
2005-01-11 09:00:00,Pune,19,48,951.8,15.48,0,Clear,0
2013-07-20 01:00:00,Warangal,23.4,90,970.9,56.16,100,Rain,1
1996-12-13 17:00:00,Ajmer,21.6,24,961.2,11.52,0,Clear,0
1998-02-14 00:00:00,Hyderabad,21.1,51,959.3,34.92,3,Clear,0
2004-04-08 21:00:00,Jaipur,30,21,956.5,27.72,6,Clear,0
2011-08-05 00:00:00,New_Delhi,27.2,94,974.5,17.28,87,Cloudy,0
2013-03-25 22:00:00,New_Delhi,20,55,984.9,43.2,0,Clear,0
2005-08-20 08:00:00,Bharuch,25.9,90,1003.7,46.08,99,Cloudy,0
2005-09-30 21:00:00,Idukki,18.5,98,899.9,8.28,98,Cloudy,0
2005-03-28 08:00:00,Barmer,25.2,27,986.4,38.88,0,Clear,0
2012-04-09 19:00:00,Delhi_North,29.6,33,980,46.08,92,Cloudy,0
2017-06-03 05:00:00,Delhi_North,27.4,56,974.5,28.8,0,Clear,0
2004-01-27 21:00:00,Bhavnagar,22.3,50,1009.7,47.88,0,Clear,0
2020-11-14 00:00:00,Thiruvananthapuram,24.8,98,1008.3,14.76,99,Cloudy,0
2014-05-10 22:00:00,Shivamogga,23.3,93,946.3,28.08,25,Clear,0
2011-11-19 10:00:00,Bharuch,30.5,35,1013.1,23.4,0,Clear,0
1997-03-31 05:00:00,Aurangabad,20.1,37,943.6,32.04,0,Clear,0
2024-10-14 02:00:00,Ganganagar,23.1,54,989.8,26.64,0,Clear,0
2011-06-14 21:00:00,Mumbai,26.6,91,1006.3,59.4,100,Rain,0.3
2023-05-11 09:00:00,Mysuru,28,72,929.6,29.88,100,Cloudy,0
2011-09-27 11:00:00,Anand,28.8,68,1006.4,20.88,67,Rain,0.1
2016-04-18 02:00:00,Thiruvananthapuram,27.2,89,1007,32.4,100,Cloudy,0
2017-03-03 03:00:00,Delhi_North,14.6,58,984.1,37.44,0,Clear,0
2018-08-27 04:00:00,Bharuch,24.9,89,1000.8,39.24,38,Clear,0
2016-06-18 22:00:00,Hyderabad,23.4,94,948.4,24.84,99,Rain,0.9
2001-05-22 06:00:00,Karimnagar,30.1,54,973.4,46.08,28,Clear,0
2019-07-20 04:00:00,Bhavnagar,28.4,75,998.6,34.56,57,Clear,0
2024-07-20 09:00:00,Jodhpur,32.8,65,974.5,27.36,9,Clear,0
2001-04-20 11:00:00,Chikkamagaluru,27.7,63,900,28.44,80,Cloudy,0
2023-04-23 18:00:00,Mangaluru,29.1,76,1002.6,80.64,4,Clear,0
2020-06-29 05:00:00,Mangaluru,25.1,95,1002.7,14.04,95,Rain,0.1
2010-06-22 14:00:00,Dharwad,29.3,64,927.5,66.96,99,Cloudy,0
2002-09-13 05:00:00,Bengaluru,17.8,95,911.2,32.04,14,Clear,0
2013-08-18 09:00:00,Delhi_North,25.1,94,976.5,22.68,100,Rain,0.4
2022-10-09 10:00:00,Kollam,28.8,76,1009,36,100,Cloudy,0
2008-12-12 12:00:00,Bengaluru,25,41,913.6,37.8,0,Clear,0
2013-10-16 12:00:00,Bengaluru,26.1,68,911.7,30.24,95,Rain,0.1
2015-05-29 17:00:00,Surat,32.9,58,1002.3,87.84,0,Clear,0
2007-02-06 23:00:00,Karimnagar,23.9,45,980.4,35.28,38,Clear,0
2000-04-08 17:00:00,Bharuch,38.9,12,1003.9,33.12,0,Clear,0
2016-06-04 00:00:00,Mangaluru,25.7,93,1005.9,26.64,100,Rain,1.6
2013-09-29 03:00:00,Nagpur,25,85,970.1,29.88,98,Cloudy,0
2000-01-05 09:00:00,Mysuru,20.2,71,931.7,38.52,63,Cloudy,0
2026-01-10 10:00:00,Hubballi,23.2,43,947.1,63.36,9,Clear,0
2014-05-09 13:00:00,Idukki,22.5,83,897,32.04,98,Rain,0.4
2005-03-03 03:00:00,Ganganagar,15.1,94,994.3,32.04,76,Cloudy,0
2006-09-22 20:00:00,Amravati,26.2,85,967.7,26.64,35,Clear,0
2014-04-29 10:00:00,Nagpur,38,22,974.7,23.04,0,Clear,0
2012-03-22 09:00:00,Chikkamagaluru,26.7,45,902.6,8.64,0,Clear,0
1996-08-27 15:00:00,Kolhapur,22.8,90,943.5,72.36,100,Rain,1.1
1996-09-21 09:00:00,New_Delhi,28.4,63,982.7,54.72,5,Clear,0
2020-01-29 03:00:00,Kozhikode,24.7,93,1010.9,7.92,52,Rain,0.1
2021-07-11 23:00:00,Anand,27.5,93,996.5,15.48,100,Rain,3.1
2024-05-25 21:00:00,Udaipur,35.7,21,939.8,26.28,73,Cloudy,0
1997-12-21 08:00:00,Kota,8.9,92,990.3,16.92,83,Cloudy,0
2011-11-22 14:00:00,Warangal,29.4,41,981.8,26.28,11,Clear,0
2018-01-21 11:00:00,Ahmedabad,26.5,40,1008,22.32,0,Clear,0
2017-12-25 12:00:00,Khammam,28.6,50,999,11.16,2,Clear,0
2024-11-16 07:00:00,Karimnagar,22.1,70,982.5,26.64,0,Clear,0
2020-02-20 05:00:00,Shivamogga,19.8,56,946.7,28.44,0,Clear,0
2003-07-07 19:00:00,Nashik,22.1,98,940.9,67.68,100,Rain,0.5
2023-06-26 08:00:00,Khammam,28,84,990.2,59.04,100,Rain,0.1
2006-10-26 20:00:00,Ajmer,24.2,43,960.9,34.92,15,Clear,0
2014-06-28 07:00:00,Jodhpur,27.6,69,981,83.88,15,Clear,0
2005-12-14 11:00:00,Kozhikode,28.1,72,1009.9,10.44,59,Clear,0
2001-12-21 17:00:00,Khammam,26.2,42,1001.3,21.96,100,Cloudy,0
2014-10-11 07:00:00,Surat,26,74,1006.5,38.88,1,Clear,0
2011-01-31 12:00:00,Junagadh,26.2,34,1005.9,49.68,0,Clear,0
2004-03-07 19:00:00,Bikaner,31.7,12,986,19.44,0,Clear,0
2006-11-25 14:00:00,Shivamogga,29,51,945.2,23.4,7,Clear,0
1996-02-26 21:00:00,Thiruvananthapuram,25.4,85,1013.1,5.4,79,Cloudy,0
2024-05-29 17:00:00,Rajkot,37.4,36,984.6,95.4,0,Clear,0
2023-11-22 13:00:00,Kolhapur,29.5,50,949.2,33.84,33,Clear,0
2024-07-10 05:00:00,Udaipur,24.1,97,941.3,15.48,100,Cloudy,0
2002-05-26 07:00:00,Rajkot,27.1,72,993.8,75.24,43,Clear,0
2015-03-06 05:00:00,Dharwad,17.7,73,931.4,23.4,21,Clear,0
2016-10-21 21:00:00,Bengaluru,22.8,55,911.3,26.64,100,Cloudy,0
2021-04-27 10:00:00,Solapur,34.8,26,959.8,19.8,1,Clear,0
1997-12-08 19:00:00,Junagadh,22.5,49,1000,32.04,0,Clear,0
2012-03-06 23:00:00,Amravati,24.4,23,967.9,31.32,0,Clear,0
2011-11-05 06:00:00,Ajmer,18.9,72,958.4,30.24,3,Clear,0
2000-10-21 01:00:00,Bikaner,23.7,35,981.7,34.56,0,Clear,0
1996-11-28 05:00:00,Bikaner,11.1,42,987.5,39.24,0,Clear,0
1999-12-17 17:00:00,Mysuru,25.5,47,929.4,28.8,33,Clear,0
2010-07-08 22:00:00,Kalaburagi,23.9,89,958.8,28.8,90,Cloudy,0
2004-08-07 09:00:00,Kollam,25.6,88,1010.7,23.76,99,Rain,0.4
2004-11-15 01:00:00,Bengaluru,18.3,97,914.2,31.68,99,Cloudy,0
2014-04-23 14:00:00,Mangaluru,33.3,60,1005.7,51.48,99,Cloudy,0
1996-02-29 05:00:00,Jodhpur,15.6,46,990.1,58.32,20,Clear,0
2008-12-15 16:00:00,Delhi_North,23.2,38,988.1,30.6,60,Cloudy,0
2015-07-21 04:00:00,Ahmedabad,26.7,86,993.7,20.88,100,Cloudy,0
1996-07-12 13:00:00,Kolhapur,25.1,84,942,59.76,100,Rain,0.2
2011-09-20 10:00:00,Solapur,26.5,68,959.9,48.24,69,Cloudy,0
2024-09-24 21:00:00,Bengaluru,21.8,93,908.8,55.44,100,Rain,0.1
2020-08-02 22:00:00,Idukki,19.3,100,897.1,70.56,100,Rain,1.5
2004-08-30 16:00:00,Pune,25.7,70,947.2,57.24,69,Rain,0.1
2003-08-06 21:00:00,Bengaluru,21.5,82,908.6,62.28,100,Cloudy,0
2007-08-19 19:00:00,Ajmer,28.4,61,948.6,45.72,100,Cloudy,0
1996-06-06 02:00:00,Thiruvananthapuram,25,92,1007,45.72,99,Rain,0.6
2022-08-02 00:00:00,Thiruvananthapuram,23.8,94,1006.1,64.08,100,Rain,2.7
2015-11-30 03:00:00,Junagadh,20.3,48,1005.1,24.84,27,Clear,0
2007-06-09 21:00:00,Solapur,27.4,82,954,39.96,100,Cloudy,0
2003-01-09 23:00:00,Kolhapur,22.4,71,952.5,21.96,67,Cloudy,0
2008-03-11 11:00:00,Chikkamagaluru,28.2,20,901.8,53.64,79,Cloudy,0
1996-11-21 05:00:00,Kozhikode,22.4,94,1009.1,14.76,100,Cloudy,0
2008-10-07 05:00:00,Bikaner,27.8,48,980.8,64.08,35,Clear,0
2010-08-11 05:00:00,Thrissur,24.5,92,1006.2,29.52,68,Cloudy,0
2016-06-25 19:00:00,Ahmedabad,32.3,60,995,51.84,100,Cloudy,0
2024-11-07 19:00:00,Nizamabad,24.6,61,968.6,19.44,35,Clear,0
2021-06-05 20:00:00,Kolhapur,23.1,95,946.4,26.64,98,Rain,0.2
1996-03-15 21:00:00,Barmer,28.5,31,987,44.64,97,Cloudy,0
2016-05-13 07:00:00,Junagadh,26.6,90,997,23.76,11,Clear,0
2001-07-26 11:00:00,Bhavnagar,28.9,78,1002.7,40.32,64,Cloudy,0
2010-12-03 17:00:00,New_Delhi,20.2,51,989.3,33.12,0,Clear,0
2009-06-23 03:00:00,Bikaner,32.7,34,972.9,92.88,0,Clear,0
2018-07-24 07:00:00,Barmer,28,78,977.8,65.52,100,Cloudy,0
2025-02-07 22:00:00,Kalaburagi,25.5,41,963,24.12,97,Cloudy,0
2005-09-14 23:00:00,Pune,22.7,94,945.6,66.96,100,Rain,0.3
2000-02-13 19:00:00,Bharuch,22.6,31,1009.7,44.64,0,Clear,0
2010-02-26 00:00:00,Shivamogga,22,68,946.5,26.28,0,Clear,0
2012-04-14 12:00:00,Mangaluru,33.8,53,1006.1,33.48,3,Clear,0
2009-03-29 07:00:00,Bikaner,19.8,81,982.9,30.24,85,Cloudy,0
2016-12-23 20:00:00,Nashik,20.4,48,947.4,22.32,0,Clear,0
2016-06-22 14:00:00,Adilabad,34.4,52,973.4,19.44,93,Cloudy,0
1997-12-14 04:00:00,Solapur,19.7,98,959.6,18.72,35,Clear,0
2011-11-23 18:00:00,New_Delhi,23.5,62,991.2,28.44,99,Cloudy,0
1996-11-08 14:00:00,Hyderabad,25.7,75,955.1,44.64,62,Cloudy,0
2018-12-26 15:00:00,Ahmedabad,25.6,16,1007.4,64.8,0,Clear,0
2000-06-22 11:00:00,Nagpur,28.6,63,968.6,52.2,100,Cloudy,0
2019-05-26 09:00:00,Idukki,23.8,87,898.5,46.8,100,Rain,0.2
2002-09-27 02:00:00,Wayanad,20.3,99,926.3,14.04,100,Cloudy,0
1996-04-15 21:00:00,Ratnagiri,26.7,83,1003.1,10.44,3,Clear,0
2017-03-22 19:00:00,Bikaner,33,17,983.1,44.64,49,Clear,0
2009-01-16 01:00:00,Kolhapur,20.5,55,953.9,30.24,0,Clear,0
1999-05-17 06:00:00,Bengaluru,19.7,94,908,35.28,94,Cloudy,0
2006-12-29 11:00:00,Kollam,30.2,35,1012.5,33.12,16,Clear,0
2006-08-30 05:00:00,Hubballi,21.2,94,939.7,41.04,100,Cloudy,0
2018-01-25 18:00:00,Bhavnagar,21.8,42,1007.9,25.56,0,Clear,0
2013-12-31 03:00:00,Idukki,13.6,83,897.1,20.88,22,Clear,0
1997-06-12 10:00:00,Mysuru,26.9,65,928.4,62.64,75,Cloudy,0
2003-05-06 10:00:00,Dharwad,29.3,47,930.7,50.76,7,Clear,0
2004-09-24 04:00:00,Jodhpur,27.2,56,982.2,18.36,11,Clear,0
2003-01-28 21:00:00,Jodhpur,17.6,63,990.6,44.64,0,Clear,0
2008-01-31 01:00:00,Mumbai,18.6,82,1010.5,36.72,89,Cloudy,0
2016-06-01 16:00:00,Nashik,34.1,38,943.5,48.96,56,Rain,0.1
2007-01-07 16:00:00,Bengaluru,25.5,35,912.9,48.96,0,Clear,0
2000-12-29 18:00:00,Aurangabad,23.3,24,945.6,32.04,31,Clear,0
2007-08-30 07:00:00,Dharwad,21.3,94,926.6,63.72,100,Cloudy,0
2002-05-06 06:00:00,Jodhpur,28,19,975.4,41.04,0,Clear,0
2019-10-04 17:00:00,Ratnagiri,27.9,82,1001.5,34.2,98,Cloudy,0
2020-11-25 21:00:00,Solapur,26,39,960.2,61.92,0,Clear,0
2025-03-23 06:00:00,Kollam,25.9,89,1010.6,20.52,14,Clear,0
2017-04-30 05:00:00,Aurangabad,22.8,32,943.9,23.76,0,Clear,0
2010-06-22 17:00:00,Hyderabad,30.8,60,947.4,57.24,89,Rain,0.4
1999-09-01 16:00:00,Idukki,21.6,76,896.3,38.88,89,Rain,0.3
2002-10-12 03:00:00,Chikkamagaluru,19.9,97,896.7,39.6,100,Cloudy,0
2002-08-12 20:00:00,Bhavnagar,27.9,76,999.1,66.24,65,Cloudy,0
2010-10-09 00:00:00,Aurangabad,20.7,73,940.2,26.64,46,Clear,0
2023-10-08 22:00:00,Wayanad,21.1,100,929.8,10.44,84,Rain,0.9
2014-11-08 17:00:00,Shivamogga,26.4,58,945.9,21.24,18,Clear,0
2012-10-06 12:00:00,Kota,34.2,31,982.6,8.64,2,Clear,0
2006-08-15 16:00:00,Anand,28.3,78,992.6,19.08,100,Rain,0.2
2002-02-14 20:00:00,Amravati,24.3,56,976.6,12.96,8,Clear,0
2003-10-10 13:00:00,Kalaburagi,31.6,42,957.5,22.32,100,Cloudy,0
2008-02-16 05:00:00,Jodhpur,10.8,44,988.9,33.12,0,Clear,0
2004-05-01 23:00:00,Kota,28.2,22,978.7,37.44,0,Clear,0
2003-07-10 20:00:00,Nashik,22.8,95,941,55.08,100,Cloudy,0
2000-01-27 07:00:00,Hyderabad,17.1,94,958.6,35.64,0,Clear,0
2017-02-27 05:00:00,Dharwad,20.6,30,929.8,46.44,79,Cloudy,0
2024-04-13 11:00:00,Udaipur,32.6,24,949.1,47.88,82,Cloudy,0
2013-01-21 23:00:00,Shivamogga,21.4,46,949.1,39.96,0,Clear,0
2015-10-02 06:00:00,Ahmedabad,22.8,69,1005,28.44,90,Cloudy,0
2011-02-06 11:00:00,Hubballi,27.6,31,944.5,58.32,0,Clear,0
2016-05-08 03:00:00,Delhi_North,26.4,55,980.5,28.8,3,Clear,0
2019-02-09 12:00:00,Kolhapur,25.9,22,953,38.88,0,Clear,0
2014-06-27 03:00:00,Idukki,17.9,99,895.8,8.28,100,Cloudy,0
2015-05-01 23:00:00,Wayanad,22.6,99,928.6,26.28,99,Cloudy,0
2002-10-21 16:00:00,Jodhpur,34.7,17,984.5,59.4,0,Clear,0
2022-08-02 03:00:00,Aurangabad,22.6,92,939.4,39.6,100,Cloudy,0
2013-04-09 08:00:00,Bikaner,25.5,43,983.3,33.48,41,Clear,0
1997-07-24 12:00:00,Rajkot,32.6,56,990.2,52.92,52,Rain,0.1
2003-03-10 21:00:00,Jaipur,20.7,22,961.6,43.2,89,Cloudy,0
2019-05-08 12:00:00,Ratnagiri,31.3,60,1002.8,56.52,8,Clear,0
1999-02-27 09:00:00,Kollam,27.4,69,1010.4,19.44,76,Cloudy,0
2025-03-25 10:00:00,Bharuch,34.8,25,1008.9,11.52,0,Clear,0
2004-11-01 06:00:00,Nashik,19.4,69,947.8,36.36,93,Cloudy,0
2017-09-10 01:00:00,Junagadh,23.2,98,996.7,13.68,99,Cloudy,0
2020-03-02 08:00:00,Mumbai,23,84,1012.1,12.96,0,Clear,0
2002-02-26 10:00:00,Bharuch,28.9,31,1013.7,44.64,13,Clear,0
2020-11-06 01:00:00,Idukki,19,99,898.6,37.8,98,Cloudy,0
2009-07-03 00:00:00,Khammam,26.3,88,987.5,26.64,100,Rain,0.2
2014-10-01 19:00:00,Bikaner,34.3,27,984.5,34.92,2,Clear,0
2010-11-09 22:00:00,Warangal,24.3,90,986,20.52,35,Clear,0
2002-05-22 05:00:00,Bharuch,27.8,81,1003.3,46.08,10,Clear,0
2007-10-09 02:00:00,Khammam,23.6,82,991.1,25.56,57,Clear,0
2020-08-28 06:00:00,Rajkot,25.1,93,988.5,38.88,98,Cloudy,0
2009-11-12 00:00:00,Bikaner,15.7,37,982.5,42.48,21,Clear,0
2006-07-25 06:00:00,Ganganagar,28.2,84,980.2,33.12,92,Rain,0.6
2003-04-17 13:00:00,Nagpur,40.9,15,973,31.32,0,Clear,0
2026-02-06 17:00:00,Bengaluru,26.5,30,915.6,55.44,0,Clear,0
2022-09-17 13:00:00,Kota,31.5,58,975.3,29.88,15,Clear,0
2014-01-22 20:00:00,Jaipur,13.6,95,968.9,28.44,100,Cloudy,0
2018-08-01 10:00:00,Ratnagiri,27.1,79,1000.2,84.6,38,Rain,0.3
2006-06-12 16:00:00,Mangaluru,28.5,73,1004.9,42.84,18,Clear,0
2014-11-08 07:00:00,Aurangabad,19.4,70,947.2,33.12,5,Clear,0
2020-08-18 03:00:00,Idukki,18.2,96,894.9,40.68,8,Clear,0
2011-12-19 05:00:00,Barmer,11,40,992.2,36,0,Clear,0
2000-02-04 11:00:00,Ganganagar,17.2,71,992.7,50.76,67,Rain,0.4
2012-05-16 05:00:00,Idukki,18.6,99,896.1,6.84,95,Cloudy,0
2015-03-27 14:00:00,Wayanad,31.7,34,928.4,25.2,5,Clear,0
2012-08-02 21:00:00,Thiruvananthapuram,25,90,1010.7,60.12,97,Rain,0.4
2022-08-26 23:00:00,Bharuch,25,91,1005.1,36.36,5,Clear,0
2011-05-13 03:00:00,Mangaluru,27.5,81,1005,34.56,85,Cloudy,0
2024-08-10 00:00:00,Nashik,22.5,94,944.5,45.36,100,Cloudy,0
2005-02-11 18:00:00,Nashik,28,32,950.9,30.96,0,Clear,0
2005-03-23 09:00:00,Bharuch,25.9,46,1007.2,22.32,0,Clear,0
2022-05-12 18:00:00,Anand,38.8,27,994.6,65.16,1,Clear,0
2015-03-02 23:00:00,Ganganagar,14.7,76,993.6,15.84,86,Cloudy,0
1996-11-13 18:00:00,Adilabad,25.6,60,981.6,23.76,6,Clear,0
2008-11-20 19:00:00,Ganganagar,18.3,43,996.7,36.72,0,Clear,0
1997-06-24 10:00:00,Hubballi,25.5,77,938.9,91.8,83,Rain,0.4
2002-06-19 02:00:00,Bhavnagar,28.4,81,998.2,45.72,83,Cloudy,0
2025-11-10 12:00:00,Idukki,24,70,899.6,26.64,94,Rain,0.2
2009-08-05 05:00:00,Warangal,26.9,64,974.8,46.44,66,Cloudy,0
2011-08-14 00:00:00,Delhi_North,27,90,975.9,35.64,98,Rain,0.2
1999-08-16 00:00:00,Ratnagiri,24.4,96,1002.6,18.72,100,Rain,0.2
2017-09-27 13:00:00,Nagpur,31.9,58,970.6,38.16,25,Clear,0
2023-04-06 09:00:00,Bengaluru,26.9,66,915.2,26.28,24,Rain,0.1
2006-10-22 19:00:00,Mysuru,24.2,59,929.9,36.36,79,Cloudy,0
2001-01-02 01:00:00,Amravati,12.8,87,972.6,23.04,0,Clear,0
1996-07-16 01:00:00,Ratnagiri,24.6,94,995.3,57.96,100,Rain,1.8
2003-08-17 10:00:00,Bharuch,28.5,73,1006.1,54.72,35,Clear,0
1998-08-27 08:00:00,Rajkot,25.6,94,990.1,34.56,100,Rain,0.3
2014-10-29 06:00:00,Thiruvananthapuram,24.4,89,1010.8,22.32,85,Cloudy,0
2011-11-16 03:00:00,Dharwad,19.1,59,931,28.08,16,Clear,0
2023-07-04 04:00:00,Hubballi,21.8,98,935.9,54.72,100,Cloudy,0
2003-05-22 09:00:00,Khammam,38.5,24,990.6,75.96,38,Clear,0
1999-07-22 01:00:00,Ajmer,25.7,74,945.4,48.96,98,Cloudy,0
2014-12-13 22:00:00,Ganganagar,13,80,995.5,29.52,28,Clear,0
2000-02-11 03:00:00,Rajkot,16.4,85,996.2,31.68,0,Clear,0
1998-12-07 03:00:00,Nizamabad,18,60,970.4,10.08,20,Clear,0
2024-09-18 18:00:00,Thrissur,26,86,1004.8,25.2,0,Clear,0
2013-08-14 04:00:00,Ahmedabad,24.3,96,994.6,30.6,100,Cloudy,0
2025-02-13 17:00:00,Shivamogga,32.5,19,946.4,46.08,97,Cloudy,0
2024-03-10 19:00:00,Dharwad,28,62,933.2,77.4,2,Clear,0
2019-12-14 12:00:00,Nagpur,26.5,58,981.4,7.92,78,Cloudy,0
2025-04-21 09:00:00,Mumbai,30.8,64,1011,13.68,12,Clear,0
2012-12-24 02:00:00,Kolhapur,21.1,66,948.6,21.24,59,Clear,0
2001-04-08 00:00:00,Kalaburagi,29,30,959.5,34.92,74,Cloudy,0
1998-05-16 19:00:00,Anand,38.8,18,996.9,27.72,17,Clear,0
2006-01-19 05:00:00,Hubballi,19,53,941.6,28.08,0,Clear,0
2001-01-10 19:00:00,Bikaner,14.4,44,989.5,39.6,73,Cloudy,0
2015-03-29 21:00:00,Kozhikode,28.9,78,1008.7,11.88,12,Clear,0
2018-05-02 19:00:00,Ganganagar,30.7,41,982.7,58.32,27,Clear,0
2011-09-26 07:00:00,Karimnagar,24.9,82,979.5,37.44,54,Clear,0
2020-07-24 06:00:00,Adilabad,24,87,976.5,17.28,97,Rain,0.1
2001-02-22 13:00:00,Rajkot,31.9,20,997,5.04,0,Clear,0
2016-08-02 02:00:00,Ahmedabad,26.6,85,994.2,40.32,100,Cloudy,0
2007-11-24 13:00:00,Kochi,29.1,71,1009.2,18.72,27,Clear,0
2007-09-30 23:00:00,Warangal,23.8,95,978.6,28.8,100,Cloudy,0
2014-05-19 10:00:00,Mangaluru,26.5,86,1007.7,25.56,100,Cloudy,0
1999-08-01 06:00:00,Chikkamagaluru,19.5,95,895.9,42.12,100,Cloudy,0
2011-01-11 13:00:00,Mysuru,27,31,928.6,27.36,34,Clear,0
2016-08-09 00:00:00,Idukki,18.5,98,898.8,18,100,Cloudy,0
2025-12-17 10:00:00,Jaipur,21,42,970.9,9.36,0,Clear,0
2022-08-21 13:00:00,Nashik,26.7,77,941.5,73.08,100,Rain,0.3
2020-04-16 12:00:00,Nashik,37.4,17,947.7,13.32,27,Clear,0
2021-02-13 22:00:00,Kochi,25.4,89,1012.7,23.04,12,Clear,0
2019-01-22 08:00:00,Kochi,24,60,1014.2,20.88,0,Clear,0
2020-12-15 06:00:00,Nizamabad,19.4,75,969.1,18.72,9,Clear,0
2018-04-23 00:00:00,Thiruvananthapuram,25.9,85,1008.8,16.2,97,Cloudy,0
2006-05-17 18:00:00,Mysuru,27.5,64,926.5,49.32,72,Rain,0.4
2001-01-04 02:00:00,Barmer,11.9,73,994.4,57.96,0,Clear,0
2014-02-04 09:00:00,Kochi,26.7,74,1010.9,13.68,53,Clear,0
2010-07-27 08:00:00,Khammam,25.7,84,989.8,28.08,100,Cloudy,0
2016-02-05 09:00:00,Junagadh,20.7,43,1005.9,24.12,0,Clear,0
2012-10-09 10:00:00,Kota,32,34,982.1,25.56,2,Clear,0
2001-04-14 02:00:00,Hubballi,22.5,91,941.2,26.28,95,Cloudy,0
2025-07-23 14:00:00,Wayanad,22.2,90,923,45.72,100,Rain,0.4
2013-11-26 18:00:00,Jodhpur,25.4,35,986.2,20.52,91,Cloudy,0
2022-04-19 01:00:00,Ratnagiri,25.9,86,1002.2,27.36,6,Clear,0
2002-05-07 14:00:00,Dharwad,34.7,37,927.5,34.92,45,Rain,1.1
2017-06-18 19:00:00,Jaipur,33.2,50,951.1,22.32,22,Clear,0
2001-04-21 04:00:00,Ajmer,19.4,63,954.1,25.92,0,Clear,0
1996-08-13 22:00:00,Mangaluru,23.9,94,1005.5,52.2,99,Rain,0.3
2017-05-08 11:00:00,Delhi_North,39.7,18,982.6,10.44,0,Clear,0
2006-03-14 02:00:00,Warangal,23.2,82,980.1,31.32,42,Clear,0
2000-06-28 23:00:00,Solapur,24.2,83,953.7,53.64,100,Rain,0.4
2019-11-27 14:00:00,Wayanad,28.9,55,925.2,46.8,29,Clear,0
2006-09-01 19:00:00,Adilabad,27.1,80,975.7,11.52,100,Cloudy,0
2000-02-14 21:00:00,Chikkamagaluru,22,50,898.8,9.72,15,Clear,0
2015-02-18 17:00:00,Junagadh,31.3,25,999.8,29.88,0,Clear,0
1998-09-06 23:00:00,Bhavnagar,27.6,83,1004.1,25.92,71,Cloudy,0
2009-03-05 18:00:00,Barmer,32.6,10,986,34.92,0,Clear,0
2000-04-27 22:00:00,Pune,24.7,73,946.9,25.92,0,Clear,0
2007-12-01 05:00:00,Nagpur,14.5,84,979.7,25.92,99,Cloudy,0
2025-06-20 14:00:00,Nashik,26.2,80,940.2,101.88,99,Rain,0.4
2012-07-09 15:00:00,Nashik,25.4,79,938.1,59.76,100,Cloudy,0
2011-06-27 04:00:00,Kochi,24.4,93,1007,20.16,99,Rain,0.1
2010-10-18 13:00:00,Ahmedabad,34.3,52,999.1,29.52,19,Clear,0
2006-04-16 09:00:00,Ahmedabad,28.8,50,1001.7,40.68,93,Cloudy,0
2002-05-10 19:00:00,Wayanad,22.8,94,927.1,29.52,75,Cloudy,0
2007-03-21 14:00:00,Thrissur,30.3,63,1007.5,45.72,63,Rain,0.5
2023-02-05 02:00:00,Barmer,17.6,33,989.3,36.36,0,Clear,0
2006-04-15 07:00:00,Shivamogga,22.9,86,946.9,23.04,80,Cloudy,0
2010-05-31 05:00:00,Bhavnagar,27.6,78,1003.4,50.4,18,Clear,0
2003-11-02 22:00:00,Bikaner,23.3,23,989.7,37.44,0,Clear,0
2003-12-14 17:00:00,Nizamabad,25.4,36,967.6,29.52,100,Cloudy,0
2013-05-15 08:00:00,Hyderabad,32.4,38,949.5,33.12,100,Cloudy,0
2023-10-20 13:00:00,Wayanad,30.5,36,928.1,39.6,2,Clear,0
2025-05-25 21:00:00,Kalaburagi,23.9,97,951.8,55.44,100,Rain,2.5
2011-05-24 16:00:00,Ahmedabad,38.8,32,997.5,43.56,4,Clear,0
2009-03-16 14:00:00,Thiruvananthapuram,27.9,73,1007.2,34.92,58,Rain,0.9
2005-06-23 14:00:00,Khammam,36.4,37,987.6,47.52,100,Cloudy,0
2007-07-21 06:00:00,Nagpur,25.4,84,968.6,23.04,97,Cloudy,0
2006-09-09 09:00:00,Kochi,26.4,83,1009.2,25.2,91,Rain,0.1
2007-12-25 17:00:00,Kota,26.1,42,982.6,26.28,0,Clear,0
2015-02-06 10:00:00,Barmer,18.6,29,996.1,37.08,0,Clear,0
2015-05-10 07:00:00,Kollam,26,89,1006.8,27.72,100,Cloudy,0
2021-04-25 11:00:00,Nashik,36.5,19,947.5,30.6,73,Cloudy,0
2017-10-07 21:00:00,New_Delhi,28.5,56,982.7,6.48,0,Clear,0
2018-01-31 11:00:00,Ajmer,25.7,24,963.1,38.16,0,Clear,0
2012-09-10 15:00:00,Nagpur,27.1,82,966.4,41.04,87,Cloudy,0
2015-05-06 10:00:00,Wayanad,26.6,80,928,6.48,100,Cloudy,0
2025-05-07 10:00:00,Kota,29.7,50,977.5,12.96,8,Clear,0
2015-04-11 11:00:00,Thrissur,30.6,71,1010.3,25.56,56,Clear,0
2016-12-23 00:00:00,Udaipur,15.4,48,950.9,21.24,0,Clear,0
2013-12-11 02:00:00,Kochi,24.6,87,1007.3,13.32,32,Clear,0
2000-03-13 18:00:00,Surat,25,64,1005.9,64.44,0,Clear,0
1997-12-05 12:00:00,Bikaner,19.4,46,992.8,36,0,Clear,0
1997-12-25 21:00:00,Nagpur,19.6,84,980.5,23.4,52,Clear,0
2015-11-24 10:00:00,Bharuch,29.6,63,1012,34.92,100,Cloudy,0
2021-04-16 19:00:00,Nizamabad,30.8,29,963.8,27.36,2,Clear,0
2020-07-08 19:00:00,Jodhpur,32.3,58,975.5,70.2,82,Cloudy,0
2000-10-06 10:00:00,Mumbai,29.2,78,1010.4,3.6,40,Clear,0
2022-07-27 21:00:00,Kota,26.1,92,977.3,15.12,100,Cloudy,0
2010-02-09 17:00:00,Aurangabad,26.8,40,944.5,28.8,53,Clear,0
2023-01-25 20:00:00,Wayanad,20.9,93,927.9,16.92,42,Rain,0.1
2013-12-26 09:00:00,Anand,20.6,64,1012.8,34.92,76,Cloudy,0
2011-04-10 18:00:00,Shivamogga,24.6,85,947.6,12.24,100,Rain,2.1
2010-04-08 06:00:00,Mysuru,22.8,78,929.3,23.4,89,Cloudy,0
2013-03-08 04:00:00,Kolhapur,23.3,78,949.1,27.36,4,Clear,0
2019-07-07 00:00:00,Kochi,27.2,88,1007.9,31.68,94,Cloudy,0
2010-12-07 15:00:00,Wayanad,24.9,61,921.7,10.44,38,Clear,0
2004-11-06 15:00:00,Ratnagiri,31.7,38,1000.5,5.04,5,Clear,0
2018-11-10 08:00:00,Dharwad,24,59,933.9,31.68,0,Clear,0
2000-07-03 06:00:00,Jaipur,25.7,88,952.2,28.8,68,Cloudy,0
2005-01-13 09:00:00,Junagadh,18.3,55,1007.2,25.92,0,Clear,0
2008-06-03 10:00:00,Ratnagiri,30,72,1000.1,23.04,42,Rain,0.3
2008-10-22 14:00:00,Nagpur,31.6,32,974,26.64,98,Cloudy,0
1999-05-15 00:00:00,Bengaluru,20.5,97,906.8,24.48,100,Rain,0.3
2023-12-28 22:00:00,Bhavnagar,25,60,1012,8.64,64,Cloudy,0
2007-07-13 17:00:00,Mysuru,23.3,80,925,73.08,100,Rain,0.1
2014-02-26 10:00:00,Pune,29.1,39,953,16.2,6,Clear,0
2012-07-10 17:00:00,Kolhapur,24.2,87,941.6,52.92,93,Cloudy,0
2018-09-14 11:00:00,Bikaner,32.8,39,981.6,83.52,0,Clear,0
2014-09-12 19:00:00,Karimnagar,26.9,85,976.3,22.68,100,Cloudy,0
1997-06-28 19:00:00,Thrissur,24.5,94,1003,32.04,100,Rain,0.4
2015-03-31 15:00:00,Bhavnagar,31.9,38,1005.1,11.52,0,Clear,0
2017-07-18 04:00:00,Mangaluru,24.5,93,1004.7,58.68,100,Rain,1.2
2019-05-28 00:00:00,Barmer,32.5,51,982,96.12,0,Clear,0
2019-02-10 19:00:00,Karimnagar,21.1,50,984.3,26.64,0,Clear,0
2006-06-28 03:00:00,Rajkot,26.5,87,986.1,26.28,93,Cloudy,0
2022-05-25 14:00:00,Hubballi,31,51,939.9,24.12,19,Clear,0
2015-08-08 04:00:00,Aurangabad,22.7,90,939.7,25.2,99,Cloudy,0
2002-12-19 08:00:00,Mysuru,17.9,59,930.5,24.84,84,Cloudy,0
2020-04-04 08:00:00,Rajkot,27.5,50,997.4,22.32,0,Clear,0
2022-06-13 20:00:00,Hubballi,22.6,92,939.2,56.16,100,Cloudy,0
2017-08-16 07:00:00,Kozhikode,24.8,94,1008.7,5.4,99,Cloudy,0
2020-08-31 09:00:00,Kochi,27.3,83,1010.1,30.6,76,Rain,0.1
2009-03-14 12:00:00,Nashik,31.9,28,950,9.36,9,Clear,0
1997-05-08 23:00:00,Mysuru,23.6,83,928.6,16.92,95,Cloudy,0
1996-10-11 04:00:00,Mangaluru,23.7,96,1005.7,6.48,72,Cloudy,0
2022-12-13 16:00:00,Ahmedabad,31.5,41,1004.1,61.92,6,Clear,0
2007-06-30 03:00:00,Anand,26.6,95,993.5,19.44,100,Rain,1.5
2008-03-06 16:00:00,Aurangabad,33.5,16,946.3,16.2,0,Clear,0
2016-10-15 21:00:00,Kota,25.1,51,982.2,26.64,25,Clear,0
2017-06-24 12:00:00,Kota,36.7,41,970.2,12.24,26,Clear,0
2012-09-30 09:00:00,Kochi,25.6,91,1011.4,6.48,100,Rain,0.4
2003-09-15 05:00:00,Chikkamagaluru,18.5,95,897.5,30.96,99,Cloudy,0
2013-02-20 21:00:00,Kochi,26.7,85,1011,10.44,23,Clear,0
2017-11-10 21:00:00,Thiruvananthapuram,25.1,94,1009.7,15.48,95,Cloudy,0
2001-09-01 04:00:00,Wayanad,19.4,99,924.3,15.48,98,Cloudy,0
2001-10-03 10:00:00,Mysuru,25.2,63,929.1,40.68,97,Cloudy,0
1996-09-24 22:00:00,Rajkot,27.6,67,995.5,46.8,15,Clear,0
2014-05-19 11:00:00,Thrissur,30.7,73,1007.5,20.16,88,Cloudy,0
2003-09-30 07:00:00,Bikaner,24.3,84,983,27,25,Clear,0
2021-11-19 13:00:00,Ganganagar,23.7,42,991.5,19.44,0,Clear,0
2019-07-06 12:00:00,Kalaburagi,29,61,953.3,111.24,97,Rain,0.1
2018-07-01 12:00:00,Ganganagar,33.5,66,978.8,17.64,66,Rain,0.1
2012-02-28 20:00:00,Ahmedabad,23.2,31,1000.9,37.08,0,Clear,0
2003-09-05 00:00:00,Adilabad,24.8,85,976,38.88,100,Cloudy,0
2003-08-11 02:00:00,Nagpur,24.4,95,968.7,25.2,100,Rain,0.2
2024-07-26 02:00:00,Thrissur,23.8,97,1005.8,25.2,100,Rain,2.1
2026-01-16 13:00:00,Barmer,26.2,21,992.5,32.04,91,Cloudy,0
2015-08-15 03:00:00,Barmer,26.2,91,980.6,43.56,67,Cloudy,0
2001-07-22 10:00:00,Bhavnagar,28.5,76,1000,44.28,60,Cloudy,0
1998-11-27 15:00:00,New_Delhi,25.8,33,989.3,47.52,0,Clear,0
2016-04-10 23:00:00,Ajmer,26.8,27,956.2,43.2,0,Clear,0
2001-07-29 23:00:00,Wayanad,20,98,927.4,15.48,100,Cloudy,0
1999-12-28 04:00:00,Udaipur,10.6,82,951.8,29.52,0,Clear,0
2015-02-24 20:00:00,Nashik,25.2,43,946.2,23.4,2,Clear,0
2001-02-04 14:00:00,Amravati,32.6,26,969.3,6.84,0,Clear,0
2004-07-18 05:00:00,Dharwad,20.8,97,925.9,31.68,100,Cloudy,0
2013-03-26 02:00:00,Kochi,26.2,88,1007.3,9.36,35,Clear,0
2008-12-04 04:00:00,Adilabad,21.8,53,981.7,19.44,50,Clear,0
2002-09-29 03:00:00,Adilabad,23.5,83,978.4,22.68,11,Clear,0
2019-12-15 18:00:00,Aurangabad,24.4,60,947.3,6.48,31,Clear,0
2018-08-07 12:00:00,Thrissur,26.4,84,1007.3,51.84,97,Rain,0.3
2002-07-24 06:00:00,Khammam,24.6,90,992.8,46.08,100,Rain,0.4
2004-02-12 05:00:00,Bharuch,15.9,55,1012.4,30.6,0,Clear,0
2022-12-20 23:00:00,Kota,16.8,58,983.3,24.48,0,Clear,0
2024-09-24 04:00:00,Thiruvananthapuram,24,94,1006.3,39.6,89,Rain,0.1
2009-10-05 17:00:00,Shivamogga,23.5,79,943.6,60.84,85,Cloudy,0
2020-02-10 16:00:00,Idukki,26.1,46,898.9,59.76,94,Cloudy,0
1996-05-14 18:00:00,Ganganagar,35.2,27,978.9,28.8,49,Rain,1.2
2012-09-19 00:00:00,Kalaburagi,23.5,81,957.9,23.04,100,Cloudy,0
1998-03-28 17:00:00,Junagadh,36.9,28,996.1,57.24,1,Clear,0
2024-09-28 18:00:00,Nashik,23.1,90,944,47.52,100,Rain,0.5
2011-09-12 00:00:00,Amravati,23.8,85,965.8,23.04,72,Cloudy,0
2000-06-02 07:00:00,Amravati,27.2,80,963.7,41.04,14,Clear,0
2014-03-28 02:00:00,Thiruvananthapuram,26.4,79,1008.7,5.04,87,Cloudy,0
2009-02-07 08:00:00,Kozhikode,25.3,76,1011.9,8.28,0,Clear,0
2001-12-13 09:00:00,Bikaner,15.2,75,995.1,14.4,0,Clear,0
2003-01-01 18:00:00,Ajmer,15,52,962.2,29.88,0,Clear,0
2006-02-16 01:00:00,Kochi,25,79,1009.8,15.48,0,Clear,0
2015-09-19 18:00:00,Ratnagiri,26.5,82,997.1,26.64,49,Clear,0
2018-09-24 21:00:00,Kochi,26.4,93,1011.8,10.44,93,Rain,0.1
2010-09-10 03:00:00,Khammam,25,90,990.2,16.92,48,Clear,0
1996-12-01 12:00:00,Chikkamagaluru,25.5,31,901.2,27,52,Clear,0
2006-01-04 13:00:00,Anand,26.2,39,1009.2,34.92,18,Clear,0
2021-10-04 23:00:00,Bengaluru,21,95,910.7,15.84,95,Rain,0.1
2013-06-27 07:00:00,Udaipur,24.6,88,940,65.52,98,Cloudy,0
2009-11-21 16:00:00,Bengaluru,22.6,79,912.6,26.28,70,Rain,1.8
2013-05-04 00:00:00,Idukki,20.1,99,894.5,5.4,100,Cloudy,0
2007-06-15 14:00:00,Anand,35.7,51,993.8,56.88,95,Cloudy,0
1999-01-17 06:00:00,Chikkamagaluru,13.2,89,900,18.36,6,Clear,0
2001-05-03 01:00:00,Warangal,30.3,62,972.7,66.24,6,Clear,0
2016-10-11 22:00:00,Jaipur,24.2,54,959.4,41.76,14,Clear,0
2004-04-21 11:00:00,Aurangabad,36.6,19,946.8,30.96,3,Clear,0
2014-01-06 10:00:00,Kalaburagi,25.1,49,964.1,25.56,2,Clear,0
2009-03-30 01:00:00,Rajkot,23.6,84,996.1,41.04,21,Clear,0
2003-09-20 00:00:00,Mysuru,20.4,92,930,37.08,8,Clear,0
1998-09-08 21:00:00,Udaipur,27.1,76,944.4,6.84,79,Rain,0.4
2019-02-04 18:00:00,Ajmer,21.2,54,961.2,32.04,27,Clear,0
2019-11-27 12:00:00,Kalaburagi,28.4,47,962.4,51.84,1,Clear,0
2006-10-13 07:00:00,Kozhikode,24.6,93,1011.6,16.56,100,Cloudy,0
2013-06-28 11:00:00,Surat,27,85,1002,104.4,93,Rain,0.9
2021-08-06 21:00:00,Rajkot,27,76,989,51.48,99,Cloudy,0
2024-01-22 16:00:00,Solapur,33.2,24,959.6,61.2,98,Cloudy,0
2013-11-07 07:00:00,Wayanad,20.6,93,929.5,37.8,64,Cloudy,0
2004-06-01 14:00:00,Mumbai,32.6,62,1006.9,59.76,70,Cloudy,0
2019-07-25 13:00:00,Junagadh,27,86,994.6,73.8,75,Rain,2.5
2022-05-09 00:00:00,Bengaluru,23.6,69,907.7,24.84,100,Cloudy,0
2023-02-23 14:00:00,Kozhikode,32.7,40,1006.7,54.36,0,Clear,0
2016-08-09 06:00:00,Kalaburagi,22.9,86,956.6,52.92,100,Cloudy,0
1998-10-09 04:00:00,Ratnagiri,24.9,96,997.5,9,100,Cloudy,0
1999-11-16 02:00:00,New_Delhi,16.9,56,990.4,28.8,0,Clear,0
2024-08-04 16:00:00,Adilabad,26.2,85,972.6,62.64,100,Thunderstorm,5.1
2018-11-29 17:00:00,Rajkot,28.8,30,1000.4,43.92,0,Clear,0
2024-01-04 00:00:00,Hyderabad,19.1,87,956.9,41.4,66,Cloudy,0
1997-05-03 08:00:00,Nashik,26.9,41,947.6,5.76,0,Clear,0
2021-07-07 14:00:00,Kolhapur,27.9,71,943.6,46.8,99,Rain,0.5
1999-12-31 10:00:00,Wayanad,23.9,51,929.5,34.92,7,Clear,0
2002-03-21 22:00:00,Junagadh,25,49,1000.6,33.12,0,Clear,0
2014-07-16 19:00:00,Chikkamagaluru,19.9,92,895.9,60.12,100,Rain,0.1
1998-10-20 01:00:00,Nashik,19,97,944.8,37.8,21,Clear,0
2021-04-21 07:00:00,Aurangabad,25.9,40,946,27.36,95,Cloudy,0
2005-09-27 00:00:00,Delhi_North,25.1,80,980.3,39.6,5,Clear,0
2008-04-22 08:00:00,Mysuru,25.2,75,928.9,41.04,43,Clear,0
1997-08-31 00:00:00,Ganganagar,27.6,78,982.4,23.04,1,Clear,0
2003-07-28 09:00:00,Karimnagar,27.5,70,974.7,74.16,100,Cloudy,0
2019-08-30 04:00:00,Aurangabad,22.7,97,938.8,23.4,94,Cloudy,0
2006-03-12 20:00:00,Barmer,27.2,24,986.8,48.96,12,Clear,0
2020-02-27 21:00:00,Pune,23.8,29,950.4,32.4,0,Clear,0
2006-03-19 15:00:00,Udaipur,32.9,17,948.3,33.12,0,Clear,0
2021-08-12 06:00:00,Shivamogga,22.2,90,946.3,37.8,99,Rain,0.3
2013-02-05 11:00:00,Kollam,31.3,46,1011.8,22.32,32,Clear,0
2020-08-09 10:00:00,Karimnagar,30.4,62,972.9,88.56,99,Cloudy,0
2000-04-01 09:00:00,Kochi,25.9,86,1008.8,12.96,85,Cloudy,0
1997-11-15 15:00:00,Thrissur,29.5,66,1005.2,20.16,77,Cloudy,0
2001-06-30 13:00:00,Thiruvananthapuram,26.7,79,1008,77.4,97,Cloudy,0
2024-09-01 00:00:00,Warangal,24.3,94,972,60.84,100,Rain,2
2000-01-12 23:00:00,Thiruvananthapuram,23.8,92,1010.4,3.96,100,Cloudy,0
2008-04-16 07:00:00,Anand,23.2,50,1003.5,14.4,0,Clear,0
2017-01-31 20:00:00,Hubballi,25.8,34,943.1,38.52,0,Clear,0
2013-07-24 07:00:00,Hyderabad,22.9,84,945.3,93.6,100,Cloudy,0
2002-10-28 12:00:00,Dharwad,28.5,48,929.9,54,87,Cloudy,0
2001-10-12 02:00:00,Anand,26,90,1004.5,30.96,11,Clear,0
2009-05-03 11:00:00,Junagadh,36.5,33,1001.3,51.48,0,Clear,0
2022-06-29 11:00:00,Barmer,36,44,977,104.76,100,Cloudy,0
2016-12-05 16:00:00,Amravati,27.3,39,975,9.36,0,Clear,0
2011-09-30 06:00:00,Mysuru,20.2,98,928.1,21.96,99,Cloudy,0
2015-03-09 10:00:00,Anand,25.4,31,1014.2,59.04,0,Clear,0
2024-12-09 07:00:00,Wayanad,19.9,98,927.7,7.92,100,Cloudy,0
2022-06-27 22:00:00,Thrissur,24.2,96,1008.6,11.16,100,Rain,0.7
2006-06-07 12:00:00,Nizamabad,34.6,36,962.2,52.56,73,Cloudy,0
2000-02-25 03:00:00,Dharwad,18.2,84,928.9,23.76,59,Clear,0
2019-06-26 04:00:00,Nashik,23.2,96,941.1,24.48,85,Rain,0.1
2017-02-18 21:00:00,Kalaburagi,24.1,39,964.1,29.52,0,Clear,0
2025-01-14 18:00:00,Khammam,26.5,43,999.2,23.76,9,Clear,0
1999-07-03 21:00:00,Jaipur,32.8,39,951.3,13.32,99,Cloudy,0
2007-05-19 07:00:00,Thrissur,26.3,87,1007.4,15.84,84,Cloudy,0
2014-04-05 14:00:00,Kolhapur,37.2,20,948.6,20.88,28,Clear,0
2019-03-12 03:00:00,Warangal,24.2,63,981.4,57.6,6,Clear,0
2001-01-21 12:00:00,Dharwad,27.8,31,932.5,59.76,14,Clear,0
2014-04-17 21:00:00,Kollam,26.8,84,1009.2,15.48,22,Clear,0
2000-10-14 14:00:00,Hubballi,28,68,939,12.96,71,Cloudy,0
2019-10-17 14:00:00,New_Delhi,31.6,41,987.5,32.4,32,Clear,0
2025-03-20 14:00:00,Udaipur,31.5,18,950.1,15.84,2,Clear,0
2004-07-12 20:00:00,Kochi,24.1,93,1010.4,12.96,100,Rain,0.1
2006-05-24 17:00:00,Barmer,39.8,26,976.6,91.8,0,Clear,0
1999-01-08 07:00:00,Kota,7.6,82,987.9,26.64,0,Clear,0
2011-07-02 01:00:00,Dharwad,21.3,96,927.1,50.4,100,Cloudy,0
2004-05-26 23:00:00,Hubballi,23.6,89,940.4,42.12,40,Clear,0
2015-03-05 23:00:00,Karimnagar,22.8,69,981.8,29.16,14,Clear,0
2008-06-29 21:00:00,Surat,26.9,87,998.2,83.88,61,Rain,0.2
2009-03-23 22:00:00,Kochi,25.5,87,1011.9,7.56,70,Cloudy,0
1996-05-09 11:00:00,Pune,32.5,34,949.8,60.84,9,Clear,0
2020-05-16 21:00:00,Pune,28.2,71,947.1,30.96,100,Cloudy,0
2002-07-07 01:00:00,Shivamogga,22.3,91,945.1,50.4,67,Cloudy,0
2024-12-09 23:00:00,Thrissur,24.4,96,1008.7,24.48,99,Cloudy,0
2011-02-22 06:00:00,New_Delhi,10,94,990.8,22.32,91,Cloudy,0
2025-02-23 14:00:00,Kalaburagi,34.1,19,963.2,30.24,27,Clear,0
2018-08-30 13:00:00,Dharwad,26,74,928.4,73.8,66,Rain,0.5
2007-04-08 02:00:00,Bikaner,25.4,33,980.4,38.52,90,Cloudy,0
2012-04-26 22:00:00,Surat,27.3,65,1005.9,47.88,0,Clear,0
2020-11-05 15:00:00,Chikkamagaluru,24.1,74,899.8,33.84,86,Rain,0.6
2006-01-25 19:00:00,Mumbai,24.6,51,1014.3,57.24,0,Clear,0
1998-10-15 01:00:00,Jodhpur,28,39,981.6,36.36,100,Cloudy,0
2007-10-31 11:00:00,Thiruvananthapuram,27.9,74,1008.7,58.68,87,Cloudy,0
1999-11-20 15:00:00,Ahmedabad,32.4,17,1006.4,28.44,3,Clear,0
2014-06-20 04:00:00,Jaipur,31.5,51,949,52.92,11,Clear,0
2005-06-19 10:00:00,Kochi,26.9,85,1008.2,18.72,65,Rain,0.3
2022-02-21 02:00:00,Hubballi,21.5,44,939.4,33.12,65,Cloudy,0
2011-09-15 20:00:00,Mumbai,26.3,89,1004.8,25.2,100,Rain,0.3
2004-10-14 14:00:00,Hubballi,29,60,942.4,12.96,87,Cloudy,0
2020-10-06 21:00:00,Nizamabad,26,79,963.9,16.2,100,Cloudy,0
2007-01-19 12:00:00,Wayanad,29.1,20,932.1,45,28,Clear,0
2001-07-04 13:00:00,Shivamogga,24.3,77,942.5,88.92,100,Rain,0.5
2025-01-23 04:00:00,Dharwad,17.4,59,928.8,25.92,0,Clear,0
2001-05-24 21:00:00,Kalaburagi,30.6,47,955.1,78.48,72,Cloudy,0
2013-08-15 09:00:00,Dharwad,23.3,78,928.9,54.36,92,Rain,0.1
2017-12-18 12:00:00,Kollam,30.1,42,1012,49.68,56,Clear,0
2004-11-07 14:00:00,Mangaluru,29.3,70,1004.2,26.64,83,Cloudy,0
2013-04-26 23:00:00,Chikkamagaluru,22.2,85,900.7,5.4,94,Cloudy,0
2012-10-27 13:00:00,Ratnagiri,32.4,50,999.7,20.16,37,Clear,0
2019-02-19 10:00:00,Thrissur,32.2,48,1010.6,16.92,2,Clear,0
2000-02-22 07:00:00,Idukki,17,90,896.4,13.32,14,Clear,0
1999-08-22 20:00:00,Chikkamagaluru,20.4,87,898.7,28.44,94,Cloudy,0
2016-12-13 05:00:00,Ahmedabad,16,72,1005.6,25.56,0,Clear,0
1996-07-15 16:00:00,Mumbai,26.7,88,999,74.16,96,Rain,0.3
1999-07-22 17:00:00,Hubballi,21.4,96,937.6,77.04,100,Rain,1.7
2009-11-17 12:00:00,Junagadh,30.2,29,1001.7,37.8,0,Clear,0
2021-05-10 01:00:00,Mumbai,27.7,87,1006.5,12.96,32,Clear,0
2020-09-12 22:00:00,Bengaluru,20.2,97,911.5,61.92,100,Rain,0.9
2000-02-13 23:00:00,Rajkot,16.5,22,1000.7,50.4,0,Clear,0
1998-10-10 17:00:00,Idukki,18.4,100,894.1,20.88,100,Rain,2.7
2017-04-10 16:00:00,Surat,41,8,1002.9,53.28,0,Clear,0
2014-02-15 22:00:00,Delhi_North,10.3,95,987.9,23.04,1,Clear,0
2000-02-14 10:00:00,Nagpur,22.8,43,980.7,54.36,18,Clear,0
2022-11-21 14:00:00,Barmer,29,22,991.6,30.96,0,Clear,0
2010-08-31 20:00:00,Amravati,25.5,84,964.1,34.56,99,Rain,0.2
1996-01-07 16:00:00,Bikaner,21.6,26,990.8,40.32,89,Cloudy,0
2019-12-31 03:00:00,Kollam,24.8,82,1009.6,46.8,100,Cloudy,0
2000-01-23 03:00:00,Nizamabad,18.7,51,966.5,28.8,0,Clear,0
2008-10-11 05:00:00,Kochi,25.7,91,1009.9,17.28,96,Cloudy,0
2006-08-19 23:00:00,Chikkamagaluru,20,93,899.8,27,100,Cloudy,0
2016-10-21 06:00:00,Delhi_North,19.3,51,982.4,37.8,0,Clear,0
2011-10-25 08:00:00,Warangal,26.1,78,982.8,7.92,7,Clear,0
2009-04-24 10:00:00,Kota,36.5,9,981.6,15.48,0,Clear,0
2006-11-06 06:00:00,Karimnagar,21,98,982.3,18,89,Cloudy,0
2016-02-26 06:00:00,Udaipur,14.2,42,950.6,30.96,0,Clear,0
1999-04-10 13:00:00,Kalaburagi,40.5,14,956.9,25.92,22,Clear,0
2014-10-11 21:00:00,Kota,28.4,42,979.5,37.8,0,Clear,0
2002-12-24 11:00:00,Aurangabad,26.1,26,948.3,23.4,0,Clear,0
2010-01-19 02:00:00,Bhavnagar,20,65,1014.1,34.56,0,Clear,0
2017-01-30 03:00:00,Bikaner,10.7,93,988.6,29.88,0,Clear,0
2018-10-17 14:00:00,Junagadh,34.7,25,1000.6,28.8,0,Clear,0
2005-12-26 03:00:00,Ahmedabad,12.7,54,1009.1,30.24,0,Clear,0
2009-07-23 00:00:00,Jodhpur,27.5,88,973.3,34.56,96,Rain,1.8
2001-05-02 23:00:00,Bengaluru,24.9,60,908.6,29.88,47,Clear,0
2012-02-20 11:00:00,Chikkamagaluru,28.4,18,903.1,54.36,0,Clear,0
2013-01-17 11:00:00,Wayanad,27.5,30,932,19.8,10,Clear,0
2020-07-28 04:00:00,Nagpur,25.6,96,969.5,20.88,99,Rain,0.2
2021-12-20 04:00:00,Thiruvananthapuram,22.8,85,1010,11.52,13,Clear,0
2010-08-16 07:00:00,Mumbai,25.8,94,1005.7,21.96,100,Rain,0.4
1998-11-24 19:00:00,Ajmer,21.1,27,960.7,29.16,0,Clear,0
2023-03-24 08:00:00,Chikkamagaluru,23.9,40,901.3,13.32,51,Clear,0
2004-04-23 11:00:00,Dharwad,33.1,29,930.6,6.48,22,Clear,0
2012-11-26 03:00:00,Mumbai,22,82,1009.7,24.84,9,Clear,0
1999-07-22 19:00:00,Chikkamagaluru,19.8,96,897.2,45.72,100,Rain,1.8
2003-06-15 09:00:00,Anand,32.9,57,997.1,36.72,34,Clear,0
2023-06-26 08:00:00,Delhi_North,26.7,86,978.2,22.32,100,Cloudy,0
2016-10-05 14:00:00,Ajmer,26,86,951.1,21.6,100,Rain,3.5
2025-09-13 23:00:00,Solapur,22.5,98,956,34.56,100,Rain,0.1
2010-04-19 14:00:00,Barmer,41.6,11,980.2,115.92,78,Cloudy,0
2017-08-17 18:00:00,Anand,30.1,75,996.8,10.44,97,Cloudy,0
2006-05-29 09:00:00,Thiruvananthapuram,25.2,92,1008,81.72,98,Rain,1
2007-08-12 04:00:00,Ajmer,25,88,945,64.8,100,Cloudy,0
2010-01-17 20:00:00,Aurangabad,21.4,65,951.4,15.12,11,Clear,0
2009-11-15 03:00:00,Kalaburagi,22,89,958.5,20.52,64,Cloudy,0
2016-02-14 07:00:00,Aurangabad,16.6,62,946.3,22.68,31,Clear,0
2016-10-24 06:00:00,Ratnagiri,24.9,97,1002.8,11.52,100,Cloudy,0
2008-04-15 07:00:00,Thiruvananthapuram,25.2,92,1007.7,21.6,100,Rain,0.1
2024-05-08 04:00:00,Thrissur,25.9,91,1006.3,31.32,100,Rain,3.2
2015-10-05 05:00:00,Chikkamagaluru,19.9,99,899.5,18.36,100,Rain,0.6
2021-12-18 08:00:00,Ahmedabad,15.9,51,1013.8,60.48,0,Clear,0
2017-06-08 10:00:00,Jaipur,35.8,42,957.8,74.52,5,Clear,0
2012-11-26 08:00:00,Kalaburagi,24.5,70,964.3,34.2,94,Cloudy,0
2007-08-03 07:00:00,Thrissur,24.1,96,1009.4,22.32,100,Cloudy,0
2014-08-31 01:00:00,Ajmer,26.4,85,948.9,15.48,99,Cloudy,0
2015-09-17 21:00:00,Udaipur,27.8,57,942,37.08,100,Cloudy,0
2017-08-03 21:00:00,Kozhikode,24.5,92,1009.8,34.2,97,Rain,0.3
1998-12-17 01:00:00,Solapur,19.1,54,961.2,41.76,0,Clear,0
2001-09-28 16:00:00,Pune,28.6,63,944.6,32.04,39,Rain,2.2
2017-04-22 23:00:00,Bikaner,32.7,19,977.9,100.44,0,Clear,0
2003-12-23 10:00:00,Dharwad,22.4,46,937,55.44,0,Clear,0
2006-03-04 16:00:00,Pune,33.2,15,948.5,39.24,0,Clear,0
1997-01-13 13:00:00,Ganganagar,19.1,32,997.9,14.4,0,Clear,0
2002-10-06 12:00:00,Kozhikode,28.9,74,1007.8,23.04,55,Clear,0
2005-08-04 19:00:00,Warangal,24.7,89,973.7,39.96,95,Rain,0.5
2017-10-28 16:00:00,Udaipur,30,21,949.9,26.28,90,Cloudy,0
1997-05-15 14:00:00,Kolhapur,36.8,23,946.1,42.12,36,Clear,0
2007-10-10 18:00:00,Mysuru,23.1,89,926.1,31.68,67,Rain,0.5
1997-08-24 11:00:00,Nizamabad,28.3,61,961.5,94.32,100,Cloudy,0
2001-10-14 06:00:00,Nashik,21.5,99,946,19.44,90,Rain,0.2
2003-10-26 12:00:00,Idukki,24.3,65,897.8,14.4,59,Rain,0.3
2022-12-20 12:00:00,Aurangabad,27.5,33,946.7,20.52,67,Cloudy,0
2015-01-10 10:00:00,Amravati,19.5,57,980.3,10.44,0,Clear,0
1997-04-24 18:00:00,Kolhapur,30.8,53,946.8,60.84,49,Clear,0
2000-04-05 17:00:00,Aurangabad,36.9,16,940.7,38.52,34,Clear,0
2012-10-21 12:00:00,Rajkot,34.2,27,999.3,26.28,33,Clear,0
1999-06-07 09:00:00,Khammam,33,47,989.4,71.28,26,Clear,0
2008-01-27 15:00:00,Adilabad,25.7,29,981.1,36,100,Cloudy,0
2011-06-10 06:00:00,Mumbai,26,91,1000.3,78.12,100,Thunderstorm,23.2
2018-05-21 19:00:00,New_Delhi,34,20,978.7,31.32,0,Clear,0
1996-07-26 16:00:00,Hyderabad,26.6,70,945.9,90.72,100,Rain,0.1
1998-11-22 12:00:00,Mumbai,30.6,34,1011.1,32.04,0,Clear,0
2023-10-21 10:00:00,Anand,31.5,50,1010.6,18.36,16,Clear,0
2004-10-03 20:00:00,Ahmedabad,28.1,75,1001.9,24.48,24,Clear,0
2001-12-29 07:00:00,Solapur,18.9,65,965.2,36.36,68,Cloudy,0
2017-08-06 13:00:00,Ahmedabad,31.2,60,996.6,36.72,94,Cloudy,0
2013-06-19 10:00:00,Mangaluru,25.2,92,1005.5,57.24,100,Rain,1.6
2014-01-05 15:00:00,Idukki,26.6,39,896.8,14.76,96,Cloudy,0
1999-03-13 13:00:00,Hubballi,35,22,939.2,21.24,1,Clear,0
2000-04-22 09:00:00,Solapur,33.1,28,958.7,68.04,2,Clear,0
2000-11-23 18:00:00,Solapur,29.1,43,961,31.68,13,Clear,0
2001-11-14 17:00:00,Thrissur,26.1,88,1008.1,7.56,99,Rain,0.9
2013-12-18 11:00:00,Thiruvananthapuram,27,51,1009,28.44,0,Clear,0
1999-10-29 02:00:00,Kollam,24.3,93,1007.8,23.04,100,Rain,0.4
2011-08-06 13:00:00,Jaipur,29.5,72,951.1,48.24,94,Cloudy,0
2012-11-21 09:00:00,Wayanad,24.5,69,930.5,6.48,10,Clear,0
1998-03-05 17:00:00,Mumbai,27.8,61,1008.7,60.84,15,Clear,0
2001-12-14 15:00:00,Kollam,29.8,45,1009.6,21.96,98,Cloudy,0
2005-12-23 13:00:00,Warangal,26.9,62,979.5,11.16,37,Rain,0.1
2003-05-26 02:00:00,Junagadh,26.4,92,999,36.72,30,Clear,0
2006-01-29 01:00:00,Thiruvananthapuram,25.3,76,1010.7,20.88,15,Clear,0
2023-07-25 07:00:00,Rajkot,26.2,89,988.8,54.36,98,Cloudy,0
2008-12-11 09:00:00,Nashik,24,56,949.9,20.16,3,Clear,0
2016-03-02 17:00:00,Warangal,29.4,56,982.8,23.04,88,Rain,1
2013-10-28 00:00:00,Anand,23.4,76,1005.8,25.92,3,Clear,0
2005-05-03 04:00:00,Bengaluru,21.9,88,909.9,30.24,99,Cloudy,0
2018-08-17 00:00:00,Kochi,23.9,95,1009.7,56.88,100,Rain,1.8
2012-05-14 09:00:00,Kozhikode,27.4,84,1008.6,19.44,50,Rain,0.2
2019-02-09 18:00:00,Mysuru,28.9,40,930.6,13.68,41,Clear,0
2000-12-25 12:00:00,Kollam,30,56,1008,28.08,95,Cloudy,0
2012-01-24 19:00:00,Kochi,26.2,67,1009.3,18.72,0,Clear,0
2015-08-25 20:00:00,Nagpur,27.4,72,969.7,23.76,48,Clear,0
2006-03-12 13:00:00,Ajmer,27.1,28,956.9,48.24,43,Clear,0
2008-06-28 02:00:00,Barmer,30,59,976.6,79.92,46,Clear,0
2005-11-30 08:00:00,Ratnagiri,24,60,1002.3,33.84,69,Cloudy,0
2022-01-16 05:00:00,Ganganagar,5.3,100,998.2,29.88,37,Clear,0
1996-05-28 05:00:00,Udaipur,26.1,66,939.5,63.36,1,Clear,0
2003-11-04 00:00:00,Amravati,22.8,77,975.6,23.04,0,Clear,0
2019-08-03 20:00:00,Thiruvananthapuram,25.5,93,1009.9,12.24,94,Rain,0.3
2005-10-24 10:00:00,Kalaburagi,27.1,62,962,35.28,14,Clear,0
2014-01-12 14:00:00,Thiruvananthapuram,28.7,60,1010.1,41.4,34,Clear,0
2002-09-13 12:00:00,Kozhikode,28.9,68,1010.1,38.88,15,Clear,0
2003-03-09 20:00:00,Thiruvananthapuram,27.6,77,1009.3,1.44,44,Clear,0
2013-10-21 12:00:00,Rajkot,31,52,995.4,28.44,2,Clear,0
1997-03-25 07:00:00,Ahmedabad,22.9,25,1004.7,55.08,82,Cloudy,0
2003-12-19 15:00:00,Surat,28.3,38,1011.9,38.16,0,Clear,0
1998-06-14 21:00:00,Thrissur,25.4,91,1005.6,21.6,100,Rain,0.3
2012-01-12 02:00:00,Kollam,23.2,92,1009.8,12.96,15,Clear,0
1999-10-05 13:00:00,Mumbai,30.5,71,1006.7,31.32,68,Cloudy,0
2004-03-03 23:00:00,Kota,20.2,25,982.7,28.8,0,Clear,0
2008-10-21 13:00:00,Ratnagiri,33,37,999.5,30.24,1,Clear,0
2009-05-02 01:00:00,Thrissur,26.7,90,1008,20.16,45,Rain,0.2
2004-10-20 04:00:00,Chikkamagaluru,18.8,97,898.2,27.36,100,Cloudy,0
1998-09-02 06:00:00,Kalaburagi,22.7,90,958.5,42.84,100,Cloudy,0
1997-05-01 03:00:00,Nagpur,27.4,50,975.2,29.16,62,Cloudy,0
2021-05-07 16:00:00,Barmer,38.3,18,984.3,26.28,18,Clear,0
2014-10-17 19:00:00,Khammam,26.5,78,997.9,30.96,44,Rain,0.7
2025-05-23 07:00:00,Warangal,27.6,64,974.7,34.2,100,Cloudy,0
2007-10-26 17:00:00,Ratnagiri,29.9,60,998.7,22.68,45,Clear,0
2016-05-12 20:00:00,Kollam,26.6,93,1007.2,10.44,72,Rain,0.3
2004-02-15 05:00:00,Bikaner,12.4,64,988.1,36,0,Clear,0
2001-03-13 18:00:00,Hubballi,29.6,25,940.4,60.12,6,Clear,0
2010-03-12 15:00:00,Kolhapur,36.2,21,952,40.68,92,Cloudy,0
2009-06-21 17:00:00,Delhi_North,41.7,12,972.5,66.96,1,Clear,0
1998-01-02 02:00:00,Idukki,18.6,89,898.6,23.4,80,Cloudy,0
2005-02-03 06:00:00,Ajmer,6.9,53,958.6,32.04,0,Clear,0
2023-08-08 03:00:00,Bharuch,26,89,1001.5,64.44,100,Cloudy,0
2022-11-04 14:00:00,Bharuch,35.2,25,1009,17.64,0,Clear,0
1998-07-07 02:00:00,Barmer,27.2,89,974.9,87.12,94,Cloudy,0
2017-08-31 17:00:00,New_Delhi,26.4,90,977.4,18,97,Rain,2.4
2016-03-16 19:00:00,Shivamogga,28.3,48,946.4,47.88,35,Clear,0
1997-01-26 07:00:00,Thrissur,22.8,73,1010.7,35.28,0,Clear,0
2019-10-10 22:00:00,Adilabad,25.4,85,981.1,31.32,96,Cloudy,0
2019-09-02 15:00:00,Junagadh,28.2,86,991.7,45.72,91,Rain,1.1
2008-01-28 23:00:00,Mysuru,21.8,69,929.6,25.92,26,Clear,0
2017-08-09 05:00:00,Shivamogga,22.4,92,943.3,28.8,97,Cloudy,0
2004-01-25 09:00:00,New_Delhi,11.9,78,992.4,26.64,70,Cloudy,0
1999-06-11 04:00:00,Nashik,23.1,92,938.3,43.56,100,Cloudy,0
2018-05-11 13:00:00,Adilabad,43.5,12,974.5,15.84,9,Clear,0
2021-01-22 13:00:00,Thiruvananthapuram,28.8,77,1008.6,40.68,36,Rain,0.2
2009-07-16 07:00:00,Surat,26.5,91,996.7,45.36,100,Rain,1
2006-04-01 22:00:00,Anand,27.4,42,1004.4,43.92,0,Clear,0
2024-11-25 11:00:00,Rajkot,29.1,31,1000.9,47.52,0,Clear,0
2005-02-18 07:00:00,Ganganagar,7.8,97,989.4,19.44,14,Clear,0
1997-03-25 02:00:00,Kozhikode,26.7,79,1008,8.28,54,Clear,0
2022-11-25 00:00:00,Kalaburagi,23.3,71,961.8,39.24,50,Clear,0
2026-03-04 18:00:00,Ajmer,30.1,17,959.1,37.44,0,Clear,0
2017-10-01 16:00:00,Thiruvananthapuram,26.4,86,1006.3,49.68,55,Rain,0.7
2006-04-21 02:00:00,Thrissur,25.4,89,1007.7,10.44,100,Cloudy,0
2020-09-15 23:00:00,Warangal,24.7,95,976.1,13.68,86,Rain,1.2
2002-12-22 02:00:00,Jodhpur,16.2,62,986.7,39.24,0,Clear,0
2003-12-22 20:00:00,Idukki,18.7,56,899.4,21.96,0,Clear,0
2015-01-15 01:00:00,Kollam,24.9,81,1010.8,11.88,37,Clear,0
2014-11-01 22:00:00,Surat,28.1,64,1010.4,32.04,0,Clear,0
1998-06-26 12:00:00,Kota,41.9,26,967.8,44.28,81,Cloudy,0
2001-05-10 02:00:00,Nizamabad,31.4,24,960.9,55.44,0,Clear,0
2024-06-24 08:00:00,Idukki,20.4,98,894.7,58.32,100,Rain,1.6
2025-11-10 02:00:00,Kochi,24.5,91,1009.7,3.24,100,Rain,0.4
2013-05-05 05:00:00,Khammam,28,86,989.7,56.88,43,Clear,0
2003-02-24 07:00:00,Mysuru,20.9,75,931,14.04,5,Clear,0
1998-07-24 18:00:00,Bharuch,29.7,75,999.1,56.16,98,Cloudy,0
2010-04-18 22:00:00,Idukki,21.6,92,899.6,6.84,95,Cloudy,0
2023-08-28 09:00:00,Junagadh,27,80,998.8,76.32,45,Rain,0.4
2009-03-23 10:00:00,Solapur,30.8,36,961.3,49.68,21,Clear,0
2005-10-15 02:00:00,Shivamogga,21,98,942.2,28.44,100,Cloudy,0
2011-08-22 12:00:00,Adilabad,29.8,70,976,7.56,100,Rain,0.1
2006-12-08 04:00:00,Anand,17.8,58,1009.3,22.68,8,Clear,0
2024-07-27 03:00:00,Ajmer,26.8,81,944.6,65.88,100,Cloudy,0
2000-09-18 17:00:00,Bhavnagar,31.1,53,1002.2,58.32,5,Clear,0
2007-05-09 23:00:00,Thiruvananthapuram,25.3,92,1010.5,45.36,100,Rain,0.5
2012-05-02 02:00:00,Warangal,29.6,64,975.3,53.64,7,Clear,0
2001-11-22 02:00:00,Kalaburagi,22.4,46,962.8,28.8,7,Clear,0
2011-04-14 01:00:00,Karimnagar,28.6,49,976.8,30.96,94,Cloudy,0
1998-04-28 20:00:00,Kota,33.6,25,978.3,13.68,72,Cloudy,0
2019-08-04 15:00:00,Jodhpur,31.6,73,971.5,28.8,98,Rain,1.5
2005-10-03 12:00:00,Udaipur,30.9,37,948.3,15.84,0,Clear,0
2010-01-17 01:00:00,Khammam,21.9,95,1003.7,9.36,6,Clear,0
1997-10-19 22:00:00,Khammam,25.9,75,999,23.76,95,Cloudy,0
2018-03-15 08:00:00,Bhavnagar,24.5,52,1009.4,30.96,0,Clear,0
1997-06-25 21:00:00,Solapur,25.4,78,951.1,78.48,100,Cloudy,0
2000-12-01 09:00:00,Mumbai,25.9,48,1013,50.04,82,Cloudy,0
2009-09-08 19:00:00,Solapur,25.2,81,952.7,58.68,100,Cloudy,0
1998-03-22 21:00:00,Solapur,33.3,30,958.2,39.6,1,Clear,0
2010-05-04 09:00:00,Anand,31.9,51,1002,26.28,0,Clear,0
1997-05-06 06:00:00,Chikkamagaluru,18.3,96,897,9.36,30,Clear,0
2010-10-04 14:00:00,Thrissur,28.9,73,1003.1,34.92,83,Rain,0.4
2022-12-02 22:00:00,Kollam,24.6,96,1009.1,13.68,100,Cloudy,0
2007-08-12 09:00:00,Kota,28.2,74,972.5,72.36,100,Cloudy,0
2010-06-10 09:00:00,Kollam,25.8,91,1007.4,36.72,100,Rain,1
2001-09-03 14:00:00,Bharuch,30.4,62,1004.6,61.56,55,Clear,0
2025-07-27 06:00:00,Nashik,22.7,95,937.2,81.72,100,Rain,1.2
2001-06-03 09:00:00,Thrissur,28.5,75,1006.5,23.76,100,Cloudy,0
2002-04-27 19:00:00,Mangaluru,29.7,74,1003.4,42.12,92,Cloudy,0
1999-10-24 10:00:00,Jodhpur,31.6,24,989.9,34.2,0,Clear,0
2006-07-30 14:00:00,Hubballi,23.7,81,939,77.76,97,Rain,0.7
2022-09-03 22:00:00,Ganganagar,30,53,981.4,36,0,Clear,0
2017-12-06 23:00:00,Kalaburagi,22.2,76,959.7,22.32,10,Clear,0
2004-12-16 10:00:00,Hyderabad,26,41,959.6,36,0,Clear,0
2010-09-13 01:00:00,Ajmer,24.3,94,950.8,21.24,63,Cloudy,0
2002-02-06 19:00:00,Amravati,27.3,39,970.4,22.68,33,Clear,0
1997-07-22 23:00:00,Bikaner,34.4,39,977,73.08,100,Cloudy,0
2002-02-09 09:00:00,Ganganagar,9.7,55,1002,14.4,0,Clear,0
2005-07-28 15:00:00,Kochi,26.4,86,1007.2,44.28,100,Rain,4.1
2012-07-23 08:00:00,Mysuru,22.4,87,926.3,60.84,87,Cloudy,0
2002-11-01 04:00:00,Thiruvananthapuram,24.5,89,1007.9,15.12,84,Cloudy,0
2001-03-23 23:00:00,Dharwad,22.6,64,928.5,34.2,17,Clear,0
2015-04-21 15:00:00,Idukki,22.3,82,896.6,14.76,99,Rain,1.2
2005-08-11 05:00:00,Ganganagar,29.4,56,978.1,59.4,13,Clear,0
2009-03-26 21:00:00,New_Delhi,21.9,51,984.7,28.8,0,Clear,0
2025-08-17 01:00:00,Ganganagar,29.6,79,980.9,42.48,0,Clear,0
2026-01-11 21:00:00,Khammam,22.8,39,1003.4,30.6,45,Clear,0
2023-07-26 00:00:00,Wayanad,19.6,100,926.7,15.48,100,Cloudy,0
2022-05-19 06:00:00,Kollam,25,92,1006.9,48.6,100,Rain,0.7
2002-01-22 05:00:00,Khammam,23.2,94,996.1,34.92,96,Cloudy,0
2012-03-27 11:00:00,Delhi_North,29,33,987.9,19.44,99,Cloudy,0
2001-12-22 17:00:00,Nashik,23.5,35,951,24.84,0,Clear,0
2003-08-05 07:00:00,Ahmedabad,25.1,91,999,29.16,100,Rain,0.2
2006-11-29 09:00:00,New_Delhi,17.6,50,994.1,18.72,19,Clear,0
1999-03-12 17:00:00,Kolhapur,34.3,22,943.2,30.96,0,Clear,0
2011-05-28 23:00:00,Anand,29.6,72,1000.5,39.96,0,Clear,0
2002-04-21 07:00:00,Thiruvananthapuram,26,89,1008.2,23.76,74,Rain,0.2
2004-04-03 01:00:00,Kochi,25.8,94,1011,8.28,100,Cloudy,0
2004-08-17 20:00:00,Anand,26.2,87,1000.2,47.52,73,Rain,0.2
2004-05-26 12:00:00,Khammam,37.5,35,990.9,11.52,23,Clear,0
2008-06-15 01:00:00,Shivamogga,21.9,97,942,75.96,100,Rain,0.2
2009-05-31 14:00:00,Chikkamagaluru,25.8,67,897.8,45.36,92,Thunderstorm,8
2004-06-07 13:00:00,Adilabad,37.4,38,974.2,15.84,82,Cloudy,0
2011-09-08 02:00:00,Warangal,24.6,91,974.5,46.44,100,Rain,1.1
2011-10-02 00:00:00,Barmer,25.4,69,986,54.36,0,Clear,0
2012-08-05 04:00:00,Khammam,25,81,986.6,49.32,98,Cloudy,0
2018-07-12 16:00:00,New_Delhi,33.5,61,970.1,25.92,99,Cloudy,0
2015-03-28 05:00:00,Delhi_North,16.5,88,985.4,30.96,2,Clear,0
2020-07-01 20:00:00,Idukki,19.9,99,895.7,46.8,96,Cloudy,0
1999-09-28 16:00:00,Nashik,26.4,76,941.8,21.96,89,Rain,2.1
1997-02-25 03:00:00,Jodhpur,21.3,36,985.3,56.88,0,Clear,0
2014-05-02 18:00:00,Karimnagar,37,20,973.2,27.36,14,Clear,0
2012-12-01 05:00:00,Nagpur,17.5,78,975.9,21.6,3,Clear,0
2004-05-19 19:00:00,Ratnagiri,27.6,77,997.7,29.88,98,Cloudy,0
1996-08-14 12:00:00,Ajmer,28.3,67,948.1,39.24,99,Rain,0.1
2000-02-25 03:00:00,Kozhikode,25.5,78,1008.4,7.92,96,Cloudy,0
2021-10-04 23:00:00,Pune,22.9,96,947.6,14.04,44,Rain,0.1
2007-01-07 03:00:00,Mumbai,21.5,67,1012.8,37.8,0,Clear,0
1998-06-09 12:00:00,Ahmedabad,29.5,74,991.8,127.08,93,Rain,1.3
2011-01-23 00:00:00,Mumbai,20.4,80,1013.2,21.96,0,Clear,0
2011-07-16 03:00:00,Surat,26.2,92,996.2,54.72,100,Cloudy,0
1996-02-07 17:00:00,Nagpur,29.2,20,976.2,11.16,0,Clear,0
2008-05-01 06:00:00,Jodhpur,25.9,38,979.3,40.32,0,Clear,0
2024-01-17 22:00:00,Kolhapur,19,83,949.3,31.68,86,Cloudy,0
2008-09-03 09:00:00,Thiruvananthapuram,26.2,82,1008.3,30.24,97,Cloudy,0
2006-06-19 06:00:00,Rajkot,26.2,81,991.6,34.92,17,Clear,0
2018-03-10 13:00:00,Pune,33.8,20,949.4,18.72,21,Clear,0
2013-06-16 02:00:00,Rajkot,27.2,89,981.3,28.44,100,Rain,1.5
2008-07-28 11:00:00,Karimnagar,24.5,88,967.6,73.8,100,Thunderstorm,8.3
2017-01-24 04:00:00,Wayanad,18.6,65,927.8,45.36,1,Clear,0
2007-02-16 04:00:00,Amravati,16.7,61,971.9,26.28,0,Clear,0
2004-11-30 12:00:00,Ajmer,26.6,25,961.4,30.6,0,Clear,0
2013-10-09 01:00:00,Junagadh,24.5,94,1000.3,18.36,70,Cloudy,0
2014-04-24 19:00:00,Kochi,27.3,89,1008.5,7.2,98,Cloudy,0
2017-08-08 03:00:00,New_Delhi,26.8,96,977.5,16.2,97,Rain,0.1
2018-10-06 05:00:00,Hubballi,22.4,88,940.5,41.4,33,Clear,0
2004-12-24 15:00:00,Aurangabad,27.5,34,947,9.36,18,Clear,0
2004-12-24 22:00:00,Solapur,22.7,49,961.3,30.24,63,Cloudy,0
1996-04-19 17:00:00,Khammam,36,36,989.7,23.4,51,Rain,0.1
1999-09-13 14:00:00,Adilabad,24.8,91,973.6,49.68,100,Rain,1.1
1999-01-13 03:00:00,Ajmer,8,86,959.8,23.76,0,Clear,0
2020-07-03 18:00:00,Ahmedabad,34.1,52,991.8,59.76,99,Cloudy,0
2015-07-02 15:00:00,Jaipur,34.7,46,956.3,42.12,40,Clear,0
2014-05-30 04:00:00,Bhavnagar,28.2,70,1002.8,38.52,2,Clear,0
1999-02-06 19:00:00,Kochi,27.4,79,1011.1,21.24,38,Clear,0
2000-09-19 15:00:00,Dharwad,26.5,74,926.2,30.24,76,Rain,1.9
2011-02-13 12:00:00,Bengaluru,27.5,12,913.2,41.4,0,Clear,0
2020-12-25 11:00:00,Aurangabad,24.7,41,949.8,50.04,0,Clear,0
2017-05-12 08:00:00,Jodhpur,34.2,28,984.3,19.44,0,Clear,0
2011-10-12 14:00:00,Idukki,20.8,88,897.1,12.6,100,Rain,1.6
2019-06-29 04:00:00,Junagadh,26.1,95,991.5,50.76,100,Rain,0.2
2002-11-10 09:00:00,Delhi_North,22.8,53,991.3,9.72,0,Clear,0
2009-04-12 19:00:00,Anand,34.2,18,1000.3,39.96,0,Clear,0
2009-08-24 11:00:00,Kochi,26.7,83,1011,16.92,100,Rain,0.2
2019-09-17 16:00:00,Ratnagiri,26.5,88,997.8,54,71,Rain,0.1
1996-02-11 15:00:00,Ahmedabad,27,22,1009.3,24.12,0,Clear,0
2021-01-25 19:00:00,Adilabad,27.5,45,982.1,14.04,20,Clear,0
2009-10-01 16:00:00,Idukki,19.2,87,892.7,52.2,100,Rain,2
2023-07-08 21:00:00,Ratnagiri,24.5,94,1000.7,46.08,100,Rain,0.9
2016-09-28 04:00:00,Chikkamagaluru,19.9,93,897.1,20.88,100,Cloudy,0
2022-11-01 23:00:00,Pune,18.5,68,951.5,19.44,0,Clear,0
2003-10-25 07:00:00,Nizamabad,18.9,79,966.2,19.44,25,Clear,0
2003-03-18 08:00:00,Bengaluru,21.8,81,915.3,25.92,40,Clear,0
2023-10-21 01:00:00,Surat,24.5,56,1010.3,26.64,0,Clear,0
2009-09-11 01:00:00,Kolhapur,22.1,95,945.6,21.96,100,Cloudy,0
2026-02-13 16:00:00,Rajkot,33,23,997.8,38.88,38,Clear,0
2018-01-06 17:00:00,Ganganagar,14.4,65,992.2,33.48,0,Clear,0
2020-01-09 05:00:00,Mumbai,20.2,61,1012.4,51.84,0,Clear,0
1999-02-19 17:00:00,Mumbai,30.2,57,1009.5,66.24,6,Clear,0
2023-12-16 07:00:00,New_Delhi,7.8,93,992.9,16.92,35,Clear,0
2002-12-30 06:00:00,Pune,16.3,82,950.1,7.92,2,Clear,0
2016-12-29 08:00:00,Solapur,19.1,51,963.1,37.8,0,Clear,0
2008-01-09 11:00:00,Junagadh,24.7,57,1007.6,24.12,0,Clear,0
2000-01-18 09:00:00,Kozhikode,26.8,58,1013.2,10.44,1,Clear,0
2010-10-31 00:00:00,Ganganagar,19.6,63,996.8,25.92,0,Clear,0
2016-02-29 12:00:00,Ajmer,30.3,22,965.2,33.84,0,Clear,0
2019-07-22 12:00:00,Ganganagar,33.7,64,980.5,42.12,100,Cloudy,0
2015-03-02 17:00:00,Dharwad,26.3,51,931.1,59.04,2,Clear,0
2015-08-30 07:00:00,Dharwad,21.4,91,929.2,52.2,98,Cloudy,0
1997-02-07 00:00:00,Kollam,24.6,89,1010.9,17.28,32,Clear,0
1997-05-08 00:00:00,Kota,29.4,35,976.4,46.08,7,Clear,0
2014-05-06 03:00:00,Kalaburagi,27.9,58,957.6,61.56,75,Cloudy,0
2022-03-21 16:00:00,Khammam,30.7,54,989.8,21.6,97,Cloudy,0
2001-11-24 11:00:00,Jaipur,24.9,23,969.3,14.4,0,Clear,0
1996-09-09 02:00:00,Mysuru,19.8,98,925,29.88,97,Cloudy,0
2001-11-20 12:00:00,Hyderabad,29.7,36,958.7,55.44,23,Clear,0
2016-06-05 20:00:00,Hubballi,24.7,85,939.3,55.08,100,Cloudy,0
2002-12-26 22:00:00,Bengaluru,19.3,51,914.8,41.4,79,Cloudy,0
2011-11-02 04:00:00,Adilabad,18.7,69,980.6,24.48,85,Cloudy,0
2004-01-01 21:00:00,Hyderabad,19.8,60,959.3,28.8,95,Cloudy,0
2018-02-17 14:00:00,Junagadh,32.2,19,1002.7,34.92,0,Clear,0
1997-03-28 09:00:00,Ajmer,27.1,31,958.8,28.08,98,Cloudy,0
2002-01-18 20:00:00,Kalaburagi,23.7,48,958.2,30.96,7,Clear,0
2008-12-21 01:00:00,New_Delhi,15.4,96,989.8,23.76,37,Clear,0
2024-03-20 14:00:00,Wayanad,36.3,23,926.7,25.2,10,Clear,0
1996-06-29 15:00:00,Anand,36,39,997.9,83.52,22,Rain,0.1
2020-05-11 10:00:00,Khammam,34.7,47,996.4,2.88,53,Clear,0
2019-04-23 09:00:00,Karimnagar,34.3,43,979.2,23.04,1,Clear,0
2015-03-26 21:00:00,Bhavnagar,28.3,61,1008.7,24.48,47,Clear,0
2017-10-22 14:00:00,Udaipur,32.2,19,945.7,67.68,0,Clear,0
2001-03-18 04:00:00,Bengaluru,20.6,65,909.2,24.84,1,Clear,0
2002-02-13 21:00:00,Bikaner,15.9,51,993.9,34.92,0,Clear,0
2022-09-19 15:00:00,Rajkot,30.2,59,992.3,41.76,19,Clear,0
2023-08-05 02:00:00,Bhavnagar,26.2,88,1002.8,60.84,100,Cloudy,0
2023-08-11 05:00:00,Junagadh,24.5,96,998.4,43.92,41,Clear,0
2024-06-08 00:00:00,Thrissur,24.3,97,1007.3,36.36,100,Rain,1.4
2001-09-27 03:00:00,Udaipur,21.9,61,942.6,26.28,0,Clear,0
2009-04-12 23:00:00,Ajmer,26.5,19,954,34.2,0,Clear,0
2025-05-11 10:00:00,Kochi,32.6,55,1009.6,24.12,9,Clear,0
2013-11-25 12:00:00,Amravati,29,57,973.9,11.52,70,Cloudy,0
2018-02-22 04:00:00,Udaipur,18.9,48,945.9,37.8,0,Clear,0
2008-08-31 19:00:00,Mumbai,28.1,81,1006.4,32.4,100,Cloudy,0
2022-06-01 20:00:00,Karimnagar,33.7,42,971.4,51.48,99,Cloudy,0
2002-08-31 19:00:00,Solapur,25.4,75,954.6,68.4,100,Rain,0.4
2001-03-25 20:00:00,Warangal,31.3,45,974.6,34.56,4,Clear,0
2011-10-29 13:00:00,Nagpur,31.2,27,976.5,21.96,0,Clear,0
2013-10-17 07:00:00,Delhi_North,22,87,985.4,26.64,0,Clear,0
2026-01-12 22:00:00,Thiruvananthapuram,26,84,1013.7,2.88,11,Clear,0
1999-08-20 01:00:00,Hyderabad,23.7,88,952.4,22.32,96,Rain,0.2
2022-08-06 11:00:00,Hubballi,23.3,86,936.3,96.48,100,Rain,1.2
2020-07-24 19:00:00,Mysuru,23.2,80,926.3,56.16,100,Cloudy,0
2013-11-13 03:00:00,Kollam,24,92,1007.2,11.88,100,Rain,0.1
2014-04-05 05:00:00,Ganganagar,17.8,84,990,23.04,35,Clear,0
2021-08-03 06:00:00,Warangal,25.5,75,977.3,42.84,3,Clear,0
2006-11-01 07:00:00,Thrissur,24.3,93,1008.9,15.48,15,Clear,0
2005-05-03 21:00:00,Delhi_North,23.6,80,980.7,24.48,15,Clear,0
2019-10-30 19:00:00,Thiruvananthapuram,24.5,95,1008.1,47.52,100,Rain,1.1
2001-04-12 12:00:00,Shivamogga,28.1,59,946.1,16.56,100,Cloudy,0
1997-11-04 22:00:00,Kochi,24.8,94,1014,4.68,96,Rain,0.7
2008-04-12 10:00:00,Mysuru,28.3,47,929.6,12.96,45,Clear,0
2013-11-20 12:00:00,Rajkot,28.4,28,999.1,35.64,0,Clear,0
2002-11-24 04:00:00,Rajkot,21.8,35,996.5,23.4,96,Cloudy,0
2015-02-24 04:00:00,Adilabad,20.3,51,980.7,25.2,0,Clear,0
2005-11-23 20:00:00,Jaipur,20.6,40,965.8,31.32,0,Clear,0
2001-06-19 04:00:00,Bhavnagar,26.6,89,999.5,45.72,100,Cloudy,0
2012-07-14 21:00:00,Jodhpur,29,70,974.4,49.32,100,Cloudy,0
1999-04-24 03:00:00,Kollam,24.8,93,1003.2,10.08,98,Rain,0.1
2015-08-13 22:00:00,Hubballi,21.6,96,939.5,54.72,95,Cloudy,0
2017-06-28 10:00:00,Hyderabad,25.5,76,950,100.08,100,Rain,0.1
1998-10-31 13:00:00,Warangal,27.4,79,978.4,39.6,100,Cloudy,0
2008-03-08 15:00:00,Delhi_North,30.8,30,985.3,13.68,38,Clear,0
1998-06-24 05:00:00,Thiruvananthapuram,24.7,92,1007.3,50.04,94,Cloudy,0
2025-07-01 11:00:00,Solapur,29.7,57,953.9,82.44,100,Cloudy,0
2018-08-01 08:00:00,Thiruvananthapuram,25.2,91,1010.4,45,100,Rain,0.1
2009-08-09 16:00:00,Bharuch,29.2,71,998.5,73.8,42,Clear,0
2024-03-20 20:00:00,Amravati,25.5,24,973.2,22.32,0,Clear,0
2013-04-10 00:00:00,Kollam,26,87,1008.2,11.52,72,Cloudy,0
2010-05-05 11:00:00,Wayanad,28.1,73,925.7,13.32,17,Clear,0
2011-01-15 11:00:00,Delhi_North,17.9,34,988.7,39.6,4,Clear,0
2018-06-20 13:00:00,Bengaluru,27.5,59,908.8,96.12,97,Cloudy,0
2025-12-03 09:00:00,Kozhikode,26.7,85,1011.3,30.24,100,Cloudy,0
2010-06-20 00:00:00,Ajmer,32.1,29,947.8,31.32,1,Clear,0
2012-09-22 17:00:00,Ahmedabad,27.3,84,1001,38.16,93,Rain,0.8
1997-11-25 15:00:00,Nagpur,27.9,65,975.4,18.72,59,Clear,0
2002-05-03 08:00:00,Khammam,29.9,64,994.2,46.8,22,Clear,0
2013-10-18 10:00:00,Kollam,26.8,83,1010,17.28,99,Cloudy,0
2005-11-11 23:00:00,Kalaburagi,16.8,73,961.9,26.28,0,Clear,0
2010-12-18 06:00:00,Kalaburagi,13.5,65,961.1,28.08,0,Clear,0
1997-11-27 17:00:00,Thiruvananthapuram,26.3,80,1008.8,13.32,84,Rain,0.8
2021-05-28 12:00:00,Kota,40.3,28,974.1,45.72,11,Clear,0
2017-03-13 21:00:00,Khammam,28,46,996.3,33.12,0,Clear,0
2003-10-10 22:00:00,Bikaner,28.4,31,979.8,32.04,0,Clear,0
1999-01-02 12:00:00,Barmer,24.3,26,994.7,3.96,100,Cloudy,0
2003-03-19 09:00:00,Hyderabad,26.4,64,958.9,48.24,44,Clear,0
2002-05-19 14:00:00,Nagpur,41.6,18,962.1,85.68,0,Clear,0
2016-08-02 19:00:00,Wayanad,20.2,99,923.9,34.92,99,Cloudy,0
2006-03-03 01:00:00,Mysuru,24.1,52,927.5,34.92,32,Clear,0
2009-10-20 21:00:00,Hyderabad,23.2,51,956.9,28.44,0,Clear,0
2025-12-20 03:00:00,Mangaluru,21.5,74,1006.6,23.4,100,Cloudy,0
2007-10-20 18:00:00,Ratnagiri,27.6,78,1002.5,18,62,Cloudy,0
2024-06-23 01:00:00,Mumbai,26.4,94,1001.7,50.04,100,Rain,0.8
2005-01-07 22:00:00,Thiruvananthapuram,25.3,71,1011.5,20.88,78,Cloudy,0
2021-03-26 15:00:00,Nizamabad,37.1,18,964.5,38.52,3,Clear,0
2024-07-12 02:00:00,Kalaburagi,23.2,94,953.8,50.4,100,Cloudy,0
2014-06-01 02:00:00,Karimnagar,31.8,36,969.6,30.24,10,Clear,0
1996-10-19 06:00:00,Junagadh,22.5,73,1000,14.4,0,Clear,0
2018-09-29 07:00:00,Bikaner,26.3,43,984.3,36.36,1,Clear,0
2022-09-12 21:00:00,Udaipur,26.4,77,940.5,30.24,100,Cloudy,0
2011-02-16 17:00:00,Surat,25,36,1008.4,46.44,1,Clear,0
1998-10-15 18:00:00,Hubballi,21.1,99,937.4,63.36,100,Cloudy,0
2016-09-22 19:00:00,Bikaner,36.8,22,979.1,38.16,1,Clear,0
2014-01-02 15:00:00,Nashik,27.6,40,949.8,18.72,33,Clear,0
2013-10-12 00:00:00,Udaipur,21.7,91,946.9,19.08,1,Clear,0
2010-04-21 13:00:00,Khammam,39.2,37,990.6,27.36,15,Clear,0
2014-03-13 12:00:00,Hyderabad,31.2,29,959.4,32.76,2,Clear,0
2001-12-31 18:00:00,Kozhikode,28.4,67,1010.2,15.48,42,Clear,0
2008-07-16 13:00:00,Kozhikode,25.9,86,1005.5,35.64,99,Rain,0.6
2002-06-18 08:00:00,Kozhikode,26.1,83,1008.9,22.32,100,Cloudy,0
2014-11-13 17:00:00,Ahmedabad,30.8,56,1005,12.96,99,Rain,0.3
2004-03-18 06:00:00,Kota,23,18,980.4,39.24,0,Clear,0
2004-12-21 10:00:00,Jodhpur,18.8,34,988.7,51.12,0,Clear,0
1999-05-06 15:00:00,Kolhapur,31.6,48,943.5,52.56,55,Rain,1.7
2017-05-22 10:00:00,Mysuru,28.9,68,928.3,36.36,85,Cloudy,0
2018-04-11 23:00:00,Hyderabad,26.1,66,953.7,14.4,12,Clear,0
1998-02-18 17:00:00,Thiruvananthapuram,28.3,65,1009.4,53.64,98,Cloudy,0
2016-09-25 13:00:00,Kochi,27.3,83,1007.4,39.6,71,Cloudy,0
1996-05-07 13:00:00,Delhi_North,39.4,7,979.6,72.36,0,Clear,0
2011-10-06 16:00:00,Mumbai,29.4,75,1009.4,34.56,39,Rain,0.7
1997-05-28 18:00:00,Hubballi,31.1,42,942.4,61.2,25,Clear,0
2011-11-14 04:00:00,Anand,22.5,66,1007,33.12,0,Clear,0
2000-06-04 10:00:00,Thiruvananthapuram,26.3,83,1005.2,96.12,98,Rain,0.5
2016-08-27 01:00:00,Kota,25.5,93,976.8,20.88,99,Rain,1.4
2010-02-09 17:00:00,Delhi_North,21.2,40,983.9,27,1,Clear,0
1999-10-13 13:00:00,Ratnagiri,29.2,74,1000.4,30.96,56,Rain,0.8
2023-04-19 16:00:00,Barmer,36.2,19,982.4,101.16,100,Cloudy,0
2010-08-13 05:00:00,Solapur,23.2,93,952.8,44.64,100,Rain,0.6
1999-03-05 13:00:00,Warangal,35,19,977.6,25.56,0,Clear,0
2019-03-30 03:00:00,Ahmedabad,26.6,44,1001.4,41.76,0,Clear,0
2020-04-24 22:00:00,Mumbai,27.6,88,1008.8,21.24,1,Clear,0
2011-01-31 12:00:00,Kochi,31,54,1009.2,14.76,82,Cloudy,0
1999-10-27 23:00:00,Bengaluru,20.6,91,911.3,18,78,Rain,0.2
2020-12-17 17:00:00,Barmer,18.7,18,995.7,36,0,Clear,0
1997-06-11 13:00:00,Kollam,29.2,75,1008,33.48,70,Cloudy,0
2009-05-16 04:00:00,Jodhpur,30.4,49,976.4,69.84,0,Clear,0
2020-08-10 20:00:00,Barmer,28,89,977.9,68.76,100,Cloudy,0
2004-12-21 13:00:00,Kollam,29.9,50,1006.6,27.72,56,Clear,0
2021-10-30 09:00:00,Shivamogga,25,79,949.7,61.92,100,Rain,0.3
2015-02-19 05:00:00,Pune,17.5,76,947.3,16.92,0,Clear,0
1996-02-29 11:00:00,Kalaburagi,31.4,15,964.7,45.72,0,Clear,0
2014-02-23 11:00:00,Ratnagiri,28.2,51,1006.2,24.84,50,Clear,0
2008-06-22 17:00:00,Jaipur,32.5,57,951.4,25.56,32,Clear,0
2022-09-05 04:00:00,Pune,22.4,97,945.6,18.36,100,Cloudy,0
2025-03-05 19:00:00,Hubballi,30,23,941.7,18.72,15,Clear,0
2021-08-26 18:00:00,Mumbai,27,83,1003.7,38.88,69,Cloudy,0
2013-04-20 20:00:00,Rajkot,28.9,54,991.8,38.52,31,Clear,0
1998-09-01 01:00:00,Aurangabad,23.1,89,942.5,46.8,100,Cloudy,0
2015-06-29 07:00:00,Kota,28.8,63,976.9,45.72,27,Clear,0
2025-08-01 15:00:00,Shivamogga,27.4,66,942.9,66.96,100,Cloudy,0
2023-07-27 11:00:00,Mangaluru,27.3,83,1009.1,31.32,100,Cloudy,0
1996-06-22 01:00:00,Udaipur,24.5,85,938,79.92,86,Cloudy,0
2018-01-17 16:00:00,Pune,29.6,27,948.7,23.4,4,Clear,0
2013-01-06 04:00:00,Mumbai,17.7,72,1009.8,33.48,0,Clear,0
1997-07-09 17:00:00,Kolhapur,24,89,943.5,73.08,100,Rain,0.3
2014-08-16 19:00:00,Bharuch,26.9,83,1003.4,69.12,25,Clear,0
2007-09-26 16:00:00,Nashik,25.2,80,941,66.96,81,Rain,0.1
2021-04-29 21:00:00,Mumbai,28.4,86,1008.8,35.64,78,Cloudy,0
2018-04-15 08:00:00,Ahmedabad,31.4,39,1002.4,46.08,45,Clear,0
2017-10-04 08:00:00,Kalaburagi,26.3,82,959.7,8.28,52,Clear,0
2011-12-04 14:00:00,Kolhapur,31.7,27,947.4,32.4,0,Clear,0
2007-04-13 13:00:00,Nagpur,40.1,14,971.7,2.88,1,Clear,0
2011-05-01 19:00:00,Thrissur,25.9,91,1006.6,11.88,98,Rain,0.6
2020-10-12 05:00:00,Ratnagiri,24.3,94,995.6,30.6,100,Rain,0.1
2000-12-21 15:00:00,Delhi_North,21.6,28,990.3,40.32,0,Clear,0
2016-03-29 10:00:00,Mangaluru,31.3,61,1012.1,17.64,21,Clear,0
2010-05-18 02:00:00,Wayanad,22.1,98,923.2,18,99,Cloudy,0
2018-09-04 20:00:00,Kota,25.7,87,976,27.36,98,Cloudy,0
2026-03-14 23:00:00,Thrissur,24.5,98,1010.9,16.2,16,Clear,0
2022-10-16 23:00:00,Khammam,23.5,97,998,21.96,4,Clear,0
2009-10-08 21:00:00,New_Delhi,25.9,54,979.3,31.68,0,Clear,0
2006-01-18 18:00:00,Ganganagar,16,63,994.2,31.32,73,Cloudy,0
2001-11-26 23:00:00,Bikaner,17.7,32,989.8,42.84,0,Clear,0
2026-01-23 09:00:00,Rajkot,19.8,69,1002.2,42.48,0,Clear,0
2017-01-21 19:00:00,Ganganagar,12.4,79,999.1,31.32,97,Cloudy,0
2000-09-18 17:00:00,Thiruvananthapuram,26.5,81,1005.7,70.2,46,Rain,0.1
2024-12-27 05:00:00,Mysuru,19.7,98,931,42.48,94,Cloudy,0
2001-04-16 05:00:00,Khammam,25.4,90,996.4,20.16,83,Cloudy,0
2004-02-25 08:00:00,Nagpur,23.1,41,980.1,30.6,94,Cloudy,0
2014-07-04 22:00:00,Adilabad,30.5,56,971.9,20.88,100,Cloudy,0
2014-03-25 06:00:00,Idukki,16,64,896.5,20.16,1,Clear,0
2019-04-27 20:00:00,Kollam,29,87,1005.9,15.48,100,Cloudy,0
2013-01-02 15:00:00,Udaipur,23.1,28,949.6,18,0,Clear,0
2015-11-20 10:00:00,Pune,27.1,39,952.5,76.68,2,Clear,0
2005-11-14 19:00:00,Mangaluru,26.3,77,1009,27.36,0,Clear,0
2023-11-25 06:00:00,Anand,21.8,53,1008.8,46.44,3,Clear,0
2020-05-03 08:00:00,Ajmer,31.5,45,954,91.8,9,Clear,0
2012-03-10 02:00:00,Barmer,13.3,17,986.8,34.92,0,Clear,0
2013-05-25 00:00:00,Bhavnagar,29.4,67,1003.3,72,0,Clear,0
2023-08-06 00:00:00,Nagpur,25.6,85,971.9,38.52,100,Cloudy,0
2000-04-02 05:00:00,Karimnagar,24.7,85,975.4,55.8,9,Clear,0
1999-04-02 23:00:00,New_Delhi,24.8,34,982.7,21.96,0,Clear,0
2014-02-28 09:00:00,Junagadh,21.4,43,1004.7,35.64,0,Clear,0
2025-09-17 22:00:00,Mysuru,21.1,95,929.3,45,100,Cloudy,0
2006-06-19 03:00:00,Adilabad,30,58,973.6,42.48,53,Clear,0
2020-12-01 21:00:00,Kota,17.8,66,987,35.64,0,Clear,0
2017-02-21 18:00:00,Jaipur,19.5,23,958.6,32.4,0,Clear,0
2016-04-08 06:00:00,Nizamabad,26.6,40,965.2,25.2,3,Clear,0
2001-01-31 07:00:00,Dharwad,14.1,63,928.9,23.76,0,Clear,0
2012-05-07 05:00:00,Idukki,17.7,98,894.9,15.48,59,Clear,0
2022-04-30 18:00:00,Hubballi,30.3,54,937.8,80.64,60,Cloudy,0
2022-03-20 14:00:00,Delhi_North,35.5,24,978.1,22.68,0,Clear,0
2002-03-16 11:00:00,Mumbai,31,40,1011.6,33.84,0,Clear,0
2016-03-08 05:00:00,Rajkot,20.6,44,996.7,24.48,0,Clear,0
2020-03-24 04:00:00,Shivamogga,21.5,91,945.3,18.36,11,Clear,0
2002-07-26 01:00:00,Nizamabad,24.1,81,962.6,54.72,81,Cloudy,0
1996-12-08 18:00:00,Amravati,22.3,50,976.1,21.96,2,Clear,0
1996-12-02 14:00:00,Mumbai,30.1,38,1009.2,11.88,0,Clear,0
2000-02-23 22:00:00,Thiruvananthapuram,25.2,86,1010.5,13.68,100,Cloudy,0
2009-08-07 03:00:00,Anand,26,85,997.3,42.48,100,Cloudy,0
2013-06-29 23:00:00,Jodhpur,30.9,59,975.6,79.56,34,Clear,0
2016-03-06 06:00:00,Dharwad,23.2,69,931.2,9,7,Clear,0
2000-12-25 02:00:00,Aurangabad,14.9,44,945.2,28.08,0,Clear,0
1998-03-26 02:00:00,Pune,21.1,31,947.9,31.68,0,Clear,0
2010-10-27 10:00:00,Kochi,26.2,89,1012.5,9,100,Rain,1.2
2022-11-29 10:00:00,Kollam,27.5,78,1009.8,27.36,97,Cloudy,0
2014-09-15 10:00:00,Khammam,28.7,75,991.5,50.4,100,Cloudy,0
2015-03-31 14:00:00,Nagpur,34.8,28,973.9,30.6,22,Clear,0
2009-03-12 09:00:00,Amravati,30.7,23,975.2,47.88,0,Clear,0
2022-07-30 07:00:00,Thrissur,25.3,93,1006.1,24.12,100,Cloudy,0
2014-03-04 09:00:00,Mumbai,24.9,64,1012.8,23.4,0,Clear,0
2025-07-15 00:00:00,Bharuch,26.9,91,999.7,55.8,100,Rain,0.1
2015-08-30 19:00:00,Shivamogga,23.7,80,945,48.24,39,Clear,0
2007-03-30 17:00:00,Bhavnagar,37.2,22,1003.6,45,0,Clear,0
1997-11-04 14:00:00,Mysuru,26,71,930.9,55.8,99,Rain,0.3
1998-12-25 05:00:00,Amravati,14.1,62,977.2,30.6,0,Clear,0
2021-11-04 22:00:00,Bengaluru,19.9,96,913.2,15.84,100,Rain,1
2005-09-18 09:00:00,Junagadh,26.6,85,1000,74.52,98,Rain,0.1
2019-01-16 06:00:00,Ratnagiri,22.4,50,1004.7,42.84,0,Clear,0
2011-06-19 17:00:00,Aurangabad,29.9,52,936.1,83.52,86,Cloudy,0
2026-03-01 08:00:00,Ratnagiri,24.3,57,1002.6,42.48,97,Cloudy,0
2014-03-28 21:00:00,Nagpur,29.4,38,975.5,23.04,15,Clear,0
2023-02-18 05:00:00,Rajkot,20.5,40,997.9,12.24,0,Clear,0
2005-04-23 05:00:00,Nizamabad,28,43,964.8,28.44,23,Clear,0
1997-12-26 05:00:00,Kochi,23.9,90,1011.3,21.6,24,Clear,0
2007-07-24 00:00:00,New_Delhi,28.9,74,979,27.36,100,Rain,0.5
2014-03-09 22:00:00,Kozhikode,27.6,77,1011.2,26.64,99,Cloudy,0
2001-10-23 05:00:00,Idukki,17.9,92,895.3,8.64,25,Clear,0
2012-04-14 12:00:00,Kollam,31.3,62,1006.9,16.92,34,Clear,0
1999-07-23 07:00:00,Delhi_North,25.9,93,973.2,29.88,100,Cloudy,0
1998-12-03 12:00:00,Bikaner,25.2,26,993,14.4,0,Clear,0
2023-09-10 23:00:00,Mysuru,21.6,92,927.9,49.32,100,Cloudy,0
1997-03-11 18:00:00,Chikkamagaluru,30.4,19,902.1,10.44,16,Clear,0
2016-11-05 20:00:00,Udaipur,22.1,46,948,23.76,0,Clear,0
2011-01-04 14:00:00,Kochi,28.6,68,1006.4,29.16,94,Cloudy,0
2015-10-12 15:00:00,Jodhpur,35.8,25,986.3,35.28,0,Clear,0
2005-07-11 14:00:00,Nagpur,28.5,76,969.3,46.8,100,Rain,0.3
2010-05-09 15:00:00,Kota,42.7,9,972.9,63.72,0,Clear,0
2022-08-21 11:00:00,Bhavnagar,29.6,71,1002.6,39.24,100,Cloudy,0
2017-01-14 08:00:00,Ganganagar,9.7,70,997.3,24.84,100,Cloudy,0
2021-10-30 08:00:00,New_Delhi,19.4,68,993.8,39.96,0,Clear,0
2014-11-05 19:00:00,Rajkot,27.1,48,999,26.64,0,Clear,0
2016-11-16 12:00:00,Nizamabad,29.6,40,970.6,37.8,0,Clear,0
2006-12-22 01:00:00,Ahmedabad,17.5,65,1008.6,27,0,Clear,0
2007-12-30 03:00:00,Chikkamagaluru,16.7,80,897.5,23.04,57,Clear,0
2007-12-16 19:00:00,Solapur,27.2,40,960.6,32.76,16,Clear,0
2024-03-07 19:00:00,Khammam,30.7,41,995,46.8,3,Clear,0
2016-12-09 02:00:00,Thrissur,24.5,89,1008.6,2.52,96,Rain,0.2
1997-12-27 10:00:00,Shivamogga,25.2,58,950.8,37.8,26,Clear,0
2024-12-21 04:00:00,Anand,14.7,59,1005.8,23.76,99,Cloudy,0
2007-04-17 19:00:00,Junagadh,30,49,996.6,55.8,2,Clear,0
1999-01-21 18:00:00,Idukki,21.8,63,897.5,11.52,95,Cloudy,0
2021-08-23 23:00:00,Nagpur,25.5,95,972.5,22.68,95,Cloudy,0
2007-09-27 05:00:00,Adilabad,24.9,72,976.2,38.16,99,Cloudy,0
2000-04-09 07:00:00,Kochi,26.5,90,1009.4,4.68,98,Cloudy,0
2023-01-12 03:00:00,Kolhapur,14.4,67,947.9,23.04,0,Clear,0
1998-08-27 17:00:00,Mysuru,25.6,69,927.4,40.68,100,Cloudy,0
2020-03-11 23:00:00,Karimnagar,25.1,72,979.9,21.96,2,Clear,0
1997-06-26 12:00:00,Jaipur,36.7,43,948.2,13.68,15,Clear,0
2013-12-15 04:00:00,Rajkot,15.2,68,997.4,23.76,0,Clear,0
2000-01-03 09:00:00,Chikkamagaluru,19.5,64,901,34.2,7,Clear,0
2011-04-08 18:00:00,Karimnagar,33.9,29,977.6,9,27,Clear,0
2018-08-21 12:00:00,Dharwad,24.2,81,929.1,95.04,100,Rain,0.1
2000-01-15 16:00:00,Nashik,25.2,24,944.9,31.32,0,Clear,0
2023-10-12 13:00:00,Kalaburagi,32.7,35,961.7,37.8,0,Clear,0
2006-03-05 19:00:00,Barmer,28.5,13,987.5,38.16,9,Clear,0
2003-05-01 23:00:00,Nashik,25.5,60,942.5,25.92,0,Clear,0
2018-09-02 01:00:00,Warangal,25.1,76,976.6,36.72,90,Cloudy,0
2002-05-28 17:00:00,Kozhikode,26.2,87,1007.4,14.4,100,Rain,1.1
2008-09-21 11:00:00,Junagadh,28.4,71,998.7,55.8,72,Cloudy,0
2015-04-11 20:00:00,New_Delhi,26.2,44,983.9,19.44,87,Cloudy,0
2001-05-08 00:00:00,Kolhapur,23.9,81,946.6,57.24,4,Clear,0
1999-01-30 04:00:00,Aurangabad,13.5,51,942.9,23.76,0,Clear,0
2017-04-02 23:00:00,Khammam,27.9,67,994.4,56.52,8,Clear,0
2008-09-26 03:00:00,Kochi,24,92,1010.4,11.88,47,Clear,0
2023-07-16 16:00:00,Kota,26.5,94,971.7,39.6,100,Rain,2.5
2010-10-15 22:00:00,Jaipur,23.3,62,959.4,30.96,0,Clear,0
2003-06-11 16:00:00,Dharwad,29.5,54,925.7,68.76,76,Rain,0.1
1996-01-02 01:00:00,Pune,17.2,94,951.3,11.88,1,Clear,0
2013-12-06 07:00:00,Bengaluru,15.4,80,910.6,43.2,70,Cloudy,0
2016-07-02 15:00:00,Bharuch,31.2,72,994.7,69.48,76,Cloudy,0
2021-05-03 02:00:00,Udaipur,23.6,42,944.8,26.28,0,Clear,0
2002-03-27 00:00:00,Kalaburagi,29.5,31,955.6,40.32,50,Clear,0
2008-06-16 09:00:00,Ahmedabad,29,69,993,79.2,92,Cloudy,0
2002-09-05 04:00:00,Anand,24.9,96,998.7,19.44,95,Cloudy,0
1999-01-21 00:00:00,Thiruvananthapuram,25.1,74,1011.2,24.84,99,Cloudy,0
2000-01-14 06:00:00,Hubballi,20.6,81,940,14.4,18,Clear,0
1999-07-26 18:00:00,Shivamogga,21.8,87,943,81.72,100,Rain,0.6
2017-09-21 14:00:00,Kota,32,58,971.9,28.8,100,Cloudy,0
2017-09-19 18:00:00,Thiruvananthapuram,25.4,92,1008.6,56.16,46,Rain,0.4
2022-01-23 12:00:00,Bharuch,22.3,41,1010.1,19.8,10,Clear,0
2020-08-15 05:00:00,Hyderabad,21.8,93,946.5,70.92,100,Rain,1.4
2009-10-22 22:00:00,Jodhpur,23.8,16,989.4,39.6,0,Clear,0
2001-12-24 23:00:00,Jaipur,13.1,52,968.8,8.28,0,Clear,0
2023-12-29 14:00:00,Rajkot,30,36,998.2,20.88,7,Clear,0
2010-12-17 01:00:00,Udaipur,10.6,76,948.4,24.84,0,Clear,0
2013-03-19 20:00:00,Hubballi,27.9,40,941.5,48.6,4,Clear,0
2019-03-22 19:00:00,Warangal,29.6,51,981.1,24.12,45,Clear,0
2007-07-18 22:00:00,Amravati,27.2,75,964.9,29.88,88,Cloudy,0
2017-06-20 11:00:00,Mumbai,29.8,72,1005.7,90.72,51,Rain,0.4
2008-12-15 18:00:00,Anand,28.5,47,1006.5,17.28,20,Clear,0
2005-08-25 10:00:00,Nizamabad,27.5,68,966.2,37.08,86,Rain,0.1
1999-06-01 10:00:00,Nashik,27.1,65,946.7,58.68,36,Rain,0.1
2023-09-12 14:00:00,Kolhapur,27.6,69,945.9,72.72,99,Rain,0.2
2004-05-16 16:00:00,Bengaluru,24.6,78,907.5,51.48,99,Rain,3
2005-06-24 11:00:00,Thiruvananthapuram,26.6,81,1009,89.64,98,Rain,0.5
2011-11-10 11:00:00,Kolhapur,29.3,32,951.3,47.88,0,Clear,0
1997-09-24 22:00:00,Kozhikode,24.9,92,1011,11.16,100,Rain,0.2
2019-11-16 01:00:00,Ganganagar,17,83,994.8,27.72,80,Cloudy,0
2016-06-26 03:00:00,Warangal,25.4,91,974.4,39.96,100,Rain,1.1
2024-03-23 05:00:00,Bikaner,21.6,48,981.3,43.92,94,Cloudy,0
2003-10-24 07:00:00,Junagadh,19.5,68,1001.5,25.56,0,Clear,0
2000-05-09 13:00:00,Idukki,25.8,62,897.5,17.64,53,Rain,0.1
2022-12-26 17:00:00,Idukki,21,85,897.7,62.28,98,Cloudy,0
2002-08-03 07:00:00,Ajmer,28.5,61,948,75.96,100,Cloudy,0
2005-07-16 10:00:00,Chikkamagaluru,20.9,98,898,23.4,99,Rain,1.7
2003-02-18 09:00:00,Ajmer,17.1,81,954.4,82.44,99,Rain,0.4
2015-12-11 19:00:00,Mangaluru,27.3,81,1008,18.72,97,Cloudy,0
2011-03-23 05:00:00,Kollam,26.5,81,1007.2,25.92,4,Clear,0
2000-04-09 15:00:00,Kollam,30.3,73,1005.4,38.52,50,Rain,0.2
2024-10-25 01:00:00,Idukki,20,97,898.3,27.36,100,Rain,0.1
2001-02-10 17:00:00,Ajmer,26.1,15,956.7,39.96,0,Clear,0
2004-11-18 18:00:00,Chikkamagaluru,22.9,69,900.8,23.76,12,Clear,0
2006-02-20 12:00:00,Ratnagiri,33.1,38,1002.8,24.48,0,Clear,0
2016-12-27 17:00:00,Bharuch,27,35,1010.1,27,0,Clear,0
2024-09-16 21:00:00,Dharwad,21.1,95,930.6,41.04,100,Cloudy,0
2000-10-31 22:00:00,Mangaluru,25.9,89,1006.7,27.36,17,Clear,0
2020-04-12 11:00:00,Dharwad,34.1,27,934.7,25.92,8,Clear,0
2014-03-20 08:00:00,Ahmedabad,21.6,37,1006.5,30.24,0,Clear,0
2015-02-12 06:00:00,Junagadh,16.6,36,1004.5,34.92,0,Clear,0
2013-02-03 09:00:00,Anand,22.9,54,1009.4,21.24,52,Clear,0
2002-10-19 20:00:00,Delhi_North,24.8,62,983.4,27.72,1,Clear,0
2006-03-27 21:00:00,Surat,26.4,52,1007.7,52.56,0,Clear,0
2005-03-28 00:00:00,Dharwad,24,61,929.9,30.24,0,Clear,0
2020-05-04 10:00:00,Chikkamagaluru,28.1,59,903.4,9.36,33,Clear,0
1996-07-31 00:00:00,Ajmer,25.7,73,947,66.96,100,Cloudy,0
2015-08-18 20:00:00,Nagpur,27.2,83,972.8,18.72,96,Cloudy,0
2018-06-25 06:00:00,Bikaner,33.3,51,972.2,68.04,41,Clear,0
1998-05-28 01:00:00,Kolhapur,24,88,948.2,60.84,29,Clear,0
2019-10-31 22:00:00,Kalaburagi,23.1,89,961,36,88,Cloudy,0
1997-06-12 08:00:00,Solapur,27.1,71,955.3,56.16,28,Clear,0
2006-02-12 06:00:00,Dharwad,15.5,47,931.5,32.4,0,Clear,0
2004-08-01 07:00:00,Nizamabad,24.4,79,961,55.44,57,Clear,0
2012-10-02 23:00:00,Mangaluru,25.8,84,1008.4,49.68,98,Cloudy,0
2021-02-05 04:00:00,Jodhpur,12.6,64,990.4,38.52,0,Clear,0
1999-11-11 09:00:00,Mysuru,22.8,62,933.4,18.36,0,Clear,0
2008-07-23 17:00:00,Adilabad,30.4,66,970.6,15.48,100,Rain,0.2
1997-06-27 14:00:00,Bhavnagar,32.6,66,993.9,73.08,94,Cloudy,0
2024-12-31 05:00:00,Ajmer,8.4,96,961.8,35.64,0,Clear,0
2008-12-16 20:00:00,Pune,23.2,63,950.9,24.48,6,Clear,0
1999-04-08 13:00:00,Hyderabad,38.6,17,951.6,14.76,28,Clear,0
2022-02-06 11:00:00,New_Delhi,17.4,65,992.7,19.8,0,Clear,0
2018-11-18 05:00:00,Pune,18.1,75,948,6.84,91,Cloudy,0
2006-04-04 22:00:00,Aurangabad,26.5,23,944.3,33.84,0,Clear,0
2021-06-19 20:00:00,New_Delhi,26.5,79,976.1,45.72,17,Clear,0
1997-05-24 02:00:00,Shivamogga,23.1,92,944.9,35.28,92,Cloudy,0
2020-01-27 05:00:00,Delhi_North,9.4,96,985.5,22.32,100,Cloudy,0
2025-05-03 12:00:00,Solapur,40.2,12,956.9,36,3,Clear,0
2001-04-24 00:00:00,Adilabad,30,28,976.4,25.56,14,Clear,0
2019-05-26 14:00:00,Wayanad,27.5,75,924.7,27,57,Rain,0.5
2019-08-17 11:00:00,Ganganagar,31.4,66,979.8,55.44,97,Rain,0.6
2010-04-25 12:00:00,Wayanad,29.1,67,927.1,15.48,87,Cloudy,0
2013-01-23 19:00:00,Ahmedabad,21.2,30,1009.2,35.28,0,Clear,0
2016-03-07 19:00:00,Bikaner,23.4,48,986.2,42.12,6,Clear,0
2009-10-30 14:00:00,Kollam,30.9,63,1006.2,25.92,86,Cloudy,0
2009-03-21 07:00:00,Adilabad,23.6,66,979.7,21.96,4,Clear,0
2014-07-12 21:00:00,Amravati,29.7,61,963.3,42.12,100,Cloudy,0
2009-04-19 00:00:00,Amravati,30.6,15,968.5,31.68,0,Clear,0
2011-09-30 14:00:00,Nashik,28.2,62,945.7,12.96,58,Rain,0.3
1999-08-12 23:00:00,Bikaner,30.4,57,970.3,93.96,1,Clear,0
2000-02-28 19:00:00,Udaipur,25.4,22,950.5,36.36,0,Clear,0
2003-02-02 11:00:00,Hubballi,28.1,43,947.1,9,0,Clear,0
1997-02-24 22:00:00,Shivamogga,25.4,37,949.4,40.68,0,Clear,0
2007-01-10 00:00:00,Thiruvananthapuram,26.1,76,1011,17.64,16,Clear,0
2002-02-12 19:00:00,Ajmer,15.7,32,964,30.24,0,Clear,0
2012-12-31 22:00:00,Idukki,19.9,80,898.3,8.28,24,Clear,0
2016-06-25 15:00:00,Surat,30.8,68,999.9,65.52,78,Cloudy,0
2006-09-04 18:00:00,Jodhpur,29.8,64,979.7,38.52,5,Clear,0
2025-10-19 01:00:00,Aurangabad,23.3,75,944.2,32.04,3,Clear,0
2013-03-18 04:00:00,Nizamabad,23.3,46,965.6,24.48,0,Clear,0
2022-01-06 11:00:00,Aurangabad,24.7,48,949.5,37.44,0,Clear,0
2013-12-03 17:00:00,Thiruvananthapuram,27.9,72,1006.2,21.24,67,Cloudy,0
2010-02-14 15:00:00,Aurangabad,31.3,27,944.4,34.92,0,Clear,0
2013-06-02 06:00:00,New_Delhi,26.5,66,979.6,56.16,0,Clear,0
2016-06-21 23:00:00,Dharwad,21.1,92,927.4,55.08,71,Cloudy,0
2023-12-17 08:00:00,Kolhapur,21.6,81,952.3,51.48,90,Cloudy,0
2017-02-24 15:00:00,Nagpur,32.7,15,977.8,37.44,0,Clear,0
2017-09-30 07:00:00,Mumbai,26.8,94,1008.5,32.04,95,Cloudy,0
2002-01-24 15:00:00,Ahmedabad,26.9,18,1006.6,45.72,0,Clear,0
2020-03-17 08:00:00,Thiruvananthapuram,29.2,62,1012.3,17.28,88,Cloudy,0
2018-11-01 01:00:00,Ganganagar,21.1,66,993.2,30.24,85,Cloudy,0
2022-08-21 08:00:00,Karimnagar,26.9,75,974.3,77.76,100,Cloudy,0
2009-06-06 18:00:00,Kalaburagi,29.8,57,950.9,66.24,90,Cloudy,0
2021-01-12 08:00:00,Hubballi,21.5,71,944.1,47.52,100,Cloudy,0
2018-11-13 02:00:00,Adilabad,20,52,980.3,12.96,76,Cloudy,0
2011-01-25 07:00:00,Wayanad,13.9,87,927.8,33.84,0,Clear,0
2007-08-11 08:00:00,Solapur,24.2,84,954.6,68.76,90,Cloudy,0
2004-04-06 08:00:00,Hyderabad,28.6,48,957,32.76,97,Cloudy,0
2007-02-16 19:00:00,Kollam,27,64,1009,23.04,0,Clear,0
2006-12-26 12:00:00,Amravati,27.3,42,975.3,17.28,0,Clear,0
2004-02-01 06:00:00,Solapur,19.2,50,958,39.6,8,Clear,0
2020-05-16 00:00:00,Nashik,27.8,55,943.6,37.44,51,Clear,0
2009-01-03 21:00:00,Jaipur,14.5,62,965.5,42.48,0,Clear,0
2010-02-03 14:00:00,Junagadh,30.2,26,1001.8,9.72,0,Clear,0
2024-07-31 13:00:00,Nashik,26.2,79,941.4,85.32,100,Rain,0.4
2022-07-30 02:00:00,Ahmedabad,26.2,86,999.9,33.84,100,Cloudy,0
2019-12-24 03:00:00,Kalaburagi,19.5,76,961.4,38.88,19,Clear,0
2004-06-14 17:00:00,Hyderabad,26.9,70,943.6,95.76,100,Cloudy,0
2013-09-19 16:00:00,Kollam,26.6,84,1003.7,49.32,97,Rain,0.2
2018-09-21 22:00:00,Nashik,23.4,94,942.9,55.08,100,Cloudy,0
2001-04-15 08:00:00,Udaipur,26.4,38,952.2,22.32,20,Clear,0
2000-12-17 16:00:00,Wayanad,26.6,39,927.1,29.16,77,Cloudy,0
1998-03-17 09:00:00,Shivamogga,27.4,46,951.4,24.84,0,Clear,0
1998-02-12 10:00:00,Mangaluru,30,49,1012.1,28.08,1,Clear,0
1998-10-26 11:00:00,Idukki,24.3,68,900.2,25.56,34,Rain,0.2
2024-06-22 03:00:00,Bharuch,29.2,81,998,41.4,100,Rain,0.1
2022-11-10 20:00:00,Nashik,22.1,47,950.2,42.12,0,Clear,0
2004-06-19 05:00:00,Anand,27.7,80,995.5,55.08,100,Cloudy,0
2002-10-29 18:00:00,Adilabad,26.7,31,979.8,32.4,0,Clear,0
2013-01-19 21:00:00,Jodhpur,12.3,64,995,44.64,0,Clear,0
2020-09-29 14:00:00,Anand,31.5,60,1002,26.28,22,Clear,0
2018-07-20 09:00:00,Anand,26.1,95,996,40.68,100,Rain,0.5
2025-08-08 09:00:00,Thiruvananthapuram,27.5,78,1008.6,50.4,80,Cloudy,0
2024-07-10 01:00:00,Surat,26.9,92,1001.3,48.6,98,Rain,0.1
2007-06-28 13:00:00,Ratnagiri,26.1,90,996.9,54.36,100,Rain,1.7
2012-02-12 01:00:00,Kota,13,49,982.9,32.04,63,Cloudy,0
2014-03-03 07:00:00,Hyderabad,18.9,94,957.5,30.24,52,Rain,0.3
2020-12-09 11:00:00,Kota,27.8,38,987.3,20.52,0,Clear,0
1997-06-03 08:00:00,Bharuch,28.2,77,1008,49.32,21,Clear,0
2017-10-15 10:00:00,Junagadh,30.3,59,999.4,29.16,41,Clear,0
1998-08-07 10:00:00,Junagadh,28.9,74,994.4,78.12,86,Rain,0.1
2007-12-18 04:00:00,Kalaburagi,19.1,63,961.6,27,0,Clear,0
2020-02-24 15:00:00,Shivamogga,34.2,21,945.3,36.72,0,Clear,0
2002-05-13 15:00:00,Ganganagar,43.6,22,976.2,56.52,0,Clear,0
2011-04-03 19:00:00,Surat,27.1,54,1006.8,71.64,0,Clear,0
1999-01-17 17:00:00,Thrissur,30.8,42,1006.4,19.8,7,Clear,0
2019-05-20 22:00:00,Shivamogga,26.2,80,945.8,37.8,63,Cloudy,0
2003-08-11 19:00:00,Ajmer,27.2,80,950,36,100,Cloudy,0
2006-07-06 12:00:00,Thiruvananthapuram,27.1,86,1011.1,68.4,69,Cloudy,0
2007-10-10 03:00:00,Ratnagiri,24.8,92,999.6,12.96,95,Cloudy,0
2009-11-01 14:00:00,Kozhikode,30,67,1005.8,21.96,92,Cloudy,0
2009-11-02 19:00:00,New_Delhi,24.5,48,990.9,30.96,22,Clear,0
2025-01-19 10:00:00,Kochi,25.8,85,1011.7,5.4,100,Rain,0.4
2008-03-19 20:00:00,Warangal,30.1,46,977.3,18.72,23,Clear,0
2023-08-27 04:00:00,Nashik,21.7,96,943.5,42.84,100,Cloudy,0
2003-10-10 21:00:00,Bengaluru,21.7,82,912.3,28.08,42,Clear,0
2017-10-10 10:00:00,Kollam,28.9,77,1006.4,20.16,86,Rain,0.1
2019-02-21 15:00:00,Khammam,34.3,32,998.8,26.64,10,Clear,0
2018-09-09 12:00:00,Karimnagar,29.7,57,977.7,14.4,89,Cloudy,0
2014-01-06 12:00:00,Nizamabad,27.9,42,969.2,7.92,0,Clear,0
2023-08-18 20:00:00,Chikkamagaluru,19.2,94,898.6,54.36,100,Cloudy,0
2023-06-04 12:00:00,Kalaburagi,37,37,958.3,49.32,30,Clear,0
2016-11-01 04:00:00,Kota,21.7,53,986.4,12.6,0,Clear,0
2025-03-11 07:00:00,Bharuch,25.6,43,1010.2,30.6,0,Clear,0
2017-11-13 23:00:00,Bengaluru,18.8,87,908.9,29.16,32,Clear,0
2021-02-14 10:00:00,Solapur,27,33,963.8,43.92,0,Clear,0
2013-10-11 04:00:00,Mumbai,24.3,94,1009.5,16.56,58,Rain,0.4
2010-05-21 21:00:00,Amravati,35.6,34,963.7,38.88,24,Clear,0
2003-07-10 20:00:00,Kolhapur,22.1,97,945,46.8,100,Cloudy,0
2016-02-09 20:00:00,Shivamogga,25.6,66,947.9,47.88,89,Cloudy,0
2019-08-16 17:00:00,Bikaner,32.9,56,971.9,15.48,100,Rain,3.2
2013-12-01 23:00:00,New_Delhi,14,79,990.6,34.2,0,Clear,0
2022-02-05 12:00:00,Kolhapur,28.3,30,950.2,30.24,0,Clear,0
2022-11-03 17:00:00,Delhi_North,25.6,61,984.8,30.6,0,Clear,0
2012-12-31 04:00:00,Junagadh,15.5,58,1001.1,32.4,0,Clear,0
2004-10-29 22:00:00,Nagpur,22.6,50,979.4,27.72,20,Clear,0
2003-03-25 07:00:00,Kalaburagi,25.7,42,961,41.04,48,Clear,0
2008-08-20 16:00:00,Karimnagar,29.1,68,975.1,33.12,100,Cloudy,0
2000-10-28 18:00:00,Bikaner,31.4,13,984.6,34.92,0,Clear,0
2005-06-21 07:00:00,Hyderabad,26.1,72,948.3,89.64,100,Cloudy,0
1999-08-26 10:00:00,Bengaluru,23.8,66,912.4,70.56,100,Cloudy,0
2005-05-16 00:00:00,Wayanad,22.1,98,927,26.64,92,Cloudy,0
2007-03-31 17:00:00,Ratnagiri,30.1,68,1000.9,45.36,23,Clear,0
2004-03-22 05:00:00,Solapur,25.4,28,954.5,29.16,0,Clear,0
2011-06-18 02:00:00,Mumbai,27.7,87,1002.8,84.96,100,Cloudy,0
2012-11-25 17:00:00,Delhi_North,21.7,41,987.5,33.12,0,Clear,0
2022-08-03 13:00:00,Thiruvananthapuram,24.6,89,1005,75.96,100,Rain,1.2
1999-05-17 05:00:00,Kalaburagi,26.7,74,954.2,27.36,96,Cloudy,0
2020-08-07 18:00:00,Pune,24.5,86,941.4,60.48,21,Rain,0.3
2000-02-06 18:00:00,Amravati,23.6,37,971.3,27.36,0,Clear,0
2016-08-04 18:00:00,Surat,27.3,85,997.2,93.6,39,Clear,0
1996-11-22 11:00:00,Kota,25.3,37,986.7,27.36,92,Cloudy,0
2008-06-26 05:00:00,Nizamabad,23.8,90,960.2,40.32,100,Rain,0.9
2003-09-12 18:00:00,Jodhpur,29.2,55,977.6,39.6,9,Clear,0
2010-07-18 04:00:00,Kolhapur,22.5,98,942.5,36,100,Cloudy,0
2005-03-04 08:00:00,Jodhpur,20.7,51,989.7,22.32,68,Cloudy,0
2019-10-03 04:00:00,Kota,23.8,91,980.2,33.48,13,Clear,0
2009-01-03 12:00:00,Ajmer,23.2,31,961.9,38.88,29,Clear,0
1997-07-18 12:00:00,Bharuch,31.3,67,1001,61.2,100,Cloudy,0
2018-09-14 12:00:00,Thrissur,30.6,59,1007.7,42.84,96,Cloudy,0
2014-05-30 04:00:00,Idukki,17.3,100,895,5.76,99,Cloudy,0
2021-12-24 02:00:00,Ahmedabad,16.8,89,1006.2,22.32,0,Clear,0
2016-03-12 10:00:00,Bengaluru,28.7,44,916.4,24.84,0,Clear,0
2012-10-27 16:00:00,Ajmer,28.4,25,959.5,3.6,0,Clear,0
2010-10-17 09:00:00,Jaipur,27.4,71,961.1,45.72,9,Clear,0
2018-08-21 06:00:00,Idukki,18.5,100,896.4,77.04,100,Rain,0.3
2007-12-12 22:00:00,Bikaner,12.9,83,988.9,36,1,Clear,0
2016-08-24 09:00:00,Barmer,27.9,84,981.5,16.92,78,Rain,0.1
1996-09-08 14:00:00,Bhavnagar,30.1,64,999.9,23.76,100,Cloudy,0
1998-03-01 17:00:00,Kota,25.6,23,986.1,30.96,0,Clear,0
2021-02-07 07:00:00,Jodhpur,9.9,61,992.7,28.44,0,Clear,0
2023-03-05 02:00:00,Rajkot,24.1,32,1001.6,32.04,24,Clear,0
2013-05-01 10:00:00,Thiruvananthapuram,29.4,76,1007.8,16.92,100,Rain,0.2
2015-05-05 17:00:00,Jodhpur,40.9,8,980.6,46.44,91,Cloudy,0
2013-04-25 02:00:00,Mysuru,23.6,80,928.1,18.72,14,Clear,0
2014-10-10 01:00:00,Mysuru,21.5,95,927,19.44,100,Cloudy,0
2000-04-26 13:00:00,Kalaburagi,40.6,14,955,42.12,0,Clear,0
2017-04-21 11:00:00,Nizamabad,38.2,14,965.2,26.28,0,Clear,0
2021-06-01 14:00:00,New_Delhi,32.1,54,978.6,33.12,82,Rain,0.5
2005-01-11 08:00:00,Kollam,25.2,72,1011.6,19.44,91,Cloudy,0
2005-05-01 07:00:00,Pune,22.6,72,946.7,20.16,0,Clear,0
2014-06-18 00:00:00,Junagadh,27.1,88,991.2,46.8,16,Clear,0
2013-10-04 15:00:00,Adilabad,28.4,77,973.9,28.44,87,Cloudy,0
2023-02-08 09:00:00,Bengaluru,24.6,46,915.8,47.16,100,Cloudy,0
2018-03-17 15:00:00,Surat,36.9,18,1005.3,43.2,0,Clear,0
2005-09-03 10:00:00,Jodhpur,33.1,42,982.6,34.92,0,Clear,0
2010-09-15 17:00:00,Delhi_North,27.1,83,976.7,30.24,44,Rain,1.5
2006-07-02 03:00:00,Pune,23.2,96,940.1,59.76,100,Rain,0.6
1998-10-13 03:00:00,Ganganagar,21.9,70,989.6,21.24,0,Clear,0
2011-01-06 02:00:00,Hyderabad,15.1,60,954.3,28.8,27,Clear,0
2003-09-06 21:00:00,Mangaluru,23.8,94,1009.9,25.56,100,Rain,0.4
2000-11-17 18:00:00,Dharwad,24.2,42,929.1,27.72,0,Clear,0
1999-05-25 20:00:00,Warangal,26.9,90,972.3,30.24,100,Rain,2.6
2015-09-22 19:00:00,Ganganagar,26.1,74,980.8,51.84,20,Clear,0
2007-07-04 07:00:00,Bikaner,28.5,78,970.5,41.4,30,Clear,0
2008-02-16 22:00:00,Mysuru,23.4,51,932.1,22.32,24,Clear,0
1998-12-23 00:00:00,Amravati,14.9,75,973.7,22.32,0,Clear,0
2020-09-22 09:00:00,Chikkamagaluru,20.6,87,896.2,93.6,89,Rain,0.6
2014-11-25 04:00:00,Mumbai,23.1,84,1010.6,23.76,1,Clear,0
2003-04-21 23:00:00,Delhi_North,24.7,31,981.9,39.6,0,Clear,0
2022-04-16 10:00:00,Hubballi,30.6,50,940.9,12.96,65,Cloudy,0
2010-04-25 01:00:00,Ganganagar,24.7,33,984,30.24,0,Clear,0
2013-04-30 01:00:00,Surat,28.5,79,1004.7,40.32,0,Clear,0
2005-04-06 19:00:00,Warangal,31.8,40,977.9,30.6,25,Clear,0
2020-06-23 18:00:00,Warangal,29.2,70,973.5,3.6,24,Clear,0
2015-06-23 22:00:00,Kalaburagi,24.7,82,954.2,87.84,100,Rain,0.4
2006-12-27 10:00:00,New_Delhi,17.8,63,992.8,53.64,0,Clear,0
2008-10-28 06:00:00,Ratnagiri,21.1,98,1003,15.48,100,Cloudy,0
2019-09-13 09:00:00,Amravati,26,82,969,84.6,100,Rain,0.1
2018-12-12 23:00:00,Thiruvananthapuram,26,87,1012.4,5.4,20,Clear,0
2003-03-05 00:00:00,Nagpur,20.1,20,977.1,40.32,0,Clear,0
2006-04-19 14:00:00,Kochi,29.9,70,1007.7,6.48,100,Cloudy,0
2023-02-13 15:00:00,Bharuch,32.7,18,1011.1,43.92,0,Clear,0
2025-02-28 23:00:00,Pune,26,39,950.8,20.16,99,Cloudy,0
2017-05-26 14:00:00,Thiruvananthapuram,28.6,81,1005.7,56.52,84,Rain,0.1
2008-03-29 18:00:00,Kalaburagi,29.6,57,956.4,21.24,38,Clear,0
1998-04-25 14:00:00,Junagadh,36.8,34,998.5,63.72,24,Clear,0
2002-12-23 23:00:00,Anand,20.2,44,1007.4,26.64,0,Clear,0
1996-11-27 19:00:00,Hyderabad,22.9,52,954.6,24.84,0,Clear,0
2008-05-10 10:00:00,Thiruvananthapuram,27.6,78,1009.6,64.08,64,Rain,0.3
2017-11-06 06:00:00,Mumbai,23.2,68,1010.2,40.68,0,Clear,0
1997-01-22 20:00:00,Bikaner,12.4,50,992.2,31.68,96,Cloudy,0
2000-04-10 03:00:00,Ratnagiri,25.2,94,999.4,11.16,100,Cloudy,0
1997-02-09 11:00:00,Idukki,24.8,45,899.8,17.64,48,Clear,0
1998-04-15 10:00:00,Junagadh,32.2,31,1001.5,39.96,100,Cloudy,0
2021-02-10 17:00:00,Dharwad,28.9,23,930.5,24.48,0,Clear,0
1998-04-12 03:00:00,Kollam,27.8,87,1008.3,11.16,95,Cloudy,0
1999-03-02 08:00:00,Barmer,20.9,38,991.4,9,82,Cloudy,0
2013-06-22 02:00:00,Khammam,25.5,87,986.7,37.8,100,Rain,0.3
2009-07-07 03:00:00,Karimnagar,26.7,72,969.7,50.4,98,Cloudy,0
2006-01-24 16:00:00,Kozhikode,29.4,55,1009.6,47.16,3,Clear,0
2017-01-17 14:00:00,Ganganagar,17.1,44,996.1,48.6,76,Cloudy,0
2003-03-10 01:00:00,Pune,21.3,50,948.2,27.36,1,Clear,0
2016-04-19 06:00:00,Ahmedabad,24.5,49,1001.9,26.64,40,Clear,0
2011-02-14 12:00:00,Aurangabad,29.6,26,944.5,45.36,0,Clear,0
2023-02-07 19:00:00,Barmer,23.6,20,990.6,25.2,0,Clear,0
2016-07-06 06:00:00,Nagpur,24.1,92,965.2,59.76,100,Rain,0.8
2020-04-11 05:00:00,Mysuru,21.5,77,930.4,30.24,4,Clear,0
2018-10-23 17:00:00,Adilabad,29.9,55,981,18.36,30,Clear,0
2019-04-01 10:00:00,Kollam,31.6,64,1011.5,37.44,47,Clear,0
2009-11-24 17:00:00,New_Delhi,22.9,37,988.8,40.32,0,Clear,0
2012-03-25 04:00:00,Khammam,22.8,82,994.9,21.96,0,Clear,0
2022-10-27 23:00:00,Ratnagiri,22.1,73,1004.4,33.84,0,Clear,0
1999-03-01 23:00:00,Udaipur,17.9,37,950.1,23.4,0,Clear,0
2005-05-07 20:00:00,Nizamabad,33.2,31,959.9,21.96,12,Clear,0
2008-11-16 04:00:00,Chikkamagaluru,17.9,82,894,19.44,100,Cloudy,0
2011-06-22 20:00:00,Idukki,18.9,92,895.1,19.08,24,Clear,0
2006-09-16 15:00:00,Idukki,18.3,100,896.8,27.72,100,Rain,2
2022-08-05 17:00:00,Anand,28.5,83,993.1,33.12,100,Cloudy,0
2009-12-09 06:00:00,Khammam,19.9,91,999,3.96,65,Cloudy,0
2017-12-17 18:00:00,Udaipur,16.8,59,955.3,24.84,42,Clear,0
2025-12-22 15:00:00,Mysuru,25.9,42,928.8,37.08,100,Cloudy,0
2011-01-27 23:00:00,Thiruvananthapuram,25.6,81,1011.6,19.44,11,Clear,0
2008-07-25 07:00:00,Bharuch,25.5,94,999.3,34.2,65,Rain,0.1
2015-10-02 20:00:00,Ajmer,28.7,24,957.2,31.68,0,Clear,0
2017-02-23 12:00:00,Thrissur,36.8,27,1008.3,10.44,0,Clear,0
2017-12-11 16:00:00,Mumbai,25.5,69,1011.6,74.88,0,Clear,0
2000-07-14 03:00:00,Kozhikode,23.6,92,1007.7,19.08,96,Rain,0.1
2000-01-15 12:00:00,Thrissur,30.7,55,1007.4,19.8,100,Cloudy,0
2021-04-14 01:00:00,Junagadh,25.1,37,1001.2,21.96,18,Clear,0
2025-01-22 05:00:00,Mumbai,21.3,62,1008.9,14.4,14,Clear,0
2025-04-17 02:00:00,Junagadh,23.1,95,998,20.16,0,Clear,0
2011-01-28 22:00:00,Jodhpur,15.4,34,989.2,47.52,0,Clear,0
2002-04-01 01:00:00,Ratnagiri,24.5,87,1002.5,14.4,0,Clear,0
2009-10-07 22:00:00,Delhi_North,25.1,62,977.8,7.2,1,Clear,0
2013-08-18 01:00:00,Thiruvananthapuram,23.9,90,1009.4,29.16,94,Rain,0.1
2022-05-28 00:00:00,Kochi,24.5,96,1008.8,17.28,22,Clear,0
2007-05-24 05:00:00,Bharuch,27.1,79,1004.3,33.84,0,Clear,0
2017-10-22 00:00:00,Aurangabad,22,87,943.4,20.16,24,Clear,0
2008-11-26 11:00:00,Dharwad,25.7,43,933.3,75.24,67,Cloudy,0
2009-02-04 19:00:00,Mangaluru,27.6,69,1011.1,44.28,20,Clear,0
1998-01-26 01:00:00,Ajmer,9.2,47,962.7,28.8,0,Clear,0
2024-04-18 16:00:00,Idukki,24.4,83,896.8,37.8,85,Rain,0.5
2022-01-06 19:00:00,Jaipur,13.8,96,965.2,21.24,49,Clear,0
1996-02-19 08:00:00,Khammam,24.2,72,1000.1,21.96,0,Clear,0
2024-03-30 23:00:00,Mangaluru,28,80,1011.3,28.08,11,Clear,0
2007-10-12 09:00:00,Nashik,27.7,58,950,23.76,4,Clear,0
2003-07-06 08:00:00,Kolhapur,22.5,96,944,45.72,100,Cloudy,0
2020-03-20 22:00:00,Bikaner,25.7,35,982.7,76.68,1,Clear,0
2005-07-25 02:00:00,Thrissur,23.8,96,1007.4,37.08,100,Rain,1.1
2010-01-27 15:00:00,Surat,29.8,33,1010.8,16.92,82,Cloudy,0
2022-04-18 01:00:00,Kalaburagi,28.2,41,957.7,48.24,23,Clear,0
2022-03-06 02:00:00,Nizamabad,23.6,46,965.5,38.16,0,Clear,0
2002-05-09 20:00:00,Ajmer,34.4,21,952.3,59.04,0,Clear,0
2023-11-29 22:00:00,Mysuru,21.8,86,930.7,44.64,98,Cloudy,0
2017-09-21 09:00:00,Karimnagar,26.7,71,974.5,70.2,100,Cloudy,0
1999-08-10 00:00:00,Surat,26.5,88,1001,88.2,100,Cloudy,0
2003-06-18 19:00:00,Jaipur,31.6,50,952.1,21.24,100,Rain,0.2
2021-11-25 12:00:00,Jodhpur,28.2,26,989.6,9.36,0,Clear,0
2022-07-11 22:00:00,Kozhikode,23.4,94,1011.2,20.88,100,Rain,0.2
2020-03-30 18:00:00,Nashik,32.1,24,945.7,34.92,19,Clear,0
2017-01-01 19:00:00,Anand,22,52,1008.3,30.6,0,Clear,0
2007-12-30 05:00:00,Ahmedabad,12.1,45,1007.5,26.28,0,Clear,0
2004-03-15 01:00:00,Bhavnagar,24.6,47,1008.1,30.24,0,Clear,0
2015-09-15 16:00:00,Hubballi,23,91,937.3,61.2,99,Rain,1.4
2002-05-21 08:00:00,Thiruvananthapuram,24.9,95,1009,48.6,99,Rain,3.2
2011-08-18 06:00:00,Kalaburagi,22.9,91,955.3,38.88,100,Cloudy,0
2021-04-18 18:00:00,Hubballi,29.2,58,941.6,73.44,38,Clear,0
2020-02-10 16:00:00,Mangaluru,29.7,55,1006.6,63.36,28,Clear,0
2001-10-17 11:00:00,Bhavnagar,32.8,40,1008,46.44,6,Clear,0
2024-10-14 21:00:00,Khammam,26.7,84,995.9,25.56,100,Cloudy,0
2018-08-20 14:00:00,Kalaburagi,23.5,92,953.6,75.24,100,Rain,1.7
2015-08-12 09:00:00,Pune,23.3,92,947,43.56,96,Rain,0.8
2001-03-08 17:00:00,Kozhikode,29.8,59,1006.9,9,43,Clear,0
2016-04-23 05:00:00,Pune,20.5,90,946.7,31.32,53,Clear,0
2001-08-03 10:00:00,Nagpur,27,79,967.9,31.32,100,Cloudy,0
1996-03-06 04:00:00,Amravati,18.8,54,972.2,25.56,0,Clear,0
1997-09-27 22:00:00,Warangal,26.9,75,979.7,21.24,99,Cloudy,0
2024-04-16 06:00:00,Bengaluru,20.4,87,912.1,21.24,98,Cloudy,0
2005-07-12 15:00:00,Kozhikode,26.3,85,1008.2,43.2,99,Rain,0.3
2018-10-20 17:00:00,Bhavnagar,35,28,1007.7,31.68,27,Clear,0
2013-08-02 07:00:00,Ajmer,25.6,90,946,51.12,33,Clear,0
1996-07-28 21:00:00,Ratnagiri,24.3,93,999.2,61.2,65,Rain,0.9
2010-12-12 02:00:00,Barmer,11.3,43,986.1,27.36,0,Clear,0
2017-12-07 01:00:00,Khammam,20.1,93,995.3,20.52,86,Cloudy,0
2011-12-18 05:00:00,Chikkamagaluru,11.3,91,897.4,25.92,52,Clear,0
2025-02-11 03:00:00,Anand,16.2,57,1007.7,32.4,0,Clear,0
2024-10-16 12:00:00,Bikaner,35.8,17,984.1,44.28,99,Cloudy,0
2023-07-13 07:00:00,Bikaner,30.9,71,975.7,29.88,44,Clear,0
2012-04-19 04:00:00,Nizamabad,29.2,46,962.7,46.8,62,Cloudy,0
2006-06-07 12:00:00,Hubballi,27.4,63,941,53.28,100,Rain,0.2
1997-02-05 08:00:00,Wayanad,21.2,82,928.2,1.8,20,Clear,0
2021-12-14 16:00:00,Hubballi,27.2,50,941.7,40.32,95,Cloudy,0
2017-01-31 17:00:00,Ratnagiri,27.4,69,1002,57.96,0,Clear,0
2026-01-10 05:00:00,Surat,15.6,72,1014.1,45,66,Cloudy,0
2014-01-12 13:00:00,Thrissur,33.2,35,1009.5,5.76,1,Clear,0
2003-04-22 14:00:00,Pune,39.3,17,947.7,29.52,43,Clear,0
2016-09-04 16:00:00,Udaipur,27.5,62,944.5,51.84,30,Clear,0
2010-07-15 13:00:00,Jodhpur,33.9,53,978.5,25.92,18,Clear,0
1997-08-23 08:00:00,Pune,22.1,95,943.4,83.88,100,Rain,1.9
2022-11-11 14:00:00,Junagadh,33.7,21,1003.5,36,46,Clear,0
2012-07-26 12:00:00,Kozhikode,26.7,84,1008,34.92,100,Cloudy,0
2010-01-12 00:00:00,Delhi_North,8.8,88,990.7,26.64,0,Clear,0
2008-04-21 21:00:00,Mangaluru,28.5,78,1005.6,20.88,65,Cloudy,0
1999-12-21 09:00:00,Dharwad,20.6,50,934.1,53.28,0,Clear,0
1999-08-15 19:00:00,Dharwad,23.1,82,929.6,42.84,91,Cloudy,0
2015-11-04 13:00:00,Hyderabad,31.2,41,956,32.76,52,Clear,0
2008-06-28 01:00:00,Jodhpur,31.2,57,974.1,81.72,83,Cloudy,0
2002-09-21 12:00:00,Rajkot,31.3,56,996.9,33.48,8,Clear,0
1997-01-18 21:00:00,Khammam,23,61,1001.6,30.96,24,Clear,0
2017-05-17 08:00:00,Ajmer,31.4,34,951.6,64.08,5,Clear,0
2016-06-01 07:00:00,Mumbai,28.7,86,1008.3,21.24,40,Rain,0.2
2019-10-24 07:00:00,Bharuch,24,79,1006.1,29.52,18,Clear,0
2015-01-01 22:00:00,New_Delhi,15.6,76,992.4,23.04,96,Cloudy,0
2011-07-13 06:00:00,Warangal,24.7,92,970,43.92,100,Rain,0.9
2016-01-24 19:00:00,Ratnagiri,26.7,64,1005.5,25.56,0,Clear,0
2003-08-05 00:00:00,Delhi_North,26,96,978.7,14.76,88,Cloudy,0
2012-04-07 16:00:00,Wayanad,26.8,70,924.6,21.24,59,Clear,0
2021-05-25 07:00:00,Hyderabad,28.5,47,950.3,56.16,100,Cloudy,0
2013-11-23 01:00:00,Idukki,16.6,100,895.7,19.44,82,Cloudy,0
2004-05-21 07:00:00,Surat,28.6,70,1003.2,100.8,48,Clear,0
1998-08-13 16:00:00,Karimnagar,30.4,64,971,40.32,100,Cloudy,0
2012-04-06 14:00:00,Bikaner,39.1,9,979.1,57.6,15,Clear,0
2004-08-08 04:00:00,Rajkot,24.2,95,987.2,55.8,100,Rain,2.7
2021-04-07 14:00:00,Adilabad,40,14,977.9,14.04,22,Clear,0
2012-06-20 20:00:00,Pune,23.4,86,944.8,52.92,100,Rain,0.1
2021-03-10 13:00:00,Ganganagar,30.8,25,992,11.52,0,Clear,0
2004-01-01 10:00:00,Aurangabad,23.1,36,952.1,18.72,0,Clear,0
2016-03-12 03:00:00,Rajkot,20.7,92,996.9,38.88,9,Clear,0
2020-04-10 03:00:00,Ganganagar,21.5,51,989.9,51.12,100,Cloudy,0
2014-09-10 12:00:00,Hubballi,25.8,68,941.3,73.08,48,Rain,0.1
2000-02-28 09:00:00,Junagadh,22.8,41,1005.2,32.04,0,Clear,0
1996-04-06 16:00:00,Nagpur,37.1,18,972.3,37.44,31,Clear,0
2017-10-01 16:00:00,Junagadh,32.1,51,997.3,20.88,41,Clear,0
2012-01-31 09:00:00,Ratnagiri,24.5,58,1006.1,13.32,4,Clear,0
2005-07-05 19:00:00,Hyderabad,26.1,69,947.1,74.52,100,Cloudy,0
2025-11-29 00:00:00,Thrissur,25.2,53,1007.6,44.64,100,Cloudy,0
2022-10-03 06:00:00,Ganganagar,21.9,68,986.7,33.12,0,Clear,0
2015-07-19 06:00:00,Nizamabad,26.3,71,959.2,59.76,100,Cloudy,0
2021-11-23 19:00:00,Ganganagar,15.8,79,990.2,32.04,0,Clear,0
2019-08-22 02:00:00,Bengaluru,20,94,909.2,47.88,99,Cloudy,0
2000-11-13 05:00:00,Thrissur,25.3,75,1004.5,44.64,70,Cloudy,0
2025-09-16 09:00:00,Bengaluru,23.9,74,912.7,39.6,100,Cloudy,0
2011-08-15 12:00:00,Nizamabad,29.4,61,963.2,46.8,99,Cloudy,0
2016-02-12 10:00:00,Warangal,27.6,55,984,50.4,84,Cloudy,0
1996-03-02 18:00:00,Thrissur,30,55,1006.3,48.24,0,Clear,0
2022-04-30 04:00:00,Nashik,24.7,47,942.6,35.64,0,Clear,0
2004-12-20 11:00:00,Mumbai,25.5,63,1011.8,13.32,1,Clear,0
2008-10-27 11:00:00,Pune,30.8,26,950.8,10.44,4,Clear,0
2013-09-01 02:00:00,Chikkamagaluru,19.6,98,896.6,5.76,100,Cloudy,0
1999-01-06 00:00:00,Amravati,16.3,59,970.5,30.24,0,Clear,0
2009-05-29 08:00:00,Ratnagiri,29,68,1000.4,28.44,61,Cloudy,0
2009-05-08 16:00:00,Wayanad,25,84,923.9,34.56,53,Rain,0.3
2014-05-31 08:00:00,Hyderabad,32.7,41,950.8,72.36,1,Clear,0
2004-02-15 23:00:00,Karimnagar,21.1,56,982.3,32.04,0,Clear,0
2005-11-21 22:00:00,Bengaluru,18.1,98,913.3,54.72,100,Rain,1.8
2000-05-31 14:00:00,Delhi_North,38.1,34,975.6,48.24,15,Clear,0
2019-09-21 02:00:00,Kollam,25.1,95,1006.8,16.56,82,Rain,0.2
1996-02-13 20:00:00,Kochi,27.2,76,1008.7,13.32,12,Clear,0
2017-10-10 15:00:00,Khammam,30.5,67,987.4,26.64,23,Clear,0
2015-02-14 00:00:00,Thiruvananthapuram,25.4,86,1011.2,5.4,30,Rain,0.3
2018-07-01 21:00:00,Jaipur,29.8,68,952.4,27.36,100,Cloudy,0
2006-08-16 10:00:00,Adilabad,27.6,71,971.2,71.28,90,Cloudy,0
2014-10-03 19:00:00,Surat,30,69,1006.7,36.72,3,Clear,0
2017-04-11 19:00:00,Khammam,31.5,17,990.8,42.48,0,Clear,0
2007-11-17 22:00:00,Kolhapur,23,31,949.3,34.92,0,Clear,0
2008-10-22 03:00:00,Kalaburagi,21.1,62,957.2,24.12,37,Clear,0
2007-08-02 19:00:00,Ahmedabad,26.5,93,994.3,38.52,100,Rain,0.4
2024-12-22 18:00:00,Kollam,28.1,73,1007.6,48.24,1,Clear,0
2025-03-01 21:00:00,Ajmer,23.1,35,957.5,43.2,0,Clear,0
2008-04-19 11:00:00,Kozhikode,30.2,67,1006.9,28.08,36,Clear,0
1996-08-02 13:00:00,Mysuru,26.3,60,928.7,88.92,100,Cloudy,0
2016-06-05 21:00:00,Kota,37.9,13,972.6,33.84,7,Clear,0
2000-01-20 21:00:00,Bhavnagar,21.8,61,1008.6,36.36,0,Clear,0
2018-12-20 13:00:00,Shivamogga,28.5,41,947.9,37.44,0,Clear,0
1997-05-01 20:00:00,New_Delhi,27.1,50,984.9,23.76,94,Cloudy,0
2000-03-04 21:00:00,Nashik,20.4,39,946.6,32.4,0,Clear,0
2002-07-21 17:00:00,Hyderabad,29.1,56,949.5,41.4,100,Cloudy,0
2022-09-23 23:00:00,Bikaner,27.6,71,978,38.52,9,Clear,0
2022-05-06 17:00:00,Adilabad,40.2,12,972.2,28.8,1,Clear,0
2008-12-11 08:00:00,Ratnagiri,25,73,1005,20.16,72,Cloudy,0
1997-01-14 21:00:00,Bhavnagar,20.6,47,1012.7,32.4,0,Clear,0
2013-07-06 09:00:00,Kochi,25.9,85,1008.8,28.44,67,Rain,0.3
2013-08-28 17:00:00,Karimnagar,25.6,92,975.2,14.76,100,Rain,1.4
2017-05-13 02:00:00,Hubballi,24.8,89,938.9,29.88,71,Cloudy,0
2016-06-21 06:00:00,Karimnagar,25.5,87,972.2,47.52,14,Clear,0
2013-03-09 09:00:00,Hubballi,27.5,56,946.1,10.44,2,Clear,0
2011-12-17 12:00:00,Warangal,27.7,38,985.4,15.84,0,Clear,0
2010-03-12 02:00:00,Nagpur,25.4,52,979.4,21.6,24,Clear,0
2012-10-24 05:00:00,Kalaburagi,20.3,93,960.8,21.96,50,Clear,0
2000-01-19 20:00:00,Kolhapur,27.1,36,950.9,33.12,0,Clear,0
2004-03-26 20:00:00,Wayanad,23.4,94,926.3,23.76,55,Clear,0
2011-08-07 18:00:00,Adilabad,27.2,79,970.2,25.56,100,Rain,0.4
2010-08-01 02:00:00,Karimnagar,25.8,76,972.7,55.8,100,Cloudy,0
2006-12-25 23:00:00,Ajmer,17.5,61,959,41.4,12,Clear,0
2008-05-06 09:00:00,Solapur,29.6,39,957.9,74.88,0,Clear,0
2006-08-29 16:00:00,Ahmedabad,30,66,997.9,35.64,68,Cloudy,0
2005-01-31 17:00:00,Bengaluru,23.2,64,911.7,27.36,40,Clear,0
2012-02-17 14:00:00,Ahmedabad,28.2,30,1006.6,48.6,0,Clear,0
2023-01-19 00:00:00,Nashik,14.2,85,948.2,28.8,0,Clear,0
1999-04-17 05:00:00,Wayanad,21.1,99,924.8,13.32,98,Cloudy,0
2020-04-20 14:00:00,Udaipur,34,20,946.2,48.96,72,Cloudy,0
2009-03-11 17:00:00,Thiruvananthapuram,27.6,80,1007.7,20.16,23,Rain,0.2
2016-06-30 10:00:00,Rajkot,30.2,69,987.8,32.4,52,Clear,0
2004-05-15 15:00:00,Solapur,37.8,29,950.2,41.4,14,Clear,0
2008-04-20 05:00:00,Mumbai,24,94,1007,32.4,3,Clear,0
2004-03-24 06:00:00,Mumbai,22.7,97,1008.1,22.32,11,Clear,0
1997-09-11 06:00:00,Surat,24.9,93,1005.9,69.48,99,Rain,0.6
1996-08-23 02:00:00,Dharwad,20.5,97,928.8,27.72,100,Cloudy,0
2007-09-03 04:00:00,Udaipur,23.9,97,939.3,12.24,99,Cloudy,0
2013-06-17 15:00:00,Solapur,28.3,68,949.3,77.4,90,Rain,2.6
2005-05-04 12:00:00,Wayanad,28.8,57,926.4,29.88,85,Cloudy,0
2006-12-09 18:00:00,Ratnagiri,28,55,1004.3,25.92,84,Cloudy,0
1999-02-24 09:00:00,Hyderabad,28.5,38,960.3,30.24,0,Clear,0
2022-06-18 17:00:00,Barmer,37.8,31,976.8,92.52,8,Clear,0
2017-04-09 15:00:00,Khammam,37.8,29,990.5,23.04,46,Clear,0
2005-05-25 22:00:00,Jaipur,30.7,23,956.9,26.64,7,Clear,0
2022-04-14 10:00:00,Adilabad,37.5,27,977.9,61.56,68,Cloudy,0
1997-12-06 22:00:00,Wayanad,19.9,99,929.4,17.64,99,Rain,1.1
2015-01-29 03:00:00,Ratnagiri,21.7,89,1002.2,14.4,0,Clear,0
2001-08-14 11:00:00,Bhavnagar,28.8,80,1002.1,42.84,55,Rain,0.1
2002-05-28 22:00:00,Shivamogga,23.4,89,946.1,37.44,95,Cloudy,0
2019-04-05 06:00:00,Surat,25.7,93,1008.9,68.4,10,Clear,0
2004-01-28 08:00:00,Solapur,20.6,79,959.9,67.32,78,Rain,0.2
2020-03-26 18:00:00,Hubballi,32.2,27,940.1,36.36,16,Clear,0
2017-05-21 10:00:00,Kochi,29.4,84,1007.7,12.6,93,Rain,0.4
2005-10-18 01:00:00,Ajmer,24.1,35,958.2,33.12,12,Clear,0
2022-08-24 20:00:00,Idukki,18.9,100,897.5,42.48,100,Rain,0.5
2016-11-14 21:00:00,Junagadh,22.7,35,1005.3,33.12,0,Clear,0
2002-03-24 20:00:00,Warangal,31.2,34,974.6,33.12,0,Clear,0
2001-06-01 10:00:00,Dharwad,28.7,51,929.8,61.92,33,Clear,0
2021-02-19 21:00:00,Kollam,27,82,1010.4,18.36,62,Cloudy,0
2023-11-16 11:00:00,Thrissur,32,56,1009.5,46.44,12,Clear,0
2014-07-04 21:00:00,Amravati,33,37,963.1,46.8,100,Cloudy,0
2022-05-14 13:00:00,Aurangabad,40,18,939.7,32.04,14,Clear,0
2000-06-04 10:00:00,Adilabad,30.4,71,971.9,29.52,100,Cloudy,0
2003-10-13 02:00:00,Udaipur,19.1,56,947,33.84,0,Clear,0
2025-01-13 12:00:00,Nizamabad,28.2,41,970.2,24.12,0,Clear,0
2008-09-22 10:00:00,Barmer,28.8,60,985.8,65.16,14,Clear,0
2020-02-18 08:00:00,Mysuru,21.4,54,933.4,43.92,44,Clear,0
2018-03-08 17:00:00,Khammam,34.2,36,994,15.48,2,Clear,0
2004-02-09 15:00:00,Kalaburagi,29.6,23,962.5,17.64,0,Clear,0
2014-03-10 00:00:00,Nagpur,20.2,87,979,18,51,Rain,0.6
2006-01-20 13:00:00,Khammam,32.8,30,997.9,23.04,0,Clear,0
2016-06-19 18:00:00,Karimnagar,26.5,87,969.3,27.72,95,Cloudy,0
2021-11-28 04:00:00,Hubballi,17.4,80,940.7,45,100,Cloudy,0
2019-10-06 09:00:00,Kota,27.6,77,983.9,12.6,2,Clear,0
1998-01-20 09:00:00,Kota,12.1,55,988.6,16.92,17,Clear,0
2012-06-24 09:00:00,Nashik,24.4,84,940.4,73.8,98,Rain,0.3
2004-01-10 08:00:00,Hyderabad,17.5,50,962,29.88,0,Clear,0
2008-07-28 02:00:00,Delhi_North,26.6,92,973.3,28.8,88,Cloudy,0
2022-11-22 06:00:00,Solapur,20.5,58,959.4,36,13,Clear,0
2017-03-15 22:00:00,New_Delhi,16.9,58,988.2,27.36,56,Clear,0
2002-06-11 13:00:00,Bhavnagar,34.8,60,999.3,19.44,76,Cloudy,0
1996-07-01 14:00:00,New_Delhi,32.6,65,976.5,51.84,61,Cloudy,0
2021-06-19 12:00:00,Karimnagar,29,66,975.9,75.24,100,Cloudy,0
2019-10-10 09:00:00,Thrissur,28,88,1009.6,2.52,42,Rain,0.3
2014-06-04 15:00:00,Ganganagar,43,18,979.5,6.48,9,Clear,0
2017-02-03 21:00:00,Mysuru,21.7,45,931.7,29.88,0,Clear,0
2005-08-19 06:00:00,Nagpur,25.3,82,968.6,53.28,100,Cloudy,0
2006-09-13 07:00:00,Khammam,25.6,91,993.6,14.76,93,Cloudy,0
2013-11-06 10:00:00,Dharwad,24,66,935.6,55.8,12,Clear,0
2021-08-03 08:00:00,Bikaner,29.8,70,975.7,78.84,94,Cloudy,0
2014-05-22 02:00:00,Nagpur,29.6,39,967,27.72,5,Clear,0
2008-03-02 11:00:00,Solapur,31.9,21,961.2,38.16,0,Clear,0
2008-09-23 19:00:00,Junagadh,25.7,81,998.9,29.52,57,Clear,0
2010-01-20 06:00:00,Surat,19.2,62,1013.7,42.12,0,Clear,0
2024-12-27 13:00:00,Shivamogga,30,46,949,56.88,76,Cloudy,0
2011-10-14 15:00:00,Dharwad,28.3,64,928.1,15.48,57,Rain,0.1
2017-09-18 19:00:00,Thrissur,24.4,96,1009.3,12.96,91,Rain,0.1
2005-06-25 09:00:00,Kollam,26.1,89,1009.3,36,100,Cloudy,0
2003-04-28 19:00:00,Ganganagar,32.8,24,986.2,36.72,10,Clear,0
2020-11-04 22:00:00,Kollam,25.2,96,1010,11.88,12,Clear,0
2008-06-21 11:00:00,Bikaner,34.7,46,976.1,96.12,9,Clear,0
2019-02-17 01:00:00,Jaipur,11.9,68,965.7,31.68,80,Cloudy,0
2018-07-14 17:00:00,Aurangabad,25,87,933.8,54.72,99,Rain,0.1
2023-03-28 04:00:00,Kolhapur,17.5,89,945.8,16.56,84,Cloudy,0
2006-02-09 17:00:00,Udaipur,28.5,18,952.5,27.72,0,Clear,0
2019-10-12 06:00:00,Mysuru,21,96,928.6,20.16,82,Cloudy,0
2010-03-30 12:00:00,Karimnagar,38.1,31,978.2,23.4,8,Clear,0
2018-07-12 22:00:00,Mangaluru,25.1,92,1006.4,62.64,99,Rain,1.8
2015-07-29 18:00:00,Pune,22,94,946.2,70.92,99,Rain,0.8
2014-11-04 19:00:00,Kolhapur,25,67,950.3,23.4,85,Cloudy,0
2009-08-23 17:00:00,Dharwad,22,93,926.3,52.92,100,Rain,0.9
2006-07-10 16:00:00,Udaipur,27.7,72,937.7,80.64,98,Rain,0.3
1999-11-25 18:00:00,Bhavnagar,27.9,50,1007.9,32.4,26,Clear,0
2014-10-17 22:00:00,Chikkamagaluru,21,85,901.8,14.4,95,Rain,0.1
2010-11-07 11:00:00,Kota,28.6,38,985.2,32.04,1,Clear,0
2003-06-26 14:00:00,Bikaner,40,33,970.1,89.28,7,Clear,0
2015-06-18 13:00:00,Pune,27.9,69,942.6,59.76,93,Rain,0.8
2025-12-01 07:00:00,Mumbai,19.6,62,1011.9,24.12,75,Cloudy,0
2014-05-26 13:00:00,Bengaluru,31.8,42,910.8,33.48,90,Cloudy,0
2001-10-28 13:00:00,Hubballi,29.8,31,941.2,49.68,0,Clear,0
2008-01-18 04:00:00,Kozhikode,22,80,1010.1,12.24,0,Clear,0
1996-05-01 23:00:00,Jodhpur,30.6,30,977.1,50.4,0,Clear,0
2020-02-02 12:00:00,Dharwad,29.1,43,934.8,52.56,22,Clear,0
2016-09-04 21:00:00,Khammam,25.3,91,994,20.16,100,Rain,0.3
2014-03-26 00:00:00,Surat,24.9,78,1008.8,46.8,0,Clear,0
2017-06-28 06:00:00,Jodhpur,26.1,91,973.9,30.24,100,Cloudy,0
2002-06-29 11:00:00,Thrissur,28.8,75,1010,39.24,71,Rain,0.2
2008-09-01 05:00:00,Khammam,24.4,93,992.5,3.96,65,Rain,0.1
2002-07-23 06:00:00,Karimnagar,24.5,82,976.7,45.72,100,Rain,0.4
2020-09-08 15:00:00,Ratnagiri,28.2,83,997.2,47.52,59,Rain,0.1
2015-03-05 18:00:00,Ganganagar,19.2,67,993.3,24.84,45,Rain,0.1
2021-09-10 02:00:00,Shivamogga,22,92,946.1,40.68,96,Cloudy,0
2007-09-17 09:00:00,Mangaluru,25.6,88,1006.8,23.76,100,Cloudy,0
2000-03-14 06:00:00,Nashik,16.3,99,944.7,9,18,Clear,0
2001-02-21 19:00:00,Nagpur,28.4,16,973.7,45,0,Clear,0
2002-03-02 08:00:00,Bikaner,15.8,83,986.8,31.32,88,Rain,0.9
2012-12-18 11:00:00,Kalaburagi,28,31,965.8,62.28,99,Cloudy,0
2014-07-18 00:00:00,Bikaner,29.1,85,971.2,36,99,Cloudy,0
2004-07-30 16:00:00,Ganganagar,35.4,52,978.8,15.84,93,Cloudy,0
2003-04-02 15:00:00,Ajmer,37.4,11,950.6,67.32,14,Clear,0
2022-06-05 05:00:00,Kalaburagi,27.6,66,953.9,46.44,79,Cloudy,0
2002-01-23 02:00:00,Anand,15.2,55,1008.2,33.12,0,Clear,0
2002-01-13 01:00:00,Dharwad,17.8,53,931.7,30.24,0,Clear,0
2011-03-09 01:00:00,Kolhapur,24.4,69,948.5,30.96,0,Clear,0
2003-10-18 11:00:00,Udaipur,30.9,27,951.7,24.48,0,Clear,0
2019-03-07 02:00:00,Udaipur,14.7,43,945.9,23.76,1,Clear,0
1998-08-07 11:00:00,Kochi,26.8,85,1009.1,22.32,95,Rain,0.9
2001-06-29 00:00:00,Bikaner,34.5,39,971.3,82.44,30,Clear,0
2021-03-01 10:00:00,Chikkamagaluru,25.5,36,905.2,31.32,2,Clear,0
2026-03-13 01:00:00,Pune,25.2,39,948.3,26.64,0,Clear,0
2013-01-14 09:00:00,Kozhikode,27.1,59,1012.6,3.96,13,Clear,0
2000-07-05 18:00:00,Dharwad,22.2,92,925.2,66.6,100,Rain,0.4
2025-04-21 03:00:00,Nagpur,30,29,971.5,10.08,0,Clear,0
2020-10-20 14:00:00,Ajmer,32.4,28,953.8,15.84,23,Clear,0
2010-12-11 03:00:00,Bhavnagar,16.9,52,1006.8,37.8,13,Clear,0
2006-06-03 00:00:00,Wayanad,20.1,99,926.6,29.88,100,Cloudy,0
1997-08-09 09:00:00,Bengaluru,22.6,74,914.6,71.28,100,Cloudy,0
2008-04-23 13:00:00,Mangaluru,31.4,68,1006,53.28,55,Clear,0
1997-01-08 13:00:00,Delhi_North,19.2,37,995.4,36,0,Clear,0
2026-02-09 22:00:00,Rajkot,20.2,44,999.9,38.88,0,Clear,0
2015-02-26 20:00:00,Aurangabad,25.4,34,943.8,38.52,0,Clear,0
2023-04-05 00:00:00,Wayanad,20.8,85,926.2,16.92,69,Cloudy,0
2011-10-17 17:00:00,Delhi_North,29.1,36,983.6,28.8,0,Clear,0
1998-07-23 07:00:00,Hyderabad,25.1,87,950,39.24,96,Cloudy,0
2004-03-22 15:00:00,Surat,33.9,36,1004.4,54.36,0,Clear,0
2021-08-29 16:00:00,Jaipur,31.9,55,953.1,24.84,33,Clear,0
2012-01-08 18:00:00,Delhi_North,13.9,71,991.4,32.76,4,Clear,0
2009-01-05 00:00:00,Jodhpur,17.1,66,987.9,47.16,5,Clear,0
2025-10-31 01:00:00,Bengaluru,19,90,912.4,30.24,2,Clear,0
2001-07-09 06:00:00,Khammam,24.5,89,985,44.64,100,Rain,0.5
2019-01-19 04:00:00,Shivamogga,18.6,51,947.2,29.88,0,Clear,0
2003-12-17 19:00:00,Ajmer,14.2,44,961.3,27.36,0,Clear,0
2001-06-29 11:00:00,Kalaburagi,30,50,955.8,75.6,100,Cloudy,0
2011-11-05 06:00:00,Idukki,16.6,99,896.8,18,74,Cloudy,0
2016-05-23 18:00:00,Surat,30.5,75,1002.7,132.48,0,Clear,0
2006-06-14 14:00:00,Nagpur,39.3,19,969.1,33.84,24,Clear,0
2012-10-24 19:00:00,Thrissur,25.4,94,1007.8,18.36,100,Rain,0.9
1997-04-20 08:00:00,Rajkot,24.5,69,998.2,26.28,100,Cloudy,0
2001-07-13 19:00:00,New_Delhi,29.3,77,975.2,28.44,96,Cloudy,0
1999-09-03 14:00:00,Thrissur,26.6,82,1008.3,40.32,99,Rain,0.2
2007-02-18 13:00:00,Hyderabad,29.2,33,956.8,36.36,86,Cloudy,0
2004-07-22 21:00:00,Adilabad,25.6,86,975,38.52,100,Cloudy,0
1999-06-23 02:00:00,Hubballi,21.2,92,938.5,72,100,Rain,0.1
2017-08-28 18:00:00,Idukki,19.8,100,891.9,100.44,100,Rain,1.6
2010-02-10 17:00:00,Barmer,23.3,7,991.9,59.76,0,Clear,0
2008-01-02 03:00:00,Jodhpur,9.6,33,990,46.08,32,Clear,0
1996-06-21 12:00:00,Warangal,32.4,47,973.7,52.2,100,Cloudy,0
2014-10-08 19:00:00,Surat,29.9,74,1005.7,35.64,43,Clear,0
2004-11-14 11:00:00,Jaipur,27.8,22,969.1,39.6,0,Clear,0
1997-08-04 09:00:00,Kalaburagi,26.1,67,957,119.88,69,Cloudy,0
2008-04-27 20:00:00,Jodhpur,35.1,11,976.1,12.96,0,Clear,0
2016-06-07 08:00:00,Kochi,25.6,94,1009,30.96,100,Rain,0.4
2009-09-27 05:00:00,Thrissur,24.3,93,1006,11.16,100,Rain,0.3
2016-10-16 18:00:00,Bikaner,33.7,18,984.6,33.48,0,Clear,0
2011-08-31 09:00:00,Pune,24.2,88,942.6,43.2,96,Rain,0.2
2010-03-31 16:00:00,Ahmedabad,36.7,21,999.1,56.88,0,Clear,0
2020-12-12 04:00:00,Kalaburagi,18.6,68,961.1,29.52,0,Clear,0
2007-10-28 09:00:00,Hubballi,24.8,75,941.2,61.56,100,Cloudy,0
1998-08-22 12:00:00,Khammam,30,68,989.7,31.32,100,Cloudy,0
2023-02-03 00:00:00,Hubballi,20.5,49,942.7,38.52,0,Clear,0
2002-06-18 17:00:00,Aurangabad,29.3,61,938,54.72,95,Cloudy,0
2010-03-12 13:00:00,Chikkamagaluru,32.4,20,905.5,59.76,86,Cloudy,0
2007-02-18 16:00:00,Kolhapur,31,26,947.4,45.36,53,Clear,0
2002-12-13 01:00:00,Kolhapur,20.4,53,954.4,29.88,72,Cloudy,0
2013-03-31 12:00:00,Chikkamagaluru,32.8,28,900.7,20.88,0,Clear,0
2012-05-17 00:00:00,Barmer,30.9,47,980.7,93.96,6,Clear,0
2008-11-19 08:00:00,Pune,24.9,72,951,18.72,1,Clear,0
2010-10-11 18:00:00,Kollam,26.6,83,1007.9,24.84,87,Cloudy,0
2024-08-09 09:00:00,Chikkamagaluru,21.5,84,900.6,45.36,100,Cloudy,0
2019-07-23 08:00:00,Anand,30.4,79,996.2,16.92,27,Clear,0
2010-01-30 01:00:00,Pune,18,60,951.5,28.44,18,Clear,0
2006-08-21 09:00:00,Bikaner,28.3,72,975.7,61.56,44,Clear,0
2020-03-02 12:00:00,Udaipur,27.5,29,949.9,16.2,2,Clear,0
2013-03-31 01:00:00,Udaipur,21.8,42,946.4,30.24,100,Cloudy,0
2001-11-01 02:00:00,Bengaluru,16.9,80,910.7,25.92,10,Clear,0
2015-02-22 09:00:00,Thiruvananthapuram,26.9,56,1012.7,32.4,0,Clear,0
2004-07-16 10:00:00,Nizamabad,24.4,93,960.3,39.24,100,Rain,2
2002-01-01 17:00:00,Bikaner,22,30,992.9,28.08,0,Clear,0
2006-06-14 15:00:00,Idukki,23.8,76,896.1,27.36,94,Rain,0.2
2025-08-14 02:00:00,Junagadh,24.5,94,993,29.16,100,Cloudy,0
2016-12-26 05:00:00,Mumbai,18.5,82,1010.5,19.08,0,Clear,0
1997-11-26 16:00:00,Hubballi,25.6,71,941.9,11.88,100,Rain,0.2
2019-05-16 20:00:00,Ratnagiri,27,80,1001.8,40.32,0,Clear,0
2013-06-14 17:00:00,Delhi_North,35.6,43,972.3,18,99,Cloudy,0
2014-09-08 11:00:00,Ahmedabad,26.6,90,999.5,55.44,100,Rain,0.4
2005-11-23 01:00:00,Hubballi,21.6,82,942.3,57.24,98,Cloudy,0
2000-11-12 18:00:00,Kolhapur,27.1,46,947.5,25.92,100,Cloudy,0
2019-10-21 15:00:00,Surat,30.5,61,1006.1,53.28,71,Cloudy,0
2016-01-13 13:00:00,Solapur,29.5,24,960.2,46.08,99,Cloudy,0
2008-07-03 12:00:00,Bharuch,26.3,93,1001.8,50.4,99,Rain,4.4
2025-01-26 08:00:00,New_Delhi,9.4,76,991,36.36,0,Clear,0
1999-02-01 07:00:00,Kozhikode,22.6,93,1009.3,12.96,12,Clear,0
1996-05-20 08:00:00,Hyderabad,31,37,954.1,42.84,0,Clear,0
2024-08-19 21:00:00,Thiruvananthapuram,24.4,96,1007.3,24.48,89,Rain,0.1
2024-10-13 05:00:00,Chikkamagaluru,17.8,100,897.6,9.72,100,Cloudy,0
2003-12-01 05:00:00,Khammam,19.4,94,999.8,21.6,45,Clear,0
2002-11-26 01:00:00,Kochi,24.4,95,1009.9,8.28,31,Clear,0
2012-04-01 01:00:00,Chikkamagaluru,20.6,82,898.5,3.6,1,Clear,0
2019-11-15 16:00:00,Bikaner,23.1,73,988.9,29.16,100,Cloudy,0
2008-02-25 11:00:00,Surat,27,34,1013.1,45,0,Clear,0
2024-07-13 22:00:00,Jodhpur,30.7,63,973.6,58.32,8,Clear,0
2023-03-07 02:00:00,Adilabad,23.9,46,983.3,18.72,57,Clear,0
2022-01-20 20:00:00,Pune,20,55,948.7,28.44,0,Clear,0
2018-05-28 03:00:00,Hyderabad,27.1,61,946.6,19.44,18,Clear,0
2018-05-09 07:00:00,Mysuru,23.1,90,926.6,21.24,99,Cloudy,0
2023-01-17 16:00:00,Kollam,29,66,1007.9,48.24,100,Cloudy,0
2002-12-07 01:00:00,Nagpur,18.5,65,978.9,23.76,1,Clear,0
2017-08-13 18:00:00,Kota,28.2,78,974,36.72,59,Clear,0
2019-07-07 01:00:00,Bhavnagar,27.2,85,995.9,41.4,100,Rain,0.2
1996-07-22 17:00:00,Ratnagiri,25,92,994.8,53.64,100,Rain,1.2
2015-02-10 07:00:00,Bikaner,9.3,86,994,32.04,0,Clear,0
2009-07-08 22:00:00,Hubballi,21.5,98,937.1,84.6,100,Rain,1
2000-05-06 04:00:00,Barmer,28.9,48,981.7,57.96,3,Clear,0
2011-04-07 21:00:00,Ajmer,26.1,23,956.8,56.16,0,Clear,0
2016-06-17 13:00:00,Kolhapur,29.1,62,944.5,72,80,Cloudy,0
2016-03-21 01:00:00,Bengaluru,24.9,51,913.2,38.52,3,Clear,0
1999-12-07 00:00:00,Solapur,19.6,50,960.4,45.36,0,Clear,0
2001-02-14 00:00:00,Ahmedabad,19.4,37,1003.7,32.76,0,Clear,0
1997-08-20 08:00:00,Solapur,25.2,77,955.4,72,99,Cloudy,0
2012-11-23 03:00:00,Mumbai,21.4,69,1009.9,28.8,3,Clear,0
2022-05-14 00:00:00,Thrissur,24.9,95,1004.6,26.28,100,Rain,2.2
2024-03-20 17:00:00,Karimnagar,29.1,46,979.9,18.72,2,Clear,0
2023-12-28 04:00:00,Kochi,24.5,87,1009.7,12.24,2,Clear,0
2025-03-08 07:00:00,Jodhpur,20.2,35,984.1,9.36,0,Clear,0
2013-10-12 01:00:00,Kozhikode,24.3,91,1009,15.12,100,Rain,0.1
2023-11-20 04:00:00,Ratnagiri,26.4,62,1002.1,39.24,84,Cloudy,0
2012-10-02 00:00:00,Nizamabad,23.5,95,963.8,23.76,100,Rain,1.2
2013-12-07 01:00:00,Mumbai,24.1,72,1010.2,31.68,0,Clear,0
2019-11-08 20:00:00,Kochi,26.3,93,1011.1,13.68,94,Rain,1.2
2024-10-14 00:00:00,Bhavnagar,27.2,88,1006.9,29.16,100,Cloudy,0
2006-10-18 01:00:00,Delhi_North,23.5,68,986.9,24.84,12,Clear,0
2005-10-28 23:00:00,Kalaburagi,23.8,78,959.8,42.84,100,Cloudy,0
2006-06-26 11:00:00,Idukki,22.5,85,898,61.56,100,Rain,0.1
2008-05-08 07:00:00,Mumbai,27.4,73,1009.2,27.36,64,Cloudy,0
2024-10-02 22:00:00,Nagpur,27.1,81,972.9,33.12,46,Clear,0
2011-07-28 23:00:00,Bhavnagar,27.2,84,1001.6,45,97,Cloudy,0
1996-11-09 02:00:00,Mumbai,24.5,88,1009.9,16.56,55,Clear,0
2001-03-22 22:00:00,Dharwad,23.8,61,928.3,45.36,6,Clear,0
2006-07-27 04:00:00,New_Delhi,25.2,97,975.7,14.4,100,Rain,0.2
2018-05-14 13:00:00,Jodhpur,41.8,15,979.9,56.88,17,Clear,0
2012-01-27 18:00:00,Barmer,21.7,23,990.8,33.84,0,Clear,0
2001-01-21 12:00:00,Shivamogga,28.7,30,947.7,50.76,86,Cloudy,0
2003-05-06 21:00:00,Adilabad,33.1,17,975.7,32.04,0,Clear,0
2005-10-08 05:00:00,Anand,22.6,80,1005.5,23.04,0,Clear,0
2004-12-04 14:00:00,Kollam,30.6,57,1008.2,24.48,33,Clear,0
2025-04-06 20:00:00,Delhi_North,30.3,26,981.2,4.68,0,Clear,0
2018-11-12 17:00:00,Idukki,21.2,90,897.5,16.92,57,Rain,0.1
2002-02-14 19:00:00,Jodhpur,20.9,25,991.8,36.72,93,Cloudy,0
2023-02-15 08:00:00,Nashik,18.2,41,949.5,21.24,0,Clear,0
2016-03-23 17:00:00,Mumbai,33.2,43,1005.2,57.96,0,Clear,0
2012-03-14 20:00:00,Karimnagar,29.4,24,980.7,33.84,1,Clear,0
2008-10-12 00:00:00,New_Delhi,25.2,61,987.7,14.76,0,Clear,0
2025-05-30 21:00:00,Ahmedabad,30.6,75,992.4,44.64,0,Clear,0
2022-09-28 22:00:00,Kozhikode,25.2,88,1008.2,33.12,43,Clear,0
2004-12-25 12:00:00,Adilabad,28.5,43,985.9,27.72,0,Clear,0
2009-10-11 09:00:00,Kollam,27.1,79,1011.6,27.72,24,Clear,0
2015-01-21 10:00:00,Ajmer,18.6,57,964.1,47.88,43,Clear,0
2007-07-22 08:00:00,Kozhikode,24.4,94,1007.9,19.44,100,Rain,0.5
2003-07-26 09:00:00,Surat,26.9,90,998.7,81,69,Rain,0.4
2002-02-10 09:00:00,Bikaner,9.5,40,995.3,41.4,0,Clear,0
2006-02-12 14:00:00,Adilabad,32.8,17,982.6,18.72,0,Clear,0
2003-10-11 14:00:00,Ajmer,33.3,17,954.1,70.2,0,Clear,0
2013-04-26 22:00:00,Thiruvananthapuram,26.7,90,1010,17.28,68,Cloudy,0
2023-07-01 05:00:00,Chikkamagaluru,19.6,97,897.9,66.96,100,Cloudy,0
2001-12-29 13:00:00,Ganganagar,18.7,56,1001,12.6,30,Clear,0
2021-04-21 07:00:00,Chikkamagaluru,21.3,88,901,22.32,53,Rain,0.3
2024-04-27 23:00:00,Kolhapur,27,58,946.6,34.56,0,Clear,0
1998-01-23 13:00:00,Kochi,30,68,1009.2,19.44,24,Clear,0
1998-07-12 17:00:00,Adilabad,30.1,65,970.7,34.92,94,Rain,0.3
1996-01-11 07:00:00,Bikaner,8.4,73,988.1,46.44,0,Clear,0
2012-06-02 18:00:00,Warangal,39.6,17,969.5,29.16,0,Clear,0
2013-12-09 13:00:00,Nashik,26.8,26,946.1,29.16,0,Clear,0
2008-03-07 19:00:00,Mangaluru,27.6,73,1007.4,47.88,1,Clear,0
2010-06-21 08:00:00,Mysuru,23.2,82,928.7,41.04,98,Cloudy,0
2014-05-20 22:00:00,Mangaluru,27.6,86,1006.5,1.8,98,Cloudy,0
2010-12-27 03:00:00,Kochi,23.4,91,1008.6,9.72,53,Clear,0
2008-11-27 21:00:00,Nashik,20.5,35,948.2,54.36,29,Clear,0
2025-02-02 05:00:00,Udaipur,13.4,38,947.4,33.84,0,Clear,0
2001-05-22 21:00:00,Barmer,35,38,981,39.24,2,Clear,0
2018-12-09 08:00:00,Karimnagar,25,74,983.2,54.72,62,Cloudy,0
2011-03-07 03:00:00,Barmer,20.5,47,991.6,51.48,0,Clear,0
2017-08-08 23:00:00,Hubballi,22.4,93,939.9,45.36,98,Cloudy,0
2013-08-05 10:00:00,Mysuru,23,81,927.5,54.36,100,Cloudy,0
2008-01-14 01:00:00,Bhavnagar,20,61,1012,44.28,86,Cloudy,0
2013-08-30 05:00:00,Wayanad,19.1,99,925.9,15.84,94,Cloudy,0
2018-06-08 18:00:00,Ajmer,38.8,25,942,53.64,29,Clear,0
2000-08-19 09:00:00,Ahmedabad,26.5,83,998.6,45.72,97,Rain,0.4
2004-08-09 02:00:00,Delhi_North,26,96,974.5,11.88,100,Cloudy,0
1998-01-23 23:00:00,New_Delhi,9,79,993.3,34.2,0,Clear,0
2009-05-21 21:00:00,Nagpur,33.7,34,967,24.48,24,Clear,0
1998-06-07 06:00:00,Thiruvananthapuram,25.4,90,1008.6,36,100,Cloudy,0
2005-09-28 11:00:00,Bengaluru,26,69,912.9,30.24,97,Cloudy,0
2009-09-13 09:00:00,Ajmer,28.5,57,957.4,64.08,0,Clear,0
2020-08-08 06:00:00,Barmer,26.2,95,978,46.08,100,Rain,1.5
2018-03-03 00:00:00,Ratnagiri,24.1,73,1001.5,14.76,0,Clear,0
2012-06-27 19:00:00,Wayanad,20.6,100,926.5,27.72,100,Rain,1.1
2011-01-13 05:00:00,Kota,9.9,74,980.1,17.28,0,Clear,0
1998-12-30 20:00:00,Jodhpur,19.8,50,989.2,43.92,0,Clear,0
2015-02-15 21:00:00,Nizamabad,24.8,36,968.1,22.32,0,Clear,0
2007-12-20 12:00:00,Barmer,24.2,22,995.4,31.32,0,Clear,0
2013-02-16 22:00:00,Barmer,13.8,83,987.9,39.24,0,Clear,0
2018-02-01 15:00:00,Pune,30,18,950.6,32.04,0,Clear,0
2009-02-14 02:00:00,Kolhapur,19.8,61,947.6,32.4,0,Clear,0
1999-02-07 00:00:00,Kalaburagi,23.5,50,963.9,41.04,13,Clear,0
2008-07-10 11:00:00,Idukki,22.7,71,898.8,40.32,95,Rain,0.2
2010-06-08 10:00:00,Ahmedabad,31.9,59,1001.3,43.92,46,Clear,0
2009-02-17 18:00:00,Idukki,25.3,24,897.6,15.48,1,Clear,0
2017-06-01 10:00:00,Bharuch,35.5,49,1000.7,48.6,11,Clear,0
2014-08-06 07:00:00,Barmer,26,84,978.2,53.28,90,Rain,0.4
1997-12-04 00:00:00,Nizamabad,21.1,77,969.3,25.56,1,Clear,0
2023-01-05 13:00:00,Nashik,27.2,45,951.2,49.68,48,Clear,0
2020-06-21 18:00:00,Bhavnagar,31.6,65,998.4,52.56,46,Rain,0.1
2025-03-02 03:00:00,Junagadh,21.2,54,1001.1,29.52,0,Clear,0
2018-04-25 11:00:00,Kochi,29.4,78,1009.5,31.32,35,Clear,0
2008-02-26 09:00:00,Anand,21.6,32,1010.8,38.52,0,Clear,0
2010-02-14 11:00:00,New_Delhi,20.9,44,990.7,35.64,0,Clear,0
2000-09-06 11:00:00,Hubballi,25.3,71,940.1,54.36,100,Rain,0.2
1998-09-05 02:00:00,Hubballi,22.2,96,939.3,30.24,96,Cloudy,0
2026-01-17 00:00:00,Pune,20.8,57,951.4,16.92,5,Clear,0
2024-01-07 20:00:00,Junagadh,22.1,55,1004.7,55.8,0,Clear,0
2007-10-18 18:00:00,Shivamogga,24.9,72,946.2,31.32,99,Cloudy,0
1998-11-25 18:00:00,Ratnagiri,27.7,53,1003,33.12,0,Clear,0
2007-06-26 11:00:00,Thrissur,28.6,73,1007.1,65.16,100,Rain,0.1
1996-04-10 04:00:00,Adilabad,25.5,52,975.5,25.56,16,Clear,0
2023-07-06 04:00:00,New_Delhi,26.4,92,976.1,41.76,33,Clear,0
2000-05-13 10:00:00,Shivamogga,29,49,947.9,43.92,2,Clear,0
2008-03-30 14:00:00,Warangal,33.2,48,977.2,12.24,27,Clear,0
2005-02-28 15:00:00,Karimnagar,35.8,19,979.1,27.36,7,Clear,0
1999-11-10 20:00:00,Kozhikode,25.3,84,1011.1,15.84,13,Clear,0
2013-01-21 01:00:00,Jodhpur,9.1,65,994.1,46.8,0,Clear,0
1996-06-21 16:00:00,Dharwad,24.8,77,926.5,77.04,87,Rain,0.1
2026-02-10 19:00:00,Anand,23.3,61,1010.3,23.4,0,Clear,0
2012-11-19 09:00:00,Ahmedabad,23.3,46,1009.1,28.08,0,Clear,0
2023-08-13 12:00:00,Rajkot,31,61,990.3,96.84,97,Cloudy,0
2006-07-24 10:00:00,Amravati,27.8,70,968.9,71.64,68,Rain,0.1
2011-05-13 07:00:00,Thiruvananthapuram,26.3,76,1008.9,41.76,57,Clear,0
2016-04-20 23:00:00,Idukki,21.5,90,900.4,10.44,91,Cloudy,0
1997-08-10 09:00:00,Rajkot,27.8,75,994.9,55.08,36,Clear,0
2001-07-17 19:00:00,Jodhpur,27.5,82,974.7,57.6,99,Rain,0.2
2004-04-19 03:00:00,Mumbai,25.1,85,1006.1,9.36,35,Clear,0
2006-08-12 12:00:00,Kalaburagi,28.9,62,954,88.2,90,Cloudy,0
2024-06-04 19:00:00,Khammam,31.3,72,990.5,1.8,100,Cloudy,0
2008-08-28 09:00:00,Delhi_North,30.5,63,977.6,80.64,1,Clear,0
2013-02-01 06:00:00,Bengaluru,14.3,82,913.7,27.36,1,Clear,0
2012-05-19 17:00:00,Udaipur,35.5,23,944.2,38.88,84,Rain,0.8
1997-09-13 13:00:00,Delhi_North,30.7,73,981.6,7.92,26,Clear,0
2005-03-01 02:00:00,Adilabad,22.9,56,980.6,24.48,18,Clear,0
2018-02-12 01:00:00,Idukki,18.3,89,900.1,32.76,77,Cloudy,0
2013-02-13 07:00:00,Mangaluru,23,81,1006.8,23.4,94,Cloudy,0
2007-04-15 09:00:00,Bharuch,31.6,52,1007.6,12.96,0,Clear,0
2001-04-05 03:00:00,Shivamogga,22.9,82,945.1,10.44,12,Clear,0
2025-05-08 16:00:00,Khammam,35.6,33,989.5,27.36,44,Clear,0
2004-08-06 22:00:00,Delhi_North,28.5,79,974.5,33.12,98,Cloudy,0
1997-02-26 09:00:00,Pune,26.9,29,954,12.24,3,Clear,0
2004-02-08 22:00:00,Ratnagiri,24.5,62,1006.8,26.28,0,Clear,0
2000-03-06 06:00:00,Kozhikode,25.3,81,1008.4,13.32,60,Cloudy,0
2009-08-12 13:00:00,Hyderabad,29.3,61,950.4,43.2,100,Cloudy,0
1997-06-04 16:00:00,Jodhpur,28.9,67,982.9,67.32,53,Rain,0.6
2008-05-17 01:00:00,Bikaner,32.1,42,974.9,92.16,0,Clear,0
2010-11-19 19:00:00,Kota,21.4,67,982.9,31.68,0,Clear,0
2003-10-13 07:00:00,Delhi_North,16.8,64,987.3,37.8,0,Clear,0
2003-09-27 20:00:00,Karimnagar,24.9,91,975.5,23.4,85,Rain,0.4
2011-03-05 09:00:00,Bharuch,26,53,1009.9,29.52,0,Clear,0
1997-08-17 21:00:00,Wayanad,20.3,100,928.2,21.24,90,Rain,0.6
2007-09-18 07:00:00,Kolhapur,22.1,98,945,37.8,100,Rain,0.3
2003-12-26 01:00:00,Barmer,11.3,39,993.7,55.08,0,Clear,0
2000-03-30 15:00:00,Nagpur,38.9,9,972.2,34.92,0,Clear,0
2006-05-17 03:00:00,Mangaluru,28.1,77,1006.2,13.68,74,Cloudy,0
2023-01-10 01:00:00,Kochi,24.2,91,1012.4,28.8,100,Cloudy,0
2011-02-05 17:00:00,Anand,29,42,1005.6,15.84,0,Clear,0
2010-08-02 13:00:00,Bharuch,26.4,94,997.3,60.84,100,Rain,1.5
2002-09-21 15:00:00,Ratnagiri,27.3,75,1001.4,52.2,72,Rain,0.9
2010-02-25 11:00:00,New_Delhi,26,39,988.7,37.8,38,Clear,0
1997-06-26 13:00:00,Junagadh,31.6,69,988.7,92.16,68,Cloudy,0
2023-09-21 13:00:00,Bhavnagar,30.1,81,1003.2,50.04,85,Rain,0.1
2005-02-23 18:00:00,Mumbai,25.7,56,1011,29.88,0,Clear,0
2003-11-02 03:00:00,Thiruvananthapuram,24.4,88,1008.5,16.92,99,Cloudy,0
2015-06-19 08:00:00,Bengaluru,21.1,89,907.9,76.32,100,Cloudy,0
2020-11-29 09:00:00,Surat,27.4,47,1014.5,41.76,0,Clear,0
2007-02-20 12:00:00,Wayanad,30,34,930.3,58.68,6,Clear,0
2005-06-05 04:00:00,Nashik,22.6,90,940,52.2,31,Clear,0
2021-06-10 04:00:00,Bharuch,27.5,88,999.8,54,37,Rain,0.1
2023-11-27 11:00:00,Khammam,30.2,51,999.4,49.32,2,Clear,0
2022-02-09 23:00:00,Rajkot,18.8,49,1001,28.08,0,Clear,0
2008-08-07 16:00:00,Jodhpur,29.3,66,971.2,82.08,100,Cloudy,0
2024-04-12 02:00:00,Udaipur,23.6,41,946.5,25.2,97,Cloudy,0
2005-01-14 23:00:00,Solapur,21.1,42,959.3,36.36,0,Clear,0
