City,Temperature,Humidity,Pressure,Wind_Speed,Cloud_Cover,Weather,Rainfall,Year,Month,Day,Hour,DayOfWeek,Season
31,13.7,81,925.7,24.12,57,0,0.0,2011,12,25,3,3,3
4,27.6,86,1002.0,40.68,100,1,0.0,2023,8,5,22,2,0
8,27.5,90,1002.3,46.8,0,0,0.0,2018,5,21,5,1,2
34,16.4,46,996.7,37.08,6,0,0.0,2026,1,24,14,2,3
29,25.6,64,1012.8,30.96,98,1,0.0,2024,1,30,8,5,3
3,20.5,53,975.8,7.56,0,0,0.0,2000,2,29,8,5,3
46,20.5,86,927.0,6.48,100,1,0.0,2014,11,27,23,4,1
1,34.0,35,998.2,30.96,1,0,0.0,2016,6,3,22,0,0
44,15.7,74,946.5,16.2,0,0,0.0,2007,3,11,6,3,2
22,38.8,29,973.5,32.04,67,2,0.1,2014,5,19,15,1,2
21,35.8,16,955.9,33.48,8,0,0.0,2025,4,15,18,5,2
45,18.1,68,978.8,27.72,19,0,0.0,2008,11,5,4,6,1
3,24.2,90,970.3,23.4,97,2,1.1,2005,10,16,15,3,1
10,26.0,9,981.4,33.12,0,0,0.0,2025,4,23,2,6,2
30,29.4,76,1003.9,50.04,89,2,0.1,2021,7,7,15,6,0
27,22.5,76,978.2,40.32,0,0,0.0,2011,10,2,4,3,1
14,35.0,54,980.9,33.12,16,0,0.0,2016,7,19,13,5,0
12,29.9,66,978.4,29.52,0,0,0.0,2009,9,24,20,4,1
40,21.8,93,961.4,28.44,0,0,0.0,1997,10,2,6,4,1
25,25.0,87,946.6,16.56,44,0,0.0,2021,5,2,4,3,2
38,25.6,87,1000.7,31.32,1,0,0.0,1997,5,4,23,3,2
10,32.8,44,976.3,35.28,91,1,0.0,2003,9,5,15,0,1
21,27.5,31,961.8,21.96,0,0,0.0,1998,12,22,13,5,3
18,26.5,86,957.5,24.48,84,1,0.0,2020,7,25,7,2,0
30,25.1,89,1008.0,25.2,100,1,0.0,2005,8,23,2,5,0
2,17.5,57,960.1,32.4,2,0,0.0,2020,12,12,19,2,3
39,21.2,98,943.1,55.8,100,2,0.2,2006,6,4,6,3,0
43,24.7,93,1006.7,12.6,82,2,0.2,2009,9,23,3,6,1
4,28.2,82,1002.2,28.8,99,1,0.0,1997,8,30,10,2,0
24,25.2,94,1007.2,11.52,100,2,0.2,2010,6,9,5,6,0
39,27.1,66,947.8,54.0,11,2,0.1,2019,10,29,11,5,1
40,32.9,34,957.6,68.04,58,0,0.0,2010,4,9,23,0,2
15,21.9,98,940.4,29.88,97,1,0.0,2020,10,18,22,3,1
31,29.3,54,927.0,55.8,67,2,2.6,2006,5,13,16,2,2
27,30.0,24,988.8,23.4,0,0,0.0,2013,11,4,12,1,1
21,20.0,63,965.0,25.56,96,1,0.0,2001,12,30,4,3,3
45,26.4,87,979.0,30.24,94,2,0.1,2008,8,28,8,4,0
7,32.2,17,912.0,58.32,96,1,0.0,2021,3,18,15,4,2
26,30.5,58,1010.2,49.32,100,1,0.0,2024,11,23,10,2,1
25,22.6,95,949.2,21.96,50,0,0.0,2009,9,24,7,4,1
33,14.0,72,947.9,32.76,0,0,0.0,2005,11,20,6,3,1
45,21.8,75,980.7,10.8,63,1,0.0,2007,12,15,3,2,3
44,23.1,25,947.9,31.68,14,0,0.0,2012,1,28,15,2,3
25,24.2,86,944.3,55.08,98,1,0.0,2000,6,22,18,4,0
44,29.2,19,951.4,32.4,23,0,0.0,2013,3,25,11,1,2
41,20.1,85,1008.9,40.68,0,0,0.0,2011,3,10,3,4,2
23,23.9,94,986.0,55.8,100,2,1.1,2003,10,7,3,5,1
12,20.7,68,989.5,27.36,0,0,0.0,2010,1,25,18,1,3
33,21.6,100,945.1,19.08,100,1,0.0,2025,11,1,4,2,1
24,28.6,67,1007.7,23.4,17,0,0.0,2019,12,18,17,6,3
17,20.4,98,897.6,43.92,81,2,0.1,2019,6,9,0,3,0
41,28.4,80,1000.0,61.56,96,2,0.1,2025,7,9,17,6,0
7,14.3,95,912.7,33.84,8,0,0.0,2005,1,7,3,0,3
20,29.4,76,1000.1,30.24,80,1,0.0,2025,9,27,10,2,1
38,24.2,91,1000.4,6.48,34,0,0.0,2013,3,19,2,5,2
38,31.0,46,1001.8,25.2,100,1,0.0,2003,11,30,16,3,1
39,21.7,44,945.5,38.52,19,0,0.0,2020,12,28,20,1,3
29,27.2,81,1006.2,24.12,54,0,0.0,2020,4,26,6,3,2
18,23.4,82,957.8,33.48,28,0,0.0,2006,9,11,6,1,1
24,24.4,93,1010.5,11.88,100,2,2.1,2009,6,26,9,0,0
10,14.4,55,988.5,26.64,97,1,0.0,2025,11,30,3,3,1
7,21.6,83,908.7,21.24,18,0,0.0,2022,5,4,2,6,2
43,27.0,84,1004.6,55.44,100,2,0.3,2003,8,8,15,0,0
24,25.7,89,1009.5,14.76,75,1,0.0,2000,11,9,23,4,1
16,28.5,68,956.9,24.12,82,2,0.1,2019,10,3,11,4,1
39,22.5,93,947.9,16.56,100,2,1.5,2011,10,11,0,5,1
33,21.7,73,948.2,22.32,0,0,0.0,2011,12,2,8,0,3
23,27.0,81,993.5,30.24,41,0,0.0,1996,4,2,7,5,2
33,20.8,99,943.8,16.2,98,1,0.0,2017,9,6,2,6,1
43,24.6,94,1008.4,15.84,100,1,0.0,2021,10,18,20,1,1
19,25.7,84,977.3,83.88,9,0,0.0,2007,8,18,1,2,0
38,26.4,43,1000.6,33.84,0,0,0.0,2000,3,10,18,0,2
16,26.6,81,954.8,50.4,100,2,0.1,2023,9,21,9,4,1
11,14.5,82,899.5,20.16,0,0,0.0,2010,1,3,4,3,3
24,27.0,77,1008.0,6.48,6,0,0.0,2000,3,18,1,2,2
28,22.8,100,1009.8,4.68,95,1,0.0,2025,10,31,3,0,1
20,19.2,40,1006.6,39.24,0,0,0.0,1996,12,12,9,4,3
39,25.6,72,945.1,45.72,5,0,0.0,2025,5,7,20,6,2
5,27.0,52,949.5,14.04,0,0,0.0,2012,11,28,10,6,1
8,24.5,44,1011.7,32.04,0,0,0.0,2021,2,22,21,1,3
18,24.9,80,958.7,16.92,100,1,0.0,1997,9,8,1,1,1
32,37.7,24,973.7,23.76,0,0,0.0,2000,4,17,10,1,2
42,23.6,94,1007.6,84.24,99,2,0.6,1996,7,20,7,2,0
23,24.5,88,988.5,35.64,100,2,0.2,2000,7,2,7,3,0
3,23.8,44,976.9,39.24,94,1,0.0,2023,3,6,23,1,2
28,26.1,86,1009.5,37.8,100,2,0.9,1997,7,6,10,3,0
24,27.2,90,1011.3,9.36,14,0,0.0,2021,3,7,22,3,2
40,26.7,79,953.8,59.76,54,0,0.0,2007,9,25,10,5,1
25,30.5,32,949.7,7.92,63,1,0.0,2003,1,20,17,1,3
22,29.4,37,979.4,34.2,50,0,0.0,2009,12,12,14,2,3
27,35.3,24,981.0,57.24,5,0,0.0,1998,3,22,11,3,2
6,37.2,32,974.3,92.16,84,1,0.0,1996,7,13,18,2,0
15,21.0,94,937.8,62.64,100,2,2.3,2019,10,26,5,2,1
11,20.5,98,897.5,32.04,100,2,0.4,2003,6,17,23,5,0
8,19.9,67,1011.1,32.4,13,0,0.0,2007,11,30,5,0,1
15,21.0,63,941.8,33.48,39,0,0.0,2006,10,24,3,5,1
41,34.0,48,1002.1,74.16,0,0,0.0,2005,6,11,13,2,0
43,23.9,81,1008.1,26.64,33,0,0.0,2018,1,23,7,5,3
20,34.4,49,992.3,67.32,70,1,0.0,2010,6,20,17,3,0
42,29.5,77,1006.9,82.08,93,2,0.1,2019,6,17,14,1,0
14,12.7,48,997.8,23.04,35,0,0.0,1998,2,8,1,3,3
37,29.4,30,1004.9,40.32,92,1,0.0,2004,12,3,12,0,3
37,32.9,49,989.5,73.44,7,0,0.0,1998,6,6,20,2,0
14,27.2,86,982.1,14.4,19,0,0.0,2001,7,31,0,5,0
43,27.5,80,1004.0,32.04,74,2,0.1,2021,8,25,17,6,0
39,26.2,75,943.7,70.56,99,2,0.1,2002,5,19,12,3,2
26,24.9,92,1007.3,39.6,100,1,0.0,2003,7,23,7,6,0
39,20.0,98,945.4,9.0,99,1,0.0,2009,12,29,6,5,3
3,25.3,81,971.5,23.76,37,0,0.0,2013,10,15,20,5,1
46,27.6,69,926.4,49.68,94,1,0.0,2003,5,17,12,2,2
45,27.4,63,975.4,46.8,75,1,0.0,2009,9,26,4,2,1
37,20.5,59,1002.2,36.0,97,1,0.0,2007,12,6,1,4,3
38,29.9,50,1002.2,45.72,99,1,0.0,1996,12,17,15,5,3
2,33.9,16,955.0,41.04,0,0,0.0,2000,4,11,10,5,2
14,12.7,52,996.2,33.12,0,0,0.0,2000,2,13,19,3,3
45,24.1,58,981.7,36.36,15,0,0.0,1999,2,28,2,3,3
36,22.4,97,941.9,49.32,100,2,1.0,2010,7,31,3,2,0
22,29.8,73,970.0,32.76,77,2,0.1,2021,7,18,16,3,0
28,24.1,92,1006.4,7.92,98,2,0.3,1998,9,17,3,4,1
44,35.9,15,942.1,65.16,48,0,0.0,2004,4,17,15,2,2
36,23.5,95,942.2,55.8,100,2,0.1,1997,6,25,22,6,0
1,32.9,30,1009.8,15.84,0,0,0.0,2006,10,26,11,4,1
8,25.6,58,1007.4,44.28,66,1,0.0,2017,3,10,9,0,2
38,25.1,75,1004.2,12.24,80,1,0.0,1998,12,15,1,5,3
45,23.3,92,976.9,21.96,100,2,1.0,2013,8,28,6,6,0
12,23.2,63,984.2,34.92,100,1,0.0,2023,3,20,11,1,2
3,29.0,48,971.8,13.68,5,0,0.0,2021,11,5,16,0,1
2,16.1,50,960.2,33.48,5,0,0.0,2002,11,28,3,4,1
17,20.8,92,895.7,65.52,100,2,1.1,2022,9,11,14,3,1
46,23.3,83,925.5,31.32,65,1,0.0,2006,4,29,19,2,2
15,22.2,93,939.2,29.88,100,1,0.0,2017,8,11,6,0,0
38,30.3,51,999.6,65.88,100,1,0.0,2008,11,28,16,0,1
15,28.8,40,940.6,50.76,37,0,0.0,2007,12,14,13,0,3
37,25.6,86,988.8,56.88,59,0,0.0,2000,8,2,4,6,0
21,24.7,81,955.6,76.32,98,2,0.1,2004,5,19,0,6,2
43,23.7,94,1004.8,39.24,100,2,0.9,2001,8,3,18,0,0
5,12.8,81,946.9,26.64,18,0,0.0,2012,1,7,6,2,3
40,34.6,30,955.7,11.16,25,0,0.0,1997,3,28,15,0,2
12,23.4,88,977.1,4.68,42,0,0.0,2003,9,13,4,2,1
36,16.2,70,951.8,29.88,79,1,0.0,1996,12,27,3,0,3
12,6.8,82,991.3,38.16,64,1,0.0,2007,1,11,4,4,3
9,32.5,27,1010.8,38.88,71,1,0.0,2025,3,1,12,2,2
39,20.8,85,948.0,12.96,18,0,0.0,2018,10,24,7,6,1
0,18.9,85,977.0,21.6,10,0,0.0,2007,10,30,5,5,1
44,26.0,46,952.0,14.04,49,2,0.2,1999,2,16,14,5,3
34,15.9,79,991.4,24.84,0,0,0.0,2026,2,7,23,2,3
9,30.8,70,999.8,70.56,95,1,0.0,2002,7,2,18,5,0
41,32.0,39,1005.0,64.44,0,0,0.0,2014,4,12,17,2,2
3,29.8,74,970.3,13.32,58,2,0.2,2020,10,9,12,0,1
44,29.2,29,951.1,39.24,0,0,0.0,2011,10,29,12,2,1
24,26.7,85,1006.6,8.28,96,2,0.2,2008,5,7,18,6,2
5,23.1,31,945.1,61.56,8,0,0.0,2018,2,20,1,5,3
39,20.9,99,944.0,32.04,100,2,1.2,1996,10,19,7,2,1
0,34.1,16,976.4,24.84,0,0,0.0,1999,3,30,19,5,2
37,25.6,70,995.2,30.96,19,0,0.0,2010,10,24,22,3,1
7,27.0,39,910.7,21.24,57,0,0.0,1997,2,4,14,5,3
32,41.4,10,967.7,27.0,0,0,0.0,2002,4,23,16,5,2
40,37.5,28,959.7,42.48,46,0,0.0,2010,4,15,11,4,2
34,28.5,61,978.4,34.2,18,0,0.0,2020,6,7,0,3,0
27,29.0,22,978.3,26.28,0,0,0.0,2022,4,23,22,2,2
2,34.4,34,947.2,27.36,49,0,0.0,2020,9,23,15,6,1
2,29.6,72,944.6,15.12,16,0,0.0,2022,7,4,19,1,0
40,26.4,36,959.4,56.52,47,0,0.0,2013,2,9,23,2,3
36,27.0,60,952.0,17.64,99,1,0.0,2018,10,18,11,4,1
36,27.0,55,948.3,16.92,0,0,0.0,2021,5,5,7,6,2
1,32.5,66,993.7,47.52,28,2,0.2,2021,7,16,16,0,0
22,31.9,56,970.7,52.92,91,1,0.0,2020,7,7,15,5,0
45,26.0,81,981.6,24.84,98,1,0.0,1996,10,7,20,1,1
11,21.9,95,899.9,14.04,66,1,0.0,2016,3,20,2,3,2
22,25.6,83,970.3,41.4,100,2,0.2,2007,9,5,4,6,1
32,25.5,81,969.3,32.04,100,1,0.0,2017,8,12,3,2,0
11,19.6,72,900.1,23.76,0,0,0.0,2010,3,10,3,6,2
32,20.8,86,976.1,30.24,16,0,0.0,2015,12,12,7,2,3
9,25.5,91,996.1,49.32,100,2,0.7,2004,8,3,6,5,0
5,22.1,81,946.1,25.92,25,0,0.0,2002,9,17,23,5,1
18,20.1,60,970.0,12.96,91,1,0.0,2023,3,5,0,3,2
1,29.9,67,1000.9,24.48,80,1,0.0,2015,8,28,11,0,0
10,27.8,41,981.4,28.08,5,0,0.0,1999,9,28,5,5,1
0,32.0,61,974.6,12.24,92,1,0.0,2007,7,25,14,6,0
24,24.6,94,1005.8,20.88,100,2,4.3,2013,6,12,3,6,0
14,28.8,75,979.0,21.24,32,0,0.0,2021,8,5,5,4,0
45,24.4,61,986.1,50.4,21,0,0.0,2005,1,16,10,3,3
4,15.9,64,1006.3,24.12,0,0,0.0,2011,2,18,5,0,3
14,29.7,63,976.9,57.24,0,0,0.0,2009,8,7,5,0,0
4,28.1,76,998.4,16.92,33,0,0.0,2020,10,17,2,2,1
15,20.1,84,941.3,30.24,1,0,0.0,2006,3,14,0,5,2
33,29.0,42,947.2,23.4,80,1,0.0,2000,4,7,21,0,2
14,20.0,64,988.1,33.84,0,0,0.0,2005,3,27,22,3,2
6,27.9,88,976.3,18.0,100,2,0.1,2018,8,17,23,0,0
28,26.8,79,1009.8,16.56,22,0,0.0,2009,11,29,18,3,1
14,40.2,24,978.4,15.48,23,0,0.0,2005,6,9,15,4,0
16,20.9,59,959.7,55.8,7,0,0.0,1996,1,2,21,5,3
17,18.0,100,897.1,15.48,100,1,0.0,2006,9,22,3,0,1
14,31.9,30,982.8,37.8,3,0,0.0,2018,5,14,20,1,2
38,25.7,87,999.2,44.64,65,1,0.0,2008,6,5,5,4,0
45,21.8,58,984.4,28.8,63,1,0.0,1998,12,16,19,6,3
10,27.8,30,975.0,59.76,0,0,0.0,2019,5,1,5,6,2
45,24.2,79,982.8,32.4,99,1,0.0,2022,11,23,21,6,1
20,29.0,78,993.9,73.8,91,2,0.2,2001,7,29,15,3,0
16,25.8,80,949.4,20.16,93,1,0.0,2019,8,29,20,4,0
46,27.2,55,930.1,26.64,100,1,0.0,2023,12,16,11,2,3
36,28.8,26,951.3,23.4,0,0,0.0,2001,12,8,15,2,3
40,21.8,54,958.5,46.08,24,0,0.0,2019,12,13,3,0,3
46,26.5,78,925.3,34.56,95,1,0.0,2017,4,20,17,4,2
37,25.1,97,986.5,21.96,99,1,0.0,2007,9,4,4,5,1
38,23.9,98,1000.1,13.68,65,1,0.0,2011,11,2,4,6,1
7,21.3,95,908.4,29.52,80,1,0.0,2005,6,5,23,3,0
31,21.4,85,928.6,56.88,98,1,0.0,2002,9,9,7,1,1
5,15.0,72,944.5,25.2,0,0,0.0,2016,11,20,2,3,1
35,28.1,76,956.7,33.12,98,2,2.2,2021,7,10,14,2,0
39,22.3,96,944.0,18.36,100,2,0.1,1998,10,8,21,4,1
9,25.8,39,1013.9,32.4,0,0,0.0,2017,1,29,12,3,3
27,25.3,96,966.9,27.72,100,2,1.8,2019,8,7,4,6,0
46,18.6,70,932.3,26.64,0,0,0.0,2001,12,14,8,0,3
8,16.8,68,1009.0,28.8,0,0,0.0,2012,11,23,4,0,1
28,30.9,66,1008.9,28.44,46,0,0.0,2015,5,2,12,2,2
32,19.4,79,982.0,27.36,92,2,0.2,1996,1,1,8,1,3
31,21.5,64,931.2,39.24,18,0,0.0,2007,12,2,20,3,3
6,15.3,59,993.0,44.28,0,0,0.0,2016,11,16,5,6,1
10,23.2,31,989.9,17.64,59,0,0.0,2007,12,23,12,3,3
16,28.9,68,943.7,116.64,100,2,0.1,2019,8,8,12,4,0
25,21.2,57,949.6,30.24,100,1,0.0,2024,12,12,23,4,3
9,27.3,80,1002.2,41.04,86,1,0.0,2017,8,9,0,6,0
45,26.0,74,976.4,71.28,100,1,0.0,2006,8,29,8,5,0
45,26.1,76,979.2,24.48,97,1,0.0,2006,8,25,23,0,0
34,30.2,71,977.8,28.08,24,0,0.0,2010,8,24,11,5,0
46,21.5,95,926.3,50.4,100,2,1.0,2013,6,25,11,5,0
4,29.1,79,995.1,70.92,19,0,0.0,2022,6,20,20,1,0
29,25.4,91,1005.5,27.36,92,1,0.0,2000,11,2,4,4,1
24,24.7,91,1006.5,41.04,98,2,1.6,2014,8,29,18,0,0
38,25.8,84,1002.4,15.84,63,1,0.0,1999,3,31,8,6,2
1,16.3,48,1005.6,33.12,0,0,0.0,2018,2,4,3,3,3
33,21.2,89,943.3,25.92,8,0,0.0,2002,4,5,4,0,2
3,25.2,86,967.6,38.88,11,0,0.0,2001,8,26,22,3,0
30,24.2,67,1014.0,30.6,32,0,0.0,1997,12,22,18,1,3
26,24.8,94,1004.8,28.44,93,1,0.0,2020,7,2,4,4,0
31,27.5,45,932.0,33.48,7,0,0.0,2016,10,27,10,4,1
43,26.2,82,1007.8,50.04,97,2,0.2,1999,7,29,10,4,0
10,24.6,81,980.9,29.52,38,0,0.0,2003,9,30,3,5,1
5,24.7,49,948.8,23.04,31,0,0.0,1999,2,17,20,6,3
21,27.5,48,964.3,43.2,1,0,0.0,2019,11,24,11,3,1
13,32.5,35,928.9,13.68,34,0,0.0,2024,5,13,18,1,2
8,26.1,54,1010.1,16.92,64,1,0.0,1997,12,26,18,0,3
22,29.1,51,979.1,17.64,22,0,0.0,2018,12,9,16,3,3
17,22.9,82,897.5,14.4,93,1,0.0,2010,4,10,20,2,2
35,22.0,49,967.2,29.88,22,0,0.0,2024,11,27,18,6,1
36,23.5,90,945.1,68.04,99,2,0.1,2019,7,24,23,6,0
33,22.0,95,940.5,36.36,100,1,0.0,2009,8,11,3,5,0
29,23.9,95,1004.0,36.0,94,1,0.0,2017,10,2,4,1,1
8,17.1,94,1011.4,27.36,0,0,0.0,2022,2,8,1,5,3
40,22.6,40,958.1,42.12,0,0,0.0,2012,2,20,4,1,3
41,27.4,36,1011.6,36.72,0,0,0.0,2002,2,20,19,6,3
14,34.6,40,984.3,4.68,4,0,0.0,2004,6,10,11,4,0
28,28.3,73,1009.7,9.0,30,0,0.0,2006,3,22,9,6,2
8,28.4,18,1010.3,20.16,0,0,0.0,2000,3,19,9,3,2
45,28.6,65,975.6,35.64,0,0,0.0,2009,5,4,4,1,2
21,25.3,85,952.7,47.52,100,2,1.1,2006,6,29,18,4,0
44,29.1,66,940.6,48.24,92,2,0.1,2009,8,10,14,1,0
5,24.9,84,945.2,21.6,59,0,0.0,2020,10,21,8,6,1
18,30.4,29,953.9,21.24,0,0,0.0,2024,6,9,1,3,0
6,31.6,64,976.9,39.24,38,0,0.0,2021,7,15,19,4,0
39,32.2,38,942.6,10.44,50,0,0.0,2022,4,15,14,0,2
0,18.9,21,981.4,39.96,0,0,0.0,2003,3,5,6,6,2
26,29.1,69,1008.0,45.36,96,1,0.0,2017,11,15,11,6,1
17,19.1,97,899.1,42.12,41,0,0.0,2019,11,12,22,5,1
27,24.6,69,979.9,39.96,0,0,0.0,2022,10,3,7,1,1
31,22.9,87,924.7,41.76,100,1,0.0,2017,10,14,17,2,1
13,27.1,64,929.8,46.8,74,1,0.0,2009,6,16,11,5,0
35,34.1,41,958.8,12.96,28,0,0.0,2006,6,18,18,3,0
46,20.2,99,927.4,31.32,100,2,0.3,1999,6,15,22,5,0
16,26.4,84,949.2,18.0,18,0,0.0,1998,7,22,21,6,0
10,10.2,99,991.2,24.84,81,1,0.0,2013,2,24,5,3,3
35,24.9,51,970.8,22.68,0,0,0.0,2018,10,29,8,1,1
34,32.9,15,981.1,11.52,0,0,0.0,1999,4,11,9,3,2
37,39.9,12,991.7,40.68,23,0,0.0,2001,4,25,14,6,2
9,18.0,59,1011.8,45.72,0,0,0.0,2011,12,30,4,0,3
36,18.3,74,948.8,7.56,33,0,0.0,2001,1,7,3,3,3
31,26.6,62,931.5,58.68,100,1,0.0,2019,11,18,11,1,1
36,32.2,49,945.2,68.76,43,2,0.2,2023,6,23,13,0,0
36,20.9,69,955.3,24.12,14,0,0.0,2021,12,17,9,0,3
18,26.9,64,954.3,30.24,2,0,0.0,1997,6,12,2,4,0
14,18.9,90,992.7,21.96,0,0,0.0,2008,10,31,5,0,1
23,26.6,78,988.5,19.8,78,1,0.0,2013,8,2,20,0,0
11,19.8,96,899.5,15.48,63,1,0.0,2005,2,18,0,0,3
1,31.5,18,1005.7,31.32,0,0,0.0,2008,2,22,14,0,3
6,28.8,69,979.8,62.28,49,0,0.0,2011,9,17,16,2,1
19,15.7,63,987.0,18.36,86,1,0.0,1999,2,23,4,5,3
18,28.2,19,960.6,28.8,0,0,0.0,2024,5,16,4,4,2
40,24.3,92,950.4,37.8,100,2,1.7,1996,6,14,0,0,0
46,22.0,96,927.0,25.56,97,1,0.0,2011,9,29,20,4,1
25,29.0,25,947.0,5.4,3,0,0.0,2016,11,5,17,2,1
6,14.1,40,992.4,44.64,1,0,0.0,2004,12,24,0,0,3
16,22.8,90,950.8,55.08,85,2,0.8,1999,9,5,23,3,1
30,29.2,68,1010.8,29.88,75,2,0.1,1997,5,23,9,0,2
32,29.3,48,976.7,26.64,93,1,0.0,1997,11,11,14,5,1
8,32.7,41,1006.2,7.92,36,0,0.0,2015,4,15,17,6,2
21,41.7,10,954.1,38.52,62,1,0.0,2006,5,14,16,3,2
31,21.4,92,928.1,35.64,99,1,0.0,2017,8,2,3,6,0
15,25.9,70,944.2,27.0,5,0,0.0,2024,12,9,9,1,3
31,22.0,45,932.0,16.92,0,0,0.0,1997,3,2,8,3,2
43,23.8,91,1007.8,9.0,83,2,0.1,1997,7,13,1,3,0
24,25.1,92,1009.9,24.84,100,2,0.3,2006,7,15,8,2,0
6,18.6,58,994.0,47.52,22,0,0.0,2007,12,2,8,3,3
1,24.4,55,1005.6,43.2,10,0,0.0,2014,11,12,6,6,1
43,24.1,94,1005.2,45.72,100,2,1.4,2018,8,17,5,0,0
17,20.2,86,896.1,19.44,98,2,0.1,2002,10,12,17,2,1
46,22.5,94,926.8,18.36,100,1,0.0,2023,5,4,21,4,2
32,38.4,10,976.3,46.44,0,0,0.0,2009,4,26,10,3,2
29,25.3,90,1006.6,23.04,56,0,0.0,2011,3,14,4,1,2
35,28.9,74,961.1,20.52,100,2,0.1,2017,10,2,17,1,1
40,36.7,18,956.9,23.76,35,0,0.0,2018,3,27,19,5,2
5,37.0,19,942.1,36.0,13,0,0.0,2005,5,7,13,2,2
46,24.1,87,923.1,22.32,96,1,0.0,2017,9,8,18,0,1
2,32.8,48,947.2,66.6,1,0,0.0,2007,6,12,10,5,0
22,25.2,93,969.5,18.72,100,2,1.3,2024,6,23,4,3,0
43,27.0,56,1010.6,65.52,92,1,0.0,2025,2,27,7,4,3
29,32.5,51,1008.9,40.32,45,0,0.0,2004,3,12,12,0,2
28,23.7,76,1013.6,15.48,24,0,0.0,2007,1,25,8,4,3
29,23.9,92,1009.7,14.76,51,0,0.0,1999,2,4,7,4,3
23,32.6,41,997.9,29.16,0,0,0.0,2017,2,22,11,6,3
29,24.9,92,1006.4,54.0,100,2,0.8,2012,6,19,19,5,0
23,27.0,82,992.0,42.12,71,1,0.0,2018,4,19,4,4,2
34,33.3,32,981.3,40.68,11,0,0.0,2012,4,18,14,6,2
16,14.6,63,955.7,35.28,35,0,0.0,2011,12,22,4,4,3
42,26.9,78,1006.5,78.12,100,1,0.0,2014,8,7,14,4,0
32,24.9,32,977.5,16.56,0,0,0.0,2021,2,23,21,5,3
33,17.7,85,945.9,12.96,0,0,0.0,2012,12,12,3,6,3
0,29.5,25,982.5,23.4,0,0,0.0,2026,2,9,16,1,3
16,21.7,92,953.1,21.96,98,1,0.0,2014,9,25,5,4,1
38,25.3,91,999.1,46.08,99,2,0.5,2008,7,7,23,1,0
31,20.0,94,930.4,12.96,99,1,0.0,2023,1,24,22,5,3
11,20.7,93,898.0,43.92,99,2,3.2,2021,10,9,13,2,1
12,33.9,15,977.2,31.32,92,1,0.0,2013,5,1,18,6,2
1,31.8,58,996.4,69.12,100,1,0.0,2023,6,18,20,3,0
7,28.2,35,911.0,31.32,44,0,0.0,2000,1,15,16,2,3
6,22.6,32,991.0,62.28,0,0,0.0,2012,11,29,20,4,1
41,28.0,29,1011.1,42.84,0,0,0.0,2025,1,12,16,3,3
7,20.4,89,913.8,42.84,79,1,0.0,2012,12,5,21,6,3
29,23.9,96,1008.4,11.52,97,2,0.3,2000,8,30,23,6,0
30,27.9,78,1003.6,63.0,100,2,0.1,2002,7,11,18,4,0
18,21.9,26,961.3,28.44,0,0,0.0,2005,4,18,5,1,2
38,27.9,72,1001.1,40.32,58,0,0.0,1996,10,21,10,1,1
44,18.7,65,949.2,28.8,63,1,0.0,2014,11,11,5,5,1
8,18.2,63,1011.4,28.8,0,0,0.0,2017,1,30,2,1,3
32,12.8,71,981.7,25.92,73,1,0.0,2023,12,20,2,6,3
39,30.0,38,946.8,10.08,51,0,0.0,2014,1,18,15,2,3
30,28.5,57,1010.4,42.12,0,0,0.0,2014,12,5,18,0,3
22,28.8,62,977.9,56.88,100,1,0.0,2020,10,6,9,5,1
1,25.3,94,1000.4,31.32,100,2,0.1,2018,9,1,21,2,1
8,15.1,95,1010.2,23.04,0,0,0.0,2020,12,24,7,4,3
24,23.0,83,1009.3,20.16,91,1,0.0,2009,12,11,7,0,3
0,26.0,47,974.4,22.68,0,0,0.0,1996,3,26,2,5,2
44,26.5,80,938.0,40.32,99,1,0.0,2011,8,5,20,0,0
35,26.2,45,966.4,25.92,16,0,0.0,2003,2,10,20,1,3
31,20.7,95,923.8,70.56,100,2,0.8,2000,7,12,1,6,0
11,27.4,59,901.6,28.8,39,0,0.0,1998,4,18,20,2,2
11,25.0,74,897.4,46.8,12,0,0.0,1998,6,5,18,0,0
5,17.4,55,948.6,33.12,0,0,0.0,1996,12,9,21,1,3
3,27.7,74,970.7,53.28,20,0,0.0,2006,9,27,9,6,1
6,30.8,67,975.8,74.88,100,1,0.0,1998,7,5,19,3,0
43,29.2,79,1008.0,26.28,13,0,0.0,2016,10,28,12,0,1
35,23.2,73,966.9,22.32,1,0,0.0,1996,10,10,2,4,1
32,25.2,90,965.9,42.84,100,2,0.9,2011,6,26,22,3,0
10,35.3,45,978.5,66.96,4,0,0.0,2019,8,23,11,0,0
36,23.0,74,950.6,19.44,34,0,0.0,2018,10,13,7,2,1
41,25.1,78,1004.2,7.2,0,0,0.0,1999,4,19,5,1,2
24,26.7,87,1011.6,15.84,25,0,0.0,2016,11,12,20,2,1
13,22.8,84,930.5,23.76,61,1,0.0,2023,10,16,1,1,1
14,13.9,54,993.9,36.72,7,0,0.0,2023,1,13,17,0,3
38,25.9,96,996.8,11.16,100,2,1.3,2017,6,12,11,1,0
6,26.0,47,986.0,62.28,1,0,0.0,1996,10,7,2,1,1
41,34.5,53,1001.3,65.88,40,0,0.0,2022,6,10,13,0,0
40,21.1,50,962.1,33.84,81,1,0.0,2016,11,20,8,3,1
30,26.8,93,1003.2,51.48,100,2,1.2,2002,6,24,2,1,0
28,27.6,89,1009.8,10.44,36,0,0.0,2003,5,26,0,1,2
40,25.0,82,956.7,32.76,20,0,0.0,2010,10,2,21,2,1
45,25.0,84,981.4,14.76,0,0,0.0,2023,10,11,6,6,1
34,27.4,88,978.3,37.44,93,1,0.0,2007,8,27,23,1,0
20,22.3,35,1004.7,26.64,2,0,0.0,2006,11,28,9,5,1
32,35.4,32,971.3,9.36,28,0,0.0,2015,4,20,18,1,2
34,28.5,47,993.8,22.32,0,0,0.0,2003,10,28,12,5,1
8,37.1,11,1009.4,36.36,0,0,0.0,2000,3,26,12,3,2
29,31.5,50,1009.6,36.0,0,0,0.0,2013,3,3,12,3,2
13,20.7,92,927.4,40.32,100,1,0.0,2001,8,28,4,5,0
45,24.4,62,980.5,19.8,7,0,0.0,2000,11,13,20,1,1
34,23.2,31,989.1,46.08,90,1,0.0,2025,11,30,15,3,1
44,33.2,26,943.3,29.52,0,0,0.0,2018,5,19,8,2,2
20,24.7,90,993.4,58.32,94,1,0.0,2000,8,30,6,6,0
1,26.1,88,997.9,47.88,80,1,0.0,2001,7,13,20,0,0
31,24.1,42,929.0,48.96,51,0,0.0,2010,12,19,13,3,3
28,21.9,91,1009.9,15.12,100,1,0.0,2002,12,17,5,5,3
12,18.4,75,986.0,15.84,0,0,0.0,2024,11,13,4,6,1
24,27.5,82,1007.8,38.88,93,2,0.2,2006,8,30,15,6,0
34,31.3,65,976.8,18.36,64,1,0.0,2019,7,18,13,4,0
33,20.2,64,946.8,6.48,0,0,0.0,2007,3,9,8,0,2
27,32.8,45,969.1,65.52,99,1,0.0,2012,6,18,0,1,0
30,25.8,58,1007.5,14.4,0,0,0.0,2006,2,25,1,2,3
35,27.4,59,968.9,14.76,92,1,0.0,2024,12,21,10,2,3
16,28.9,61,950.5,71.28,49,0,0.0,1998,6,6,1,2,0
34,14.0,85,988.1,29.52,0,0,0.0,2013,12,9,23,1,3
44,20.4,31,953.4,23.04,0,0,0.0,2005,2,25,9,0,3
43,23.7,94,1007.2,28.44,100,2,0.1,2014,10,21,4,5,1
25,27.7,57,944.7,32.4,100,1,0.0,2010,11,22,15,1,1
34,28.6,70,981.9,21.24,2,0,0.0,2021,10,6,18,6,1
9,28.6,75,1003.7,50.4,96,1,0.0,2004,9,8,23,6,1
39,21.4,95,945.7,50.76,100,1,0.0,2015,8,4,23,5,0
14,28.4,86,977.1,17.64,0,0,0.0,2024,6,29,3,2,0
31,29.9,53,926.8,44.28,100,1,0.0,2003,6,11,12,6,0
1,25.9,90,1002.4,23.4,6,0,0.0,2016,10,10,21,1,1
43,30.4,70,1005.6,30.6,95,1,0.0,2005,5,7,11,2,2
32,23.7,45,980.9,23.04,0,0,0.0,2020,12,7,19,1,3
3,35.7,30,963.0,45.36,28,0,0.0,2007,5,21,18,1,2
32,20.2,78,978.9,18.72,0,0,0.0,2025,11,26,3,6,1
5,24.5,46,946.7,40.68,30,0,0.0,2011,1,3,13,1,3
25,27.7,75,948.6,12.6,91,1,0.0,1999,10,27,12,6,1
32,34.5,29,962.2,29.16,100,1,0.0,2009,5,25,20,1,2
3,23.6,90,973.7,15.48,7,0,0.0,2012,9,27,7,4,1
43,24.1,93,1006.0,42.48,100,2,0.1,1996,9,13,2,0,1
2,19.4,19,961.1,6.48,0,0,0.0,2008,2,28,1,4,3
32,24.0,95,967.2,58.68,100,2,0.9,2024,8,25,1,3,0
4,24.5,72,1008.0,9.36,21,0,0.0,2007,10,15,8,1,1
12,35.7,38,976.7,49.68,31,0,0.0,2005,8,25,16,4,0
33,25.6,80,942.5,87.84,59,2,0.5,2006,7,7,11,0,0
9,22.0,55,1011.4,41.4,0,0,0.0,2006,1,10,22,5,3
8,27.6,90,1005.5,32.76,99,1,0.0,2021,10,8,22,0,1
18,29.4,49,954.3,42.48,7,0,0.0,2016,5,24,3,5,2
24,29.5,74,1007.5,47.88,31,0,0.0,2017,3,25,17,2,2
35,28.4,48,963.9,27.0,0,0,0.0,2000,4,17,7,1,2
22,24.6,92,974.2,16.92,96,1,0.0,2011,7,26,6,5,0
29,25.9,87,1008.6,23.4,100,2,0.1,2010,7,9,8,0,0
26,26.9,83,1005.4,14.04,100,2,1.0,2024,11,26,14,5,1
4,26.3,81,1003.8,24.48,8,0,0.0,2011,9,20,20,5,1
34,31.2,28,985.0,66.24,10,0,0.0,2019,10,22,13,5,1
19,10.0,81,990.9,36.36,0,0,0.0,2014,12,21,8,3,3
18,31.2,18,966.9,37.08,0,0,0.0,2018,3,24,11,2,2
10,17.5,30,985.3,39.6,0,0,0.0,2000,2,11,18,0,3
34,25.1,71,985.8,47.52,0,0,0.0,2023,5,30,7,5,2
38,25.6,83,1003.1,16.92,30,0,0.0,2013,10,11,21,0,1
22,22.7,75,980.2,25.92,91,1,0.0,2015,11,10,23,5,1
12,30.7,69,970.6,16.2,18,0,0.0,2003,6,29,22,3,0
37,26.4,83,991.4,50.76,81,1,0.0,2014,6,29,6,3,0
42,28.2,82,1006.3,50.4,58,2,0.2,2005,5,12,17,4,2
33,27.4,59,943.5,47.52,98,1,0.0,2009,11,9,14,1,1
6,35.2,37,978.6,42.48,13,0,0.0,2020,6,15,0,1,0
2,7.6,94,963.1,28.8,85,1,0.0,1999,1,14,7,4,3
36,10.7,78,949.9,28.8,0,0,0.0,1999,12,13,6,1,3
7,22.1,95,907.0,62.64,100,2,0.2,2016,5,19,0,4,2
30,28.0,72,1005.6,49.68,3,0,0.0,2021,11,14,17,3,1
38,26.5,81,998.4,32.4,99,1,0.0,2013,5,7,1,5,2
38,20.3,94,1003.1,13.68,0,0,0.0,2008,3,7,6,0,2
7,22.9,79,908.4,78.84,100,1,0.0,2017,6,11,19,3,0
24,26.0,89,1009.9,6.48,26,0,0.0,2009,3,28,1,2,2
9,31.8,65,998.8,69.48,97,1,0.0,2002,7,1,15,1,0
14,32.4,32,988.3,37.8,0,0,0.0,2005,10,7,18,0,1
42,25.2,90,1006.6,59.76,99,3,6.7,2017,8,10,16,4,0
19,23.0,38,990.4,47.16,0,0,0.0,2024,1,1,13,1,3
38,26.7,89,998.2,47.88,88,2,0.7,2007,9,27,14,4,1
37,15.5,52,1002.1,37.8,0,0,0.0,2005,2,2,2,6,3
0,24.9,95,979.1,13.32,99,1,0.0,2012,10,6,2,2,1
14,17.1,72,989.4,30.6,20,0,0.0,2024,4,1,3,1,2
5,19.7,60,948.7,37.8,13,0,0.0,2014,1,16,0,4,3
17,19.3,66,896.6,18.72,12,0,0.0,2013,3,22,7,0,2
30,25.3,92,1007.9,56.16,100,2,0.6,2003,9,3,9,6,1
7,28.2,47,911.4,49.68,100,1,0.0,2002,8,30,13,0,0
0,28.9,74,974.6,16.92,98,2,0.9,2003,9,25,15,4,1
17,14.0,92,894.7,13.32,55,0,0.0,2011,12,25,1,3,3
0,29.3,61,973.0,34.2,49,0,0.0,2008,9,19,16,0,1
1,31.3,69,995.9,48.24,32,0,0.0,2025,5,31,21,2,2
45,24.6,35,978.8,28.08,0,0,0.0,2018,3,24,0,2,2
23,24.7,97,994.1,15.12,10,0,0.0,2025,10,14,23,5,1
25,23.2,40,950.3,27.0,12,0,0.0,2002,11,19,22,5,1
11,19.6,81,898.1,20.88,21,0,0.0,2010,11,30,20,5,1
17,19.0,98,896.9,12.96,25,0,0.0,1998,5,27,2,6,2
32,20.3,68,979.2,26.28,0,0,0.0,1997,1,27,22,1,3
11,17.2,74,899.8,25.92,0,0,0.0,1998,3,17,4,5,2
46,24.0,84,927.7,4.68,31,0,0.0,2022,4,20,8,6,2
32,27.0,81,966.7,7.2,29,2,0.4,2006,6,23,6,0,0
23,21.0,91,1000.4,2.52,96,2,0.1,2023,1,5,4,4,3
1,27.8,79,1000.3,66.6,98,2,0.1,2017,9,2,12,2,1
11,19.7,95,899.2,14.04,100,1,0.0,2002,2,7,2,4,3
35,21.2,66,967.7,30.24,79,1,0.0,2014,11,8,0,2,1
1,30.3,69,996.6,46.08,75,1,0.0,2010,7,11,19,3,0
35,16.1,83,966.4,17.28,0,0,0.0,2022,1,20,6,4,3
38,26.3,84,997.8,68.76,99,2,2.2,2000,9,2,14,2,1
44,15.4,53,952.1,31.32,0,0,0.0,2012,1,27,9,0,3
43,30.2,81,1005.6,25.92,4,0,0.0,2024,4,8,19,1,2
17,23.5,65,897.5,14.76,42,2,0.1,2003,11,4,15,5,1
10,16.4,51,991.0,28.8,84,1,0.0,2019,2,16,21,2,3
42,26.6,71,1009.9,14.04,79,1,0.0,2017,3,23,20,4,2
2,28.2,68,950.9,56.88,18,0,0.0,2001,8,22,10,6,0
32,19.4,64,980.0,6.84,96,1,0.0,2015,1,26,6,1,3
13,25.8,46,931.9,64.08,0,0,0.0,2014,10,30,12,4,1
1,36.9,13,999.2,44.28,0,0,0.0,2013,5,2,10,4,2
21,20.7,45,962.5,25.92,0,0,0.0,1997,3,8,5,2,2
39,21.9,94,940.8,59.76,100,2,0.9,2022,7,5,1,5,0
5,23.0,42,944.9,24.12,44,0,0.0,2021,3,14,4,3,2
44,17.1,67,950.0,31.68,4,0,0.0,2016,1,15,21,0,3
15,18.8,83,938.6,17.28,3,0,0.0,2001,3,24,6,2,2
2,23.5,34,957.0,28.8,0,0,0.0,2020,12,5,17,2,3
36,21.9,93,945.6,55.08,100,1,0.0,2012,9,16,1,3,1
5,21.2,93,943.2,23.76,79,1,0.0,2011,10,4,4,5,1
7,26.7,62,908.1,90.72,100,1,0.0,2015,6,27,16,2,0
1,22.4,49,1011.5,25.56,0,0,0.0,2026,1,4,20,3,3
30,28.8,53,1014.3,19.44,45,0,0.0,2019,3,22,11,0,2
23,29.1,77,991.8,30.6,94,1,0.0,2020,10,7,12,6,1
16,19.0,57,956.3,27.36,97,1,0.0,2008,11,26,0,6,1
28,24.5,95,1007.9,34.2,97,2,0.5,2018,8,27,7,1,0
23,27.2,72,987.2,36.72,100,1,0.0,2011,7,19,4,5,0
26,26.8,87,1005.1,32.04,20,0,0.0,2000,4,28,4,0,2
15,21.8,48,945.3,32.4,0,0,0.0,2006,1,19,8,4,3
15,21.8,37,944.1,40.32,0,0,0.0,2001,12,8,21,2,3
34,17.4,68,988.4,28.44,100,1,0.0,2010,2,8,2,1,3
35,29.4,56,965.6,19.44,37,0,0.0,2021,5,6,23,4,2
23,35.0,33,996.4,17.64,5,0,0.0,2021,3,27,10,2,2
1,25.6,45,1010.8,9.0,2,0,0.0,2001,12,10,10,1,3
40,27.6,68,956.4,25.92,100,1,0.0,2025,10,5,16,3,1
28,26.2,78,1011.8,15.48,0,0,0.0,1997,2,28,23,0,3
30,30.3,48,1008.4,70.2,0,0,0.0,2010,2,26,16,0,3
25,23.1,91,946.3,29.88,95,1,0.0,2001,9,18,19,5,1
21,30.4,61,952.1,59.04,100,1,0.0,1998,6,27,11,2,0
10,20.5,79,987.1,20.16,0,0,0.0,2019,11,27,17,6,1
39,25.0,80,943.4,79.2,100,2,0.2,2011,6,28,13,5,0
14,34.7,35,982.0,21.24,37,0,0.0,2010,6,3,20,4,0
17,24.6,70,898.9,43.92,80,2,0.5,2022,8,18,10,4,0
11,20.1,93,897.3,25.92,99,1,0.0,2007,9,15,21,2,1
21,25.1,33,962.4,48.96,0,0,0.0,2004,2,21,23,2,3
17,23.8,73,896.2,29.88,100,2,0.4,2013,8,27,14,5,0
10,23.5,30,994.1,12.24,0,0,0.0,2025,12,9,11,5,3
11,19.0,90,902.6,50.76,36,0,0.0,2021,12,11,20,2,3
32,23.4,38,979.4,31.32,0,0,0.0,2010,2,7,20,3,3
9,29.5,62,1009.7,18.72,13,0,0.0,2004,11,12,19,0,1
3,38.3,27,959.2,48.24,44,0,0.0,2009,6,5,17,0,0
9,32.8,39,1000.5,22.32,96,1,0.0,2018,9,21,19,0,1
18,16.0,37,961.1,26.28,0,0,0.0,2005,4,1,6,0,2
16,17.4,57,957.6,28.8,0,0,0.0,2015,1,9,0,0,3
15,25.6,55,944.5,38.52,6,0,0.0,2010,2,11,20,4,3
25,26.1,81,945.9,63.72,100,2,0.4,2024,8,8,14,4,0
2,31.3,56,946.7,38.52,89,1,0.0,2018,7,1,18,3,0
40,27.0,35,960.1,42.48,13,0,0.0,2011,2,18,10,0,3
5,29.5,59,941.3,26.64,27,0,0.0,2017,10,16,16,1,1
39,22.0,94,942.5,49.68,100,1,0.0,1998,8,11,7,5,0
22,21.2,46,978.0,35.28,0,0,0.0,2005,2,16,6,6,3
16,24.4,83,948.3,63.72,100,2,0.1,2017,7,20,10,4,0
38,27.5,60,1004.8,17.64,79,1,0.0,2008,3,10,9,1,2
42,30.1,72,1004.4,61.92,52,2,0.9,2022,5,7,14,2,2
21,23.2,47,961.0,23.4,0,0,0.0,2000,3,26,6,3,2
42,25.4,90,1008.7,16.92,100,2,2.5,1999,10,10,15,3,1
23,31.5,65,987.4,46.44,12,0,0.0,2015,5,20,2,6,2
27,14.9,42,983.5,29.16,0,0,0.0,2012,3,24,6,2,2
30,28.7,77,1005.5,37.8,60,1,0.0,2009,5,21,22,4,2
10,39.1,9,980.3,70.2,83,1,0.0,2011,3,17,14,4,2
29,33.4,39,1009.5,68.04,97,1,0.0,2024,3,6,12,6,2
31,33.8,16,929.8,55.08,0,0,0.0,2009,3,3,13,5,2
18,23.5,37,968.3,13.32,37,0,0.0,2024,1,29,12,1,3
35,37.1,18,960.9,28.08,0,0,0.0,2015,4,5,16,3,2
6,26.8,78,978.3,73.44,1,0,0.0,2018,6,4,6,1,0
7,30.9,40,910.6,34.92,71,1,0.0,2000,5,14,14,3,2
0,26.2,60,985.0,19.44,80,1,0.0,2020,2,5,11,6,3
29,31.0,66,1005.4,37.8,73,1,0.0,2014,5,26,13,1,2
30,23.0,74,1015.7,33.84,1,0,0.0,2023,1,13,9,0,3
44,28.3,25,946.4,28.8,51,0,0.0,2007,2,25,16,3,3
37,27.3,79,985.6,61.92,99,1,0.0,2013,7,20,9,2,0
17,18.1,98,896.9,26.64,100,1,0.0,2007,7,9,6,1,0
3,26.5,96,970.3,17.64,99,2,0.1,2017,9,11,7,1,1
8,21.7,26,1011.7,49.32,0,0,0.0,2008,2,8,14,0,3
23,30.7,66,986.7,38.52,71,1,0.0,2010,8,10,16,5,0
0,25.2,85,973.8,32.4,100,1,0.0,2025,6,29,23,3,0
28,26.3,83,1009.4,5.4,100,2,0.3,2002,11,19,11,5,1
20,24.2,41,1003.6,22.68,93,1,0.0,2024,11,24,20,3,1
40,24.5,84,954.9,69.84,100,1,0.0,2006,7,7,21,0,0
28,24.6,96,1008.3,4.68,30,0,0.0,2009,2,25,6,6,3
17,27.6,47,901.1,11.88,100,1,0.0,2015,4,2,11,4,2
0,20.4,54,984.9,25.56,0,0,0.0,2013,2,1,23,0,3
42,24.5,96,1009.9,8.64,44,0,0.0,2017,3,27,4,1,2
15,29.0,36,942.4,37.08,1,0,0.0,2022,11,8,16,5,1
36,30.2,25,949.2,59.76,0,0,0.0,1997,4,9,17,6,2
6,26.7,94,976.5,28.08,96,1,0.0,1997,7,27,6,3,0
26,24.2,93,1008.6,28.44,97,1,0.0,2003,9,16,2,5,1
24,26.1,93,1007.1,16.92,91,1,0.0,2007,5,4,0,0,2
33,26.5,38,947.0,21.96,0,0,0.0,1996,3,24,8,3,2
41,27.9,84,999.7,79.56,94,2,1.0,2016,7,30,16,2,0
13,28.3,46,931.8,101.16,99,1,0.0,2015,11,11,11,6,1
12,31.0,70,972.5,24.12,14,0,0.0,1998,7,27,22,1,0
22,36.6,34,976.8,6.84,11,0,0.0,2015,4,23,13,4,2
6,24.4,30,979.9,67.68,0,0,0.0,2009,4,21,5,5,2
20,24.0,94,998.4,22.32,37,0,0.0,2011,5,2,3,1,2
34,7.2,97,992.7,32.4,9,0,0.0,2024,1,6,0,2,3
43,29.1,72,1004.7,51.12,99,1,0.0,2012,5,27,16,3,2
11,19.3,92,900.4,20.16,98,1,0.0,2006,11,29,0,6,1
15,21.0,95,937.8,42.48,98,1,0.0,2001,8,13,3,1,0
27,25.6,91,968.9,44.28,100,2,2.5,2018,6,29,4,0,0
9,26.1,89,998.2,27.0,100,2,1.1,2010,8,30,21,1,0
0,30.5,34,977.8,29.88,53,0,0.0,2024,4,3,23,6,2
15,22.5,93,938.7,36.0,98,1,0.0,2003,7,20,23,3,0
44,27.4,54,940.4,48.6,0,0,0.0,1996,6,2,4,3,0
20,18.7,65,1003.2,32.76,0,0,0.0,2014,2,8,9,2,3
27,30.9,66,977.4,74.16,74,1,0.0,2021,8,24,10,5,0
24,33.2,54,1011.0,15.48,6,0,0.0,2016,3,26,12,2,2
17,18.8,99,898.9,6.48,100,1,0.0,1997,5,28,1,6,2
31,19.3,99,929.0,45.36,100,1,0.0,2022,11,14,2,1,1
16,31.4,39,954.9,25.56,55,0,0.0,2021,10,20,14,6,1
8,26.9,91,994.8,48.24,100,2,2.6,2003,7,27,16,3,0
16,26.5,29,956.6,14.4,5,0,0.0,2018,1,7,12,3,3
33,25.2,76,945.1,36.72,1,0,0.0,2015,5,20,23,6,2
41,20.2,53,1012.8,37.8,52,0,0.0,2002,11,29,5,0,1
7,30.7,35,911.1,37.8,100,1,0.0,2023,10,15,14,3,1
5,21.1,91,946.6,19.8,12,0,0.0,2008,10,12,5,3,1
32,32.7,57,966.4,77.4,93,1,0.0,2020,6,21,13,3,0
36,29.7,62,947.0,58.32,18,0,0.0,2019,5,21,19,5,2
30,29.0,49,1012.7,41.76,0,0,0.0,2003,2,2,14,3,3
23,24.8,87,984.2,80.64,100,2,3.2,2022,7,12,17,5,0
44,33.2,39,943.4,11.16,19,0,0.0,1998,6,6,21,2,0
34,8.7,45,991.7,33.48,0,0,0.0,1996,12,12,0,4,3
34,31.5,37,977.4,23.76,0,0,0.0,2015,6,8,7,1,0
14,33.3,49,977.5,68.04,23,0,0.0,2015,7,28,16,5,0
22,16.6,94,980.7,18.0,0,0,0.0,2004,2,4,4,6,3
25,28.6,33,950.3,21.96,64,1,0.0,2012,1,26,13,4,3
24,24.8,91,1009.7,29.88,100,2,1.5,2012,6,19,19,5,0
13,18.7,61,935.5,39.96,0,0,0.0,2006,2,2,8,4,3
1,20.8,78,1006.6,27.0,0,0,0.0,2021,10,21,5,4,1
11,21.9,92,897.6,41.4,89,1,0.0,2010,5,26,6,6,2
3,23.9,39,975.6,25.56,12,0,0.0,1996,1,24,20,6,3
26,26.6,84,1006.9,42.12,100,1,0.0,2015,7,18,17,2,0
46,28.0,61,927.8,22.32,91,1,0.0,2002,10,1,12,5,1
16,29.0,52,958.5,36.36,44,0,0.0,1997,11,1,13,2,1
4,27.8,26,1006.5,31.68,0,0,0.0,2007,11,17,18,2,1
11,19.4,93,899.0,25.92,96,1,0.0,1999,9,13,23,1,1
13,22.4,86,928.9,50.04,100,1,0.0,2015,9,14,19,1,1
29,27.6,86,1007.0,15.12,99,1,0.0,2024,4,11,1,4,2
5,27.0,29,943.4,51.48,60,1,0.0,2022,3,26,2,2,2
23,30.5,73,988.0,6.84,85,2,0.3,2020,7,29,13,6,0
20,24.4,64,1001.4,26.28,0,0,0.0,1996,11,3,19,3,1
41,24.9,93,1010.4,30.24,23,0,0.0,2010,11,16,0,5,1
0,25.3,61,982.1,47.52,47,0,0.0,1997,1,19,13,3,3
22,26.8,50,985.5,15.48,0,0,0.0,2015,12,3,9,4,3
5,26.7,77,941.2,25.92,95,2,0.3,1998,10,7,16,6,1
0,30.2,30,982.4,32.76,29,0,0.0,2002,11,17,14,3,1
31,21.5,90,925.7,61.56,98,2,0.4,2018,8,14,20,5,0
21,29.9,47,956.8,46.44,100,1,0.0,2012,9,29,18,2,1
0,35.0,16,975.2,57.24,2,0,0.0,2008,5,16,21,0,2
46,25.3,74,924.8,36.0,89,1,0.0,2009,9,26,14,2,1
22,26.0,82,968.9,89.64,100,2,0.1,2024,7,19,22,0,0
31,15.9,83,929.0,41.76,0,0,0.0,2018,1,19,4,0,3
10,30.8,65,973.7,99.36,0,0,0.0,2014,7,20,10,3,0
44,25.1,31,950.8,12.6,0,0,0.0,2012,11,8,9,4,1
10,37.1,36,975.4,60.84,2,0,0.0,2015,8,26,16,6,0
0,24.3,92,970.1,47.52,100,2,3.0,2013,7,19,19,0,0
0,28.0,81,977.6,36.72,14,0,0.0,2016,9,28,9,6,1
25,23.1,89,942.0,33.84,100,1,0.0,2024,6,23,6,3,0
2,22.9,19,960.1,27.36,0,0,0.0,2016,2,14,17,3,3
37,26.3,77,995.1,57.6,80,1,0.0,2001,9,4,9,5,1
34,24.1,74,989.8,12.96,41,0,0.0,2025,10,21,7,5,1
4,23.8,50,1010.4,32.04,55,0,0.0,2025,2,27,8,4,3
2,13.8,70,957.7,30.24,8,0,0.0,2011,2,16,23,6,3
18,26.0,31,967.4,41.4,0,0,0.0,2020,11,11,14,6,1
28,27.3,71,1010.4,18.0,22,0,0.0,2011,2,27,21,3,3
9,30.8,71,995.4,88.2,36,2,0.1,2015,6,20,12,2,0
37,30.4,65,991.7,36.72,88,1,0.0,2025,5,19,8,1,2
23,26.4,87,994.5,13.68,94,1,0.0,2004,4,6,5,5,2
20,22.2,97,997.1,14.4,6,0,0.0,2023,4,30,5,3,2
0,19.9,89,985.2,11.52,55,0,0.0,1998,2,4,4,6,3
3,22.0,83,975.6,35.28,86,1,0.0,1997,11,19,9,6,1
1,27.3,83,999.0,27.36,45,2,0.2,1996,9,12,21,4,1
3,35.6,38,968.6,45.72,94,1,0.0,2024,6,2,9,3,0
40,28.9,61,952.4,69.84,79,1,0.0,2004,6,11,12,0,0
42,30.5,51,1011.3,25.92,6,0,0.0,2020,3,27,9,0,2
14,38.0,13,983.7,13.32,98,1,0.0,2024,4,25,17,4,2
26,29.3,66,1011.8,25.2,30,0,0.0,2017,12,11,11,1,3
16,34.0,28,950.5,35.64,16,0,0.0,2025,5,8,17,4,2
1,27.5,50,1005.6,39.96,0,0,0.0,2005,3,20,9,3,2
11,25.7,25,903.3,44.28,0,0,0.0,2001,12,9,12,3,3
43,26.5,88,1012.0,17.28,100,1,0.0,2002,9,17,10,5,1
39,21.6,96,946.8,16.92,99,1,0.0,2019,8,18,22,3,0
2,26.0,78,955.7,52.92,71,1,0.0,1997,9,15,9,1,1
45,34.9,27,977.0,17.28,10,0,0.0,1997,3,30,17,3,2
18,30.7,52,952.0,80.28,26,0,0.0,2013,6,21,22,0,0
6,16.8,77,991.1,49.32,0,0,0.0,2002,11,14,4,4,1
3,28.1,58,973.1,20.88,3,0,0.0,1997,10,1,17,6,1
29,25.9,89,1005.5,38.88,96,1,0.0,2015,11,18,1,6,1
42,25.6,93,1007.7,41.4,99,1,0.0,2020,6,15,0,1,0
16,17.8,83,955.6,23.76,26,0,0.0,2011,11,23,3,6,1
45,20.3,73,983.9,18.36,99,1,0.0,2013,11,17,0,3,1
38,28.7,70,1000.4,48.96,6,0,0.0,2016,4,21,18,4,2
27,29.5,20,979.3,34.92,54,0,0.0,2018,3,1,18,4,2
43,29.9,65,1008.3,41.04,40,0,0.0,2012,10,23,11,5,1
17,15.8,71,898.4,12.6,4,0,0.0,2013,2,25,6,1,3
33,26.9,45,946.7,34.2,19,0,0.0,2010,1,4,16,1,3
20,17.2,43,1007.0,31.68,0,0,0.0,2002,2,3,0,3,3
30,33.4,56,1006.4,64.08,99,1,0.0,2012,4,16,14,1,2
35,26.8,56,971.8,43.2,28,0,0.0,2021,10,29,10,0,1
29,24.3,94,1005.2,16.56,36,2,0.5,2008,7,14,5,1,0
43,31.8,65,1003.9,42.48,14,0,0.0,2020,4,19,17,3,2
6,22.8,26,993.8,68.04,50,0,0.0,2004,1,4,16,3,3
15,26.7,42,940.6,43.2,41,0,0.0,2015,1,2,16,0,3
0,31.8,53,978.2,20.16,83,1,0.0,2024,10,29,13,5,1
31,23.2,87,925.5,14.76,28,0,0.0,1996,3,20,4,6,2
9,21.3,57,1018.7,31.32,14,0,0.0,2015,12,28,9,1,3
19,28.5,27,981.2,53.64,0,0,0.0,2007,10,3,21,6,1
45,24.5,65,986.8,32.04,17,0,0.0,2009,1,2,10,0,3
33,23.4,87,945.7,27.0,100,1,0.0,2019,10,11,20,0,1
13,20.5,56,931.5,42.48,22,0,0.0,2018,1,4,23,4,3
21,28.0,26,964.9,28.44,0,0,0.0,1999,1,16,13,2,3
38,25.0,78,1003.6,32.04,1,0,0.0,2001,3,16,21,0,2
11,18.2,98,897.5,50.4,100,1,0.0,2022,8,20,5,2,0
25,21.4,71,948.1,47.16,0,0,0.0,2002,1,17,21,4,3
5,25.5,32,945.3,27.36,0,0,0.0,2002,12,20,18,0,3
18,25.9,28,968.6,29.52,0,0,0.0,1999,11,29,11,1,1
38,25.2,95,996.7,72.36,96,2,1.4,2017,6,26,10,1,0
45,22.2,76,979.8,18.0,93,1,0.0,2011,2,18,6,0,3
20,26.9,32,1000.8,35.64,0,0,0.0,2002,1,13,18,3,3
14,17.4,65,985.5,25.92,0,0,0.0,2017,4,7,5,0,2
6,27.2,70,981.0,83.88,0,0,0.0,1997,5,28,3,6,2
11,29.2,28,900.5,33.48,59,0,0.0,2020,3,16,17,1,2
41,30.5,74,1005.6,31.32,100,2,0.1,2023,9,26,12,5,1
34,20.1,62,987.0,21.96,0,0,0.0,1996,11,5,8,5,1
15,27.9,64,938.8,20.88,43,0,0.0,1999,10,14,14,4,1
43,26.7,52,1009.7,69.48,5,0,0.0,2026,1,9,22,0,3
38,27.0,86,998.0,57.24,100,2,0.3,2019,9,18,14,6,1
36,23.9,90,943.0,73.44,100,2,0.3,1998,7,9,19,4,0
16,26.7,66,951.2,48.24,100,1,0.0,2002,7,15,23,1,0
40,30.7,25,962.6,38.88,49,0,0.0,2013,2,28,10,4,3
37,27.3,73,990.9,43.2,94,1,0.0,2002,8,22,20,4,0
18,23.6,73,963.0,19.8,100,1,0.0,2024,10,13,5,3,1
20,26.8,89,989.0,45.72,100,1,0.0,2000,7,13,8,4,0
46,21.3,99,925.8,12.96,87,1,0.0,2002,10,6,1,3,1
28,26.1,93,1006.3,11.16,70,1,0.0,2003,4,25,6,0,2
25,22.4,94,943.7,30.24,96,1,0.0,2008,7,21,3,1,0
43,23.5,90,1008.6,15.48,1,0,0.0,2004,2,5,6,4,3
10,39.0,11,979.7,43.92,64,1,0.0,2025,4,10,11,4,2
44,33.9,26,943.2,51.12,2,0,0.0,2005,5,8,18,3,2
7,28.2,30,911.8,28.08,0,0,0.0,2001,1,23,13,5,3
5,22.7,43,946.9,38.88,83,1,0.0,2025,3,3,7,1,2
46,25.2,78,924.5,21.6,95,2,0.1,1998,8,22,11,2,0
30,26.8,89,1005.9,25.56,98,2,0.2,2010,8,11,20,6,0
0,38.7,31,972.9,41.76,94,1,0.0,1996,6,26,14,6,0
20,20.7,50,1006.5,26.64,2,0,0.0,2003,11,25,6,5,1
32,22.3,50,977.0,26.64,3,0,0.0,1996,3,2,3,2,2
36,33.1,37,943.8,71.28,8,0,0.0,1996,5,28,15,5,2
0,25.1,90,976.1,42.12,97,1,0.0,1998,8,27,7,4,0
24,25.1,90,1009.3,14.4,100,1,0.0,2010,10,29,1,0,1
32,17.9,89,973.6,22.32,38,0,0.0,2022,1,23,7,3,3
31,25.0,82,929.1,28.44,86,2,0.2,2023,10,10,17,5,1
19,29.6,74,978.7,33.84,100,2,0.5,2016,7,26,22,5,0
32,13.1,84,979.0,28.44,1,0,0.0,2017,1,16,5,1,3
24,26.6,82,1008.9,25.2,92,2,0.4,1996,10,4,17,0,1
35,19.9,92,970.7,12.24,1,0,0.0,2019,11,27,7,6,1
40,20.0,96,959.7,18.36,18,0,0.0,1997,11,20,5,4,1
10,32.1,32,970.9,57.96,3,0,0.0,2003,6,13,2,0,0
28,31.0,70,1004.7,46.08,71,2,1.8,2019,4,23,17,5,2
38,26.6,85,999.9,46.08,98,2,2.1,2010,9,6,13,1,1
16,22.4,94,950.7,36.0,100,2,1.4,2013,9,8,4,3,1
22,20.5,57,983.3,19.44,39,0,0.0,2005,12,7,8,6,3
23,29.5,70,993.7,55.8,26,0,0.0,2015,4,6,8,1,2
41,26.2,93,1004.1,47.88,64,2,1.2,2010,9,6,8,1,1
8,25.8,91,1001.3,56.16,100,1,0.0,2014,7,24,23,4,0
11,17.7,86,899.3,32.04,85,1,0.0,2000,11,11,1,2,1
8,28.7,76,1000.8,75.96,88,1,0.0,1999,8,11,16,6,0
26,25.7,92,1007.7,8.64,66,1,0.0,2011,5,18,4,6,2
0,20.1,81,981.0,27.36,30,0,0.0,2021,12,3,2,0,3
20,29.2,45,1000.5,29.52,0,0,0.0,2004,3,22,9,1,2
28,24.3,95,1007.6,9.72,100,2,0.2,2013,9,18,22,6,1
36,23.3,95,936.9,42.48,100,2,1.8,1996,6,17,23,1,0
45,30.9,60,981.6,33.84,4,0,0.0,1997,4,15,9,5,2
45,28.5,62,973.4,45.72,100,1,0.0,2006,7,15,0,2,0
30,28.9,53,1009.7,74.88,1,0,0.0,2020,3,27,19,0,2
15,26.2,76,935.1,61.56,33,0,0.0,2014,6,8,19,3,0
32,18.7,45,982.3,30.6,6,0,0.0,2005,12,17,9,2,3
8,26.1,84,1005.0,50.4,9,0,0.0,2002,9,24,22,5,1
31,20.6,97,924.7,18.72,24,0,0.0,2022,5,7,4,2,2
0,26.1,81,969.4,63.0,100,2,0.1,2005,7,31,0,3,0
41,30.3,68,1007.8,29.88,82,1,0.0,2009,9,12,14,2,1
42,28.7,82,1011.7,16.92,70,2,0.2,2017,10,27,10,0,1
38,30.1,36,1003.6,30.24,0,0,0.0,1996,12,6,12,0,3
4,33.9,30,1001.2,26.64,0,0,0.0,2012,4,9,19,1,2
5,28.4,34,945.3,19.44,44,0,0.0,2006,3,15,14,6,2
3,25.1,26,976.3,52.92,0,0,0.0,2013,3,1,21,0,2
42,24.6,94,1007.1,31.32,88,2,0.8,2017,7,19,19,6,0
28,24.5,94,1006.7,5.4,69,2,0.4,2008,6,20,5,0,0
42,27.4,82,1008.2,69.12,100,2,0.2,2025,8,2,10,2,0
15,21.1,95,939.1,15.12,98,1,0.0,1996,10,20,23,3,1
2,25.7,74,944.7,78.84,62,1,0.0,1999,7,2,6,0,0
7,26.0,71,910.4,35.64,92,2,0.2,2017,10,5,11,4,1
4,24.4,78,1006.0,16.92,6,0,0.0,1997,4,30,4,6,2
39,30.9,44,946.2,65.52,80,1,0.0,2014,4,8,16,5,2
31,21.9,66,927.8,58.68,3,0,0.0,2022,1,22,20,2,3
42,26.4,82,1011.7,63.36,100,2,0.3,1999,6,2,10,6,0
44,8.5,92,949.1,23.76,0,0,0.0,2012,1,3,5,5,3
20,25.0,59,1000.4,18.0,0,0,0.0,2018,2,22,20,4,3
25,24.7,38,952.7,5.76,0,0,0.0,2006,12,29,20,0,3
23,20.1,75,999.8,18.36,0,0,0.0,2001,12,8,23,2,3
13,30.2,52,930.1,34.92,56,2,0.2,2001,5,21,11,1,2
6,28.4,42,987.4,50.4,0,0,0.0,2024,10,29,8,5,1
16,29.6,61,948.8,79.56,100,2,0.4,2019,7,25,14,4,0
13,22.3,79,929.2,13.68,33,0,0.0,2005,3,20,2,3,2
33,38.9,19,945.3,58.32,7,0,0.0,2016,5,15,15,3,2
4,32.4,55,995.1,54.0,100,1,0.0,2000,6,8,23,4,0
30,31.5,56,1007.6,41.76,72,1,0.0,2018,4,6,12,0,2
29,28.5,72,1006.5,42.84,83,1,0.0,2017,10,22,15,3,1
26,27.7,81,1010.2,55.8,99,2,0.2,2002,7,2,12,5,0
3,30.8,68,966.4,3.96,69,1,0.0,2014,8,25,15,1,0
7,20.5,86,911.3,43.56,62,1,0.0,2009,8,30,0,3,0
22,27.6,89,971.9,29.88,100,2,0.6,2010,6,19,16,2,0
0,25.5,24,989.9,31.32,25,0,0.0,2002,1,2,12,6,3
11,23.4,55,902.8,14.04,100,1,0.0,2004,2,8,20,3,3
41,26.1,93,998.9,58.32,100,2,3.4,2019,8,4,23,3,0
27,22.6,48,979.8,28.08,0,0,0.0,2007,10,29,23,1,1
19,13.2,53,988.1,35.64,0,0,0.0,2002,12,5,4,4,3
44,22.0,45,954.6,15.84,0,0,0.0,2024,11,24,10,3,1
26,27.0,72,1008.8,16.92,17,0,0.0,1997,1,22,19,6,3
3,32.0,14,970.3,43.2,0,0,0.0,2017,4,26,21,6,2
13,17.5,77,930.5,6.12,24,0,0.0,2026,2,10,4,5,3
43,25.7,84,1013.2,13.68,30,0,0.0,2003,12,20,22,2,3
12,26.0,95,972.4,14.76,100,2,0.4,2006,7,12,6,6,0
13,21.6,86,927.6,37.8,25,0,0.0,2008,5,7,1,6,2
23,36.3,24,993.2,23.76,27,0,0.0,2000,3,25,16,2,2
40,23.1,86,954.2,44.28,99,1,0.0,2023,8,20,3,3,0
21,27.2,74,955.6,20.52,100,2,0.2,2013,9,15,11,3,1
3,29.5,67,967.8,33.12,100,2,0.1,2022,8,28,12,3,0
14,23.8,40,994.7,21.24,14,0,0.0,2015,12,2,16,6,3
10,29.2,54,982.0,65.88,22,0,0.0,2016,9,14,1,6,1
22,20.4,75,981.3,68.04,19,0,0.0,2004,1,22,8,4,3
39,21.1,97,943.2,23.04,100,2,0.3,2021,9,6,6,1,1
10,30.6,23,983.9,25.56,24,0,0.0,2010,3,5,16,0,2
35,30.5,34,970.5,30.24,49,0,0.0,2024,3,13,9,6,2
14,27.0,78,980.8,34.92,2,0,0.0,2003,9,3,3,6,1
13,26.6,72,924.3,50.4,59,0,0.0,2014,6,4,18,6,0
25,23.0,92,944.5,47.88,99,1,0.0,2010,6,22,19,5,0
6,10.4,39,999.5,32.4,5,0,0.0,2021,12,19,9,3,3
42,24.4,88,1008.8,18.72,98,2,0.2,2010,11,17,19,6,1
45,21.6,74,978.3,41.76,100,1,0.0,2017,11,14,5,5,1
5,23.1,99,935.7,21.6,100,2,2.2,2021,7,12,3,1,0
34,32.3,59,977.1,37.8,95,1,0.0,2022,7,31,12,3,0
2,30.8,39,956.6,57.6,10,0,0.0,1997,9,29,13,1,1
3,27.1,28,972.6,37.44,8,0,0.0,2025,3,20,4,4,2
33,12.9,58,948.8,37.44,0,0,0.0,2012,1,12,4,4,3
14,34.1,20,985.3,46.44,0,0,0.0,1999,4,2,16,0,2
8,30.0,67,1007.9,34.2,99,1,0.0,2016,9,9,13,0,1
19,27.9,59,980.5,24.84,17,0,0.0,2001,10,5,1,0,1
42,23.4,85,1010.0,17.64,76,1,0.0,2009,1,22,23,4,3
12,26.2,97,976.1,22.32,100,2,3.3,2012,8,20,6,1,0
19,22.6,48,989.2,25.92,0,0,0.0,2025,11,30,21,3,1
5,26.8,24,945.2,32.04,0,0,0.0,2011,4,1,21,0,2
17,20.2,98,898.3,16.92,93,1,0.0,2003,5,22,1,4,2
10,34.1,54,974.6,6.48,100,1,0.0,2016,6,22,21,6,0
8,29.7,25,1009.7,29.88,0,0,0.0,1998,3,1,18,3,2
41,31.3,28,1014.4,36.0,0,0,0.0,1996,11,15,13,0,1
42,26.2,79,1009.4,46.8,23,0,0.0,2008,2,2,21,2,3
33,29.4,60,944.8,72.72,54,0,0.0,2024,5,31,8,0,2
41,22.8,60,1014.5,9.72,0,0,0.0,2026,1,23,20,0,3
4,20.0,85,1008.6,26.28,76,1,0.0,2025,11,26,6,6,1
34,16.0,97,990.4,20.88,99,2,1.9,2013,2,23,18,2,3
39,20.4,91,945.6,20.88,97,1,0.0,2015,11,1,6,3,1
46,28.8,59,927.4,12.6,45,0,0.0,2012,4,8,12,3,2
5,35.7,19,941.3,43.92,22,0,0.0,2014,5,16,17,0,2
5,25.8,21,941.9,36.36,0,0,0.0,2009,4,19,4,3,2
24,28.6,72,1012.7,49.68,34,2,0.1,2020,2,2,12,3,3
6,24.7,61,989.7,66.24,61,1,0.0,2016,3,17,9,4,2
22,40.0,18,971.9,32.04,10,0,0.0,2000,4,25,13,5,2
13,20.3,94,928.0,78.12,100,2,1.6,2002,8,11,2,3,0
21,38.6,12,953.8,12.96,0,0,0.0,2010,3,23,16,5,2
4,27.8,81,994.9,65.52,100,2,0.3,2008,8,8,14,0,0
16,39.2,16,950.8,39.96,2,0,0.0,2012,5,16,13,6,2
8,28.1,80,999.9,45.72,71,1,0.0,2015,6,17,9,6,0
19,10.9,53,993.5,42.12,76,1,0.0,2014,1,13,0,1,3
36,26.2,67,947.2,51.84,70,1,0.0,2002,9,12,16,4,1
35,25.1,88,968.9,14.04,99,1,0.0,2019,9,29,21,3,1
23,23.2,42,994.5,29.88,0,0,0.0,2012,2,26,0,3,3
33,36.6,21,945.1,68.4,32,0,0.0,2009,4,29,17,6,2
15,21.8,94,939.9,64.8,100,2,0.2,1997,8,26,22,5,0
36,25.1,81,944.3,96.12,85,2,0.2,2015,6,26,9,0,0
24,29.2,66,1010.8,43.2,0,0,0.0,2017,2,9,12,4,3
15,24.6,78,943.3,27.36,13,0,0.0,2015,3,28,0,2,2
32,26.0,42,975.4,26.64,89,1,0.0,2000,11,28,18,5,1
45,25.1,77,981.6,37.08,4,0,0.0,2005,10,22,8,2,1
33,19.7,94,945.2,6.48,85,1,0.0,2006,11,24,4,0,1
46,21.3,90,925.5,8.28,19,0,0.0,2022,5,30,7,1,2
44,8.4,45,950.6,32.4,0,0,0.0,1997,1,22,0,6,3
26,31.2,61,1008.3,19.8,95,1,0.0,2007,4,7,12,2,2
25,30.8,15,948.9,36.0,0,0,0.0,2011,1,13,15,4,3
26,24.3,96,1012.5,18.72,73,1,0.0,2018,10,14,23,3,1
13,31.6,11,930.3,18.72,1,0,0.0,2001,2,10,16,2,3
27,28.3,81,971.3,33.48,100,1,0.0,2024,7,4,6,4,0
31,24.8,76,926.3,99.0,99,2,0.5,2021,6,15,10,5,0
5,27.2,80,938.3,19.8,100,2,0.5,2020,7,1,14,6,0
30,23.0,71,1013.1,38.88,0,0,0.0,2013,12,16,22,1,3
17,25.2,55,902.0,41.4,57,0,0.0,2024,1,25,13,4,3
22,25.0,86,979.1,26.64,36,0,0.0,2018,9,25,1,5,1
14,23.7,43,992.2,8.64,0,0,0.0,2018,3,17,9,2,2
37,32.6,41,991.5,62.64,4,0,0.0,2014,5,15,18,4,2
20,29.2,68,995.1,60.48,94,1,0.0,2004,5,16,20,3,2
11,18.8,55,901.3,9.72,44,0,0.0,2013,1,19,22,2,3
36,23.6,89,947.3,24.48,59,0,0.0,2009,9,15,19,5,1
45,23.3,84,982.4,30.24,29,0,0.0,2016,12,14,0,6,3
22,28.9,76,975.0,43.2,97,1,0.0,2010,8,23,10,1,0
31,20.7,89,927.9,47.16,100,1,0.0,2004,8,20,1,0,0
19,30.3,53,982.2,37.44,0,0,0.0,2025,5,13,8,5,2
15,21.4,96,937.8,28.44,94,1,0.0,1999,9,30,2,4,1
24,28.1,69,1007.7,35.64,92,1,0.0,1997,2,1,15,2,3
6,25.2,34,995.4,13.68,40,0,0.0,2016,1,7,13,4,3
34,28.0,82,978.4,21.24,100,2,0.2,2009,8,16,12,3,0
31,23.2,81,928.5,43.56,65,1,0.0,1998,8,30,20,3,0
6,31.9,50,983.9,61.56,0,0,0.0,2015,5,21,8,4,2
27,29.4,46,977.8,14.76,2,0,0.0,2023,6,3,23,2,0
3,16.9,97,975.6,14.4,100,1,0.0,2021,12,29,6,6,3
25,21.9,95,948.7,30.24,100,1,0.0,2005,8,23,22,5,0
19,33.2,24,988.3,28.44,14,0,0.0,2023,10,23,13,1,1
45,30.1,61,975.5,38.88,100,1,0.0,2024,9,27,16,0,1
23,30.4,54,995.1,18.36,95,1,0.0,2004,10,16,16,2,1
15,20.5,58,942.0,32.76,79,1,0.0,2014,2,14,22,0,3
46,20.2,72,930.4,33.48,3,0,0.0,2014,1,8,8,6,3
8,30.3,50,1011.6,7.56,19,0,0.0,2019,11,30,11,2,1
19,15.2,31,978.5,35.28,0,0,0.0,2000,3,12,5,3,2
6,32.1,51,979.0,89.28,94,1,0.0,2001,7,30,14,1,0
32,24.5,96,972.1,14.4,43,0,0.0,1998,10,3,0,2,1
6,31.7,49,982.7,105.12,1,0,0.0,2001,5,17,22,4,2
29,24.9,93,1007.3,53.28,97,2,0.3,2000,6,11,7,3,0
21,22.5,57,959.8,33.12,1,0,0.0,2016,11,4,22,0,1
42,25.6,86,1006.3,86.76,96,2,0.6,2013,6,24,16,1,0
2,25.2,78,953.7,58.32,84,1,0.0,2003,9,21,3,3,1
17,18.2,98,895.9,11.16,100,1,0.0,2000,7,25,1,5,0
43,28.4,84,1006.6,46.8,82,3,6.0,2021,5,18,12,5,2
45,21.9,81,983.3,40.68,99,1,0.0,2014,12,13,3,2,3
20,28.7,33,1005.8,1.44,0,0,0.0,2017,11,24,11,0,1
24,25.0,88,1010.5,9.36,96,1,0.0,1999,8,15,0,3,0
41,24.3,34,1009.4,56.52,0,0,0.0,2002,3,5,0,5,2
7,25.3,55,913.3,41.76,36,0,0.0,2015,12,18,16,0,3
35,25.5,83,960.9,15.84,99,2,0.2,2010,8,27,9,0,0
7,17.1,80,912.1,27.36,6,0,0.0,2011,11,11,23,0,1
19,28.9,78,970.4,37.44,100,1,0.0,2025,6,19,3,4,0
23,24.1,88,998.4,17.28,3,0,0.0,2015,10,26,5,1,1
34,11.3,71,991.5,30.24,0,0,0.0,2006,12,24,0,3,3
44,20.9,41,948.1,29.88,0,0,0.0,2015,2,14,21,2,3
14,20.7,54,992.6,22.68,0,0,0.0,2013,12,10,18,5,3
20,34.8,27,1001.9,23.4,1,0,0.0,1997,5,2,11,0,2
35,35.6,30,963.2,25.92,78,1,0.0,2005,5,30,11,1,2
15,21.4,96,939.2,73.44,100,1,0.0,2021,8,5,2,4,0
40,29.7,30,961.6,18.0,46,0,0.0,2010,1,29,14,0,3
32,31.2,25,968.2,15.12,91,1,0.0,2003,5,13,7,5,2
32,36.9,32,966.9,36.72,36,0,0.0,2015,6,1,18,1,0
42,24.2,88,1011.5,61.56,76,1,0.0,1997,8,8,8,0,0
31,20.3,95,929.7,20.88,100,1,0.0,2018,12,27,4,4,3
4,27.2,77,999.4,43.2,80,1,0.0,2000,8,6,23,3,0
7,19.9,97,910.9,29.88,100,2,0.2,2022,8,27,21,2,0
44,25.0,20,947.6,43.92,0,0,0.0,2012,3,12,18,1,2
14,22.4,54,986.6,27.72,0,0,0.0,2004,4,25,4,3,2
29,24.8,94,1005.2,42.12,58,2,0.7,2008,7,17,22,4,0
4,33.8,49,997.8,43.92,53,0,0.0,1998,7,23,15,4,0
42,27.1,85,1005.8,48.24,96,1,0.0,2021,9,20,17,1,1
13,22.3,99,928.9,23.4,100,2,0.2,2024,8,17,23,2,0
16,26.0,78,945.9,68.76,100,2,1.1,2024,7,14,12,3,0
5,22.8,93,946.3,16.56,53,2,0.5,1999,10,10,23,3,1
43,27.8,79,1005.3,42.84,71,2,2.7,1996,9,24,14,5,1
42,27.9,79,1006.0,48.96,30,2,0.2,2002,5,31,16,0,2
39,20.9,96,941.2,70.2,100,2,0.5,2000,7,9,5,3,0
7,26.7,59,911.0,26.64,31,0,0.0,2000,9,15,11,0,1
15,33.4,26,943.6,40.68,0,0,0.0,2014,3,13,13,4,2
10,14.0,63,986.6,32.76,0,0,0.0,2004,3,2,6,5,2
42,23.4,95,1008.9,15.48,99,2,1.5,1996,12,11,19,6,3
32,23.1,83,971.8,28.44,0,0,0.0,2021,10,11,23,1,1
7,18.5,61,915.6,49.32,0,0,0.0,2019,1,19,22,2,3
22,30.1,35,980.4,29.52,70,1,0.0,2000,11,28,12,5,1
39,26.2,62,951.1,6.84,19,0,0.0,1998,1,27,10,5,3
37,21.9,82,998.5,41.76,0,0,0.0,2018,3,20,1,5,2
38,24.9,91,1001.7,3.96,100,2,0.1,2019,10,20,4,3,1
42,24.2,86,1008.3,19.44,100,1,0.0,2011,11,20,6,3,1
18,18.4,72,964.1,37.8,83,1,0.0,1997,10,22,23,6,1
3,24.9,84,966.3,55.44,100,2,0.2,1996,8,9,12,0,0
44,25.6,75,943.9,43.92,51,0,0.0,2021,6,7,1,1,0
7,18.7,90,911.2,15.48,0,0,0.0,2011,10,7,4,0,1
42,26.9,78,1006.8,88.56,99,1,0.0,1996,8,9,15,0,0
13,16.1,76,927.9,24.84,0,0,0.0,1998,2,23,3,1,3
18,32.4,31,963.6,17.64,3,0,0.0,2024,10,17,12,4,1
14,14.8,63,996.7,23.04,0,0,0.0,2013,11,18,2,1,1
2,23.6,27,962.4,14.04,0,0,0.0,2004,2,11,15,6,3
10,28.3,28,978.5,75.96,99,1,0.0,2013,4,21,2,3,2
15,20.6,96,944.9,34.92,13,0,0.0,2024,12,27,6,0,3
22,23.3,96,975.7,16.92,100,2,0.4,1996,8,24,6,2,0
12,33.3,23,970.0,30.96,1,0,0.0,2003,6,5,0,4,0
43,29.2,76,1007.4,27.72,93,2,0.2,2014,9,23,11,5,1
28,26.8,86,1007.5,24.84,92,2,0.4,2016,5,27,17,0,2
42,28.5,78,1008.0,54.36,49,2,0.7,1998,2,27,16,0,3
6,39.3,18,982.7,54.36,30,0,0.0,2007,5,28,15,1,2
44,13.9,61,951.4,26.64,0,0,0.0,2024,1,19,21,0,3
43,27.0,83,1008.7,68.4,98,2,0.9,2021,8,6,10,0,0
0,31.0,48,976.5,52.92,77,1,0.0,2025,6,6,20,0,0
25,25.0,52,950.3,59.04,1,0,0.0,1998,2,15,19,3,3
29,28.8,68,1010.1,43.56,22,0,0.0,2018,9,25,9,5,1
38,25.2,79,1003.0,54.0,100,1,0.0,2024,11,15,1,0,1
12,32.5,45,977.0,39.96,48,0,0.0,1997,6,9,20,1,0
2,26.3,23,958.0,31.68,0,0,0.0,2001,1,20,16,2,3
17,19.5,98,898.7,38.88,100,2,0.3,2017,11,6,23,1,1
8,22.3,69,1010.6,25.2,85,1,0.0,2002,3,10,1,3,2
46,20.0,99,925.5,20.16,100,1,0.0,2007,10,4,0,4,1
42,25.2,88,1011.6,9.72,0,0,0.0,2025,2,21,0,0,3
14,31.5,36,984.0,24.84,0,0,0.0,2001,9,19,21,6,1
45,17.0,84,983.9,30.24,13,0,0.0,2017,1,16,4,1,3
0,29.8,63,972.4,86.4,70,1,0.0,2009,7,23,12,4,0
4,27.1,83,1003.2,28.44,46,0,0.0,2012,9,20,21,4,1
44,26.3,80,940.1,43.2,100,3,10.3,2018,8,28,15,5,0
33,24.6,77,941.8,45.72,58,0,0.0,2014,9,17,17,6,1
22,24.3,73,980.3,34.92,58,0,0.0,2016,3,25,5,0,2
34,26.4,79,988.5,53.28,100,2,0.1,2019,9,27,8,0,1
22,22.8,96,976.8,15.48,11,0,0.0,1999,10,5,4,5,1
9,34.4,57,999.9,70.56,0,0,0.0,1998,5,22,18,0,2
2,24.2,15,957.5,23.4,0,0,0.0,2002,2,6,13,6,3
8,25.4,97,997.9,23.4,100,2,0.1,2022,9,13,1,5,1
16,26.3,69,960.2,42.84,58,0,0.0,2023,11,7,9,5,1
37,24.7,40,993.6,34.92,0,0,0.0,2013,4,7,0,3,2
37,26.1,94,984.6,25.92,100,2,1.6,2005,6,30,11,4,0
2,26.8,27,953.4,53.28,99,1,0.0,2002,4,16,23,5,2
41,25.2,48,1010.8,50.04,0,0,0.0,2006,11,19,22,3,1
5,28.9,38,946.4,18.0,36,0,0.0,2012,11,26,17,1,1
37,23.1,22,996.8,36.0,0,0,0.0,2000,2,25,20,0,3
13,16.7,91,927.0,23.4,82,1,0.0,1998,11,15,1,3,1
39,19.1,88,945.9,5.76,5,0,0.0,2015,3,4,5,6,2
46,22.3,97,929.4,5.04,89,1,0.0,2007,4,20,21,0,2
13,29.6,52,930.6,34.56,8,0,0.0,2001,5,4,10,0,2
38,24.4,56,1006.3,13.68,0,0,0.0,2016,1,26,9,5,3
33,21.5,61,950.0,41.04,23,0,0.0,2004,10,24,8,3,1
4,15.4,30,1003.8,32.4,0,0,0.0,2012,3,10,3,2,2
32,25.9,86,973.2,20.16,27,0,0.0,1998,9,25,2,0,1
18,28.7,47,962.7,40.68,15,0,0.0,1998,10,21,12,6,1
19,27.1,79,976.3,93.6,99,2,0.2,2001,7,17,11,5,0
19,24.3,75,982.6,51.48,0,0,0.0,2014,9,23,2,5,1
38,30.7,26,1001.4,13.68,0,0,0.0,2013,2,18,13,1,3
6,27.3,52,983.9,42.84,20,0,0.0,2023,9,30,2,2,1
35,27.9,35,975.8,21.96,61,1,0.0,2017,1,22,10,3,3
3,26.5,24,973.6,56.16,0,0,0.0,2025,3,10,0,1,2
15,25.6,42,945.3,43.2,37,0,0.0,1999,11,10,9,6,1
3,41.4,19,968.0,28.8,17,0,0.0,1998,6,4,11,4,0
15,28.2,33,945.6,37.08,0,0,0.0,2012,2,5,11,3,3
30,22.9,89,1009.4,10.44,10,0,0.0,2013,1,1,2,5,3
9,17.0,74,1011.4,28.44,0,0,0.0,2006,1,10,7,5,3
26,28.2,66,1010.1,21.96,71,1,0.0,2007,12,27,13,4,3
2,26.7,58,947.0,88.92,0,0,0.0,2025,6,1,4,3,0
10,11.6,77,996.0,43.56,1,0,0.0,2003,2,2,22,3,3
6,27.2,73,981.2,67.32,96,1,0.0,1996,8,18,2,3,0
0,23.9,76,978.8,18.36,57,0,0.0,2000,10,2,23,1,1
45,19.5,64,981.6,27.36,0,0,0.0,2002,1,25,23,0,3
1,22.8,28,1009.3,20.88,0,0,0.0,2000,2,16,10,6,3
43,26.2,88,1006.7,18.72,100,2,0.2,2025,10,21,10,5,1
16,23.5,74,953.3,28.08,0,0,0.0,2022,3,28,5,1,2
5,22.3,96,937.9,43.2,100,1,0.0,2003,8,8,2,0,0
4,29.4,77,993.0,14.4,100,2,4.3,2008,7,27,15,3,0
4,27.2,69,1007.0,33.84,22,0,0.0,2002,9,18,9,6,1
14,18.2,56,997.1,10.8,96,1,0.0,2001,12,14,19,0,3
8,25.8,60,1004.1,14.76,0,0,0.0,2018,4,25,4,6,2
19,35.4,16,977.8,61.92,0,0,0.0,1998,5,21,23,4,2
41,29.7,53,1008.6,48.24,0,0,0.0,2013,4,25,7,4,2
6,29.5,48,985.6,70.56,98,1,0.0,1998,4,20,10,1,2
33,20.6,49,943.3,27.36,0,0,0.0,1999,3,27,4,2,2
36,22.8,94,943.9,74.16,99,2,0.2,2014,7,19,21,2,0
43,28.8,74,1008.2,34.92,100,2,0.4,2013,5,27,11,1,2
9,24.6,50,1009.0,37.8,50,0,0.0,1998,1,12,21,1,3
4,29.1,66,998.9,65.52,12,0,0.0,2000,6,14,2,6,0
39,29.0,53,942.3,55.8,6,0,0.0,2012,5,4,17,0,2
25,23.2,85,944.4,41.04,72,2,0.3,2013,9,29,17,3,1
0,24.3,90,971.3,54.0,100,2,0.1,2020,8,17,1,1,0
4,33.8,62,991.1,15.84,100,1,0.0,2025,6,16,11,1,0
11,26.0,69,896.2,18.36,70,2,0.2,1999,10,17,12,3,1
16,37.5,19,952.7,40.68,55,0,0.0,2005,3,28,14,1,2
20,27.2,77,999.6,39.6,7,0,0.0,2009,9,25,20,0,1
34,26.3,95,975.5,40.32,100,1,0.0,2001,7,20,7,0,0
16,30.8,55,946.1,73.08,44,0,0.0,2013,6,18,14,5,0
10,24.2,17,978.3,36.72,0,0,0.0,2021,4,1,0,4,2
26,25.5,74,1012.1,26.28,53,0,0.0,2015,2,10,7,5,3
36,24.7,80,941.6,61.56,98,2,0.3,2013,7,9,16,5,0
19,28.9,29,986.4,25.92,0,0,0.0,2012,11,6,17,5,1
29,27.9,57,1008.3,55.8,0,0,0.0,1998,2,7,18,2,3
22,27.5,76,975.6,67.68,100,1,0.0,2023,8,18,9,0,0
27,14.6,68,991.8,36.36,11,0,0.0,2010,1,16,21,2,3
25,35.8,20,949.5,52.92,2,0,0.0,2014,4,3,12,4,2
23,29.3,61,995.9,44.28,6,0,0.0,1996,3,25,9,1,2
36,26.0,79,944.7,13.68,93,2,2.2,1999,10,8,16,0,1
28,31.9,50,1005.6,41.76,93,1,0.0,2012,2,21,13,5,3
10,28.1,72,973.5,97.2,11,0,0.0,2009,5,30,0,2,2
18,32.2,65,950.8,12.24,98,1,0.0,2017,7,17,15,1,0
22,24.9,89,970.0,33.12,100,2,0.9,2017,8,18,5,0,0
14,31.6,62,980.3,20.52,51,0,0.0,2007,9,7,11,0,1
29,24.4,93,1001.9,82.44,99,2,0.9,2000,8,24,5,4,0
31,24.0,77,926.7,11.16,98,2,0.2,2001,11,6,16,5,1
38,24.4,95,996.0,69.12,100,2,1.6,2005,8,3,4,6,0
11,27.5,56,896.3,38.88,100,1,0.0,2003,5,12,16,1,2
35,23.2,75,961.1,29.52,100,1,0.0,2007,10,3,2,6,1
2,27.2,41,962.0,49.68,0,0,0.0,2022,10,26,10,6,1
15,29.7,32,942.1,18.72,0,0,0.0,2019,3,15,19,0,2
11,23.6,77,898.0,11.52,74,2,1.1,2001,11,6,15,5,1
27,13.7,95,981.6,26.28,97,1,0.0,2004,1,22,6,4,3
28,26.7,85,1008.3,42.48,100,2,0.1,2006,8,2,13,6,0
26,26.1,81,1008.1,5.4,0,0,0.0,2011,3,3,1,4,2
14,30.2,70,977.3,21.24,93,1,0.0,1999,8,12,1,4,0
27,29.7,29,977.3,48.96,0,0,0.0,2019,5,6,2,1,2
41,28.2,85,996.7,61.2,58,2,0.3,1998,6,26,3,0,0
23,24.0,92,994.4,6.48,100,2,0.1,2005,10,21,7,0,1
10,18.9,31,987.0,14.4,0,0,0.0,2012,1,3,17,5,3
11,18.6,96,893.7,81.36,100,2,0.9,2020,9,22,4,5,1
39,33.7,27,948.7,23.76,0,0,0.0,2020,3,28,11,2,2
23,31.0,45,997.4,43.2,97,1,0.0,2020,2,4,13,5,3
3,37.8,25,965.6,26.64,36,0,0.0,2021,5,10,15,1,2
28,24.0,96,1006.9,7.56,64,1,0.0,2024,12,4,4,6,3
31,25.8,69,929.5,23.4,98,1,0.0,2015,9,1,10,5,1
39,18.0,56,947.6,34.92,63,1,0.0,1999,1,1,2,0,3
0,28.9,29,983.2,24.12,0,0,0.0,2013,2,1,17,0,3
26,25.9,90,1008.6,31.32,100,1,0.0,2011,6,6,22,1,0
32,15.9,67,978.3,21.24,0,0,0.0,2020,12,5,7,2,3
43,23.8,99,1007.3,12.6,91,1,0.0,2017,10,29,2,3,1
4,15.9,57,1007.9,27.36,0,0,0.0,2009,1,28,4,6,3
19,23.2,28,990.7,11.88,0,0,0.0,2002,11,28,21,4,1
16,21.4,46,959.2,27.72,55,0,0.0,1996,12,26,20,4,3
25,35.2,37,947.9,18.36,13,0,0.0,2008,4,26,12,2,2
11,18.0,100,898.9,14.4,87,2,0.5,2009,10,12,4,1,1
33,26.2,26,948.8,27.36,0,0,0.0,1998,2,12,18,4,3
19,25.4,75,978.8,48.96,0,0,0.0,2000,8,7,7,1,0
32,22.4,99,971.1,10.08,100,1,0.0,2010,10,23,6,2,1
32,25.2,96,968.2,37.44,100,2,0.4,2020,8,9,0,3,0
31,21.0,89,927.1,66.96,100,1,0.0,2006,8,11,1,0,0
26,29.7,75,1007.3,22.68,100,2,0.1,2011,4,19,12,5,2
37,30.2,21,998.0,19.08,1,0,0.0,2003,12,3,13,6,3
7,20.2,26,909.4,25.56,8,0,0.0,2012,1,16,19,1,3
21,29.5,59,957.6,23.04,53,0,0.0,1997,6,6,20,0,0
25,25.0,80,946.8,9.36,90,2,0.2,2011,10,20,18,4,1
35,31.0,62,963.2,10.44,68,1,0.0,2022,7,28,14,4,0
21,30.4,20,961.3,28.8,92,1,0.0,2016,11,22,13,5,1
42,27.2,75,1008.1,29.16,85,2,0.8,1996,11,20,15,6,1
30,31.9,61,1009.9,54.36,0,0,0.0,2022,3,28,12,1,2
36,23.2,56,946.5,24.84,3,0,0.0,1996,3,20,0,6,2
12,30.7,53,973.3,25.92,41,0,0.0,2014,6,23,1,1,0
35,22.2,49,971.3,9.36,0,0,0.0,2004,11,22,8,1,1
28,28.7,56,1008.3,39.24,7,0,0.0,2006,3,14,18,5,2
45,29.4,75,974.0,42.84,100,2,0.2,2014,9,19,14,0,1
34,15.0,56,990.7,35.28,0,0,0.0,2012,2,14,21,5,3
41,28.0,82,1005.8,77.4,94,1,0.0,2000,8,16,12,6,0
33,30.1,33,944.0,41.4,0,0,0.0,1997,5,14,19,6,2
41,19.2,63,1011.2,66.24,0,0,0.0,2007,12,16,5,3,3
19,16.0,33,988.8,53.64,0,0,0.0,1996,12,1,1,3,3
11,19.6,95,896.8,81.36,91,1,0.0,2019,7,9,1,5,0
43,24.4,92,1005.1,13.32,100,1,0.0,2000,8,6,1,3,0
37,14.2,75,999.7,29.88,0,0,0.0,1997,2,7,7,0,3
13,36.5,17,931.1,16.92,7,0,0.0,2024,3,9,14,2,2
5,27.1,21,944.1,42.84,0,0,0.0,2017,5,2,4,5,2
18,22.3,43,962.2,40.32,0,0,0.0,2009,3,30,23,1,2
26,24.4,94,1007.3,29.52,100,1,0.0,1998,8,2,2,3,0
25,22.0,95,941.5,75.96,100,2,0.4,2004,8,5,21,4,0
33,13.3,82,946.3,28.44,65,1,0.0,2021,1,26,5,5,3
14,16.7,39,994.6,30.6,0,0,0.0,2008,2,20,22,6,3
27,29.6,79,972.5,23.4,17,0,0.0,2024,7,17,8,6,0
39,23.4,84,943.8,64.08,100,2,0.1,2005,9,10,9,2,1
26,27.4,81,1010.1,12.96,73,1,0.0,2005,10,23,10,3,1
34,36.6,21,975.6,28.8,35,0,0.0,2005,6,13,19,1,0
18,33.1,47,957.6,52.56,84,1,0.0,2001,9,2,11,3,1
45,26.3,80,976.0,52.2,100,2,0.1,2024,8,1,22,4,0
31,25.8,66,929.6,58.32,93,2,0.2,2004,6,26,11,2,0
21,24.3,41,964.4,36.0,39,0,0.0,2003,12,24,21,6,3
31,20.8,89,928.1,32.04,100,1,0.0,2015,7,31,5,0,0
37,29.3,20,998.6,34.2,0,0,0.0,2009,2,1,15,3,3
46,21.0,99,925.7,32.76,100,2,0.2,1998,6,21,22,3,0
42,23.7,74,1010.8,25.56,89,1,0.0,1999,12,28,1,5,3
24,26.8,88,1008.6,23.76,100,1,0.0,2019,5,25,7,2,2
41,28.2,87,999.8,119.16,97,2,0.1,1998,6,10,1,6,0
22,28.6,67,975.1,78.48,95,1,0.0,2017,7,8,8,2,0
6,18.4,27,990.9,24.84,0,0,0.0,2004,3,7,8,3,2
45,32.5,49,978.1,25.92,13,0,0.0,2016,5,5,20,4,2
29,26.5,84,1007.1,59.4,66,2,0.6,2005,9,22,14,4,1
15,22.2,96,933.1,88.92,100,2,1.7,2020,7,16,16,4,0
25,29.1,37,951.8,45.36,60,1,0.0,2023,12,29,13,0,3
28,30.3,63,1007.6,15.48,34,0,0.0,2006,3,7,16,5,2
23,22.0,52,997.9,18.36,0,0,0.0,1999,12,14,20,5,3
12,20.3,47,985.7,40.68,0,0,0.0,2009,3,12,22,4,2
12,33.8,35,976.6,58.32,18,0,0.0,2013,5,27,7,1,2
45,28.1,79,972.7,18.72,99,2,0.3,2020,9,10,17,4,1
31,23.5,54,931.8,32.04,10,0,0.0,1997,2,24,22,1,3
27,26.7,27,976.4,45.36,10,0,0.0,2006,4,10,6,1,2
36,25.9,81,941.7,55.08,97,2,0.3,1996,7,15,14,1,0
8,19.8,83,1007.2,30.6,0,0,0.0,2000,2,20,22,3,3
12,29.4,74,978.6,25.56,0,0,0.0,2024,9,23,19,1,1
27,32.9,45,978.7,34.92,9,0,0.0,2008,9,25,14,4,1
15,28.9,38,941.7,36.72,89,1,0.0,2002,1,5,14,2,3
24,24.1,89,1006.2,11.52,100,1,0.0,2012,12,26,5,6,3
34,35.2,36,972.4,29.88,0,0,0.0,2021,6,8,20,5,0
28,20.9,85,1011.3,15.12,100,1,0.0,1999,1,22,7,0,3
35,28.7,36,961.3,28.8,0,0,0.0,2022,5,2,6,1,2
21,20.7,46,959.6,29.88,22,0,0.0,2007,2,5,4,1,3
20,24.2,51,1002.0,34.92,68,1,0.0,2002,3,20,2,6,2
32,27.5,80,965.2,27.36,100,1,0.0,2013,7,9,18,5,0
43,27.0,89,1003.7,32.4,100,2,0.5,2010,6,9,15,6,0
15,27.9,63,942.0,33.48,51,0,0.0,2002,10,21,14,1,1
40,26.5,76,953.2,56.88,89,2,0.2,2021,11,20,17,2,1
35,25.5,73,961.7,21.6,89,1,0.0,2000,9,5,20,5,1
11,25.2,61,898.2,30.24,84,1,0.0,2011,12,1,16,4,3
43,26.5,89,1008.4,25.56,20,2,0.1,2016,6,14,20,5,0
14,23.5,48,986.9,51.12,80,1,0.0,2012,4,14,1,2,2
21,19.2,65,959.7,25.56,1,0,0.0,2001,11,5,5,1,1
4,34.6,28,1001.3,9.36,1,0,0.0,2002,3,26,13,5,2
26,28.6,56,1010.0,21.96,100,1,0.0,2003,12,12,11,0,3
40,33.4,37,954.0,94.68,36,0,0.0,2024,5,9,19,4,2
46,19.4,100,926.0,23.04,100,1,0.0,2012,9,16,1,3,1
33,20.8,92,948.3,11.88,2,0,0.0,1998,10,26,0,1,1
27,24.1,50,987.9,31.32,0,0,0.0,2017,11,19,10,3,1
26,25.6,87,1009.6,41.04,39,0,0.0,2002,8,31,8,2,0
8,28.8,74,999.8,86.76,59,2,0.2,2005,8,7,10,3,0
36,16.8,69,948.6,21.24,0,0,0.0,2010,1,25,3,1,3
34,16.0,76,985.0,39.96,67,1,0.0,2004,2,18,3,6,3
14,21.3,36,996.1,25.56,0,0,0.0,2003,2,11,13,5,3
4,26.0,86,999.0,36.72,97,1,0.0,1999,6,29,5,5,0
29,29.0,77,1004.1,31.32,84,2,0.1,2012,4,18,19,6,2
19,25.7,25,989.7,26.64,11,0,0.0,2007,12,22,17,2,3
38,26.0,89,999.6,15.84,17,0,0.0,2002,4,22,5,1,2
0,29.8,33,980.1,34.56,10,0,0.0,2002,12,24,14,5,3
1,34.4,22,1001.2,51.84,0,0,0.0,2000,3,2,16,4,2
9,19.7,47,1011.1,46.08,0,0,0.0,2012,1,27,23,0,3
9,31.9,70,1004.7,43.92,13,0,0.0,1998,9,29,11,5,1
4,28.2,78,998.9,27.0,10,0,0.0,2025,5,19,5,1,2
1,22.0,42,1003.3,26.28,0,0,0.0,2017,3,5,22,3,2
17,21.3,91,899.5,9.0,99,1,0.0,2010,4,28,1,6,2
26,24.5,93,1009.2,40.32,100,2,0.9,1998,9,9,1,6,1
28,24.6,90,1007.4,19.44,80,1,0.0,1996,8,18,20,3,0
20,29.7,50,1000.2,22.68,0,0,0.0,2010,3,25,10,4,2
34,27.9,87,972.2,36.0,97,1,0.0,1997,7,5,5,2,0
16,18.8,67,954.0,15.48,0,0,0.0,2000,1,23,4,3,3
39,25.8,52,948.5,51.84,39,0,0.0,2013,11,16,11,2,1
8,25.5,36,1010.6,28.8,0,0,0.0,2007,12,26,19,6,3
5,27.8,74,936.7,20.52,99,2,0.1,2019,8,30,15,0,0
29,28.3,61,1006.2,39.6,0,0,0.0,1998,12,21,16,1,3
21,23.6,42,963.1,48.24,0,0,0.0,2024,2,7,3,6,3
40,24.6,89,958.4,30.24,100,2,0.4,2015,9,13,22,3,1
46,19.7,100,926.3,33.84,100,1,0.0,1998,10,16,1,0,1
45,31.5,57,975.2,36.72,100,2,0.2,2020,8,24,15,1,0
26,25.8,88,1009.2,40.32,100,1,0.0,2022,10,16,19,3,1
42,23.9,86,1007.7,26.64,100,1,0.0,2012,2,22,1,6,3
3,28.2,69,965.9,78.48,100,2,0.2,2018,7,5,11,4,0
37,19.0,47,995.2,30.24,0,0,0.0,2000,3,1,3,6,2
46,16.8,72,926.0,21.24,100,1,0.0,2011,12,22,23,4,3
20,33.9,40,1000.7,28.44,0,0,0.0,2016,4,19,11,5,2
31,16.2,69,929.3,31.68,0,0,0.0,2015,1,12,2,1,3
8,31.6,64,997.5,53.28,64,1,0.0,2012,6,12,20,5,0
40,21.4,81,960.6,32.4,100,1,0.0,1997,12,7,5,3,3
38,26.1,88,999.0,41.76,100,2,0.6,2001,6,25,3,1,0
42,29.1,81,1007.2,35.64,85,1,0.0,2007,4,28,13,2,2
6,31.1,13,988.8,42.48,100,1,0.0,2025,2,27,17,4,3
6,35.2,23,981.1,36.36,5,0,0.0,2007,9,27,19,4,1
46,23.2,86,922.7,28.08,100,2,1.6,2000,10,18,15,6,1
4,26.6,48,1010.7,18.72,0,0,0.0,2007,10,19,9,0,1
0,28.5,24,979.2,31.68,0,0,0.0,2026,3,6,20,0,2
37,23.1,40,997.7,46.44,0,0,0.0,2011,3,8,21,5,2
31,19.9,89,927.1,12.6,94,1,0.0,2015,3,1,4,3,2
19,23.4,82,980.7,48.96,0,0,0.0,2024,9,18,6,6,1
26,25.6,93,1009.2,16.56,93,1,0.0,2015,11,24,1,5,1
30,32.6,57,1005.2,63.72,0,0,0.0,2014,5,31,14,2,2
35,28.5,32,966.8,20.16,0,0,0.0,1996,11,25,15,1,1
45,33.3,32,978.7,23.76,99,1,0.0,1997,4,20,17,3,2
12,17.2,91,987.2,13.32,1,0,0.0,2015,11,7,3,2,1
34,17.8,48,994.1,29.52,0,0,0.0,2020,2,1,12,2,3
2,21.3,34,957.4,38.88,0,0,0.0,2011,10,29,21,2,1
25,34.5,29,947.4,65.52,0,0,0.0,1997,5,27,16,5,2
18,13.2,59,972.9,18.36,78,1,0.0,2004,1,8,9,4,3
28,23.2,93,1010.5,13.32,82,2,0.6,1998,12,17,3,4,3
0,26.5,85,973.0,42.84,99,2,0.3,2019,9,4,9,6,1
27,21.9,44,982.0,32.76,78,1,0.0,2011,11,2,23,6,1
1,19.0,51,1010.4,35.64,0,0,0.0,2005,1,5,21,6,3
15,25.0,76,941.0,77.04,100,1,0.0,2015,6,28,9,3,0
31,24.6,84,929.1,43.2,10,0,0.0,2019,4,7,23,3,2
26,24.3,93,1008.7,38.52,89,2,0.1,2013,7,3,22,6,0
10,40.4,13,975.5,5.4,0,0,0.0,2016,5,18,10,6,2
5,30.6,20,947.7,12.96,0,0,0.0,2006,2,12,15,3,3
12,24.0,73,984.4,6.48,2,0,0.0,2004,9,25,7,2,1
29,26.2,85,1006.9,65.52,95,1,0.0,2013,8,8,14,4,0
0,28.6,56,975.9,14.4,82,1,0.0,2024,4,30,2,5,2
45,30.0,49,979.0,21.96,2,0,0.0,2025,4,1,20,5,2
46,20.6,68,928.2,32.04,8,0,0.0,2006,12,24,20,3,3
15,22.6,83,939.1,37.44,22,0,0.0,2001,3,22,0,4,2
7,18.7,83,912.1,40.68,100,1,0.0,2011,1,3,23,1,3
7,29.3,37,912.4,43.92,62,1,0.0,2015,4,10,19,0,2
12,21.7,50,982.0,28.8,40,0,0.0,1997,3,21,20,0,2
20,20.1,45,999.9,29.88,0,0,0.0,2009,4,10,7,0,2
39,30.2,47,946.0,34.56,86,1,0.0,2014,12,10,14,6,3
13,31.2,44,929.3,56.88,16,0,0.0,1998,3,23,18,1,2
2,21.1,24,957.0,29.88,0,0,0.0,2006,2,28,20,5,3
31,22.6,76,928.2,28.8,94,1,0.0,2002,10,23,21,6,1
12,14.8,59,991.9,25.92,100,1,0.0,2018,2,5,21,1,3
34,25.8,95,976.2,23.76,100,2,1.0,1997,7,14,7,1,0
15,29.1,27,939.8,21.96,0,0,0.0,2000,1,9,17,3,3
16,17.0,89,959.5,20.88,0,0,0.0,1999,12,29,7,6,3
28,24.1,95,1004.7,12.24,100,1,0.0,2008,3,18,5,5,2
9,27.9,91,999.4,40.68,97,2,1.6,2019,6,27,21,4,0
20,27.0,81,996.3,47.52,14,0,0.0,2021,5,21,21,0,2
12,30.4,55,978.1,53.28,0,0,0.0,1997,5,29,8,4,2
26,27.5,84,1005.6,75.6,36,2,0.2,2020,6,9,16,5,0
16,23.4,91,945.3,90.0,100,2,0.7,2010,7,25,13,3,0
20,25.3,56,1001.7,20.88,0,0,0.0,2008,4,10,0,4,2
15,23.3,89,940.2,61.56,95,1,0.0,1998,6,12,22,0,0
21,39.7,13,952.9,19.44,64,1,0.0,2006,4,29,17,2,2
21,39.7,16,959.0,6.48,100,1,0.0,2023,4,13,14,4,2
21,22.1,90,957.9,25.2,9,0,0.0,2000,10,2,2,1,1
3,24.1,89,967.4,39.6,74,1,0.0,2001,8,26,5,3,0
23,29.9,71,985.1,54.0,97,2,0.1,2019,9,5,13,4,1
26,27.5,80,1005.3,77.76,68,1,0.0,2024,9,5,17,4,1
6,29.0,62,982.9,86.76,0,0,0.0,2023,5,17,2,6,2
27,21.0,71,979.7,29.88,15,0,0.0,2024,10,17,3,4,1
22,31.3,50,981.2,19.8,55,2,0.1,2018,11,7,13,6,1
14,5.4,59,988.6,32.76,1,0,0.0,2000,1,14,3,0,3
30,26.4,79,1014.3,34.92,0,0,0.0,1997,11,4,7,5,1
45,31.5,56,977.5,46.08,100,1,0.0,2015,8,1,14,2,0
34,26.4,46,971.6,19.8,19,0,0.0,2009,6,7,4,3,0
23,32.7,39,992.6,21.24,0,0,0.0,2019,3,29,18,0,2
14,37.2,12,993.3,13.68,98,1,0.0,2005,4,20,12,6,2
16,29.5,63,946.8,47.52,95,1,0.0,2015,9,18,16,0,1
9,21.2,67,1014.3,28.8,13,0,0.0,1997,1,10,22,0,3
7,27.2,56,913.1,33.12,65,1,0.0,2002,4,22,9,1,2
1,25.8,93,997.1,32.4,100,2,0.6,2016,7,27,4,6,0
15,17.4,63,943.8,41.76,0,0,0.0,2017,1,20,4,0,3
41,31.4,37,1009.0,32.04,0,0,0.0,2002,4,14,10,3,2
14,23.3,47,994.0,30.6,0,0,0.0,2016,11,30,18,6,1
42,27.0,64,1009.6,6.84,0,0,0.0,2014,1,27,20,1,3
23,31.2,38,995.8,40.68,0,0,0.0,2000,1,22,16,2,3
36,29.3,20,948.7,36.0,0,0,0.0,2018,2,3,17,2,3
39,21.9,36,950.9,39.96,0,0,0.0,2001,12,13,21,4,3
18,19.9,67,968.1,25.56,0,0,0.0,2018,10,31,7,6,1
9,23.8,49,1009.7,32.04,0,0,0.0,2013,3,5,1,5,2
20,28.2,79,995.3,27.36,97,1,0.0,1999,6,14,8,1,0
12,23.6,47,989.7,31.32,0,0,0.0,2014,11,9,20,3,1
11,26.1,21,900.5,49.32,0,0,0.0,2023,2,17,17,0,3
4,28.0,79,996.6,38.16,74,1,0.0,1997,7,19,2,2,0
1,23.4,55,1006.2,23.4,9,0,0.0,2002,12,24,19,5,3
43,26.0,91,1004.0,37.8,99,2,1.6,2011,8,12,14,0,0
3,21.1,77,973.2,9.36,9,0,0.0,1998,11,18,8,6,1
26,31.1,42,1011.9,37.8,0,0,0.0,2019,2,2,10,2,3
24,29.1,72,1010.1,13.68,1,0,0.0,1998,3,21,19,2,2
3,42.7,16,963.1,37.8,30,0,0.0,2009,5,13,14,6,2
15,25.1,40,944.1,28.44,2,0,0.0,2015,1,31,19,2,3
11,30.4,25,900.1,16.92,81,1,0.0,2017,3,19,16,3,2
28,23.5,97,1010.6,10.08,98,2,0.1,2009,11,22,1,3,1
20,28.0,43,1002.5,30.6,0,0,0.0,2025,1,4,14,2,3
12,25.2,99,974.5,16.2,98,2,0.4,2001,7,22,5,3,0
2,15.4,47,963.5,46.08,0,0,0.0,2014,12,29,10,1,3
24,29.3,75,1008.2,37.8,98,1,0.0,2015,3,17,17,5,2
16,23.1,86,948.7,64.8,100,1,0.0,2022,8,21,4,3,0
14,32.8,41,986.3,19.44,2,0,0.0,2019,5,24,11,0,2
15,18.4,79,940.4,23.76,0,0,0.0,2002,1,23,3,6,3
4,26.2,53,1004.7,50.4,0,0,0.0,2005,2,15,20,5,3
7,22.5,52,916.8,55.8,4,0,0.0,1996,12,29,12,3,3
15,23.5,87,937.8,50.4,87,1,0.0,2023,6,20,6,5,0
27,18.2,44,988.1,8.28,42,0,0.0,2018,1,13,9,2,3
1,39.4,18,996.9,57.24,0,0,0.0,1996,3,27,15,6,2
39,23.5,47,948.8,29.88,96,1,0.0,1996,12,20,18,0,3
42,24.0,96,1007.2,20.16,100,2,0.2,2018,5,12,2,2,2
30,26.8,88,1005.4,50.4,80,2,0.5,2021,9,22,13,6,1
2,23.2,31,960.6,28.44,0,0,0.0,2013,2,25,18,1,3
44,27.8,56,944.6,55.8,1,0,0.0,2003,5,28,8,6,2
33,22.9,95,943.2,83.52,100,2,0.2,2004,6,20,23,3,0
19,26.8,65,981.6,42.48,1,0,0.0,2020,10,1,1,4,1
31,32.3,45,929.6,8.28,0,0,0.0,2004,4,14,11,6,2
22,28.4,40,979.8,34.92,13,0,0.0,2010,3,4,8,4,2
46,28.3,46,929.9,50.4,69,1,0.0,2001,12,19,13,6,3
22,26.3,89,977.7,21.6,98,2,0.1,2015,9,7,18,1,1
34,29.8,66,984.7,39.24,0,0,0.0,2025,9,12,9,0,1
35,28.7,68,959.0,52.2,100,2,3.4,2008,6,12,14,4,0
5,21.6,52,946.5,30.24,0,0,0.0,2011,10,28,22,0,1
15,29.0,54,938.9,16.56,35,0,0.0,2012,10,25,16,4,1
23,23.5,95,995.5,14.4,9,0,0.0,2011,10,23,6,3,1
18,26.3,83,951.6,54.0,72,1,0.0,2014,7,20,7,3,0
29,28.1,76,1010.0,43.92,20,0,0.0,2011,4,9,22,2,2
30,33.3,56,1007.9,59.76,0,0,0.0,2016,5,3,13,5,2
16,20.8,88,956.9,32.76,0,0,0.0,2003,2,19,7,6,3
27,22.7,50,988.4,21.96,0,0,0.0,2002,12,26,11,4,3
1,35.0,14,1000.6,25.92,48,0,0.0,2021,4,25,19,3,2
26,23.1,94,1008.2,23.04,59,0,0.0,1996,10,31,4,4,1
28,29.8,53,1006.7,48.6,0,0,0.0,2025,1,7,16,5,3
24,27.9,72,1012.7,10.44,14,0,0.0,1999,11,12,11,0,1
37,25.9,84,992.3,77.4,41,0,0.0,1997,5,29,4,4,2
31,21.5,87,929.1,50.76,100,1,0.0,2002,9,8,7,3,1
37,29.2,50,997.0,41.4,8,0,0.0,2019,4,14,8,3,2
5,29.0,66,939.9,52.2,96,1,0.0,2017,6,13,11,5,0
13,18.1,72,931.8,31.68,46,0,0.0,2016,2,8,7,1,3
43,24.9,92,1006.3,23.76,100,1,0.0,1999,5,10,6,1,2
35,30.6,50,962.5,78.12,100,1,0.0,2011,6,15,10,6,0
26,28.5,65,1006.7,45.72,100,1,0.0,2022,2,9,17,6,3
11,18.8,92,900.2,34.56,51,0,0.0,2004,11,3,2,6,1
18,33.3,13,960.2,13.68,32,0,0.0,2008,3,23,14,3,2
13,20.3,58,932.5,28.08,0,0,0.0,2021,12,22,21,6,3
4,35.4,18,1007.6,19.8,0,0,0.0,2020,4,5,10,3,2
26,27.0,91,1009.5,18.72,100,1,0.0,2023,6,2,21,0,0
29,26.3,90,1006.6,74.52,100,2,0.2,2007,6,24,14,3,0
13,19.5,98,930.2,31.68,90,1,0.0,1996,10,6,0,3,1
8,31.5,65,1001.4,99.36,62,2,0.2,1996,6,30,16,3,0
45,31.3,61,973.9,28.8,100,1,0.0,1997,6,13,18,0,0
14,36.0,48,977.7,49.68,11,0,0.0,2020,8,7,17,0,0
1,28.9,77,996.3,21.6,97,2,0.1,1997,7,20,19,3,0
24,25.0,79,1009.5,18.72,1,0,0.0,2006,3,14,4,5,2
4,17.2,37,1005.9,27.36,0,0,0.0,2022,2,3,22,4,3
41,24.4,68,1011.2,37.8,0,0,0.0,2022,10,27,21,4,1
1,30.8,66,992.0,70.2,90,2,0.3,2013,6,11,17,5,0
15,33.1,21,940.9,47.52,36,0,0.0,1996,2,25,17,3,3
33,17.2,59,948.9,30.24,85,1,0.0,2018,11,29,2,4,1
31,23.9,74,929.7,58.32,89,1,0.0,2021,6,24,8,4,0
16,28.9,42,958.2,38.16,77,1,0.0,2019,2,11,15,1,3
33,20.6,55,946.3,3.96,0,0,0.0,2001,2,24,1,2,3
1,20.0,66,1005.6,16.92,0,0,0.0,2015,2,23,3,1,3
0,34.6,14,980.6,32.4,18,0,0.0,2012,3,4,12,3,2
10,10.8,81,991.6,14.4,0,0,0.0,2013,2,8,2,0,3
13,22.5,43,935.2,30.96,98,1,0.0,2003,1,12,22,3,3
0,19.5,43,979.9,28.8,10,0,0.0,2024,2,18,4,3,3
3,24.4,89,961.8,44.28,100,2,1.6,2008,8,8,19,0,0
2,27.4,29,961.1,24.84,8,0,0.0,1999,11,16,17,5,1
43,27.9,80,1005.5,38.88,100,2,0.1,2023,9,13,17,6,1
39,21.1,60,947.3,31.68,0,0,0.0,2018,11,28,19,6,1
27,26.2,26,980.6,29.88,0,0,0.0,2005,11,1,18,5,1
32,21.0,39,976.1,28.08,48,0,0.0,2001,3,7,5,6,2
33,33.1,21,946.8,19.8,0,0,0.0,1997,3,15,17,2,2
17,18.2,100,895.6,44.64,100,2,1.0,2016,7,12,3,5,0
28,28.6,76,1008.2,48.24,6,0,0.0,2019,3,23,19,2,2
24,25.2,90,1011.6,8.64,84,1,0.0,1996,11,20,7,6,1
8,25.6,35,1012.7,33.84,0,0,0.0,2012,2,6,11,1,3
40,27.7,60,953.7,73.08,53,0,0.0,1996,5,29,8,6,2
35,24.4,94,958.0,22.68,100,1,0.0,2025,5,26,22,1,2
37,20.0,27,999.5,34.92,0,0,0.0,2006,1,12,20,4,3
40,33.3,29,958.3,46.08,88,1,0.0,2015,11,7,14,2,1
46,24.8,82,924.4,33.84,76,1,0.0,1996,4,9,17,5,2
18,31.4,32,959.6,31.68,0,0,0.0,1997,5,8,9,4,2
38,26.4,87,997.7,21.24,100,1,0.0,2002,6,11,9,5,0
40,26.0,51,959.2,47.88,23,0,0.0,2013,2,9,0,2,3
28,28.4,74,1010.7,12.96,66,1,0.0,2009,10,13,12,5,1
25,19.1,70,950.1,22.68,0,0,0.0,2013,1,17,1,4,3
45,28.9,69,970.6,27.36,100,1,0.0,2006,8,13,17,3,0
22,26.4,71,978.3,47.88,70,1,0.0,2008,3,21,23,0,2
32,31.3,60,966.3,59.76,88,1,0.0,2006,7,13,13,4,0
34,25.2,93,981.5,29.88,72,1,0.0,2002,9,16,2,1,1
3,33.3,19,969.8,33.84,0,0,0.0,2007,3,9,16,0,2
39,22.5,98,941.2,59.4,100,2,0.6,2013,9,20,13,0,1
0,28.2,72,968.6,56.52,100,1,0.0,2018,8,12,16,3,0
38,29.3,75,995.2,39.24,100,2,1.1,2010,6,9,17,6,0
24,27.4,83,1011.1,6.48,86,1,0.0,2003,4,23,8,6,2
41,30.5,70,1003.0,31.32,16,0,0.0,1998,10,7,18,6,1
19,17.7,62,986.2,29.16,0,0,0.0,2011,11,1,4,5,1
18,17.2,53,958.5,16.92,0,0,0.0,2026,2,27,4,0,3
30,25.3,78,1010.1,34.2,0,0,0.0,1996,11,2,21,2,1
33,23.0,93,939.8,64.08,100,2,0.1,2008,6,10,0,5,0
22,30.2,69,973.6,31.68,33,2,0.1,1998,10,10,15,2,1
38,26.0,83,1000.5,16.56,99,1,0.0,2020,12,13,17,3,3
40,29.0,59,951.2,70.2,100,2,2.8,1997,8,21,16,4,0
12,27.9,90,975.9,30.24,99,1,0.0,2016,8,19,22,0,0
0,16.4,66,985.7,23.76,12,0,0.0,2013,1,21,6,1,3
46,27.4,65,928.3,25.2,100,2,0.3,2023,10,11,12,6,1
31,26.9,42,930.1,66.24,4,0,0.0,2006,12,14,16,4,3
30,26.2,94,1002.6,62.64,100,2,2.8,2019,6,28,2,0,0
27,24.1,83,978.8,34.92,0,0,0.0,2014,9,23,1,5,1
33,24.4,35,945.2,45.36,0,0,0.0,2008,3,31,20,1,2
25,23.5,34,950.8,31.68,20,0,0.0,2004,12,1,20,6,3
35,27.8,45,972.6,47.88,0,0,0.0,2025,11,27,11,4,1
37,32.3,55,985.8,55.8,36,0,0.0,2007,7,22,15,3,0
21,24.0,89,954.4,31.68,100,1,0.0,2001,9,29,7,2,1
33,26.1,46,950.7,29.88,0,0,0.0,2001,11,3,9,2,1
39,26.1,68,946.0,84.24,37,2,0.4,2018,8,22,11,6,0
0,31.3,36,975.5,56.88,1,0,0.0,2006,5,16,5,5,2
12,10.5,80,987.9,14.04,100,2,0.1,2002,2,11,3,1,3
1,29.7,72,995.0,44.28,54,0,0.0,2009,6,27,0,2,0
44,12.9,75,947.0,26.64,88,1,0.0,1998,1,13,6,5,3
17,22.0,79,901.5,8.28,7,0,0.0,2017,3,31,21,0,2
11,19.5,93,898.7,50.76,97,2,0.2,2014,7,25,0,0,0
10,34.0,47,972.8,59.4,26,0,0.0,2017,6,27,0,5,0
37,18.6,90,996.9,32.04,0,0,0.0,2006,3,6,2,1,2
8,26.3,87,1001.6,48.96,100,1,0.0,2011,8,18,20,4,0
46,20.8,98,925.6,44.64,100,2,0.9,1998,10,15,13,4,1
35,26.9,72,957.7,75.24,100,1,0.0,2000,7,19,13,6,0
28,32.4,57,1005.9,43.2,21,0,0.0,2005,5,18,13,6,2
33,27.4,39,949.8,56.52,96,1,0.0,1996,12,18,13,6,3
29,28.6,81,1006.0,36.72,82,2,0.1,1996,6,25,12,5,0
37,22.8,72,999.8,19.44,10,0,0.0,2002,12,19,10,4,3
1,15.3,55,1004.5,42.12,0,0,0.0,2018,1,2,3,5,3
9,19.1,83,1014.1,28.44,39,0,0.0,2020,12,20,2,3,3
11,19.0,99,896.2,44.64,100,1,0.0,2021,5,22,4,2,2
21,28.6,41,963.6,24.48,0,0,0.0,2010,2,28,9,3,3
32,23.6,27,974.1,37.08,0,0,0.0,2000,3,8,23,6,2
11,18.9,95,895.7,87.12,98,2,0.6,2021,7,19,18,1,0
29,25.9,89,1005.2,71.28,100,2,0.4,1999,6,18,12,0,0
29,28.5,78,1005.3,35.28,69,1,0.0,2000,6,25,14,3,0
45,27.5,46,985.9,19.8,1,0,0.0,2001,11,24,11,2,1
2,27.7,81,947.7,3.96,67,1,0.0,1998,8,10,8,1,0
40,25.6,84,955.2,25.92,83,2,0.4,2010,10,19,18,5,1
22,25.5,64,985.8,16.56,94,1,0.0,2007,12,2,10,3,3
25,29.6,47,945.2,59.76,0,0,0.0,1998,5,11,19,1,2
16,26.5,70,950.7,100.08,92,2,0.1,1996,10,4,13,0,1
44,19.8,51,950.3,19.44,0,0,0.0,2024,11,10,5,3,1
24,26.1,88,1006.9,9.72,54,0,0.0,1999,3,19,2,0,2
21,41.0,17,952.3,16.92,34,0,0.0,2015,5,19,16,5,2
17,19.1,90,893.8,37.08,100,2,0.3,2004,7,3,17,2,0
33,22.5,99,938.7,85.32,100,2,0.1,2017,7,1,0,2,0
27,32.3,14,975.5,40.68,0,0,0.0,1999,3,9,15,5,2
30,28.6,86,1004.9,16.92,67,1,0.0,2002,5,7,5,5,2
31,23.7,78,927.8,22.32,98,2,0.5,2004,11,10,17,6,1
4,27.0,51,1002.6,29.16,0,0,0.0,2012,4,26,0,4,2
36,25.6,72,947.8,72.0,31,0,0.0,1998,10,16,10,0,1
33,23.9,84,941.2,61.2,86,2,0.2,2013,8,14,12,6,0
11,22.1,61,899.9,28.8,100,1,0.0,2023,3,30,20,4,2
40,19.0,55,959.1,18.0,70,1,0.0,2016,1,18,7,1,3
44,29.1,62,943.7,40.68,47,0,0.0,1999,8,20,16,0,0
30,26.3,94,1005.1,60.48,47,2,0.4,2020,7,9,0,4,0
7,25.4,31,910.9,37.8,0,0,0.0,1998,1,16,18,0,3
4,29.0,66,1002.7,18.0,16,0,0.0,2022,10,3,18,1,1
42,24.8,88,1011.1,55.08,98,1,0.0,1999,8,26,21,4,0
1,30.6,61,1001.6,70.2,0,0,0.0,2010,6,5,1,2,0
16,26.5,37,958.0,12.24,71,1,0.0,1997,1,17,14,0,3
42,27.8,74,1009.6,30.96,100,1,0.0,2025,1,4,19,2,3
8,28.4,79,1000.8,78.12,98,1,0.0,2002,7,8,19,1,0
24,25.1,95,1008.5,20.88,100,2,0.1,2019,7,27,1,2,0
3,29.7,69,959.2,75.96,100,2,0.2,2004,6,16,14,6,0
20,26.2,80,996.0,40.32,16,0,0.0,2022,5,30,0,1,2
38,28.5,81,996.6,74.88,7,0,0.0,2023,6,9,18,0,0
30,27.7,81,1003.0,38.52,74,2,0.2,1996,9,11,17,6,1
1,16.6,44,1010.0,51.48,0,0,0.0,2005,12,11,8,3,3
38,26.9,67,1003.3,29.88,15,0,0.0,2022,12,3,20,2,3
27,12.6,96,990.7,14.04,91,1,0.0,2015,1,27,9,5,3
15,31.1,24,946.0,29.52,67,1,0.0,2007,1,22,13,1,3
4,41.3,23,996.9,63.36,6,0,0.0,2015,5,23,16,2,2
35,19.5,80,968.0,22.32,0,0,0.0,2006,11,17,0,0,1
28,26.7,79,1005.7,51.48,98,2,0.2,2008,8,23,16,2,0
45,28.3,74,976.8,56.16,99,1,0.0,2009,8,13,9,4,0
36,22.5,55,949.2,28.44,0,0,0.0,2022,11,13,18,3,1
30,24.3,58,1015.1,8.28,3,0,0.0,1997,12,26,11,0,3
11,20.8,76,898.0,30.96,10,0,0.0,2019,4,20,23,2,2
38,30.0,68,999.3,41.76,56,0,0.0,2010,5,28,19,0,2
3,28.7,67,965.4,19.8,100,1,0.0,2008,7,21,20,1,0
29,27.5,83,1009.3,19.08,16,0,0.0,2026,3,8,22,3,2
32,22.3,55,980.8,19.44,0,0,0.0,2018,11,29,19,4,1
30,25.0,73,1010.0,53.28,0,0,0.0,1996,2,25,18,3,3
46,23.5,43,928.1,38.52,6,0,0.0,2019,1,30,18,6,3
17,28.5,37,901.8,33.84,43,0,0.0,2020,4,3,10,0,2
4,30.5,30,1006.4,34.92,6,0,0.0,2024,2,27,18,5,3
28,27.6,76,1007.0,14.4,4,0,0.0,2025,1,17,18,0,3
29,27.9,60,1006.4,47.52,2,0,0.0,2011,12,26,17,1,3
42,27.0,88,1010.1,18.72,14,0,0.0,2016,4,3,1,3,2
28,25.9,81,1010.0,12.24,5,0,0.0,2001,2,14,23,6,3
27,29.2,75,975.2,12.6,93,1,0.0,2019,6,20,10,4,0
34,20.1,82,988.1,38.52,31,0,0.0,2021,3,9,7,5,2
44,26.4,77,941.0,14.4,90,1,0.0,2010,6,16,5,6,0
11,21.8,86,898.0,7.2,100,1,0.0,2022,9,1,8,4,1
36,35.4,29,945.8,45.36,5,0,0.0,1999,5,11,14,5,2
41,29.3,77,1004.2,100.44,4,0,0.0,2016,5,29,0,3,2
44,33.0,37,941.4,46.8,24,0,0.0,2001,5,21,19,1,2
5,26.1,61,941.1,55.8,1,0,0.0,2015,5,23,3,2,2
46,17.5,89,926.4,35.64,100,1,0.0,2006,12,22,1,0,3
8,25.1,44,1011.4,42.12,13,0,0.0,2018,1,13,8,2,3
14,10.5,75,994.3,28.44,0,0,0.0,2010,11,29,5,1,1
2,16.4,40,956.9,31.68,0,0,0.0,2001,3,11,6,3,2
13,20.2,94,929.1,27.0,100,1,0.0,2012,9,18,6,5,1
27,15.8,75,987.5,24.48,22,0,0.0,2015,2,7,8,2,3
8,17.9,63,1012.4,33.84,0,0,0.0,2013,2,25,7,1,3
8,30.9,65,996.7,46.08,99,1,0.0,2014,7,14,15,1,0
45,28.4,70,979.2,31.32,100,2,0.1,2021,11,13,12,2,1
44,25.8,45,942.7,28.44,72,1,0.0,2010,4,12,3,1,2
26,26.2,86,1005.6,56.88,97,2,3.4,2025,10,22,17,6,1
45,34.2,24,978.4,19.44,89,1,0.0,2000,3,28,17,5,2
16,23.0,90,947.6,47.52,82,1,0.0,2000,7,4,7,5,0
44,29.7,34,942.1,37.8,0,0,0.0,1999,5,7,21,0,2
44,27.0,33,951.3,17.28,0,0,0.0,2023,3,14,9,5,2
37,24.3,62,997.9,33.84,100,2,0.3,2008,12,1,14,1,3
3,23.7,57,971.2,10.44,22,0,0.0,2001,3,15,4,4,2
2,27.2,80,943.5,21.96,100,1,0.0,2007,8,6,17,1,0
41,30.5,72,1002.4,74.52,74,1,0.0,2024,6,11,20,5,0
23,28.5,71,989.8,43.92,99,1,0.0,2006,6,28,9,6,0
10,30.0,22,980.9,31.68,0,0,0.0,2019,4,28,7,3,2
38,29.9,75,999.2,72.0,4,0,0.0,2023,5,29,18,1,2
11,21.4,80,898.1,46.8,66,2,0.1,2022,9,18,17,3,1
38,32.6,44,998.9,36.72,0,0,0.0,2013,3,31,13,3,2
37,35.0,46,991.6,54.0,19,0,0.0,2017,6,5,10,1,0
35,25.7,55,962.3,29.52,0,0,0.0,2025,5,8,3,4,2
6,27.4,63,982.2,96.48,0,0,0.0,1996,9,20,0,0,1
8,27.0,93,997.0,52.56,100,2,0.7,2019,7,6,13,2,0
25,21.4,96,946.4,29.88,61,1,0.0,2013,8,31,2,2,0
0,23.0,45,979.2,18.36,0,0,0.0,2006,2,21,4,5,3
10,27.5,20,980.8,9.0,64,1,0.0,2020,3,4,19,6,2
22,17.6,81,981.3,21.96,0,0,0.0,2016,11,10,23,4,1
20,24.6,85,998.7,19.8,4,0,0.0,2007,4,17,1,5,2
41,28.6,53,1012.0,19.44,9,0,0.0,2009,12,19,17,2,3
34,27.7,88,978.9,20.16,100,1,0.0,1999,8,17,0,5,0
9,30.7,58,1005.9,18.36,0,0,0.0,2007,5,23,10,6,2
13,31.8,18,929.5,37.8,0,0,0.0,2023,3,21,13,5,2
28,25.0,95,1007.5,31.32,100,2,1.8,1998,7,3,8,0,0
5,22.2,93,937.0,84.96,100,2,2.0,2006,8,6,1,3,0
39,31.2,35,946.0,31.68,34,0,0.0,2011,2,27,14,3,3
0,26.9,35,984.9,15.48,0,0,0.0,2023,1,13,11,0,3
34,24.5,42,979.7,28.8,100,1,0.0,2001,3,28,8,6,2
11,17.6,99,899.8,56.16,100,1,0.0,2023,11,26,3,3,1
21,31.8,38,961.9,20.16,0,0,0.0,2019,4,14,8,3,2
34,14.6,78,988.3,25.2,0,0,0.0,1996,11,9,2,2,1
2,17.9,60,963.5,23.04,5,0,0.0,2016,12,18,9,3,3
10,37.5,47,974.0,61.2,99,1,0.0,2024,7,4,11,4,0
7,20.1,93,907.8,14.4,99,1,0.0,2017,10,18,3,6,1
38,21.1,95,1003.7,4.68,3,0,0.0,2004,2,28,7,2,3
4,23.5,47,1010.8,32.4,0,0,0.0,2006,11,11,22,2,1
42,24.2,93,1007.5,72.72,100,2,0.7,2009,9,30,5,6,1
43,24.9,95,1006.6,14.76,100,1,0.0,2008,5,19,6,1,2
17,18.4,100,895.7,21.24,100,1,0.0,2000,6,10,2,2,0
12,19.5,38,988.0,30.6,0,0,0.0,2001,3,4,19,3,2
4,30.3,41,1004.1,9.0,99,1,0.0,2015,3,29,21,3,2
14,15.2,92,986.7,24.48,1,0,0.0,2005,3,28,5,1,2
11,22.2,74,899.6,19.8,38,0,0.0,2001,2,25,21,3,3
17,18.4,100,894.6,9.36,100,2,1.3,2009,11,9,22,1,1
0,29.3,67,976.5,37.8,99,2,0.3,2000,8,1,11,5,0
40,22.7,35,961.7,32.4,0,0,0.0,2023,2,28,4,5,3
27,32.0,28,984.0,16.2,0,0,0.0,2002,10,2,9,6,1
25,21.6,69,947.7,13.32,85,1,0.0,2026,2,25,3,6,3
36,13.1,83,948.6,22.68,2,0,0.0,2022,1,10,3,1,3
30,27.5,83,1004.2,92.88,99,2,0.1,2017,7,24,20,1,0
20,26.5,91,989.8,59.76,86,1,0.0,1997,7,16,2,6,0
16,30.8,48,948.9,50.04,100,1,0.0,2004,6,30,15,6,0
4,16.2,58,1009.0,29.88,0,0,0.0,2022,11,19,3,2,1
16,25.6,36,957.7,29.52,0,0,0.0,2005,3,13,8,3,2
22,32.0,59,971.6,41.4,94,1,0.0,2021,6,26,14,2,0
28,29.0,75,1006.7,46.44,100,1,0.0,2012,6,10,14,3,0
8,41.7,12,1006.6,34.92,0,0,0.0,1998,4,2,14,4,2
12,29.5,65,984.8,3.6,0,0,0.0,2010,10,2,10,2,1
8,30.6,61,1009.1,54.0,99,1,0.0,2019,10,19,13,2,1
1,19.3,55,1010.1,33.12,33,0,0.0,2006,12,15,0,0,3
6,21.2,34,988.2,48.24,0,0,0.0,2010,2,28,3,3,3
22,29.0,33,974.9,42.84,1,0,0.0,1997,5,26,6,1,2
0,29.1,71,968.9,25.92,100,1,0.0,2005,8,2,15,5,0
43,26.1,63,1010.6,63.72,5,0,0.0,2023,3,1,5,6,2
1,29.7,19,1007.7,36.36,0,0,0.0,2010,2,12,14,0,3
1,19.5,53,1010.6,29.16,100,1,0.0,2024,1,28,22,3,3
11,20.8,93,899.1,9.36,14,0,0.0,2014,3,24,1,1,2
45,27.5,46,987.0,17.28,4,0,0.0,2001,12,26,13,6,3
32,33.2,46,971.1,33.48,1,0,0.0,2013,5,6,7,1,2
12,12.2,64,986.5,13.32,8,0,0.0,2001,2,27,5,5,3
39,28.1,61,946.0,25.2,97,1,0.0,1996,3,31,9,3,2
0,31.1,48,977.9,30.24,20,0,0.0,2005,10,4,16,5,1
31,23.1,90,926.0,60.48,99,2,0.1,2018,6,12,7,5,0
9,24.7,95,1005.5,18.0,100,1,0.0,2022,10,12,4,6,1
13,24.4,89,931.7,59.04,82,1,0.0,2017,5,8,22,1,2
11,18.5,98,895.8,65.88,100,2,0.2,2020,8,11,4,5,0
3,24.2,90,963.6,60.48,100,2,0.6,1998,7,6,3,1,0
15,22.6,88,944.4,12.96,99,1,0.0,2018,10,18,8,4,1
3,32.3,21,968.5,46.44,1,0,0.0,2023,4,3,18,1,2
31,34.3,19,929.3,37.8,0,0,0.0,1998,3,21,17,2,2
44,21.8,72,945.5,21.24,0,0,0.0,2010,10,2,5,2,1
36,22.9,86,949.8,33.12,24,0,0.0,2025,10,6,19,1,1
28,24.9,92,1008.1,26.64,49,0,0.0,2022,8,12,20,0,0
5,22.9,67,946.0,23.04,19,0,0.0,2000,2,15,20,5,3
4,25.1,36,1007.4,33.48,48,0,0.0,2009,12,31,18,4,3
37,15.3,67,998.3,30.6,0,0,0.0,2014,1,8,2,6,3
44,26.0,82,938.6,49.68,99,1,0.0,1996,7,13,2,2,0
36,25.1,61,948.3,16.92,74,1,0.0,2003,4,10,7,4,2
27,19.2,58,981.6,32.4,0,0,0.0,2022,3,14,6,1,2
2,36.7,43,951.2,33.84,30,0,0.0,2021,7,17,12,2,0
20,20.8,84,1001.6,24.84,19,0,0.0,2016,3,6,1,3,2
13,22.7,89,930.5,47.88,100,1,0.0,2023,9,24,20,3,1
25,23.9,88,941.2,45.36,99,2,0.5,2013,6,8,16,2,0
42,28.4,76,1005.8,77.4,87,2,0.1,2017,8,8,13,5,0
16,23.8,71,958.0,19.08,83,1,0.0,2020,11,22,19,3,1
30,23.5,92,1007.7,20.16,73,2,0.2,2011,9,24,4,2,1
2,26.4,83,947.1,57.24,94,1,0.0,2003,8,25,9,1,0
10,31.9,69,974.7,46.8,17,0,0.0,2022,8,9,10,5,0
9,20.8,74,1010.7,33.12,0,0,0.0,1996,11,13,6,6,1
43,25.4,95,1008.9,16.92,100,1,0.0,2023,9,12,21,5,1
18,24.0,97,953.6,45.72,98,2,1.2,2021,9,13,0,1,1
9,27.0,86,1000.3,37.08,98,1,0.0,2021,9,10,20,0,1
31,33.1,33,926.3,4.68,69,1,0.0,2013,3,28,16,4,2
25,22.9,94,948.7,8.28,66,1,0.0,2003,3,9,7,3,2
31,19.4,66,931.4,36.72,58,0,0.0,2007,11,30,23,0,1
16,24.7,61,953.7,45.72,45,0,0.0,2011,3,25,1,0,2
42,28.6,71,1008.8,32.4,30,2,0.1,2011,10,14,11,0,1
11,18.4,48,899.7,6.84,88,1,0.0,2025,2,4,3,5,3
10,26.8,90,975.4,36.0,99,2,0.1,2001,7,26,0,4,0
31,22.2,87,931.4,9.36,89,2,0.1,2014,10,26,20,3,1
11,22.5,48,902.7,17.64,0,0,0.0,1998,3,16,21,1,2
12,13.2,55,991.7,36.0,95,1,0.0,2006,12,15,23,0,3
32,17.5,69,981.4,28.08,0,0,0.0,2025,1,7,8,5,3
14,19.8,49,986.6,32.4,94,1,0.0,1999,3,29,2,1,2
1,31.6,32,1006.7,2.88,8,0,0.0,2017,10,29,18,3,1
13,35.6,20,930.4,27.36,3,0,0.0,1999,3,31,13,6,2
32,30.0,28,975.7,19.8,0,0,0.0,2018,11,12,15,1,1
15,22.9,85,939.2,43.56,21,0,0.0,2009,8,12,20,6,0
13,24.0,72,930.1,31.68,0,0,0.0,2003,3,31,23,1,2
30,26.5,52,1012.5,51.12,0,0,0.0,2006,2,8,19,6,3
31,22.4,87,924.4,80.64,100,2,0.4,2000,6,30,12,0,0
37,35.5,17,998.3,22.68,20,0,0.0,2025,2,26,17,6,3
14,28.7,79,977.2,42.84,39,0,0.0,2008,8,12,21,5,0
13,21.4,72,934.8,28.44,10,0,0.0,2007,12,22,8,2,3
21,20.0,50,963.1,42.12,58,0,0.0,2010,1,28,0,4,3
6,23.5,78,987.5,99.36,95,1,0.0,2002,9,14,8,2,1
36,20.3,56,947.6,19.8,100,1,0.0,2023,3,14,4,5,2
44,37.3,27,941.7,75.96,0,0,0.0,2000,5,23,14,5,2
24,29.8,74,1005.1,30.24,29,0,0.0,2010,3,22,18,1,2
31,22.4,82,930.5,36.72,43,0,0.0,2023,11,24,21,0,1
6,19.1,18,990.7,53.64,42,0,0.0,2003,11,27,21,4,1
31,25.4,76,933.2,12.6,17,0,0.0,2016,3,31,8,4,2
44,21.5,37,952.3,10.08,0,0,0.0,2004,10,26,6,5,1
29,25.6,83,1008.0,16.2,8,0,0.0,2022,2,14,21,1,3
19,27.8,85,976.9,36.36,89,1,0.0,2011,8,30,21,5,0
36,22.9,77,945.3,21.24,8,0,0.0,2022,4,15,3,0,2
5,21.3,95,939.5,38.16,57,0,0.0,1996,9,15,6,3,1
16,37.7,27,949.0,45.0,14,0,0.0,2009,5,27,11,6,2
17,23.2,67,897.8,29.52,91,2,0.8,1999,12,1,13,6,3
35,36.1,15,963.9,12.96,0,0,0.0,2006,2,26,15,3,3
5,20.8,29,945.0,27.72,0,0,0.0,2022,2,21,23,1,3
6,32.2,56,979.2,86.4,37,0,0.0,2017,7,7,16,0,0
32,28.8,26,980.4,23.76,90,1,0.0,2007,1,24,16,6,3
3,19.1,49,974.7,31.68,0,0,0.0,2018,12,22,18,2,3
20,40.5,22,996.1,49.32,19,0,0.0,2016,5,13,14,0,2
8,20.6,79,1010.4,35.28,0,0,0.0,2017,2,4,23,2,3
18,24.3,39,963.2,45.0,0,0,0.0,2005,10,7,0,0,1
0,28.9,69,968.5,21.24,100,1,0.0,2009,7,6,17,1,0
24,29.0,78,1004.7,28.8,100,1,0.0,2006,6,19,13,1,0
16,21.7,89,954.2,25.92,19,0,0.0,2011,11,3,1,4,1
6,13.3,30,996.5,38.16,0,0,0.0,2002,1,2,1,6,3
2,32.2,13,957.7,31.32,0,0,0.0,2000,11,1,15,6,1
32,26.2,89,970.7,16.92,100,2,0.4,2020,7,8,23,6,0
31,25.2,67,926.7,51.84,34,0,0.0,2010,9,1,17,6,1
43,30.1,72,1007.2,39.96,81,1,0.0,2017,3,22,14,6,2
42,25.9,84,1012.5,15.12,73,1,0.0,2019,2,5,0,5,3
3,35.0,39,964.1,81.36,100,1,0.0,2018,6,14,12,4,0
9,28.9,74,999.1,55.08,100,1,0.0,2000,6,10,2,2,0
16,22.3,83,953.9,27.36,93,1,0.0,2002,8,27,1,5,0
44,27.4,81,940.8,23.4,100,1,0.0,2016,6,26,21,3,0
15,17.0,79,943.0,50.4,100,1,0.0,2025,11,29,7,2,1
14,28.5,77,978.1,16.92,26,0,0.0,2011,6,21,5,5,0
36,27.2,79,948.3,45.36,98,1,0.0,2015,5,29,21,0,2
3,29.0,31,965.9,42.84,0,0,0.0,2017,5,21,5,3,2
23,35.0,23,991.1,39.96,2,0,0.0,2008,5,7,9,6,2
41,29.5,75,1003.8,77.4,63,2,0.1,2012,6,10,10,3,0
24,25.3,95,1009.1,3.6,100,2,0.5,2011,6,5,22,3,0
4,29.5,70,995.8,62.64,100,1,0.0,2000,6,20,0,5,0
23,18.1,73,998.2,24.84,0,0,0.0,2004,11,4,2,4,1
6,38.0,11,984.8,24.84,0,0,0.0,1997,5,8,14,4,2
5,22.1,90,940.4,41.04,68,1,0.0,2014,8,12,2,5,0
18,39.3,28,953.1,12.24,4,0,0.0,2005,6,21,11,5,0
39,25.6,74,943.4,18.72,73,2,0.6,2015,10,6,14,5,1
27,18.9,79,979.5,24.12,34,0,0.0,2020,3,4,2,6,2
25,24.2,51,952.7,38.88,0,0,0.0,2005,11,4,9,0,1
29,25.4,92,1004.4,37.8,97,2,0.4,2009,6,5,6,0,0
18,38.2,32,951.6,33.84,94,1,0.0,2002,6,16,16,3,0
22,31.1,64,974.6,12.24,100,1,0.0,1998,7,18,14,2,0
12,12.9,71,995.4,36.0,19,0,0.0,2024,2,7,9,6,3
0,24.6,69,985.2,23.4,11,0,0.0,2014,2,24,22,1,3
7,20.9,92,909.4,41.04,100,1,0.0,2010,6,20,1,3,0
3,37.3,25,964.7,67.68,2,0,0.0,1999,5,30,13,3,2
46,27.2,64,926.8,31.68,85,1,0.0,2000,9,24,11,3,1
9,27.6,74,1003.6,58.68,12,0,0.0,2015,9,1,23,5,1
18,34.1,41,959.9,68.76,1,0,0.0,1997,6,7,12,2,0
44,22.8,95,939.6,49.68,99,1,0.0,1996,8,19,4,1,0
45,24.3,84,981.3,25.2,6,0,0.0,2014,10,19,1,3,1
22,34.4,45,980.3,21.96,40,0,0.0,2022,4,23,10,2,2
4,37.8,24,997.4,35.64,7,0,0.0,2016,6,4,20,2,0
16,29.8,50,945.0,95.04,100,1,0.0,2008,6,16,17,1,0
21,23.2,89,958.7,34.92,16,0,0.0,1998,9,23,7,6,1
21,31.3,29,954.9,30.96,22,0,0.0,2001,5,2,3,6,2
23,24.3,71,1001.3,29.88,42,0,0.0,2005,1,15,9,2,3
38,27.9,84,1003.1,16.2,99,1,0.0,2010,4,30,7,0,2
30,24.9,94,1006.2,12.96,100,1,0.0,2024,10,12,2,2,1
20,29.9,78,991.0,37.8,56,2,0.9,2013,6,19,15,6,0
37,26.6,91,986.2,62.28,100,2,2.0,2021,7,25,14,3,0
30,26.1,94,1002.7,36.36,99,1,0.0,2020,8,1,2,2,0
16,27.0,24,954.5,32.04,0,0,0.0,2000,1,3,16,1,3
46,23.8,92,926.9,16.92,59,0,0.0,2007,4,11,20,6,2
44,15.5,78,949.2,27.72,0,0,0.0,2000,2,4,0,0,3
0,16.9,68,983.3,28.8,10,0,0.0,2013,1,16,6,6,3
43,25.2,88,1004.8,30.24,99,2,0.4,2015,7,16,20,4,0
26,27.2,80,1008.0,25.2,20,0,0.0,2004,3,25,23,4,2
40,24.7,46,959.3,42.12,0,0,0.0,2008,11,6,22,4,1
7,25.5,58,911.3,76.68,100,1,0.0,2008,9,18,12,4,1
28,28.5,77,1008.3,31.32,26,0,0.0,2010,10,26,12,5,1
40,27.0,73,950.5,85.32,84,2,0.3,2019,9,1,16,3,1
11,19.2,92,896.2,20.52,100,1,0.0,2016,10,1,3,2,1
40,30.2,27,960.7,28.8,30,0,0.0,2013,2,5,19,5,3
38,25.4,89,999.6,12.96,65,1,0.0,2009,4,24,5,0,2
28,29.8,53,1010.5,27.36,39,0,0.0,2015,1,20,16,5,3
41,24.5,97,999.2,24.84,100,2,0.6,2022,9,13,6,5,1
34,11.1,78,995.9,28.44,0,0,0.0,2001,12,21,0,0,3
25,23.1,88,940.8,88.56,100,2,0.3,1996,7,23,15,5,0
41,29.4,84,1004.7,110.88,17,0,0.0,2016,5,24,23,5,2
38,25.7,67,1002.6,30.96,0,0,0.0,2014,11,27,20,4,1
29,30.2,52,1014.7,13.32,98,1,0.0,2026,1,27,10,5,3
15,24.4,57,939.0,24.84,34,0,0.0,2005,10,23,18,3,1
10,10.9,95,988.7,36.72,0,0,0.0,2024,1,18,1,4,3
3,39.5,15,968.0,57.6,2,0,0.0,2017,4,4,15,5,2
7,18.7,95,912.3,48.96,100,1,0.0,2003,12,26,3,0,3
22,21.6,72,981.5,12.24,30,0,0.0,2009,12,31,0,4,3
15,25.9,87,941.3,49.68,94,1,0.0,2020,5,7,0,4,2
11,28.8,44,902.0,6.48,1,0,0.0,2018,4,24,9,5,2
4,33.3,56,993.8,68.76,94,1,0.0,2007,6,12,20,5,0
31,25.9,70,925.5,66.24,100,1,0.0,2017,7,2,17,3,0
14,21.3,35,995.6,52.56,0,0,0.0,2000,12,18,15,1,3
29,24.9,95,1006.9,10.44,69,2,0.4,2023,9,9,20,2,1
12,31.5,34,982.1,20.88,0,0,0.0,2001,10,26,16,0,1
37,25.1,82,992.7,31.32,97,1,0.0,2017,9,9,22,2,1
27,27.3,72,974.5,81.0,71,1,0.0,2015,7,31,9,0,0
18,20.0,77,964.7,32.76,86,1,0.0,2019,11,13,3,6,1
26,25.2,91,1014.1,18.72,77,1,0.0,1997,10,4,0,2,1
22,40.8,14,970.4,12.96,87,1,0.0,2012,5,22,18,5,2
4,29.2,26,1006.5,12.96,25,0,0.0,2002,11,19,18,5,1
30,21.6,83,1010.8,18.72,0,0,0.0,2012,12,1,1,2,3
39,25.3,74,949.2,40.32,83,2,0.1,2006,11,20,10,1,1
30,27.5,48,1009.4,57.96,6,0,0.0,2024,12,24,15,5,3
5,26.7,36,949.9,53.64,0,0,0.0,2004,1,4,12,3,3
30,30.1,35,1012.2,6.84,0,0,0.0,2025,1,21,11,5,3
23,25.1,93,992.4,30.96,100,2,0.4,2014,9,13,21,2,1
2,36.6,32,944.7,39.24,83,1,0.0,1999,6,12,16,2,0
32,23.6,46,981.6,29.16,71,1,0.0,2006,1,4,10,6,3
29,27.4,84,1006.6,32.04,95,2,0.2,1996,9,13,11,0,1
31,25.5,68,928.5,27.72,36,3,5.6,2006,3,10,16,0,2
34,28.4,70,972.0,24.84,28,0,0.0,2004,6,23,23,6,0
29,28.8,72,1005.1,42.48,45,0,0.0,2010,11,24,14,6,1
32,28.5,31,976.4,13.32,0,0,0.0,2016,2,9,17,5,3
25,22.8,96,936.1,64.44,100,2,0.8,1996,6,17,4,1,0
29,22.6,96,1009.1,19.44,32,0,0.0,2013,2,4,4,1,3
16,26.6,30,957.8,47.88,10,0,0.0,2019,3,14,23,4,2
8,32.5,56,1004.0,33.12,10,0,0.0,2023,9,5,11,5,1
25,24.3,88,949.4,24.48,2,0,0.0,1997,3,18,2,5,2
13,26.5,46,933.5,65.52,97,1,0.0,2007,12,4,12,5,3
18,28.6,76,954.5,18.72,99,2,0.1,2003,7,6,20,3,0
28,26.8,74,1006.9,11.16,67,1,0.0,2010,12,30,18,4,3
29,26.5,91,1006.2,55.8,74,2,1.4,2018,6,19,11,5,0
3,27.2,71,966.1,50.04,95,1,0.0,2008,7,17,8,4,0
45,22.8,79,978.9,21.6,33,0,0.0,2005,10,5,4,6,1
18,31.9,23,954.8,46.08,6,0,0.0,2015,6,7,23,3,0
1,27.8,41,1005.4,23.76,0,0,0.0,2007,12,25,17,5,3
31,22.0,87,928.4,12.6,42,0,0.0,2025,4,9,1,6,2
10,41.5,16,974.8,75.96,3,0,0.0,2021,5,29,18,2,2
2,27.8,78,950.4,14.4,100,1,0.0,2010,9,2,19,4,1
22,23.1,66,982.6,28.44,5,0,0.0,2006,12,26,20,5,3
11,21.1,98,896.0,50.76,100,1,0.0,2017,5,25,3,4,2
21,17.5,46,956.3,30.24,0,0,0.0,2011,2,9,4,6,3
16,24.4,88,949.5,38.88,78,1,0.0,1998,10,11,18,3,1
17,20.4,96,898.4,40.32,100,1,0.0,2023,11,3,7,0,1
43,25.9,90,1008.5,25.92,83,1,0.0,1998,9,7,9,1,1
11,19.6,97,894.5,34.56,100,2,0.4,2003,7,4,18,0,0
29,28.2,80,1003.5,20.16,20,0,0.0,2022,4,16,19,2,2
8,31.9,71,999.1,28.8,100,2,0.1,2023,7,3,15,1,0
18,25.6,92,958.3,24.12,9,0,0.0,2020,9,9,1,6,1
14,21.6,67,991.0,14.4,0,0,0.0,2019,10,9,5,6,1
6,30.5,59,979.6,107.28,34,0,0.0,2013,6,22,9,2,0
27,31.7,48,976.1,78.12,0,0,0.0,2004,5,25,7,5,2
32,27.8,36,977.8,23.4,0,0,0.0,2025,2,9,20,3,3
25,18.2,94,945.2,19.44,0,0,0.0,2012,3,4,5,3,2
11,14.8,72,898.6,33.48,26,0,0.0,2025,12,25,1,4,3
10,31.0,74,975.1,49.68,93,2,0.1,2014,7,28,13,1,0
17,19.1,89,895.9,34.92,100,2,0.8,2006,7,14,16,0,0
13,25.6,69,928.3,44.28,0,0,0.0,2016,4,13,22,6,2
21,31.3,29,960.7,65.52,12,0,0.0,2003,11,10,15,1,1
25,27.8,54,947.5,47.88,0,0,0.0,2006,4,2,20,3,2
40,40.6,12,951.9,33.12,9,0,0.0,1996,4,26,15,0,2
14,15.4,44,995.4,28.8,0,0,0.0,2023,2,13,19,1,3
13,33.2,19,930.0,28.44,5,0,0.0,2005,2,27,16,3,3
42,24.8,92,1007.7,36.36,91,2,0.7,2008,6,2,20,1,0
16,25.6,81,957.3,20.16,39,2,0.2,2008,10,9,8,4,1
27,32.5,42,975.0,26.64,12,0,0.0,2009,9,22,19,5,1
34,29.0,81,978.2,12.24,99,1,0.0,2003,8,31,12,3,0
5,21.1,26,942.6,31.32,0,0,0.0,1999,3,29,5,1,2
31,33.4,30,928.8,37.44,93,1,0.0,2010,3,16,15,5,2
10,40.3,22,972.8,105.12,0,0,0.0,2002,6,14,12,0,0
13,25.2,73,926.5,81.72,46,0,0.0,2017,7,25,17,5,0
45,24.9,89,976.1,28.08,100,1,0.0,1999,8,24,2,5,0
12,28.0,57,974.8,21.96,0,0,0.0,1998,6,4,3,4,0
8,18.8,64,1012.5,35.28,47,0,0.0,1997,12,28,2,3,3
40,30.2,41,955.3,30.6,39,0,0.0,2000,4,7,3,0,2
5,28.3,45,947.8,34.56,81,1,0.0,2021,1,1,13,0,3
40,29.6,54,952.7,47.52,74,1,0.0,2000,7,28,15,0,0
14,23.2,60,988.2,20.88,4,0,0.0,2000,10,8,6,3,1
31,28.7,66,931.6,2.52,11,0,0.0,1998,4,25,9,2,2
43,24.6,95,1009.0,6.48,18,0,0.0,2009,3,13,6,0,2
43,24.5,97,1007.7,12.24,100,1,0.0,2004,5,28,23,0,2
31,26.5,54,928.9,14.4,40,0,0.0,2015,3,1,19,3,2
33,22.1,94,937.5,85.32,100,2,0.1,2001,6,14,2,4,0
16,22.4,95,949.2,27.0,100,1,0.0,2007,8,1,5,6,0
34,33.4,53,976.3,23.76,40,0,0.0,2002,7,17,22,6,0
33,21.5,95,944.6,44.64,100,1,0.0,2013,8,30,5,0,0
9,29.3,45,1009.2,30.24,0,0,0.0,2010,11,3,19,6,1
8,38.4,26,1007.8,36.36,0,0,0.0,2010,4,23,11,0,2
33,24.1,80,946.4,15.48,55,0,0.0,2010,10,13,18,6,1
46,23.0,95,927.0,14.4,83,1,0.0,2017,4,9,21,3,2
22,30.8,51,973.0,22.68,11,0,0.0,2011,5,26,1,4,2
29,24.9,92,1007.3,89.28,99,3,5.6,2012,8,26,12,3,0
45,21.2,60,985.4,23.76,44,0,0.0,2002,1,5,21,2,3
34,12.2,72,993.2,33.48,0,0,0.0,2025,12,8,6,1,3
1,30.9,24,1005.3,25.2,1,0,0.0,2004,11,6,16,2,1
43,28.2,83,1008.6,7.92,32,0,0.0,2019,4,11,0,4,2
31,25.1,73,930.3,42.12,52,0,0.0,2015,4,11,20,2,2
43,23.7,96,1005.4,14.04,49,0,0.0,2013,11,22,3,0,1
45,34.1,39,976.4,25.2,23,0,0.0,2000,5,3,20,6,2
41,22.8,80,1008.1,15.48,92,1,0.0,2013,3,12,4,5,2
40,28.3,70,953.6,79.92,99,1,0.0,2016,7,5,12,5,0
9,25.5,87,991.4,72.36,100,2,0.5,2007,8,9,1,4,0
42,30.6,67,1010.5,19.44,78,1,0.0,1998,4,7,11,5,2
30,26.0,93,1008.2,11.88,21,2,0.1,2017,9,5,5,5,1
23,33.5,53,985.7,54.72,87,1,0.0,1996,7,17,14,6,0
15,18.2,40,944.2,34.56,0,0,0.0,2004,11,29,2,1,1
8,33.3,26,1010.1,16.2,0,0,0.0,2003,11,15,14,2,1
33,23.8,83,946.4,63.36,48,0,0.0,2003,5,22,7,4,2
2,27.8,40,959.0,32.76,23,0,0.0,2015,10,19,21,1,1
11,18.3,93,896.3,28.08,5,0,0.0,2025,4,12,4,2,2
0,28.4,39,981.3,46.8,40,0,0.0,2020,1,29,16,6,3
6,30.3,30,996.3,31.32,0,0,0.0,2011,11,21,11,1,1
0,16.7,56,984.6,25.56,0,0,0.0,1999,12,21,6,5,3
43,27.8,84,1007.3,11.88,95,1,0.0,2002,5,23,19,4,2
11,19.1,98,898.4,29.88,100,1,0.0,2004,11,8,5,1,1
24,29.0,65,1004.9,28.8,94,1,0.0,2001,6,8,13,0,0
28,26.0,94,1009.6,3.6,100,2,3.3,1998,5,27,19,6,2
37,35.5,39,987.4,28.8,21,0,0.0,2011,7,5,15,5,0
13,25.9,55,931.8,50.04,94,1,0.0,2013,11,18,15,1,1
18,13.8,63,964.8,26.28,0,0,0.0,2021,1,20,21,6,3
28,23.9,95,1008.5,2.52,99,2,0.2,2012,10,2,2,5,1
4,19.5,57,1008.5,26.64,0,0,0.0,2005,11,15,1,5,1
36,22.5,81,945.2,19.8,1,0,0.0,2005,5,1,1,3,2
23,24.5,84,997.0,12.24,67,1,0.0,2011,10,31,7,1,1
13,21.4,98,925.8,73.44,100,2,0.3,2022,9,10,19,2,1
4,32.3,63,993.4,79.56,31,0,0.0,2004,6,19,17,2,0
42,23.2,98,1005.7,14.76,100,1,0.0,2021,11,19,0,0,1
17,20.4,92,895.1,13.68,99,2,1.5,2007,10,27,15,2,1
41,26.7,65,1007.7,28.44,0,0,0.0,2020,3,31,19,5,2
0,30.8,49,979.9,34.92,30,0,0.0,2016,3,16,19,6,2
39,15.4,79,947.5,30.24,2,0,0.0,2004,12,18,6,2,3
15,21.6,88,944.7,46.8,88,1,0.0,2025,12,5,2,0,3
12,2.3,100,993.2,22.32,100,1,0.0,2019,12,31,5,5,3
36,27.2,46,951.2,27.36,0,0,0.0,2007,11,10,9,2,1
44,24.5,83,944.7,21.24,64,1,0.0,2006,9,17,0,3,1
14,14.8,69,987.8,6.84,0,0,0.0,2025,3,8,3,2,2
2,23.8,38,962.9,37.8,2,0,0.0,2015,12,2,11,6,3
27,33.9,48,976.8,59.4,7,0,0.0,2015,7,1,11,6,0
28,24.4,88,1005.2,16.92,100,1,0.0,2010,12,6,22,1,3
26,29.0,53,1011.7,48.24,42,0,0.0,2022,1,3,9,1,3
11,25.2,41,900.9,13.32,3,0,0.0,2023,10,14,18,2,1
33,29.8,60,940.6,53.28,36,0,0.0,2021,5,31,17,1,2
44,34.4,38,943.1,45.0,2,0,0.0,1999,5,14,11,0,2
1,26.7,88,994.7,17.28,100,1,0.0,2011,8,4,3,4,0
35,17.7,62,973.3,20.16,0,0,0.0,1998,12,26,8,2,3
37,31.2,37,992.8,47.88,0,0,0.0,2003,10,10,18,0,1
22,31.8,53,973.4,72.36,4,0,0.0,2021,5,15,21,2,2
3,17.4,76,978.2,29.52,15,0,0.0,2003,1,4,7,2,3
30,24.8,89,1008.2,27.0,49,0,0.0,1996,3,17,0,3,2
29,26.5,80,1009.9,31.32,95,1,0.0,2004,10,12,20,5,1
28,29.4,62,1012.3,30.24,28,0,0.0,2005,3,5,19,2,2
23,18.9,97,999.5,22.68,0,0,0.0,2024,1,1,4,1,3
32,22.0,24,978.7,16.92,0,0,0.0,1997,2,12,19,6,3
43,24.0,93,1009.7,28.08,72,2,0.3,2005,7,12,7,5,0
41,22.2,92,1008.5,43.56,24,0,0.0,2001,3,14,0,6,2
31,20.3,94,930.2,35.64,100,2,0.6,1998,11,4,8,6,1
0,25.1,93,976.5,13.68,100,1,0.0,2007,9,8,22,2,1
39,23.3,37,946.0,32.04,12,0,0.0,2001,1,7,20,3,3
14,26.9,87,982.7,23.76,1,0,0.0,2004,8,24,2,5,0
1,22.1,36,1003.8,24.48,95,1,0.0,2008,3,10,4,1,2
8,26.7,86,1003.7,27.72,57,0,0.0,2001,10,5,5,0,1
1,21.6,53,1008.8,26.64,0,0,0.0,2023,11,17,22,0,1
18,26.1,91,953.5,3.96,100,1,0.0,2012,8,20,1,1,0
21,23.4,34,961.9,49.32,0,0,0.0,2025,12,26,19,0,3
23,26.7,74,994.7,37.44,2,0,0.0,2006,3,26,0,3,2
11,22.8,84,896.0,21.6,50,0,0.0,1999,9,26,18,3,1
37,24.1,15,996.8,38.88,0,0,0.0,2000,3,19,22,3,2
13,21.0,99,927.5,91.8,100,2,1.8,2011,6,17,0,0,0
38,22.3,95,998.3,14.4,35,0,0.0,2010,12,9,5,4,3
45,25.7,75,975.3,41.76,70,1,0.0,1999,9,5,3,3,1
34,20.2,35,994.7,28.44,27,0,0.0,1997,1,9,15,4,3
44,17.6,24,950.8,34.2,0,0,0.0,2001,1,13,20,2,3
0,37.8,28,975.4,46.44,2,0,0.0,2017,5,16,9,5,2
1,25.4,91,990.8,68.76,100,2,1.1,2000,7,14,19,0,0
34,39.7,21,981.2,43.56,0,0,0.0,2018,5,11,13,0,2
27,26.7,28,982.5,17.28,4,0,0.0,2008,12,2,16,5,3
18,20.0,39,966.8,20.16,0,0,0.0,2012,12,25,12,5,3
8,26.0,93,994.5,46.8,100,1,0.0,1997,7,31,5,4,0
30,27.3,87,1008.2,58.68,77,2,0.4,2004,6,29,10,5,0
4,13.5,87,1008.8,28.44,0,0,0.0,2025,12,13,5,2,3
22,18.2,67,983.4,4.68,36,0,0.0,1997,1,24,8,0,3
31,31.7,46,927.3,19.44,85,1,0.0,2014,5,29,14,4,2
1,34.4,46,997.7,43.56,91,1,0.0,2000,6,10,11,2,0
32,32.0,34,967.5,67.68,0,0,0.0,2020,5,28,5,4,2
26,29.6,74,1006.3,76.68,75,2,0.1,2017,7,25,12,5,0
37,35.4,21,995.8,47.52,92,1,0.0,2016,4,11,16,1,2
31,21.0,84,931.6,37.44,29,0,0.0,2022,11,30,8,6,1
1,30.4,43,1003.0,19.8,18,0,0.0,2009,11,15,13,3,1
34,17.5,89,992.6,25.92,54,0,0.0,2009,1,18,9,3,3
27,21.8,43,983.0,29.16,0,0,0.0,2010,12,7,14,5,3
45,29.8,35,979.3,25.2,82,1,0.0,2021,3,17,19,6,2
6,14.8,46,989.5,36.72,80,1,0.0,2019,12,11,4,6,3
27,9.8,71,983.5,31.32,34,0,0.0,2012,2,12,7,3,3
1,30.7,33,1005.9,15.84,0,0,0.0,2015,3,31,11,5,2
32,23.0,66,978.9,11.16,19,0,0.0,2013,2,6,23,6,3
1,14.7,55,1004.8,29.88,80,1,0.0,2011,1,13,1,4,3
30,27.3,61,1006.8,48.6,0,0,0.0,1996,4,5,18,0,2
44,28.1,59,943.3,58.68,0,0,0.0,2024,6,4,4,5,0
15,24.3,36,940.7,21.24,0,0,0.0,2014,2,7,21,0,3
0,25.8,80,973.3,26.64,91,1,0.0,2017,8,17,2,4,0
24,25.2,98,1008.2,16.92,32,0,0.0,2018,11,15,6,4,1
46,19.6,98,924.6,9.0,100,1,0.0,2015,11,11,6,6,1
8,25.8,93,1001.3,28.08,100,1,0.0,2021,9,5,3,3,1
6,25.6,87,986.9,42.48,0,0,0.0,2025,10,5,7,3,1
9,16.5,83,1011.2,37.08,0,0,0.0,2014,12,23,7,5,3
41,27.5,84,1004.0,68.76,0,0,0.0,2006,5,11,2,4,2
21,25.1,76,954.8,51.12,100,1,0.0,2009,6,28,7,3,0
17,27.4,26,899.1,56.52,100,1,0.0,2023,2,12,15,3,3
8,25.1,92,1005.4,28.08,52,2,0.2,2016,10,7,1,0,1
15,22.5,98,935.4,68.04,100,2,0.6,2020,6,14,2,3,0
34,7.9,86,991.5,25.92,49,0,0.0,2007,1,19,7,0,3
35,26.8,82,958.9,12.96,95,1,0.0,2010,9,14,18,5,1
3,25.9,94,964.3,45.72,97,2,2.1,2010,9,6,14,1,1
7,26.8,35,910.4,43.56,28,0,0.0,2022,2,13,17,3,3
39,20.0,91,949.2,30.6,3,0,0.0,1999,2,6,7,2,3
22,38.6,23,973.7,24.12,100,1,0.0,2003,5,12,12,1,2
45,38.1,33,976.9,36.0,37,0,0.0,1997,5,11,11,3,2
40,27.8,74,951.1,51.48,88,2,0.8,1996,9,14,14,2,1
35,26.6,78,956.3,53.28,97,2,0.4,2006,8,14,18,1,0
20,28.8,76,990.3,51.12,57,0,0.0,2012,7,9,19,1,0
14,17.6,63,992.5,27.72,0,0,0.0,2006,2,27,21,1,3
22,17.5,75,980.3,24.84,0,0,0.0,2025,2,17,5,1,3
16,19.7,88,952.1,23.76,67,1,0.0,2010,12,9,22,4,3
44,15.0,32,950.5,14.4,0,0,0.0,2000,12,28,7,4,3
6,25.8,21,991.7,30.24,0,0,0.0,2007,12,7,17,0,3
16,29.6,61,948.1,88.56,51,0,0.0,2007,7,9,13,1,0
1,26.5,97,993.4,29.52,100,2,0.5,2023,7,19,23,6,0
8,23.3,76,1013.9,28.44,0,0,0.0,2025,11,28,8,0,1
12,14.4,86,989.9,24.48,14,0,0.0,2008,1,10,8,4,3
33,22.4,98,939.8,28.44,100,2,0.5,2004,7,16,20,0,0
16,27.1,72,953.6,45.36,100,1,0.0,1998,8,15,10,2,0
46,19.7,99,926.7,15.48,80,1,0.0,1997,4,6,3,3,2
41,26.5,80,1007.0,43.92,1,0,0.0,2003,4,9,1,6,2
4,30.2,32,1001.2,36.36,2,0,0.0,2008,4,30,22,6,2
17,18.4,100,896.2,53.28,100,2,4.5,2013,8,5,13,1,0
25,24.1,80,946.9,44.64,40,0,0.0,2000,5,5,0,0,2
24,24.4,92,1010.1,13.68,99,1,0.0,2004,11,6,0,2,1
13,24.7,79,927.8,46.08,100,1,0.0,2013,5,30,8,4,2
18,20.2,77,964.1,18.36,0,0,0.0,2008,10,17,3,0,1
23,21.6,87,995.6,28.44,49,0,0.0,1996,2,16,5,0,3
35,27.5,54,963.6,12.96,27,0,0.0,1998,4,10,5,0,2
5,23.0,89,942.0,30.24,100,1,0.0,1998,8,19,1,6,0
40,29.0,31,957.1,59.4,0,0,0.0,2023,4,19,1,6,2
28,27.1,75,1008.8,25.56,6,0,0.0,2022,2,12,21,2,3
19,19.7,63,988.5,44.28,0,0,0.0,2003,2,24,23,1,3
1,29.3,73,993.5,29.52,100,1,0.0,2012,7,30,15,1,0
26,33.1,46,1007.7,24.84,42,0,0.0,1998,2,1,15,3,3
36,20.2,75,951.2,26.28,16,0,0.0,1997,12,17,20,6,3
1,31.0,63,997.3,41.76,5,0,0.0,2002,6,3,23,1,0
29,27.2,87,1004.1,30.24,31,0,0.0,2008,5,3,5,2,2
15,25.4,71,938.9,61.2,98,2,0.1,1999,9,14,16,5,1
4,25.9,96,997.3,27.72,100,2,3.7,2015,7,22,12,6,0
29,29.8,63,1004.4,32.04,69,1,0.0,2000,11,9,16,4,1
9,26.5,79,1010.0,17.28,100,1,0.0,2014,11,15,4,2,1
9,27.8,55,1010.4,36.72,0,0,0.0,2020,3,1,11,3,2
8,27.1,81,1003.0,17.28,0,0,0.0,2016,5,16,6,1,2
13,23.8,73,930.7,37.8,0,0,0.0,2019,4,7,23,3,2
22,25.7,66,985.8,34.56,100,1,0.0,2014,12,12,10,0,3
20,33.5,49,995.0,56.88,0,0,0.0,2007,5,5,18,2,2
37,14.1,28,998.8,32.04,3,0,0.0,2008,1,19,23,2,3
19,18.6,26,988.0,30.24,0,0,0.0,2008,2,29,0,0,3
18,24.1,93,955.8,45.0,100,2,1.0,2022,9,21,18,6,1
18,11.1,77,965.4,21.96,0,0,0.0,2007,12,8,0,2,3
30,23.0,82,1009.0,27.72,18,0,0.0,2009,3,12,3,4,2
23,26.8,52,1001.3,27.36,77,1,0.0,1999,12,26,11,3,3
19,25.7,20,989.1,30.6,0,0,0.0,2010,1,24,12,3,3
8,27.8,77,1001.3,74.16,26,0,0.0,2003,6,5,1,4,0
8,25.3,85,1006.9,28.8,0,0,0.0,2025,10,23,5,4,1
10,42.5,11,975.7,66.96,6,0,0.0,2017,5,14,15,3,2
8,25.9,87,1007.9,41.4,92,1,0.0,2016,9,7,9,6,1
19,39.9,23,974.1,75.6,7,0,0.0,2022,6,11,16,2,0
16,29.4,59,957.5,24.48,23,0,0.0,2009,10,12,11,1,1
34,31.6,22,983.6,25.92,0,0,0.0,2017,4,26,9,6,2
2,28.6,21,953.1,16.92,0,0,0.0,2023,4,21,8,0,2
46,25.1,78,926.1,7.56,95,1,0.0,2017,5,16,8,5,2
16,27.1,81,949.3,15.48,100,2,0.5,2007,9,13,17,4,1
8,35.2,33,1008.5,14.04,14,0,0.0,2003,11,4,14,5,1
16,27.2,58,954.3,46.08,55,0,0.0,2000,2,23,16,6,3
34,36.4,27,982.4,25.56,0,0,0.0,2006,10,4,12,6,1
7,23.6,69,914.3,59.76,92,1,0.0,2016,12,3,13,2,3
17,21.5,75,896.9,42.84,93,2,0.4,1999,6,18,12,0,0
8,35.5,46,1001.6,70.56,15,0,0.0,2021,5,31,12,1,2
5,25.0,86,934.9,48.96,100,2,0.4,2025,7,24,14,4,0
31,19.7,79,930.9,27.36,7,0,0.0,2009,11,28,20,2,1
43,25.8,82,1008.6,6.48,40,0,0.0,2001,3,13,6,5,2
32,25.5,89,965.7,54.0,100,2,0.6,2015,9,16,23,6,1
36,22.6,91,944.7,64.44,92,2,0.5,2005,8,7,20,3,0
23,24.9,91,997.6,17.64,6,0,0.0,2014,10,16,0,4,1
13,17.5,55,931.3,32.4,0,0,0.0,2009,1,21,2,6,3
31,20.7,95,927.9,38.52,100,1,0.0,2003,8,3,2,3,0
11,20.4,95,898.9,21.24,98,1,0.0,2011,10,10,18,1,1
34,40.9,10,979.5,40.32,0,0,0.0,2015,5,27,13,6,2
29,23.8,94,1008.5,13.68,31,2,0.1,2016,10,3,23,1,1
29,24.4,91,1009.1,40.68,100,2,0.3,1996,8,7,1,6,0
45,26.7,75,978.9,57.24,67,1,0.0,1998,4,14,7,5,2
12,28.4,33,980.6,34.92,0,0,0.0,2019,4,28,7,3,2
21,18.7,42,957.9,38.52,0,0,0.0,2011,2,14,3,1,3
41,30.8,69,1000.1,95.04,54,0,0.0,2018,6,13,8,6,0
9,17.9,38,1008.4,36.36,74,1,0.0,2018,2,9,3,0,3
26,25.1,92,1007.3,43.92,92,2,0.2,2013,6,16,8,3,0
34,28.0,45,983.1,27.72,0,0,0.0,2004,4,26,21,1,2
30,28.1,69,1014.6,26.28,9,0,0.0,2021,10,24,10,3,1
5,27.3,60,938.6,73.8,95,1,0.0,2012,6,20,19,6,0
10,7.7,53,990.0,34.2,0,0,0.0,2005,12,14,7,6,3
33,13.9,77,947.7,22.68,0,0,0.0,2010,1,23,3,2,3
17,24.6,70,898.9,27.36,100,2,0.1,2021,10,26,11,5,1
17,22.1,82,898.7,77.76,95,2,0.7,2021,8,3,15,5,0
14,34.7,46,985.0,36.0,15,0,0.0,1998,9,14,12,1,1
45,29.4,75,976.0,31.32,99,2,2.4,2020,10,10,13,2,1
35,28.1,76,957.6,31.68,86,2,3.5,1996,9,14,15,2,1
43,29.0,76,1006.5,46.8,34,0,0.0,2012,9,18,14,5,1
18,33.1,61,955.5,56.88,100,1,0.0,2023,7,15,12,2,0
36,31.6,20,946.3,23.76,0,0,0.0,2012,2,26,18,3,3
6,27.9,72,979.7,80.28,4,0,0.0,2021,6,30,5,6,0
32,23.9,91,975.6,23.4,72,2,1.2,2002,10,16,7,6,1
6,35.9,23,989.1,50.4,0,0,0.0,2002,9,29,11,3,1
4,35.7,38,1002.6,45.36,0,0,0.0,2008,5,8,13,4,2
9,21.5,48,1012.8,31.68,4,0,0.0,2010,2,16,9,5,3
34,35.2,29,982.3,26.64,0,0,0.0,2017,10,14,12,2,1
45,38.1,22,974.6,25.56,9,0,0.0,2001,4,25,17,6,2
17,19.0,98,894.2,11.16,100,1,0.0,2024,8,15,23,4,0
26,29.2,44,1012.4,42.48,0,0,0.0,2008,1,7,11,1,3
37,29.1,35,997.4,37.08,3,0,0.0,2016,3,10,19,4,2
2,34.0,31,950.1,38.16,7,0,0.0,2017,9,18,16,1,1
31,27.1,62,928.5,64.08,27,0,0.0,2003,5,22,20,4,2
28,30.4,55,1007.3,27.36,80,2,0.1,2005,1,27,14,4,3
23,26.8,85,992.4,44.64,35,0,0.0,2006,9,26,20,5,1
9,34.3,42,1004.7,34.56,0,0,0.0,1997,5,7,12,6,2
40,35.2,35,956.9,33.12,58,0,0.0,2007,5,24,11,4,2
29,27.5,66,1008.0,42.48,8,0,0.0,2010,1,3,18,3,3
6,26.8,61,979.3,83.16,0,0,0.0,2005,6,2,5,4,0
39,27.5,68,944.8,46.8,86,2,1.6,2013,5,28,13,5,2
21,25.7,50,959.9,45.72,98,1,0.0,2017,11,17,20,0,1
20,29.7,73,999.2,55.8,21,0,0.0,1997,6,3,19,5,0
30,26.7,88,1006.6,79.2,100,2,0.3,2017,7,13,9,4,0
26,24.8,92,1008.3,41.04,100,2,0.1,2010,9,7,20,5,1
41,27.6,60,1008.4,26.64,12,0,0.0,2015,10,24,21,2,1
23,19.0,31,996.2,32.4,0,0,0.0,2001,1,26,1,0,3
31,25.4,68,928.1,80.64,98,1,0.0,2006,7,11,14,5,0
43,25.3,87,1004.1,9.36,2,0,0.0,1999,3,11,5,4,2
10,17.7,35,984.5,59.04,72,1,0.0,1998,2,14,4,2,3
26,26.0,79,1010.5,20.16,82,1,0.0,2010,12,30,9,4,3
45,32.8,15,978.0,15.12,0,0,0.0,2001,2,11,16,3,3
38,26.5,61,1000.6,48.6,0,0,0.0,2023,4,3,18,1,2
13,25.1,36,932.1,35.64,0,0,0.0,2013,12,8,11,3,3
41,26.4,89,1004.6,90.0,15,0,0.0,2015,8,1,1,2,0
25,19.3,78,951.5,21.96,82,1,0.0,2006,12,5,5,5,3
2,12.3,55,961.0,50.76,40,0,0.0,2014,1,11,0,2,3
22,27.0,65,984.5,39.6,28,2,0.1,2023,11,27,10,1,1
29,26.5,87,1006.1,78.84,97,2,0.6,2008,6,29,13,3,0
35,34.9,20,965.9,21.24,73,1,0.0,2012,4,3,18,5,2
12,29.4,81,975.5,20.16,100,1,0.0,2011,8,27,18,2,0
34,26.3,92,975.6,23.04,100,2,0.8,2018,8,6,7,1,0
13,22.4,74,936.1,6.48,10,2,0.1,2026,1,13,21,5,3
43,24.8,94,1005.2,12.24,100,2,0.1,2021,9,27,21,1,1
0,28.0,74,972.8,20.88,100,1,0.0,2013,10,1,17,5,1
31,24.8,87,926.2,50.76,14,0,0.0,1998,5,5,0,5,2
42,22.7,81,1008.2,32.04,25,0,0.0,2002,2,10,4,3,3
0,30.0,66,976.5,33.84,39,0,0.0,1998,9,27,14,3,1
29,24.5,94,1006.2,33.84,100,2,0.4,2011,7,22,0,0,0
44,23.9,30,945.3,20.16,0,0,0.0,1996,4,16,1,5,2
5,21.7,96,943.1,22.68,99,1,0.0,1999,9,24,2,0,1
0,27.8,37,984.9,30.24,100,1,0.0,2010,2,6,19,2,3
3,30.4,66,965.5,48.24,100,1,0.0,2003,7,9,12,6,0
1,22.4,55,1006.2,30.6,0,0,0.0,2021,1,19,19,5,3
36,23.5,84,944.9,60.84,86,1,0.0,2022,8,18,18,4,0
35,31.0,64,960.1,10.8,100,1,0.0,2024,8,15,14,4,0
30,31.1,68,1008.0,21.6,86,1,0.0,2015,10,24,18,2,1
4,34.4,12,1007.5,26.28,0,0,0.0,2022,2,27,14,3,3
38,31.0,33,1005.3,39.24,83,1,0.0,2008,1,8,13,5,3
26,27.0,84,1006.2,72.72,100,2,0.2,1997,8,28,15,4,0
1,22.4,44,1008.8,36.36,57,0,0.0,2007,1,28,23,3,3
5,26.5,48,944.9,24.12,59,0,0.0,2023,5,2,8,5,2
21,27.8,27,961.5,23.4,0,0,0.0,2011,12,16,17,0,3
44,14.8,43,946.0,31.32,0,0,0.0,2003,1,24,2,0,3
24,24.1,94,1008.6,8.28,89,2,0.3,1999,10,29,4,0,1
1,18.9,42,1011.9,40.32,9,0,0.0,2021,12,19,19,3,3
37,26.3,89,988.7,59.04,100,2,0.1,1997,7,26,0,2,0
44,21.1,63,950.3,42.12,11,0,0.0,2008,12,10,20,6,3
25,22.5,95,943.2,83.16,100,2,0.7,2016,7,9,20,2,0
29,29.4,60,1005.7,49.32,22,0,0.0,2008,12,7,16,3,3
16,20.6,97,959.1,15.12,70,2,0.2,2010,1,14,5,4,3
45,21.1,88,981.1,42.12,0,0,0.0,2025,2,20,5,4,3
24,27.4,79,1011.4,11.16,6,0,0.0,1998,1,22,0,4,3
45,26.9,29,988.1,16.56,30,0,0.0,2016,1,23,12,2,3
15,31.0,34,940.2,26.64,14,0,0.0,2021,4,28,18,6,2
21,23.8,78,956.7,49.32,29,0,0.0,2021,9,18,1,2,1
43,33.8,51,1006.9,38.16,70,1,0.0,2014,4,2,11,6,2
28,27.1,86,1007.6,41.04,100,1,0.0,2023,8,7,18,1,0
45,27.3,70,980.1,16.92,7,0,0.0,2018,4,15,21,3,2
14,7.5,51,998.8,31.32,0,0,0.0,1996,1,29,0,1,3
36,22.4,93,943.4,45.0,100,2,0.2,2008,8,1,7,0,0
24,27.5,77,1009.7,6.48,10,0,0.0,2000,3,14,8,5,2
31,33.8,25,929.1,30.96,81,1,0.0,2025,3,29,12,2,2
33,33.5,14,947.8,11.52,0,0,0.0,2005,3,14,14,1,2
44,22.6,52,947.1,29.16,25,0,0.0,2011,2,15,11,5,3
28,25.1,93,1004.9,20.16,100,2,0.2,2015,5,17,1,3,2
19,26.9,15,988.9,19.8,0,0,0.0,2000,12,26,16,5,3
13,28.6,48,931.9,63.0,15,0,0.0,1997,5,20,10,5,2
32,21.8,44,978.7,28.44,9,0,0.0,2016,1,20,18,6,3
11,27.6,54,899.0,53.28,68,1,0.0,2000,5,15,16,1,2
19,32.4,47,977.5,68.4,0,0,0.0,2007,6,8,3,0,0
35,28.7,30,964.4,23.76,2,0,0.0,1999,1,28,18,4,3
41,27.5,68,1009.1,33.84,95,1,0.0,2022,12,16,19,0,3
9,27.0,87,1002.9,10.44,100,1,0.0,2014,9,10,20,6,1
23,21.4,97,995.7,7.56,68,1,0.0,2008,12,3,4,6,3
44,15.9,66,953.6,23.4,0,0,0.0,2017,1,2,20,1,3
30,26.9,84,1004.8,62.28,81,2,0.1,2024,9,6,17,0,1
33,24.2,46,944.3,21.24,17,0,0.0,2019,4,25,3,4,2
26,28.5,78,1005.0,39.96,100,2,0.2,2025,10,13,14,1,1
20,23.1,80,998.7,18.36,0,0,0.0,2024,4,23,2,5,2
14,11.0,76,992.1,37.44,0,0,0.0,2002,3,6,6,6,2
26,26.9,85,1005.5,14.4,99,2,2.5,2015,5,18,15,1,2
28,31.4,55,1006.5,44.64,27,0,0.0,2008,3,3,15,1,2
15,23.5,89,940.1,22.68,20,0,0.0,2000,3,30,4,4,2
3,12.1,67,974.7,15.12,0,0,0.0,2011,1,21,7,0,3
41,25.0,89,1003.5,48.24,60,2,0.5,2003,8,29,5,0,0
39,26.7,48,944.3,38.88,75,1,0.0,1996,2,15,20,4,3
38,28.8,29,1005.8,19.44,0,0,0.0,2024,3,12,8,5,2
15,17.9,86,943.4,49.32,88,1,0.0,1998,1,2,6,0,3
35,19.2,71,967.5,43.56,0,0,0.0,2025,1,6,1,1,3
2,32.2,14,954.1,44.64,0,0,0.0,2025,3,8,15,2,2
44,28.6,68,933.7,97.2,88,1,0.0,2017,6,30,16,0,0
37,20.5,48,998.8,30.6,0,0,0.0,2003,12,11,23,4,3
30,25.6,50,1012.2,54.0,4,0,0.0,2023,3,6,4,1,2
29,25.1,62,1010.7,24.84,0,0,0.0,2019,12,5,22,4,3
22,24.8,77,971.8,50.04,99,2,0.2,2013,8,21,20,6,0
31,28.2,55,924.1,63.72,90,2,0.3,2021,9,23,15,4,1
16,21.3,71,955.7,21.24,97,1,0.0,2021,10,24,2,3,1
16,31.1,55,946.6,36.72,99,1,0.0,2019,6,20,17,4,0
33,21.5,96,943.4,36.72,100,1,0.0,2015,9,1,6,5,1
7,31.5,40,915.4,18.72,36,2,0.1,2017,4,5,11,6,2
5,23.4,81,938.9,43.2,29,0,0.0,2002,5,21,4,5,2
12,32.8,18,979.6,38.88,0,0,0.0,2005,5,12,9,4,2
26,30.9,74,1005.4,36.0,97,2,0.5,2010,5,7,11,0,2
39,19.7,99,948.5,13.32,43,0,0.0,1997,10,30,6,4,1
4,27.7,82,996.4,37.8,9,0,0.0,2012,6,12,1,5,0
13,21.1,99,924.5,80.28,100,1,0.0,2017,8,30,5,6,0
13,30.9,44,930.7,55.8,40,0,0.0,2011,5,22,11,3,2
14,13.6,59,998.9,30.6,86,1,0.0,2005,1,20,19,4,3
4,34.0,53,998.9,63.36,98,1,0.0,1999,5,18,17,5,2
9,32.8,57,1002.6,33.84,57,2,0.1,2023,6,23,9,0,0
44,23.9,93,942.7,42.84,96,1,0.0,2023,9,19,19,5,1
5,17.1,61,944.9,25.92,30,0,0.0,2000,11,12,4,3,1
24,26.0,62,1014.4,11.16,54,0,0.0,2008,1,7,9,1,3
34,24.8,89,980.9,24.48,3,0,0.0,2008,8,31,6,3,0
34,24.6,55,989.2,56.88,0,0,0.0,2008,12,21,14,3,3
44,17.8,69,951.5,10.44,98,1,0.0,2018,2,7,0,6,3
24,24.2,93,1009.6,9.36,100,2,0.2,2013,7,7,8,3,0
1,26.6,31,1006.6,23.4,5,0,0.0,2025,1,9,17,4,3
38,25.0,87,1003.6,31.68,0,0,0.0,2017,12,10,19,3,3
9,21.8,47,1015.0,49.68,0,0,0.0,2001,1,3,11,6,3
29,25.0,92,1006.6,35.64,100,2,0.4,2000,10,22,18,3,1
2,22.8,78,952.8,40.68,0,0,0.0,2016,9,8,0,4,1
14,20.8,43,995.4,19.44,0,0,0.0,1998,11,21,9,2,1
35,26.6,80,960.3,11.88,96,1,0.0,2017,8,6,21,3,0
30,22.0,60,1012.6,37.8,88,1,0.0,2012,11,20,8,5,1
0,31.6,59,972.4,36.36,100,1,0.0,2008,7,17,13,4,0
35,34.4,20,964.1,14.4,0,0,0.0,2004,3,1,17,1,2
36,22.0,93,947.8,67.68,96,2,0.5,2015,7,29,21,6,0
1,32.0,30,1003.0,24.48,0,0,0.0,2007,10,21,15,3,1
42,23.9,90,1007.1,50.4,100,2,0.2,1999,7,17,6,2,0
17,19.5,74,899.3,43.56,69,1,0.0,2019,1,23,19,6,3
12,6.1,98,988.6,24.48,5,0,0.0,2022,1,26,6,6,3
35,28.8,28,971.2,35.28,1,0,0.0,1998,2,9,16,1,3
41,25.1,42,1010.5,58.32,0,0,0.0,2013,11,22,9,0,1
13,22.4,39,930.3,47.16,24,0,0.0,2012,3,13,3,5,2
42,29.2,73,1009.4,20.88,27,0,0.0,1997,12,15,13,1,3
21,21.7,60,958.1,40.32,0,0,0.0,2008,4,3,1,4,2
23,29.0,44,997.6,3.6,3,0,0.0,2009,1,23,11,0,3
33,22.9,96,941.1,22.32,100,2,0.8,2007,8,27,20,1,0
0,31.2,69,979.5,19.44,69,2,0.1,2017,9,12,11,5,1
22,28.0,76,973.1,42.48,100,1,0.0,2004,9,10,14,0,1
21,20.1,48,966.1,35.28,0,0,0.0,2001,12,23,0,3,3
38,25.1,89,1001.6,19.44,94,2,0.1,2000,7,23,8,3,0
8,21.4,59,1015.6,22.68,1,0,0.0,2007,1,9,9,5,3
38,20.6,80,1005.8,23.04,88,1,0.0,1996,1,18,8,4,3
32,26.4,62,968.1,19.8,1,0,0.0,2022,5,24,5,5,2
45,25.3,86,975.2,37.8,100,1,0.0,2020,8,12,1,6,0
15,23.0,90,936.5,104.04,99,2,0.5,2018,7,16,10,1,0
25,23.8,87,942.5,48.96,100,1,0.0,2000,6,18,18,3,0
7,24.8,46,917.0,29.16,92,1,0.0,2004,1,2,11,0,3
23,26.5,88,991.5,33.84,100,2,0.1,2024,8,24,1,2,0
25,26.6,78,943.0,49.32,100,1,0.0,2021,7,7,17,6,0
11,31.2,22,898.8,30.6,91,1,0.0,2019,4,25,17,4,2
30,23.5,63,1012.4,37.8,0,0,0.0,2001,11,23,1,0,1
5,27.9,58,941.1,24.84,88,1,0.0,2007,10,3,17,6,1
21,27.6,67,956.3,73.44,100,1,0.0,2010,7,15,9,4,0
17,18.2,99,895.6,34.92,100,2,1.0,2016,6,24,18,0,0
31,21.1,86,927.6,55.8,66,1,0.0,2005,8,15,23,1,0
33,19.3,88,949.1,25.92,0,0,0.0,1997,10,9,6,4,1
25,20.0,75,947.5,19.8,4,0,0.0,2008,2,12,3,5,3
15,21.5,89,942.2,37.08,25,0,0.0,2008,10,13,7,1,1
16,27.8,30,955.0,45.72,5,0,0.0,1996,12,3,13,5,3
26,25.6,90,1009.6,54.72,99,1,0.0,2007,7,7,8,2,0
17,19.3,98,897.7,41.4,100,1,0.0,2020,8,16,22,3,0
32,27.4,48,972.2,30.6,24,0,0.0,2007,4,10,2,5,2
40,25.6,71,959.4,31.32,80,1,0.0,2004,11,10,19,6,1
32,20.1,47,978.0,33.12,0,0,0.0,2020,2,19,22,6,3
14,28.0,86,980.0,39.24,75,2,2.4,2013,8,14,19,6,0
4,26.9,87,995.7,30.96,100,2,0.1,2025,7,23,6,6,0
27,14.6,90,982.6,11.16,0,0,0.0,2021,1,20,3,6,3
33,21.1,54,948.2,26.28,0,0,0.0,2026,2,26,0,4,3
18,27.6,29,956.6,38.52,0,0,0.0,2006,5,12,6,0,2
19,32.2,11,989.0,24.84,0,0,0.0,2017,4,10,10,1,2
16,22.7,89,950.8,84.96,100,2,0.3,2002,8,12,21,1,0
8,29.8,67,1002.0,57.96,16,0,0.0,2009,5,23,8,2,2
34,12.4,69,990.8,32.04,0,0,0.0,2018,11,25,3,3,1
29,25.0,94,1004.0,87.48,100,2,3.4,2019,8,8,4,4,0
39,21.8,85,948.3,22.68,49,0,0.0,2003,3,13,7,4,2
43,36.5,36,1005.4,31.68,81,1,0.0,2014,3,30,13,3,2
46,25.2,70,925.7,25.56,91,1,0.0,2012,9,25,17,5,1
38,28.9,77,999.3,48.96,43,0,0.0,2015,5,28,21,4,2
30,31.6,38,1008.4,41.4,0,0,0.0,2025,2,6,14,4,3
18,37.1,14,959.1,33.12,0,0,0.0,2004,4,19,11,1,2
26,25.7,73,1012.6,23.4,50,0,0.0,2010,1,3,8,3,3
12,26.0,64,987.1,19.8,5,0,0.0,2019,10,17,20,4,1
32,19.2,49,976.0,26.28,0,0,0.0,2023,2,21,2,5,3
24,23.6,93,1008.5,20.88,100,2,0.4,2000,8,10,11,4,0
40,23.0,95,955.5,24.48,100,1,0.0,2023,9,23,4,2,1
22,25.5,70,982.5,50.4,4,0,0.0,2002,1,21,9,1,3
44,18.1,37,951.3,16.92,0,0,0.0,2024,3,7,8,4,2
1,33.7,57,998.6,32.04,43,0,0.0,1998,9,9,14,6,1
22,31.0,58,969.0,44.28,97,1,0.0,1998,7,11,16,2,0
41,28.5,77,1003.1,45.72,19,0,0.0,2022,9,5,17,1,1
40,36.6,18,954.5,37.8,87,1,0.0,2018,5,8,21,5,2
46,22.3,93,925.4,43.92,61,1,0.0,2019,6,8,23,2,0
32,18.5,90,975.4,21.96,3,0,0.0,2012,11,29,6,4,1
8,28.3,72,999.7,68.4,14,0,0.0,2022,5,22,3,3,2
37,28.0,47,993.8,40.32,0,0,0.0,2020,4,24,23,0,2
11,19.6,97,896.1,43.56,100,2,0.8,1996,7,19,21,0,0
5,22.1,97,938.5,27.72,100,1,0.0,2021,9,27,2,1,1
33,35.9,17,944.1,44.64,0,0,0.0,1999,4,20,15,5,2
18,17.9,31,960.4,39.6,1,0,0.0,2001,1,22,19,1,3
5,24.2,82,935.6,48.96,99,1,0.0,2015,6,21,0,3,0
40,23.0,87,949.4,72.36,100,1,0.0,1996,7,25,3,4,0
14,37.0,36,976.0,27.0,49,0,0.0,2002,6,5,19,6,0
9,25.4,93,1003.3,36.72,19,0,0.0,2021,8,23,2,1,0
36,19.8,53,953.3,20.52,31,0,0.0,1998,2,4,0,6,3
32,37.9,19,971.5,26.64,0,0,0.0,2012,4,28,11,2,2
9,26.1,86,994.4,58.68,100,1,0.0,2013,7,26,5,0,0
27,30.1,68,975.5,27.36,100,1,0.0,2020,7,24,20,0,0
11,17.5,96,896.5,21.24,99,1,0.0,2020,10,6,5,5,1
46,20.5,100,924.8,18.72,100,2,0.4,2022,7,10,19,3,0
27,36.6,20,972.8,51.84,8,0,0.0,2019,6,5,23,6,0
33,24.1,86,939.4,82.8,75,1,0.0,2018,6,13,1,6,0
19,29.8,51,973.7,36.72,4,0,0.0,2001,6,8,5,0,0
23,36.7,31,989.1,55.8,14,0,0.0,2002,3,26,15,5,2
46,22.5,88,925.8,45.0,100,2,1.6,2003,6,30,11,1,0
10,27.0,20,978.1,47.88,0,0,0.0,2004,5,6,3,4,2
12,20.2,71,985.7,24.48,0,0,0.0,2008,10,24,4,0,1
9,28.6,56,1007.6,31.68,0,0,0.0,2023,11,4,19,2,1
34,17.5,44,992.0,49.68,0,0,0.0,2001,1,10,13,6,3
41,23.7,60,1011.4,33.12,83,1,0.0,2014,11,22,8,2,1
45,35.3,31,977.1,22.32,59,0,0.0,2014,4,29,19,5,2
27,26.3,25,980.5,32.4,0,0,0.0,2000,2,29,20,5,3
25,21.0,97,947.6,22.32,70,1,0.0,2004,9,3,4,0,1
27,12.1,54,987.7,36.0,0,0,0.0,2006,1,4,23,6,3
24,27.7,80,1007.0,44.28,98,2,3.4,2021,7,2,17,0,0
15,22.7,93,939.1,40.68,100,1,0.0,1998,6,12,5,0,0
20,20.8,33,1002.3,40.68,0,0,0.0,2016,2,24,0,6,3
41,24.3,74,1010.0,46.44,0,0,0.0,2003,2,27,22,4,3
11,16.1,98,898.0,23.4,100,1,0.0,2023,11,28,4,5,1
18,21.4,51,967.3,17.28,0,0,0.0,2016,3,2,8,6,2
28,24.6,88,1009.9,10.44,19,0,0.0,2011,11,13,23,3,1
33,15.5,63,949.3,30.24,0,0,0.0,2000,1,30,2,3,3
32,26.8,41,974.9,30.6,0,0,0.0,2016,2,12,19,0,3
14,31.2,57,982.2,33.12,1,0,0.0,2023,9,9,21,2,1
19,27.4,17,985.0,41.4,11,0,0.0,1998,4,16,0,4,2
25,28.4,57,945.8,62.28,7,0,0.0,2018,5,13,19,3,2
26,27.8,73,1011.8,21.96,25,0,0.0,2014,3,6,9,4,2
19,24.3,23,981.0,30.24,0,0,0.0,1996,5,6,7,1,2
6,27.2,88,978.9,94.32,4,0,0.0,2023,8,1,22,5,0
15,24.6,90,935.9,59.4,98,2,0.4,2020,7,13,15,1,0
32,20.9,42,982.0,11.16,0,0,0.0,2000,1,31,9,1,3
24,25.1,93,1005.4,12.96,100,2,2.2,1998,8,20,17,4,0
6,19.3,83,987.5,24.12,8,0,0.0,2006,3,14,3,5,2
40,23.4,85,954.8,55.08,97,1,0.0,2009,6,10,5,6,0
23,33.2,57,990.8,6.84,99,1,0.0,2001,7,31,13,5,0
11,20.0,97,897.4,43.56,100,2,2.0,2012,6,18,19,1,0
16,26.0,41,960.0,33.84,0,0,0.0,2001,11,25,10,3,1
31,27.5,65,927.2,40.32,81,1,0.0,2013,5,11,9,2,2
1,40.0,29,992.1,68.76,0,0,0.0,2003,6,5,17,4,0
12,23.0,36,990.4,55.08,46,0,0.0,2023,2,14,13,5,3
37,34.8,34,989.4,43.92,53,0,0.0,2018,9,21,16,0,1
0,34.7,20,982.4,27.0,91,1,0.0,1999,2,19,14,0,3
35,25.8,45,968.3,29.16,14,0,0.0,2011,11,13,20,3,1
39,22.2,96,945.7,83.52,100,2,0.1,2007,8,3,9,0,0
28,24.0,86,1011.7,18.72,73,1,0.0,2026,1,31,1,2,3
16,37.2,29,951.3,35.28,24,0,0.0,1996,4,26,12,0,2
39,21.0,51,945.5,25.56,8,0,0.0,2016,11,23,1,6,1
39,30.8,26,949.5,51.12,11,0,0.0,2018,1,14,12,3,3
22,23.9,45,981.9,29.52,0,0,0.0,2016,12,28,18,6,3
15,28.7,58,939.9,26.64,28,0,0.0,2013,10,18,16,0,1
32,30.2,58,966.9,41.76,100,1,0.0,2001,7,1,17,3,0
19,8.6,68,993.9,47.16,0,0,0.0,2013,1,21,2,1,3
22,30.7,31,980.5,9.36,3,0,0.0,1996,3,4,17,1,2
41,29.5,83,1004.4,103.32,1,0,0.0,2015,5,22,22,0,2
42,29.5,73,1006.6,63.36,94,1,0.0,2001,5,21,13,1,2
43,28.9,76,1005.5,56.16,19,2,0.3,2017,3,24,16,0,2
37,19.5,64,1001.4,20.88,0,0,0.0,2025,11,13,0,4,1
4,25.8,52,1002.9,38.52,17,0,0.0,2024,4,12,4,0,2
0,36.8,16,974.3,41.76,2,0,0.0,1997,5,25,20,3,2
37,32.2,19,999.7,23.04,40,0,0.0,2025,12,19,13,0,3
36,21.4,94,940.7,75.6,100,2,0.1,2017,8,21,0,1,0
5,23.7,71,947.2,8.28,89,1,0.0,2015,11,27,8,0,1
15,26.5,71,940.1,95.76,97,2,0.2,2019,7,12,14,0,0
45,30.2,34,982.3,27.72,91,1,0.0,2016,11,29,14,5,1
32,37.6,33,969.1,79.92,15,0,0.0,2019,5,31,8,0,2
20,21.0,87,1002.2,40.68,6,0,0.0,2020,3,4,22,6,2
24,25.2,91,1007.1,52.2,100,2,4.4,2011,7,12,12,5,0
0,37.3,32,976.2,33.84,2,0,0.0,2001,5,22,10,5,2
6,32.1,45,991.1,66.96,9,0,0.0,1997,10,4,12,2,1
15,22.6,92,936.4,42.12,100,2,0.9,2001,10,7,16,3,1
6,24.3,79,980.9,68.04,16,0,0.0,1999,9,14,6,5,1
25,20.0,70,950.8,33.12,100,1,0.0,2022,1,17,2,1,3
24,24.8,93,1007.2,18.0,100,2,1.0,2009,6,26,15,0,0
36,28.8,35,951.9,25.2,46,0,0.0,2007,2,1,18,4,3
21,19.8,39,961.9,34.92,0,0,0.0,2011,1,15,23,2,3
28,24.0,94,1007.9,39.96,100,2,0.2,2022,8,24,18,6,0
0,23.9,41,985.3,38.52,0,0,0.0,2001,1,9,10,5,3
45,27.9,50,986.1,22.68,0,0,0.0,2025,2,12,9,6,3
13,20.2,42,929.4,28.8,7,0,0.0,1999,1,4,21,1,3
14,38.6,33,980.4,27.72,5,0,0.0,2000,6,29,11,4,0
39,26.4,21,944.8,32.4,42,0,0.0,1997,1,24,19,0,3
26,22.6,92,1010.1,26.64,21,0,0.0,2015,1,2,6,0,3
11,22.8,79,898.1,59.76,95,2,0.4,2009,7,31,15,0,0
26,28.3,81,1007.8,25.56,96,2,0.2,1999,10,27,12,6,1
16,22.9,88,957.1,17.64,90,1,0.0,2008,12,1,19,1,3
39,25.0,85,941.4,52.56,100,1,0.0,2016,5,18,20,6,2
11,18.8,97,898.8,29.88,100,1,0.0,2012,10,23,4,5,1
16,21.4,95,955.2,10.8,100,1,0.0,2024,12,9,6,1,3
7,32.2,52,910.5,23.4,94,2,0.1,2024,6,1,12,2,0
12,17.8,60,984.2,35.64,7,0,0.0,2008,1,18,18,0,3
43,27.2,69,1010.0,55.08,100,1,0.0,2024,1,4,8,4,3
7,19.1,92,906.1,76.68,100,2,0.9,2008,8,11,7,1,0
42,24.3,93,1003.5,78.84,100,2,0.2,2000,6,4,5,3,0
22,31.9,53,974.2,71.28,93,1,0.0,2017,8,3,12,4,0
45,26.6,85,973.8,16.92,100,1,0.0,2004,7,21,19,6,0
35,27.8,64,961.3,49.68,100,1,0.0,2006,7,20,21,4,0
28,26.3,91,1009.8,6.84,92,1,0.0,2023,2,4,21,2,3
13,23.7,87,930.7,32.4,49,0,0.0,2020,4,28,23,5,2
11,18.9,97,896.6,43.56,100,2,3.0,2017,8,18,22,0,0
36,24.1,58,948.7,13.68,0,0,0.0,2007,3,29,7,4,2
36,17.5,85,950.5,9.36,100,1,0.0,2016,1,15,8,0,3
32,36.1,35,970.6,75.24,77,1,0.0,2016,5,23,10,1,2
7,18.6,89,913.4,43.92,67,1,0.0,2015,2,12,2,4,3
27,20.1,58,983.6,27.36,0,0,0.0,2020,2,18,19,5,3
46,20.5,99,924.8,55.08,99,2,0.5,2005,8,1,19,1,0
17,19.3,92,895.6,23.4,95,1,0.0,2008,8,5,19,5,0
23,22.0,95,1000.1,12.24,52,0,0.0,2025,11,25,2,5,1
19,25.6,29,990.5,14.76,99,1,0.0,2025,12,14,17,3,3
16,26.3,30,950.6,30.96,39,0,0.0,2013,4,6,0,2,2
42,27.0,84,1008.2,55.8,100,2,0.5,2004,5,17,13,1,2
10,24.8,30,986.1,75.96,20,0,0.0,2019,3,11,16,1,2
29,26.9,87,1008.0,35.64,65,2,0.1,2021,9,29,10,6,1
23,31.9,34,996.1,32.04,0,0,0.0,2011,3,6,18,3,2
14,11.8,90,998.4,29.88,0,0,0.0,2021,11,29,7,1,1
42,27.9,77,1005.5,80.64,97,2,0.9,2010,6,12,14,2,0
14,34.5,52,982.1,53.28,52,0,0.0,2020,7,8,11,6,0
34,26.4,51,985.0,34.56,97,2,0.4,2020,3,20,15,0,2
9,24.7,48,1012.7,36.72,8,0,0.0,2021,2,18,10,4,3
38,25.2,91,1002.4,38.16,95,2,1.1,2001,8,25,10,2,0
32,27.5,77,965.2,53.64,98,2,0.2,2008,8,7,13,4,0
39,24.9,81,942.1,50.76,100,2,0.1,2010,7,1,11,4,0
9,28.9,81,998.6,65.88,93,2,1.0,2019,8,28,15,6,0
14,31.7,31,993.6,33.84,0,0,0.0,2019,10,19,15,2,1
35,32.3,37,962.3,23.76,56,0,0.0,2007,5,20,0,3,2
5,33.9,35,940.6,38.16,99,1,0.0,1999,5,17,17,1,2
33,21.8,93,944.1,60.12,100,2,0.2,2019,9,13,7,0,1
21,23.6,90,953.0,77.4,100,2,1.5,2024,7,18,1,4,0
10,27.3,48,982.3,49.68,0,0,0.0,1998,10,8,3,4,1
41,27.4,43,1005.9,35.28,0,0,0.0,2017,4,18,1,5,2
14,26.0,80,983.8,16.92,24,0,0.0,2022,9,6,2,5,1
15,21.6,64,943.7,16.92,62,1,0.0,2012,12,12,8,6,3
33,27.2,71,944.4,49.32,71,2,1.1,2022,7,28,14,4,0
22,29.5,60,971.1,37.8,100,1,0.0,2023,6,21,4,6,0
34,7.0,97,986.8,34.56,0,0,0.0,2003,1,25,6,2,3
4,27.0,91,994.5,46.44,100,1,0.0,2024,7,16,23,5,0
46,23.0,95,926.0,17.64,83,1,0.0,2012,5,14,19,1,2
34,8.0,91,997.3,33.12,0,0,0.0,2018,12,16,7,3,3
36,21.9,52,951.9,34.92,100,1,0.0,2023,11,6,21,1,1
27,25.7,91,971.0,43.92,100,2,1.1,2015,7,18,23,2,0
35,31.5,41,966.7,50.76,41,0,0.0,2011,2,20,13,3,3
24,26.1,92,1010.2,11.16,100,2,0.1,2017,6,14,23,6,0
33,23.5,90,943.8,63.72,36,0,0.0,2004,5,31,4,1,2
27,29.5,28,982.6,36.0,0,0,0.0,2003,10,16,18,4,1
22,29.1,54,981.9,19.8,25,0,0.0,2004,11,14,17,3,1
34,17.9,60,983.0,34.2,0,0,0.0,1999,3,24,2,6,2
41,25.7,93,998.9,55.8,100,2,1.6,2010,9,9,4,4,1
7,19.7,48,913.3,46.8,0,0,0.0,2010,2,8,22,1,3
37,25.9,82,994.9,40.68,24,0,0.0,2001,9,19,8,6,1
39,24.8,73,947.0,46.44,20,0,0.0,2000,5,1,8,1,2
8,24.4,96,1005.2,31.32,28,0,0.0,2001,9,10,5,1,1
32,23.8,83,966.4,45.0,100,1,0.0,2013,8,24,17,2,0
26,26.8,91,1007.2,26.28,19,0,0.0,2003,5,30,3,0,2
31,32.9,20,926.4,27.36,90,1,0.0,2024,4,2,18,5,2
16,25.7,48,960.1,14.4,0,0,0.0,2006,1,18,9,6,3
7,18.2,71,911.9,61.2,24,0,0.0,2012,1,29,23,3,3
26,28.6,78,1012.0,27.72,28,0,0.0,2011,4,9,10,2,2
31,25.1,80,926.7,38.52,1,0,0.0,2004,4,18,22,3,2
1,29.6,58,998.0,64.08,0,0,0.0,1999,6,8,0,5,0
4,31.4,53,999.7,46.44,0,0,0.0,2007,5,17,21,4,2
41,28.2,28,1011.4,18.36,0,0,0.0,2025,2,17,21,1,3
5,21.4,97,940.5,21.6,100,1,0.0,2011,8,22,6,1,0
14,33.0,32,981.8,59.4,54,0,0.0,2021,5,13,17,4,2
1,36.0,23,998.6,20.88,100,1,0.0,2023,4,25,18,5,2
20,25.0,96,992.7,34.56,100,2,0.8,2019,9,4,2,6,1
24,26.6,82,1009.3,18.36,100,2,0.1,2014,10,11,20,2,1
7,22.0,79,906.5,34.2,100,1,0.0,2013,5,15,3,6,2
41,20.9,82,1009.4,23.04,66,1,0.0,2001,2,28,3,6,3
42,24.9,94,1009.4,26.64,100,1,0.0,2022,4,29,21,0,2
2,24.3,97,949.6,21.24,95,1,0.0,2007,8,29,6,6,0
28,26.0,91,1007.3,13.32,100,1,0.0,2023,5,5,1,0,2
1,17.5,36,1008.8,29.52,51,0,0.0,2003,1,20,4,1,3
24,24.5,95,1009.2,20.88,44,0,0.0,2008,5,14,4,6,2
23,33.0,46,989.4,41.4,30,0,0.0,2019,4,21,18,3,2
19,29.5,72,973.0,57.6,97,1,0.0,2013,7,25,9,4,0
35,29.0,52,972.6,20.88,12,0,0.0,2006,10,22,10,3,1
46,28.0,35,931.0,15.84,0,0,0.0,2000,3,3,10,0,2
14,32.0,38,979.5,56.16,0,0,0.0,1999,6,15,7,5,0
1,28.5,80,996.4,33.12,100,1,0.0,2019,8,13,19,5,0
12,28.5,82,980.7,25.56,100,1,0.0,2025,8,8,23,0,0
7,28.5,35,915.2,59.76,1,0,0.0,2016,2,15,13,1,3
42,29.6,72,1008.3,42.48,100,1,0.0,2024,10,5,12,2,1
18,26.0,16,959.2,37.8,5,0,0.0,2005,3,28,20,1,2
8,25.4,72,1010.5,22.68,1,0,0.0,2019,11,12,23,5,1
30,25.5,67,1012.3,23.4,3,0,0.0,2023,10,19,22,4,1
40,18.9,63,958.3,41.76,13,0,0.0,2012,11,21,4,6,1
10,34.5,43,975.1,75.24,3,0,0.0,2010,7,2,8,0,0
1,33.2,59,1000.6,30.96,13,0,0.0,1998,9,27,13,3,1
14,27.4,26,992.9,43.2,0,0,0.0,1999,11,7,14,3,1
14,39.4,28,974.2,24.48,0,0,0.0,2002,6,8,18,2,0
27,16.6,60,986.7,31.32,4,0,0.0,2014,3,9,1,3,2
23,29.8,66,993.9,41.04,74,1,0.0,2015,5,12,0,5,2
44,24.3,53,942.6,22.68,30,0,0.0,2013,5,12,6,3,2
34,33.5,58,974.0,23.76,10,0,0.0,2024,7,13,12,2,0
41,26.1,90,1001.2,43.56,100,1,0.0,2004,6,9,5,6,0
12,10.7,93,992.3,25.92,0,0,0.0,2004,2,13,3,0,3
4,23.3,77,1007.8,11.52,1,0,0.0,2006,10,21,3,2,1
12,38.5,21,971.4,25.56,19,0,0.0,2012,6,11,18,1,0
24,27.7,83,1008.7,10.44,72,2,1.7,1997,6,6,18,0,0
29,24.8,67,1010.3,21.24,81,1,0.0,2000,12,17,20,3,3
3,23.0,75,975.9,12.96,20,0,0.0,2015,4,13,8,1,2
16,22.8,89,951.1,50.04,100,2,0.4,2022,8,27,6,2,0
4,21.6,52,1008.4,26.64,5,0,0.0,2004,10,31,1,3,1
26,33.5,33,1009.2,33.12,87,1,0.0,2026,1,16,13,0,3
10,20.4,29,993.0,20.88,99,1,0.0,1999,12,21,12,5,3
39,20.1,85,947.9,28.44,0,0,0.0,2025,1,6,21,1,3
21,23.8,83,961.5,25.92,9,0,0.0,1998,10,25,21,3,1
40,26.3,79,956.7,63.72,97,2,0.1,2020,7,28,9,5,0
5,36.0,13,945.3,27.0,0,0,0.0,2026,3,7,15,2,2
29,24.5,91,1008.4,35.64,100,2,0.5,2003,9,9,0,5,1
2,21.2,14,963.0,36.36,0,0,0.0,2001,3,1,19,4,2
45,33.0,39,970.9,66.6,100,1,0.0,2001,6,26,16,5,0
31,22.1,84,928.8,65.16,98,1,0.0,2001,6,28,9,4,0
16,14.1,59,954.8,34.92,0,0,0.0,2018,12,28,3,0,3
20,32.5,31,999.7,45.72,0,0,0.0,2010,11,1,13,1,1
13,25.1,77,928.4,55.08,93,1,0.0,2016,6,22,11,6,0
0,24.9,84,974.0,61.92,100,2,0.7,2001,8,21,14,5,0
14,30.8,17,984.3,29.88,0,0,0.0,1998,5,17,7,3,2
24,31.2,54,1008.1,23.76,100,1,0.0,2024,1,12,14,0,3
41,30.0,79,997.0,41.76,31,0,0.0,2019,6,11,20,5,0
13,23.3,82,931.3,41.04,100,2,0.1,2024,9,17,8,5,1
1,29.8,67,1000.3,25.56,0,0,0.0,2009,6,14,0,3,0
16,20.3,61,961.3,51.84,36,0,0.0,2015,1,22,0,4,3
35,30.4,28,970.3,24.48,0,0,0.0,1997,3,16,9,3,2
25,18.8,65,951.6,18.72,0,0,0.0,2011,1,29,8,2,3
17,17.4,100,895.9,16.92,100,1,0.0,2004,7,22,4,4,0
15,25.0,84,944.5,13.68,87,2,1.0,2020,4,6,7,1,2
44,24.1,85,939.2,41.4,69,1,0.0,2002,7,12,3,0,0
19,20.1,73,991.8,16.92,64,1,0.0,2024,12,26,19,4,3
35,26.3,76,963.6,58.32,94,1,0.0,2023,8,4,8,0,0
12,34.2,46,974.9,86.04,27,0,0.0,2014,6,15,8,3,0
5,15.1,58,946.7,27.72,0,0,0.0,2003,12,9,5,5,3
31,29.6,46,929.2,35.28,70,1,0.0,2016,11,14,16,1,1
42,26.5,90,1010.0,20.88,52,2,0.1,2018,4,23,22,1,2
27,15.9,82,984.7,21.96,100,1,0.0,2024,1,31,3,6,3
30,32.8,42,1007.7,27.0,0,0,0.0,2009,10,28,16,6,1
43,25.2,93,1007.3,61.56,100,2,4.8,2011,6,1,21,6,0
0,25.1,86,971.8,44.64,100,2,0.1,1999,7,28,22,6,0
31,16.4,87,930.9,21.24,68,1,0.0,1999,11,18,6,4,1
22,28.6,38,976.3,31.32,29,0,0.0,2020,3,5,17,4,2
2,30.4,54,948.0,44.28,18,0,0.0,2000,8,7,18,1,0
11,23.5,79,902.9,20.52,100,1,0.0,2022,10,18,10,5,1
18,26.9,26,962.5,46.8,11,0,0.0,2011,3,9,14,6,2
18,27.6,83,954.5,25.56,100,2,1.4,2010,9,2,17,4,1
42,29.1,78,1009.5,6.48,95,1,0.0,2020,5,11,9,1,2
2,27.4,81,945.5,32.4,33,0,0.0,2003,7,12,19,2,0
25,35.0,22,947.9,43.2,9,0,0.0,2022,3,13,14,3,2
29,23.7,70,1008.9,32.76,99,1,0.0,2001,12,21,5,0,3
33,17.8,54,946.9,32.76,0,0,0.0,2009,11,5,4,4,1
31,23.1,79,925.6,46.8,100,1,0.0,1998,7,31,19,0,0
44,29.8,33,949.4,48.24,69,1,0.0,1998,3,22,9,3,2
19,27.5,19,987.4,61.92,82,1,0.0,2019,3,13,16,6,2
41,26.8,89,1006.3,90.0,99,1,0.0,1997,8,10,22,3,0
11,25.7,60,899.7,46.8,100,2,0.2,1996,6,27,14,4,0
15,22.0,97,935.8,48.24,100,2,0.1,2024,9,25,3,6,1
2,4.5,36,959.5,31.68,0,0,0.0,2011,1,16,5,3,3
30,26.3,94,1006.6,12.24,17,0,0.0,2010,9,24,1,0,1
15,25.5,70,942.9,50.76,29,2,0.2,2022,9,24,10,2,1
6,18.7,45,995.2,75.96,0,0,0.0,2023,1,22,11,3,3
39,23.1,79,948.1,19.08,95,1,0.0,2016,2,9,23,5,3
17,17.8,96,896.3,15.48,100,1,0.0,2003,7,16,0,6,0
35,22.8,92,955.6,72.0,100,2,1.8,2008,8,9,7,2,0
13,25.5,81,929.5,55.8,98,1,0.0,2005,5,21,22,2,2
6,25.2,65,991.7,21.24,0,0,0.0,2024,10,7,7,1,1
43,31.3,62,1004.6,54.0,88,1,0.0,2005,5,5,13,4,2
10,32.2,14,978.3,52.2,13,0,0.0,2022,3,20,20,3,2
0,23.9,86,971.3,70.2,98,2,1.7,2014,7,23,11,6,0
10,29.8,53,979.8,52.56,8,0,0.0,2008,8,25,7,1,0
35,32.0,20,964.0,21.6,0,0,0.0,1997,2,18,17,5,3
29,26.6,83,1008.8,31.68,35,0,0.0,2023,3,29,22,6,2
8,33.0,32,1005.7,12.96,100,1,0.0,2015,3,29,19,3,2
19,33.6,34,980.2,20.88,96,2,0.5,2000,4,22,19,2,2
15,30.9,54,939.2,53.28,51,0,0.0,2019,4,27,19,2,2
20,33.8,36,1001.0,8.28,0,0,0.0,2018,9,28,12,0,1
34,23.4,44,983.0,41.76,99,1,0.0,2007,4,10,7,5,2
12,34.0,59,971.2,9.36,50,0,0.0,2022,7,4,18,1,0
33,16.0,78,948.0,37.8,0,0,0.0,2025,1,20,6,1,3
38,27.6,81,1000.6,61.2,9,0,0.0,2019,5,17,19,0,2
36,26.8,68,947.8,65.88,93,2,0.1,2017,8,16,11,6,0
17,23.1,78,899.9,14.04,97,1,0.0,2002,5,26,9,3,2
42,25.5,85,1009.5,15.12,100,2,0.4,2001,11,18,18,3,1
4,31.3,65,1001.8,49.68,100,1,0.0,2001,9,17,19,1,1
17,21.0,98,893.9,65.16,100,2,0.3,2020,6,22,16,1,0
1,28.3,32,1006.5,30.24,55,0,0.0,2010,3,7,19,3,2
31,20.1,98,930.9,11.52,18,0,0.0,2019,3,12,6,5,2
16,18.7,87,963.7,29.52,83,1,0.0,2001,12,28,8,0,3
31,25.0,77,928.1,27.36,81,2,2.2,1996,10,8,17,5,1
16,35.8,22,949.4,41.4,24,0,0.0,2003,5,31,20,2,2
4,30.0,59,1008.3,22.32,6,0,0.0,1997,10,3,16,0,1
5,24.7,77,942.2,68.04,100,2,0.1,2013,8,10,10,2,0
40,29.3,56,954.0,46.44,100,1,0.0,1999,10,17,13,3,1
22,29.0,26,982.4,14.4,64,1,0.0,2023,3,9,20,4,2
19,32.3,20,979.5,57.96,49,0,0.0,2001,4,27,0,0,2
19,14.9,49,990.4,28.8,0,0,0.0,1996,1,11,9,4,3
17,20.3,100,899.3,45.0,81,1,0.0,2019,7,12,20,0,0
6,27.6,87,979.9,37.44,100,2,0.2,2023,7,9,9,3,0
36,26.2,70,945.5,94.32,73,2,0.1,2018,7,25,11,6,0
25,26.7,32,953.4,52.2,0,0,0.0,1999,1,1,12,0,3
28,29.6,68,1010.7,36.72,56,0,0.0,2022,12,29,15,4,3
43,24.6,88,1007.6,36.36,100,2,0.1,2016,7,22,20,0,0
25,23.1,91,951.2,30.96,7,0,0.0,2004,10,12,22,5,1
40,23.2,90,951.1,49.68,98,1,0.0,2019,9,7,3,2,1
23,17.6,97,999.3,26.64,0,0,0.0,2006,12,28,5,4,3
21,27.2,59,956.9,76.68,89,1,0.0,2001,8,30,11,4,0
40,30.4,43,956.9,12.96,0,0,0.0,2025,4,23,2,6,2
19,13.3,30,993.7,51.84,0,0,0.0,2003,1,16,2,4,3
37,15.5,84,997.3,26.64,0,0,0.0,2018,2,3,4,2,3
24,26.1,89,1009.6,24.48,70,2,0.1,2017,11,2,7,4,1
32,27.1,32,970.6,5.04,3,0,0.0,2009,4,30,6,4,2
10,28.4,93,974.2,22.68,100,1,0.0,2023,7,25,2,5,0
2,15.7,38,960.9,16.92,96,1,0.0,2006,1,28,23,2,3
28,24.5,88,1010.0,28.44,0,0,0.0,2018,1,31,0,6,3
6,33.3,45,982.6,62.28,7,0,0.0,2014,9,13,15,2,1
41,22.4,66,1014.0,26.64,3,0,0.0,2024,12,25,22,6,3
10,26.6,23,981.0,96.12,0,0,0.0,2021,3,7,1,3,2
15,35.0,33,938.9,13.68,38,0,0.0,2012,4,18,14,6,2
8,37.2,24,1007.9,15.48,2,0,0.0,2018,10,14,13,3,1
10,26.8,23,988.2,51.12,0,0,0.0,2016,11,12,18,2,1
24,24.1,93,1008.0,5.76,88,1,0.0,2000,9,6,4,6,1
39,23.8,56,945.5,33.12,50,0,0.0,2015,10,24,19,2,1
6,24.6,92,978.3,60.12,100,1,0.0,2022,8,14,2,3,0
33,21.2,79,948.8,25.2,12,0,0.0,2020,11,1,22,3,1
17,16.5,100,892.2,5.4,100,2,0.1,2012,10,31,4,6,1
36,29.1,51,949.1,51.12,80,1,0.0,2011,10,30,12,3,1
21,30.2,35,958.9,24.84,6,0,0.0,2007,4,21,21,2,2
25,27.4,20,951.8,45.0,0,0,0.0,2023,2,12,20,3,3
23,28.1,83,989.3,25.92,82,2,0.1,2016,10,1,13,2,1
31,32.0,50,929.0,33.84,88,1,0.0,2024,5,2,9,4,2
36,11.7,90,949.7,20.16,0,0,0.0,2020,1,17,1,0,3
22,36.6,30,975.3,4.68,29,0,0.0,2020,4,29,16,6,2
1,31.1,67,998.6,48.96,100,1,0.0,2009,9,8,12,5,1
24,31.9,65,1007.8,26.28,10,0,0.0,2010,4,22,12,4,2
1,30.1,46,995.5,66.96,0,0,0.0,2022,5,10,2,5,2
31,23.7,81,925.5,31.32,91,2,0.3,2008,9,3,19,6,1
40,33.2,33,961.1,54.72,2,0,0.0,2010,2,23,11,5,3
35,29.4,42,964.7,57.6,4,0,0.0,2017,4,1,3,2,2
39,26.6,71,943.8,91.8,73,2,0.3,2017,7,21,12,0,0
25,27.6,72,945.4,18.72,100,2,0.1,2024,8,20,11,5,0
35,30.7,61,963.4,46.8,100,1,0.0,2024,6,12,11,6,0
31,24.9,77,926.3,63.72,93,2,0.6,2017,6,6,15,5,0
22,30.6,26,975.9,25.92,1,0,0.0,1997,2,3,16,1,3
13,23.5,46,933.0,53.28,18,0,0.0,2024,1,7,21,3,3
14,12.2,96,994.8,20.16,95,1,0.0,1999,1,24,9,3,3
40,31.3,49,956.7,83.52,2,0,0.0,2023,6,16,9,0,0
13,19.5,98,926.8,33.84,100,1,0.0,2000,8,2,5,6,0
34,27.9,49,991.6,23.04,0,0,0.0,2010,3,19,9,0,2
8,25.0,62,1014.7,30.96,32,0,0.0,1997,12,19,11,0,3
28,27.6,77,1008.1,22.68,49,2,0.1,1996,1,17,15,6,3
3,40.5,11,963.7,21.96,76,1,0.0,2004,4,28,17,6,2
41,27.0,90,1001.7,48.96,92,2,0.2,2017,8,25,22,0,0
1,34.1,47,993.0,63.72,24,0,0.0,2001,6,21,16,4,0
31,16.6,75,926.5,22.68,4,0,0.0,2018,1,6,1,2,3
8,26.0,94,997.2,22.32,98,1,0.0,2008,9,12,4,0,1
29,25.1,87,1007.3,24.84,99,2,0.8,2024,1,3,3,6,3
2,15.4,62,961.1,22.68,0,0,0.0,2016,12,7,1,6,3
22,21.1,74,983.4,9.36,89,1,0.0,2018,12,21,0,0,3
36,28.2,37,953.1,43.56,31,0,0.0,2023,1,6,16,0,3
16,26.4,46,958.9,23.76,64,1,0.0,2015,12,21,20,1,3
29,24.7,93,1005.7,28.44,100,2,1.0,2024,7,8,22,1,0
38,29.1,57,1000.4,33.48,1,0,0.0,2021,3,26,20,0,2
31,19.9,59,930.0,23.04,47,0,0.0,2005,2,26,5,2,3
11,21.1,96,895.4,55.8,100,2,0.3,2020,7,13,14,1,0
44,19.6,27,948.5,26.64,0,0,0.0,2010,3,1,0,1,2
3,40.5,17,964.9,28.8,70,2,0.2,2015,5,10,15,3,2
26,25.9,90,1010.2,51.48,95,1,0.0,2021,8,1,22,3,0
17,27.9,32,899.5,86.4,1,0,0.0,2025,3,10,13,1,2
38,24.0,92,1002.3,14.4,95,1,0.0,1997,9,2,22,5,1
2,11.2,70,965.0,28.8,0,0,0.0,2001,12,20,3,4,3
18,8.6,93,966.7,28.8,42,0,0.0,2015,1,20,5,5,3
42,25.2,92,1011.0,29.52,32,2,0.1,2021,9,8,22,6,1
37,27.5,83,990.5,25.56,84,2,1.2,2007,6,4,5,1,0
15,22.6,84,941.0,68.04,98,1,0.0,2007,9,27,8,4,1
46,20.7,99,925.6,28.44,100,1,0.0,2015,8,27,1,4,0
20,35.2,22,998.6,61.2,1,0,0.0,2023,4,4,15,5,2
14,26.9,29,982.4,42.12,0,0,0.0,2017,4,15,23,2,2
33,21.4,61,947.6,29.52,0,0,0.0,2012,1,2,20,1,3
19,28.0,80,977.6,32.04,72,1,0.0,2020,9,20,2,3,1
6,30.5,69,980.5,58.68,35,0,0.0,2024,8,19,17,1,0
41,34.7,31,1006.5,45.72,0,0,0.0,2019,4,1,15,1,2
3,28.5,39,971.5,25.92,9,0,0.0,2019,4,5,0,0,2
32,18.5,51,978.7,30.24,0,0,0.0,2017,1,14,18,2,3
11,18.3,88,898.6,10.08,58,0,0.0,2001,3,15,5,4,2
8,32.0,54,1008.9,33.84,26,0,0.0,2019,5,16,9,4,2
8,36.8,30,1001.8,51.84,0,0,0.0,2007,5,13,16,3,2
3,23.7,68,973.7,36.36,55,0,0.0,2016,2,26,6,0,3
36,24.8,57,949.8,19.8,57,0,0.0,1997,12,14,17,3,3
32,22.0,43,979.6,34.56,0,0,0.0,2002,11,17,20,3,1
2,24.5,93,945.7,31.32,100,1,0.0,2022,7,3,1,3,0
31,31.7,32,929.5,43.92,57,0,0.0,2009,1,29,14,4,3
43,26.3,84,1006.2,65.16,100,2,1.9,2007,9,22,12,2,1
15,28.5,59,938.0,91.8,100,2,0.1,2023,6,23,14,0,0
43,26.4,75,1009.7,13.32,100,1,0.0,2004,11,6,9,2,1
24,24.2,94,1010.1,13.32,98,2,0.1,2011,8,26,0,0,0
46,18.5,99,925.1,23.76,100,1,0.0,2000,8,30,4,6,0
17,19.9,87,897.1,12.24,100,2,0.2,2013,2,14,18,4,3
24,24.4,93,1011.7,10.08,70,1,0.0,1997,10,7,6,5,1
5,20.1,88,945.9,37.44,0,0,0.0,2023,12,3,2,3,3
6,28.4,32,981.5,47.52,0,0,0.0,2025,4,30,4,6,2
6,29.2,58,986.3,82.08,0,0,0.0,2003,5,25,9,3,2
33,23.4,52,949.9,31.68,29,0,0.0,2017,12,16,18,2,3
0,25.3,87,971.8,42.84,97,1,0.0,2014,8,1,3,0,0
38,25.2,89,999.9,11.16,84,1,0.0,2022,3,21,1,1,2
45,27.8,68,977.1,24.12,98,1,0.0,2012,8,15,22,6,0
34,14.0,77,993.9,11.88,72,1,0.0,1997,12,15,19,1,3
6,39.7,29,979.5,91.08,0,0,0.0,2007,6,7,17,4,0
16,30.0,59,952.1,69.12,100,1,0.0,2023,6,28,11,6,0
13,23.3,66,929.9,64.8,99,1,0.0,1999,11,23,16,5,1
34,32.8,59,977.6,19.44,88,1,0.0,2014,7,7,9,1,0
20,21.9,54,1003.4,2.52,1,0,0.0,2026,1,1,19,4,3
33,24.0,37,950.0,1.8,0,0,0.0,1999,1,12,11,5,3
15,24.9,81,937.6,99.72,66,2,0.5,2024,8,26,15,1,0
37,21.8,47,996.7,41.76,0,0,0.0,2023,2,5,19,3,3
36,23.5,87,944.1,58.32,98,1,0.0,2022,7,19,18,5,0
46,22.5,82,929.9,12.6,23,0,0.0,2026,2,2,20,1,3
8,32.2,18,1007.7,18.36,0,0,0.0,2018,2,4,17,3,3
36,13.7,62,950.3,23.76,0,0,0.0,2006,1,24,2,5,3
11,16.5,85,899.2,25.56,0,0,0.0,2018,12,13,3,4,3
5,21.2,97,940.8,27.36,94,1,0.0,1996,9,4,4,6,1
18,29.7,75,955.2,60.12,93,2,0.3,2019,8,18,15,3,0
23,25.1,87,993.4,36.36,44,0,0.0,2000,4,20,6,4,2
17,25.8,58,898.0,26.28,47,0,0.0,1999,5,1,13,2,2
20,21.1,58,1003.6,24.48,0,0,0.0,2014,2,21,21,0,3
32,24.6,48,976.9,36.72,0,0,0.0,2001,11,4,21,3,1
36,21.2,98,945.3,21.96,98,1,0.0,2013,10,13,2,3,1
26,21.7,84,1012.0,29.52,1,0,0.0,1998,12,26,7,2,3
7,22.5,71,910.0,25.92,63,1,0.0,2002,4,21,3,3,2
0,24.8,82,981.0,23.76,97,1,0.0,2003,10,17,21,0,1
33,27.5,28,952.4,18.72,0,0,0.0,2013,2,23,11,2,3
30,24.5,91,1007.8,7.92,25,0,0.0,2022,9,28,6,6,1
39,25.2,80,942.3,48.24,100,2,0.2,2007,9,17,14,1,1
6,26.1,97,984.3,43.56,100,2,0.1,2020,9,4,2,0,1
41,25.9,88,1004.6,56.52,4,0,0.0,2017,4,21,2,0,2
20,26.0,91,990.7,82.44,100,2,3.9,2023,6,12,12,1,0
22,28.6,60,983.3,9.36,0,0,0.0,2021,11,25,10,4,1
8,28.8,82,997.2,68.76,100,1,0.0,2007,9,1,16,2,1
17,18.0,100,894.9,86.04,100,2,0.1,2018,8,20,4,1,0
28,31.0,61,1007.2,10.44,64,1,0.0,1999,3,20,10,2,2
7,19.9,91,908.8,39.6,98,1,0.0,2006,9,12,6,5,1
40,29.1,64,956.8,55.8,42,2,0.2,2024,8,10,12,2,0
3,25.8,57,973.0,21.24,0,0,0.0,2006,3,21,8,5,2
2,28.6,64,948.8,82.44,94,1,0.0,2014,8,15,13,0,0
13,20.9,93,927.6,36.0,100,1,0.0,1996,8,16,5,0,0
20,15.2,63,1002.9,34.56,0,0,0.0,1996,11,27,7,6,1
41,24.6,59,1012.0,28.8,0,0,0.0,1999,11,11,22,4,1
21,26.8,48,962.3,23.04,75,1,0.0,2019,12,29,13,3,3
33,15.7,75,946.9,23.76,0,0,0.0,2026,1,20,1,5,3
32,32.4,36,964.7,58.68,1,0,0.0,2003,6,6,4,0,0
18,32.0,27,964.4,35.64,0,0,0.0,2018,10,14,13,3,1
21,34.2,29,960.7,28.08,46,0,0.0,2024,2,28,14,6,3
7,33.5,31,915.3,12.96,6,0,0.0,2024,3,14,13,4,2
15,24.1,89,941.6,44.28,100,1,0.0,2015,5,1,0,0,2
0,30.7,36,982.6,10.08,0,0,0.0,2014,12,9,14,5,3
8,24.7,94,1003.3,19.44,13,0,0.0,2014,9,16,4,5,1
5,25.5,78,939.7,70.2,65,2,2.9,2011,7,10,16,3,0
10,39.5,34,971.4,54.36,11,0,0.0,2006,7,6,14,4,0
25,28.7,28,952.3,33.84,87,1,0.0,1999,1,22,12,0,3
29,31.7,60,1007.1,41.76,21,0,0.0,2015,12,10,14,4,3
28,28.0,73,1008.1,16.92,93,1,0.0,2024,11,28,9,4,1
37,29.8,53,994.1,45.72,14,0,0.0,2004,4,13,9,5,2
15,23.4,95,937.9,32.04,100,1,0.0,2004,5,30,2,3,2
6,11.1,25,995.8,26.28,25,0,0.0,2021,12,20,1,1,3
17,23.1,86,897.1,59.04,96,2,0.5,2017,6,13,13,5,0
3,23.8,70,972.7,35.64,64,1,0.0,2021,11,12,22,0,1
21,37.6,16,952.7,26.64,23,0,0.0,2002,3,25,16,1,2
20,36.5,30,997.8,67.68,10,0,0.0,2017,5,3,17,6,2
30,25.5,91,1003.4,80.28,100,2,0.8,2006,8,2,4,6,0
1,15.2,38,1009.8,24.12,12,0,0.0,2023,1,17,22,5,3
42,26.2,86,1006.0,72.72,95,2,0.1,1998,9,15,16,5,1
37,28.1,28,996.7,29.88,0,0,0.0,2025,2,9,18,3,3
44,11.6,46,951.4,28.44,0,0,0.0,2007,12,15,22,2,3
14,32.8,33,986.9,47.52,6,0,0.0,2025,4,12,12,2,2
1,40.8,10,1000.4,69.12,0,0,0.0,2022,3,29,14,5,2
18,24.6,19,968.9,27.72,52,0,0.0,2026,2,6,15,0,3
3,18.7,47,972.8,26.64,51,0,0.0,2004,2,25,4,6,3
46,30.0,28,929.5,40.68,0,0,0.0,2011,3,1,12,5,2
7,20.8,67,913.3,23.76,4,0,0.0,2007,3,24,3,2,2
21,22.2,93,953.3,63.72,100,2,2.4,2008,8,5,5,5,0
36,27.8,74,948.9,31.32,78,1,0.0,1998,9,4,12,0,1
22,31.0,49,978.3,17.64,64,1,0.0,2018,10,18,15,4,1
40,27.8,63,953.0,56.16,65,1,0.0,2022,5,14,6,2,2
26,27.6,87,1005.7,48.96,99,2,0.5,2010,5,26,15,6,2
37,25.1,83,993.0,48.96,79,1,0.0,2004,5,27,4,4,2
5,30.2,26,945.4,43.56,1,0,0.0,2025,4,13,22,3,2
8,25.9,40,1007.5,44.64,0,0,0.0,2006,2,27,0,1,3
7,18.7,88,912.0,20.16,30,0,0.0,1997,10,7,4,5,1
25,29.5,30,950.3,42.12,0,0,0.0,2023,12,29,16,0,3
9,28.6,66,1005.9,51.12,0,0,0.0,2000,10,23,22,1,1
21,23.8,36,959.9,11.52,0,0,0.0,2024,12,17,18,5,3
6,25.9,45,984.6,45.0,0,0,0.0,2000,4,11,8,5,2
23,30.5,74,992.7,28.8,100,2,0.2,2025,9,15,11,1,1
45,24.3,89,974.2,50.76,100,2,3.9,2010,9,4,21,2,1
4,23.1,42,1008.6,24.48,0,0,0.0,2003,1,30,20,4,3
41,33.4,28,1011.0,49.32,99,1,0.0,2002,3,12,12,5,2
33,22.3,96,940.2,82.8,100,2,0.5,1998,7,6,6,1,0
17,16.6,80,896.8,16.2,58,0,0.0,1997,2,12,2,6,3
16,25.3,78,950.9,70.2,100,1,0.0,2016,7,21,9,4,0
41,22.5,47,1012.9,38.88,0,0,0.0,1997,1,3,21,0,3
24,27.3,78,1010.1,14.4,75,1,0.0,2008,2,13,19,6,3
3,24.9,92,970.8,11.16,20,0,0.0,2022,8,30,7,5,0
32,14.1,71,981.9,25.2,14,0,0.0,2015,12,29,3,5,3
7,17.9,76,911.0,30.6,18,0,0.0,2024,12,25,4,6,3
23,32.5,31,986.2,30.24,23,0,0.0,2007,5,15,0,5,2
13,22.9,83,930.7,43.2,100,2,0.2,2015,9,7,19,1,1
36,19.0,92,952.2,25.56,25,0,0.0,2015,3,12,5,4,2
35,28.1,71,955.0,27.36,100,1,0.0,2009,7,5,18,3,0
33,23.8,44,946.4,25.92,4,0,0.0,2011,2,12,20,2,3
14,31.2,67,979.9,31.32,43,0,0.0,2025,7,4,7,0,0
15,22.0,92,940.9,38.52,38,0,0.0,2017,8,10,22,4,0
37,30.6,32,994.8,46.8,0,0,0.0,2022,12,12,16,1,3
9,25.7,90,999.7,39.6,99,1,0.0,2008,7,19,3,2,0
44,17.0,55,951.4,19.8,0,0,0.0,2023,3,11,6,2,2
20,30.6,73,988.3,93.24,100,2,0.2,2024,7,6,14,2,0
3,40.4,15,966.2,43.92,15,0,0.0,2006,4,26,15,6,2
6,23.5,34,990.6,74.88,0,0,0.0,1997,2,25,9,5,3
8,27.2,84,999.6,62.64,95,1,0.0,1999,8,6,12,0,0
5,22.0,95,943.2,19.8,16,0,0.0,2001,10,15,3,1,1
26,27.4,87,1011.3,19.8,90,1,0.0,2020,3,20,23,0,2
46,30.6,36,931.2,52.92,8,0,0.0,2006,2,5,12,3,3
38,25.7,96,1000.3,12.24,85,1,0.0,2001,10,16,2,5,1
28,28.5,65,1008.0,34.56,87,1,0.0,2010,2,3,18,6,3
27,25.9,91,974.6,31.32,100,2,1.9,2024,8,16,8,0,0
20,25.9,95,989.4,40.32,100,2,0.1,2024,7,21,7,3,0
37,20.3,69,994.5,20.88,47,0,0.0,2008,3,12,6,6,2
23,33.7,50,995.7,46.44,20,0,0.0,2003,4,6,10,3,2
21,28.3,56,965.4,42.84,26,0,0.0,2022,11,5,11,2,1
13,19.9,48,931.4,52.2,14,0,0.0,2020,12,5,23,2,3
21,28.4,57,961.5,26.64,14,0,0.0,2002,10,2,20,6,1
40,24.0,81,953.9,48.24,100,1,0.0,2012,7,14,6,2,0
37,36.1,16,992.4,34.92,0,0,0.0,2004,3,30,17,5,2
34,28.1,77,975.4,20.16,100,2,0.1,2011,8,16,13,5,0
21,21.6,42,962.1,23.76,0,0,0.0,2025,12,30,21,5,3
26,28.5,81,1006.6,31.32,98,2,1.0,2017,11,4,11,2,1
20,23.4,99,998.3,11.88,100,1,0.0,2017,9,7,6,4,1
46,20.1,100,922.0,25.92,100,2,1.8,2019,7,22,4,1,0
20,25.6,32,1006.6,36.72,0,0,0.0,2020,12,18,12,0,3
38,26.6,67,1002.8,42.84,1,0,0.0,2023,12,13,19,6,3
9,26.3,90,997.0,43.92,98,1,0.0,2011,7,14,3,4,0
8,30.4,23,1011.1,23.04,42,0,0.0,2005,12,13,14,5,3
44,25.9,76,942.2,43.92,1,0,0.0,2021,6,8,2,5,0
34,33.3,52,983.2,9.72,19,2,0.1,2025,9,18,10,4,1
7,19.5,55,914.0,58.68,0,0,0.0,2010,2,2,21,5,3
29,27.1,78,1008.0,38.16,98,1,0.0,1996,4,8,4,1,2
12,42.8,11,972.6,77.76,30,0,0.0,2022,6,8,14,6,0
23,25.2,96,993.8,16.92,8,0,0.0,2019,9,23,0,1,1
39,29.6,34,947.1,11.88,0,0,0.0,2021,12,24,14,0,3
43,25.1,92,1005.8,11.16,100,2,0.5,2004,9,25,18,2,1
8,27.5,85,1000.4,56.16,100,1,0.0,2025,7,8,20,5,0
25,19.5,64,947.6,32.4,0,0,0.0,2018,1,25,22,4,3
3,28.3,77,960.7,14.04,98,2,1.1,2004,7,15,17,4,0
27,31.7,47,971.7,50.76,0,0,0.0,2000,6,2,6,0,0
6,30.1,57,981.8,63.72,68,1,0.0,2014,8,28,0,4,0
4,36.2,11,1001.6,32.04,0,0,0.0,2005,4,1,16,0,2
21,17.1,60,962.5,32.4,0,0,0.0,2007,1,6,4,2,3
38,23.7,96,1002.6,17.64,98,1,0.0,2025,10,5,2,3,1
8,25.3,63,1005.1,27.36,27,0,0.0,2015,10,8,5,4,1
26,24.8,92,1005.9,37.44,100,2,0.4,2008,9,10,4,6,1
13,20.6,95,926.9,66.96,100,1,0.0,2014,8,3,2,3,0
11,22.3,85,897.3,33.84,100,2,0.2,1998,8,4,16,5,0
20,23.6,28,1009.2,34.92,0,0,0.0,2004,2,7,10,2,3
39,23.8,83,943.9,99.72,100,2,0.6,2006,7,5,11,6,0
20,31.5,28,996.9,58.68,47,0,0.0,2023,3,31,16,0,2
27,38.5,10,978.7,7.92,0,0,0.0,2009,4,12,14,3,2
2,35.4,34,954.4,41.4,12,0,0.0,1999,9,21,13,5,1
13,24.0,74,930.6,12.24,100,2,0.1,2009,12,29,13,5,3
9,30.2,69,996.8,35.64,99,2,0.3,2018,7,13,13,0,0
41,21.6,64,1009.9,59.04,0,0,0.0,2005,12,5,7,1,3
22,26.6,82,973.9,36.36,100,2,0.2,2012,7,15,10,3,0
39,20.2,91,947.3,44.28,99,1,0.0,1996,12,17,6,5,3
11,28.6,60,901.6,20.16,21,0,0.0,2005,4,27,11,6,2
36,21.8,93,945.1,16.56,100,1,0.0,2025,9,29,23,1,1
26,24.9,90,1006.9,61.56,100,2,0.3,1998,7,28,20,5,0
7,21.1,58,909.5,17.28,100,1,0.0,2022,11,20,17,3,1
42,23.9,90,1007.7,60.12,26,0,0.0,2000,8,12,0,2,0
37,28.9,78,992.3,48.96,100,1,0.0,2024,8,23,9,0,0
2,17.0,58,962.1,19.08,96,1,0.0,2009,2,12,9,4,3
27,15.1,91,986.6,39.24,3,0,0.0,2023,12,31,21,3,3
33,22.5,93,940.2,69.48,100,2,0.2,2012,8,10,9,0,0
11,29.4,30,904.4,25.56,0,0,0.0,2017,3,19,11,3,2
29,25.7,91,1009.9,20.88,100,1,0.0,1997,11,5,2,6,1
26,27.6,77,1007.6,65.88,36,2,0.2,2000,8,29,13,5,0
31,29.7,41,927.4,11.16,62,1,0.0,2010,4,2,20,0,2
26,27.5,63,1010.3,36.0,1,0,0.0,2021,12,26,17,3,3
24,25.5,92,1011.6,22.32,98,2,1.1,2009,10,21,0,6,1
0,19.8,59,978.8,47.52,0,0,0.0,2022,1,21,1,0,3
24,26.0,87,1011.6,18.0,37,0,0.0,2011,4,2,22,2,2
20,25.5,97,988.8,19.44,8,0,0.0,2022,6,26,3,3,0
2,29.0,69,946.6,25.2,100,1,0.0,2007,8,2,19,4,0
26,28.9,61,1012.7,44.28,96,1,0.0,2021,12,31,9,0,3
0,30.6,67,970.0,50.76,81,2,0.2,2015,6,19,14,0,0
33,27.0,60,939.5,29.88,3,0,0.0,2021,10,15,17,0,1
6,16.2,31,995.0,26.64,0,0,0.0,2025,1,7,19,5,3
15,30.1,35,943.3,37.8,28,0,0.0,2020,3,7,13,2,2
38,30.0,53,1005.7,27.72,13,0,0.0,2025,1,29,11,6,3
38,24.0,96,998.5,30.6,100,2,0.4,2010,8,9,3,1,0
11,16.7,78,900.6,21.24,0,0,0.0,2024,2,18,6,3,3
43,25.4,91,1009.7,7.56,79,2,0.6,2004,3,29,7,1,2
22,19.9,62,982.1,21.96,58,0,0.0,2005,12,9,8,0,3
19,31.3,37,973.8,37.44,2,0,0.0,2005,6,19,7,3,0
8,32.2,52,1003.1,61.56,1,0,0.0,2023,5,9,20,5,2
16,23.5,89,948.6,25.92,97,1,0.0,2007,7,28,3,2,0
10,36.8,19,982.3,23.04,22,0,0.0,2014,10,8,16,6,1
27,13.7,50,984.0,31.68,74,1,0.0,2012,2,11,23,2,3
40,25.1,84,951.2,42.84,99,2,1.1,2003,8,8,18,0,0
46,24.1,79,924.0,39.24,69,2,0.7,2017,8,30,16,6,0
30,31.8,38,1008.0,52.2,0,0,0.0,2009,1,31,14,2,3
2,20.7,63,962.1,36.36,17,0,0.0,1997,10,24,20,0,1
10,11.1,84,992.6,26.64,0,0,0.0,2019,12,23,9,1,3
26,25.0,90,1008.0,47.52,100,2,0.4,2002,8,17,16,2,0
36,24.9,86,947.5,21.6,95,2,0.3,2025,5,16,22,0,2
11,23.1,69,899.3,48.24,99,1,0.0,2000,7,21,10,0,0
45,23.8,71,981.1,51.84,52,0,0.0,2007,3,11,3,3,2
28,25.7,87,1009.3,23.4,100,2,0.4,1997,7,19,9,2,0
25,22.8,90,949.3,37.44,100,2,0.1,2025,10,3,7,0,1
17,21.9,67,899.0,12.96,9,0,0.0,2009,3,1,21,3,2
12,20.4,67,990.1,25.56,95,1,0.0,2019,11,21,18,4,1
43,34.3,24,1006.6,20.16,0,0,0.0,2008,1,14,14,1,3
44,30.1,47,950.6,13.68,2,0,0.0,2005,10,1,11,2,1
16,29.0,42,957.4,37.8,55,0,0.0,1998,1,26,15,1,3
17,17.6,98,899.5,15.84,100,1,0.0,2026,1,11,6,3,3
40,31.6,28,958.8,58.32,28,0,0.0,2019,3,31,0,3,2
16,23.3,36,957.0,30.24,27,0,0.0,2011,1,9,10,3,3
8,36.5,18,1003.4,17.28,1,0,0.0,2022,4,9,18,2,2
42,28.8,80,1007.4,48.96,100,1,0.0,2013,5,6,11,1,2
0,23.9,97,974.7,9.0,99,1,0.0,2016,9,18,1,3,1
18,15.5,64,961.2,16.56,9,0,0.0,1998,11,18,2,6,1
12,31.0,67,975.1,25.2,8,0,0.0,2020,6,10,21,6,0
27,15.2,85,984.4,37.44,1,0,0.0,2003,1,28,6,5,3
26,27.4,70,1009.5,30.24,29,0,0.0,1999,12,4,17,2,3
34,41.7,21,974.4,26.28,15,0,0.0,2004,6,4,15,0,0
3,32.3,30,964.4,51.84,19,0,0.0,2012,5,26,4,2,2
5,21.5,51,946.5,54.36,85,1,0.0,2025,2,5,0,6,3
32,33.7,47,968.9,43.56,99,1,0.0,2022,5,11,8,6,2
45,26.5,85,981.6,16.2,53,0,0.0,2014,9,27,19,2,1
6,30.6,22,988.2,42.48,1,0,0.0,2006,3,12,13,3,2
3,42.7,14,964.7,23.04,12,0,0.0,2004,5,31,15,1,2
26,27.8,67,1010.5,86.04,68,1,0.0,2020,1,22,23,6,3
31,30.1,39,927.6,39.6,19,0,0.0,2000,2,13,13,3,3
31,31.5,20,929.2,42.12,0,0,0.0,2018,2,25,15,3,3
46,22.2,94,921.8,54.0,100,2,1.0,2013,6,14,13,0,0
10,38.2,28,972.8,81.72,56,0,0.0,2018,8,2,16,4,0
22,24.2,75,981.3,43.92,4,0,0.0,1998,3,5,7,4,2
11,19.6,96,894.8,46.44,100,2,1.7,2000,8,23,8,6,0
34,15.5,58,990.7,25.56,0,0,0.0,2001,1,5,17,0,3
37,25.0,86,987.7,27.72,98,1,0.0,2021,5,15,3,2,2
0,23.9,86,982.5,27.72,53,0,0.0,2014,11,11,0,5,1
30,28.1,51,1013.9,36.0,0,0,0.0,2023,11,17,9,0,1
40,25.8,45,958.4,51.12,16,0,0.0,2011,11,2,22,6,1
19,31.5,21,982.1,3.6,100,1,0.0,2026,3,17,18,5,2
7,25.4,51,912.7,60.84,38,0,0.0,1999,12,1,15,6,3
22,37.4,22,975.3,14.4,29,0,0.0,2012,4,13,14,0,2
32,37.1,16,967.0,38.52,68,1,0.0,2001,3,29,17,4,2
12,16.7,76,990.0,26.64,96,1,0.0,2001,2,16,23,0,3
6,7.4,70,996.7,54.72,0,0,0.0,1997,1,22,7,6,3
14,27.9,88,978.6,25.2,25,0,0.0,2007,7,9,5,1,0
34,25.7,87,980.2,20.88,28,2,0.1,2014,9,14,2,3,1
36,23.1,88,950.2,11.16,39,0,0.0,2014,4,19,7,2,2
39,20.6,82,947.5,40.32,9,0,0.0,2013,11,7,2,4,1
5,23.2,81,939.5,33.84,100,1,0.0,2008,6,20,4,0,0
42,31.5,59,1008.6,34.92,7,0,0.0,2025,3,28,9,0,2
7,24.3,71,911.3,38.88,97,1,0.0,2009,6,3,20,6,0
2,23.9,22,961.1,11.16,0,0,0.0,1999,12,19,13,3,3
29,26.0,84,1014.0,15.48,97,1,0.0,1997,12,22,9,1,3
5,17.9,53,944.3,27.72,0,0,0.0,2011,2,19,3,2,3
43,25.5,89,1008.3,30.24,97,2,0.2,2015,8,7,9,0,0
11,25.9,33,902.2,39.6,99,1,0.0,1999,1,1,13,0,3
35,24.1,76,969.3,24.84,36,0,0.0,2015,3,17,1,5,2
22,30.1,65,967.2,94.68,94,1,0.0,2024,7,28,13,3,0
42,24.8,88,1007.4,54.36,100,1,0.0,2007,6,26,5,5,0
32,33.1,33,967.2,62.64,43,0,0.0,2018,5,25,1,0,2
27,31.6,29,978.9,3.96,2,0,0.0,2019,5,20,0,1,2
28,25.3,72,1008.6,45.0,4,0,0.0,2022,1,25,20,5,3
23,30.1,42,1000.2,27.72,26,0,0.0,2017,3,1,10,6,2
8,24.6,94,1002.7,32.04,72,1,0.0,2013,8,27,6,5,0
2,32.8,51,949.1,26.28,43,0,0.0,1996,7,14,11,3,0
6,25.1,93,982.1,71.28,100,2,0.1,2022,7,27,2,6,0
15,30.0,39,944.5,52.56,37,0,0.0,2018,1,13,12,2,3
44,23.4,73,944.4,30.24,9,0,0.0,2015,9,13,3,3,1
0,29.4,64,977.0,42.48,34,0,0.0,2004,9,12,12,3,1
37,31.0,31,995.5,54.72,70,1,0.0,2017,5,4,20,4,2
3,24.7,56,976.6,41.4,0,0,0.0,2025,2,6,9,4,3
17,19.2,100,897.4,56.16,100,2,0.5,2019,9,3,7,5,1
10,23.4,28,989.2,26.64,0,0,0.0,1998,11,24,19,5,1
46,21.6,96,926.5,29.88,98,1,0.0,2008,5,27,7,5,2
14,28.0,77,980.6,12.96,15,0,0.0,2005,8,8,23,1,0
0,33.2,14,980.3,20.52,0,0,0.0,1998,3,26,17,4,2
19,30.3,63,979.6,74.52,49,0,0.0,2023,8,17,17,4,0
9,22.2,34,1009.1,11.52,0,0,0.0,1997,1,20,14,1,3
8,23.1,93,1003.9,27.72,61,1,0.0,2007,10,4,2,4,1
25,23.1,61,950.7,60.48,0,0,0.0,2017,2,5,20,3,3
13,28.1,54,926.3,12.24,52,2,2.0,2008,3,17,17,1,2
27,11.8,60,985.4,30.96,0,0,0.0,1999,12,19,4,3,3
0,17.6,58,981.4,24.84,0,0,0.0,2020,12,30,2,6,3
16,22.9,64,957.2,16.92,89,1,0.0,2021,10,23,0,2,1
42,25.0,84,1010.1,6.48,100,2,0.1,2015,10,26,1,1,1
23,20.8,89,1000.7,22.32,0,0,0.0,2019,2,14,2,4,3
22,30.2,35,973.8,33.84,0,0,0.0,2023,3,30,18,4,2
9,30.9,59,1001.7,77.04,0,0,0.0,2007,5,25,22,0,2
2,28.4,37,952.5,12.96,13,0,0.0,2007,5,29,20,5,2
5,20.5,73,948.5,25.92,8,0,0.0,2012,10,15,22,1,1
39,24.2,47,949.5,34.92,10,0,0.0,2013,2,25,21,1,3
8,26.6,83,1005.2,53.28,0,0,0.0,2000,5,3,1,6,2
40,23.2,90,950.3,66.24,87,1,0.0,1999,7,18,5,3,0
9,22.2,75,1016.3,49.68,0,0,0.0,2002,2,23,9,2,3
13,30.5,19,928.4,9.72,58,0,0.0,2014,2,9,15,3,3
31,19.7,98,927.9,14.04,34,0,0.0,2013,10,19,2,2,1
40,34.1,23,961.1,44.64,11,0,0.0,1999,2,27,12,2,3
38,23.7,91,1000.4,18.0,0,0,0.0,2003,3,28,1,0,2
4,36.7,29,1000.5,46.08,0,0,0.0,2008,5,11,15,3,2
0,25.7,87,977.4,21.24,100,1,0.0,2025,8,3,23,3,0
17,20.0,81,897.7,24.84,19,0,0.0,2018,4,10,0,5,2
37,22.6,42,998.5,29.52,1,0,0.0,2000,1,2,20,3,3
26,25.5,89,1007.6,17.28,23,0,0.0,2016,10,18,2,5,1
11,13.5,62,896.4,24.48,100,1,0.0,2000,12,26,2,5,3
40,22.4,45,960.5,36.0,0,0,0.0,2025,11,8,2,2,1
10,10.1,81,989.8,43.56,0,0,0.0,1998,12,28,4,1,3
35,29.2,70,961.2,82.44,100,2,0.2,2023,7,25,11,5,0
14,35.3,49,982.3,12.96,15,0,0.0,2009,8,23,11,3,0
9,32.5,57,1000.3,78.84,3,0,0.0,2002,5,16,23,4,2
12,19.7,93,987.8,27.36,30,0,0.0,1997,10,19,21,3,1
35,35.5,35,960.1,43.92,23,0,0.0,2020,6,6,14,2,0
9,18.8,85,1011.6,29.16,0,0,0.0,1999,1,22,6,0,3
45,18.1,93,983.8,26.28,17,0,0.0,2023,12,9,5,2,3
41,28.8,73,1006.3,36.72,17,0,0.0,2000,8,5,10,2,0
15,26.5,68,941.7,46.44,7,0,0.0,2019,4,14,22,3,2
33,34.8,20,946.6,45.0,0,0,0.0,2018,4,26,11,4,2
5,31.5,59,938.7,30.24,100,1,0.0,1996,6,13,12,4,0
34,4.7,80,991.5,23.76,0,0,0.0,2008,1,2,6,6,3
9,25.5,90,998.9,34.2,98,2,0.4,2008,8,2,6,2,0
20,24.3,68,1000.3,57.96,29,0,0.0,2007,2,10,19,2,3
22,32.9,29,979.7,28.08,0,0,0.0,2010,3,7,20,3,2
24,29.0,61,1008.1,66.24,97,1,0.0,2021,1,1,14,0,3
34,14.3,61,992.2,41.04,0,0,0.0,2014,2,17,19,1,3
41,26.0,93,997.6,61.56,100,2,0.2,2018,7,18,3,6,0
15,17.5,57,943.2,25.2,0,0,0.0,2017,2,2,6,4,3
40,27.6,74,956.2,69.48,92,1,0.0,2007,6,5,0,5,0
7,21.6,88,909.2,68.04,100,2,0.2,2025,7,22,8,5,0
21,30.3,46,956.2,87.12,100,1,0.0,2014,6,30,23,1,0
14,31.1,55,977.5,23.76,30,0,0.0,2000,6,2,5,0,0
15,27.8,61,939.0,27.36,99,1,0.0,2008,8,25,13,1,0
17,25.1,61,903.5,56.88,84,1,0.0,2020,1,3,10,0,3
30,20.3,88,1011.6,14.4,48,0,0.0,2000,2,6,0,3,3
24,29.0,77,1007.8,48.24,98,2,0.1,2019,3,2,18,2,2
41,23.8,48,1006.9,39.24,100,1,0.0,2021,11,7,1,3,1
33,15.2,94,947.5,18.36,0,0,0.0,2022,1,6,6,4,3
20,29.2,52,999.6,52.2,0,0,0.0,2011,4,13,20,6,2
3,24.3,58,975.8,30.96,38,2,0.2,2015,2,9,19,1,3
44,27.4,21,950.0,34.92,9,0,0.0,2024,3,17,18,3,2
20,27.0,86,992.4,57.96,100,1,0.0,2016,7,8,22,0,0
41,26.5,53,1011.0,19.44,46,0,0.0,1997,12,18,13,4,3
26,25.3,90,1007.0,41.04,100,1,0.0,2024,7,8,21,1,0
20,12.4,95,1002.4,33.48,15,0,0.0,1997,1,20,4,1,3
34,27.2,63,981.8,29.16,0,0,0.0,2003,10,10,9,0,1
26,27.0,83,1009.0,7.56,15,0,0.0,2016,3,9,1,6,2
6,28.6,20,990.5,33.48,0,0,0.0,2022,11,22,16,5,1
1,39.0,21,998.5,52.92,27,0,0.0,2019,5,15,16,6,2
3,42.3,18,965.1,52.56,59,0,0.0,2019,6,1,13,2,0
36,23.5,85,942.0,57.24,20,0,0.0,2022,5,23,5,1,2
7,35.8,24,912.0,30.24,100,1,0.0,2024,4,20,12,2,2
34,18.3,52,993.5,21.24,90,1,0.0,2025,12,26,11,0,3
15,18.2,56,944.2,23.04,0,0,0.0,2023,1,12,8,4,3
34,18.6,53,988.1,27.36,100,1,0.0,2004,12,30,17,4,3
29,25.2,90,1008.1,70.92,100,2,2.8,2006,9,14,11,4,1
21,23.2,93,955.5,46.8,100,2,0.7,2003,7,10,8,4,0
42,25.6,91,1007.0,33.48,38,0,0.0,2006,5,11,5,4,2
35,32.1,16,968.5,26.64,76,1,0.0,2020,2,18,16,5,3
19,37.7,34,972.9,95.76,50,0,0.0,2012,6,23,14,2,0
7,31.5,25,910.3,4.68,68,1,0.0,2014,3,22,18,2,2
27,21.0,71,983.3,18.0,6,0,0.0,2014,11,4,3,5,1
36,24.9,40,950.5,30.96,100,1,0.0,2015,11,9,21,1,1
34,27.7,55,983.9,42.12,33,0,0.0,2014,5,5,22,1,2
35,22.3,87,960.5,35.28,11,0,0.0,2013,8,3,6,2,0
25,22.8,96,945.2,69.84,100,2,0.1,2005,7,7,1,4,0
43,30.9,72,1007.9,23.04,83,2,0.2,1997,5,3,11,2,2
26,26.2,86,1004.3,50.4,100,1,0.0,2022,5,23,18,1,2
33,15.7,76,948.5,23.4,0,0,0.0,1998,2,20,23,0,3
33,21.7,96,941.1,63.72,100,1,0.0,2012,8,15,2,6,0
11,17.3,45,897.3,25.2,55,0,0.0,2008,3,11,4,5,2
24,25.6,88,1011.7,12.6,26,0,0.0,2015,12,17,8,4,3
38,27.9,81,1000.3,50.4,100,2,0.2,2023,9,17,10,3,1
41,27.0,84,1005.3,75.24,6,0,0.0,1997,5,25,3,3,2
30,27.1,92,998.6,20.16,100,2,3.7,2000,6,8,6,4,0
35,30.8,24,959.5,45.36,0,0,0.0,2012,5,18,2,0,2
31,28.9,42,929.4,17.64,58,0,0.0,2016,1,25,16,1,3
14,18.0,47,996.9,30.24,31,0,0.0,2019,2,28,10,4,3
18,41.7,12,952.9,77.4,18,0,0.0,2003,5,17,15,2,2
10,15.1,28,987.5,65.16,7,0,0.0,1996,11,19,4,5,1
2,18.4,62,962.0,32.04,99,1,0.0,2016,2,20,22,2,3
39,28.3,38,950.8,37.8,87,1,0.0,2004,12,2,12,4,3
41,34.6,28,1006.1,42.84,0,0,0.0,1998,4,11,16,2,2
31,21.6,92,929.6,11.16,67,1,0.0,2019,10,11,7,0,1
18,26.4,84,955.7,29.88,19,0,0.0,2013,8,24,9,2,0
1,31.1,62,1000.5,33.84,71,1,0.0,2014,6,27,22,0,0
4,30.7,75,998.6,41.76,73,2,0.2,2000,8,27,12,3,0
42,22.0,86,1011.1,22.32,0,0,0.0,2013,1,17,1,4,3
8,25.0,94,1002.5,16.92,52,2,0.2,2014,8,28,5,4,0
40,22.7,97,956.5,24.84,38,0,0.0,1998,10,13,1,5,1
21,28.4,50,960.3,24.84,37,0,0.0,2018,4,16,22,1,2
18,20.5,27,966.8,47.52,29,0,0.0,2001,2,28,20,6,3
21,29.0,32,961.1,41.4,0,0,0.0,2023,1,23,13,1,3
15,15.2,56,939.7,30.96,0,0,0.0,2012,1,21,6,2,3
27,38.4,19,972.6,45.0,29,0,0.0,2004,5,25,19,5,2
24,26.5,70,1011.6,10.8,35,0,0.0,2002,1,28,20,1,3
8,18.2,56,1013.7,29.16,2,0,0.0,2001,12,30,5,3,3
39,23.0,81,945.5,40.32,100,2,0.1,1996,8,11,10,3,0
30,30.7,53,1004.6,45.72,9,0,0.0,2008,4,24,19,4,2
15,20.8,69,944.5,31.32,0,0,0.0,2021,12,8,8,6,3
3,31.5,43,966.3,30.6,99,1,0.0,2007,10,7,14,3,1
15,26.7,73,939.1,34.92,43,2,0.1,2017,6,2,9,0,0
18,18.0,51,967.1,45.72,33,0,0.0,1999,2,20,0,2,3
13,21.1,98,930.2,66.24,100,2,0.2,2021,8,4,6,6,0
36,23.0,80,951.0,56.52,86,1,0.0,2006,11,2,8,4,1
27,27.6,91,974.1,9.36,92,1,0.0,2020,7,31,6,0,0
29,25.7,91,1004.8,5.76,100,2,0.6,2008,3,21,8,0,2
26,29.4,70,1010.4,9.0,21,0,0.0,1997,10,16,11,4,1
25,27.9,68,944.1,38.88,68,1,0.0,1999,10,7,14,4,1
42,25.2,86,1006.3,30.96,100,2,0.3,2012,10,30,22,5,1
32,19.9,76,975.6,19.08,16,0,0.0,2021,1,7,3,4,3
15,33.1,35,941.2,67.32,0,0,0.0,1997,5,19,12,1,2
16,35.2,37,955.5,18.72,23,0,0.0,2006,5,5,12,0,2
42,25.7,87,1010.0,16.2,98,1,0.0,2008,3,6,20,4,2
3,38.0,16,970.2,13.32,20,0,0.0,2018,4,2,13,1,2
18,23.7,23,963.3,31.32,0,0,0.0,2018,1,26,14,0,3
15,22.0,98,933.5,97.2,100,2,0.5,2025,6,15,20,3,0
42,27.7,72,1009.1,49.68,53,2,0.1,1996,11,10,14,3,1
0,27.5,79,973.4,46.08,100,1,0.0,2024,6,30,19,3,0
37,22.0,35,999.3,34.56,0,0,0.0,2009,11,18,21,6,1
39,23.1,81,943.9,55.8,83,1,0.0,1997,8,18,18,1,0
31,21.6,90,923.9,67.32,100,1,0.0,1997,6,28,7,2,0
13,20.5,58,930.7,25.56,10,0,0.0,2005,3,11,1,0,2
17,19.6,91,896.6,36.0,100,2,0.6,2011,8,18,12,4,0
34,31.4,31,984.9,16.92,0,0,0.0,2007,10,22,17,1,1
2,29.3,59,945.9,61.92,0,0,0.0,2010,6,24,5,4,0
15,24.9,79,937.2,43.56,81,1,0.0,2025,6,11,7,6,0
8,37.1,40,999.4,55.08,0,0,0.0,2005,6,9,13,4,0
25,22.0,71,949.7,24.12,16,0,0.0,2024,12,9,22,1,3
14,23.4,42,989.3,20.16,20,0,0.0,2022,2,16,16,6,3
30,27.6,51,1010.4,48.6,2,0,0.0,2003,12,26,17,0,3
37,32.5,39,991.9,48.24,89,1,0.0,2023,5,4,17,4,2
27,20.9,57,982.7,27.36,21,0,0.0,1997,4,4,21,0,2
25,16.6,68,950.6,24.12,0,0,0.0,2006,12,8,6,0,3
26,27.3,82,1009.0,23.76,99,1,0.0,2008,11,25,11,5,1
45,29.7,59,974.5,18.36,99,1,0.0,2012,8,16,18,4,0
42,22.2,80,1009.4,23.04,1,0,0.0,2021,1,29,4,0,3
32,23.4,92,972.0,21.96,100,1,0.0,2005,9,16,5,0,1
39,21.5,59,945.7,17.64,0,0,0.0,2022,2,14,23,1,3
0,24.0,91,974.1,59.04,100,2,0.6,2015,8,6,10,4,0
1,21.1,45,1009.8,28.8,0,0,0.0,2018,1,4,10,4,3
6,35.2,23,983.7,86.4,0,0,0.0,2019,5,8,20,6,2
40,39.7,13,954.8,75.24,86,1,0.0,1998,4,23,18,4,2
7,20.2,93,911.7,63.36,100,2,0.1,2022,8,24,7,6,0
0,32.0,27,977.7,40.32,84,1,0.0,2021,4,25,21,3,2
38,29.4,59,1006.7,38.52,16,0,0.0,2015,11,29,10,3,1
31,22.3,89,927.6,37.8,97,1,0.0,2007,5,19,5,2,2
23,26.2,87,989.5,38.88,100,2,0.4,2021,7,2,3,0,0
44,33.6,28,942.7,46.8,9,0,0.0,1999,5,1,20,2,2
18,29.5,11,963.0,59.76,0,0,0.0,2004,3,2,16,5,2
25,26.5,48,947.8,31.32,0,0,0.0,1999,11,3,18,6,1
29,24.1,93,1005.7,26.64,97,2,0.8,2001,7,26,5,4,0
10,22.1,39,978.7,38.88,0,0,0.0,2000,4,10,4,1,2
22,25.0,89,968.2,36.36,100,2,0.3,2017,8,28,1,1,0
21,25.6,39,955.4,28.8,0,0,0.0,2023,4,23,4,3,2
41,26.8,86,1003.2,73.44,100,1,0.0,2000,9,6,23,6,1
7,15.2,92,911.0,42.48,27,0,0.0,2010,12,27,0,1,3
6,28.5,27,990.7,37.44,0,0,0.0,2022,10,20,20,4,1
17,22.7,90,896.6,9.36,41,0,0.0,2007,4,24,19,5,2
11,20.6,83,896.5,32.4,90,1,0.0,2000,7,27,19,4,0
35,23.4,50,967.9,51.12,2,0,0.0,2025,2,1,23,2,3
31,21.3,94,924.7,55.44,98,2,0.1,2017,8,21,7,1,0
11,23.7,84,900.7,21.6,80,1,0.0,2010,4,5,23,1,2
36,24.1,83,944.9,72.72,89,2,0.1,2018,7,24,9,5,0
41,28.4,34,1011.6,39.24,95,1,0.0,2011,1,23,14,3,3
14,17.4,58,991.0,44.28,67,1,0.0,2009,11,10,22,5,1
11,18.1,75,896.7,9.36,82,1,0.0,2000,3,5,5,3,2
42,24.7,95,1005.6,36.36,100,2,2.5,2008,10,20,17,1,1
28,25.0,89,1007.1,18.72,100,2,0.2,2016,8,4,18,4,0
35,32.3,51,959.4,29.52,22,0,0.0,2014,6,3,21,5,0
32,20.6,89,971.3,39.6,27,0,0.0,2013,2,16,19,2,3
19,14.9,29,980.5,37.08,0,0,0.0,2012,2,29,2,6,3
15,22.7,43,944.6,47.88,0,0,0.0,2001,1,17,22,6,3
23,34.6,46,984.7,68.4,100,2,0.4,2011,6,28,15,5,0
27,27.8,62,987.6,12.96,1,0,0.0,1997,10,12,9,3,1
27,16.3,69,988.3,47.52,25,0,0.0,2004,1,2,20,0,3
11,19.0,94,899.0,18.72,40,0,0.0,1997,4,17,5,4,2
12,21.9,32,993.6,42.12,0,0,0.0,2011,1,26,14,6,3
12,21.7,65,990.3,34.2,0,0,0.0,2010,3,18,0,4,2
42,30.0,61,1008.3,47.88,9,0,0.0,2018,2,5,15,1,3
15,29.7,31,940.5,12.24,69,1,0.0,2004,1,24,14,2,3
22,25.9,87,972.1,74.52,100,2,0.8,2024,8,24,17,2,0
23,27.9,75,997.6,20.16,100,1,0.0,2010,10,29,11,0,1
28,29.5,64,1008.1,30.24,23,0,0.0,2008,12,14,13,3,3
22,25.2,92,973.9,35.28,100,2,0.1,2011,9,13,22,5,1
6,23.5,79,987.2,43.92,100,1,0.0,2025,10,30,3,4,1
13,21.3,97,928.1,61.56,100,2,0.1,2020,9,14,1,1,1
35,27.0,68,961.4,70.92,99,1,0.0,1999,6,26,9,2,0
23,25.0,63,1000.7,51.84,38,0,0.0,2014,3,7,22,0,2
17,27.7,35,897.9,21.96,79,1,0.0,2002,3,14,16,4,2
38,25.6,88,999.3,19.44,11,0,0.0,2018,5,4,4,0,2
25,24.0,91,946.1,36.0,96,1,0.0,2019,4,30,1,5,2
34,22.6,48,987.9,12.24,0,0,0.0,2001,2,21,11,6,3
6,16.3,40,992.9,47.88,0,0,0.0,1997,2,4,10,5,3
25,30.2,38,947.0,49.32,11,0,0.0,2003,4,6,19,3,2
6,28.9,73,978.9,91.8,31,2,0.1,2017,8,31,13,4,0
10,35.2,12,981.2,32.04,60,1,0.0,1997,4,21,19,1,2
26,24.3,81,1010.1,20.16,6,0,0.0,2015,12,27,5,3,3
44,24.9,33,949.4,24.84,0,0,0.0,2016,3,11,21,0,2
16,22.4,82,949.7,60.84,4,0,0.0,1999,9,16,4,4,1
40,31.9,32,964.7,54.0,26,0,0.0,2019,2,12,12,5,3
34,24.8,86,980.4,36.72,83,1,0.0,2002,9,11,19,6,1
39,25.1,74,943.6,63.0,99,1,0.0,2019,8,27,12,5,0
28,23.0,94,1008.6,21.24,100,2,2.4,1997,7,26,3,2,0
24,26.0,66,1013.9,23.4,62,1,0.0,2022,1,5,8,6,3
44,32.2,12,943.7,36.36,0,0,0.0,2002,4,27,20,2,2
1,25.4,92,994.0,59.76,100,3,5.7,2017,7,14,3,0,0
4,18.6,48,1007.8,27.0,0,0,0.0,2017,2,26,6,3,3
42,30.1,76,1005.1,56.52,36,0,0.0,2010,4,22,15,4,2
14,29.9,76,981.7,33.48,91,1,0.0,2025,7,17,22,4,0
20,30.0,40,997.4,40.32,1,0,0.0,2018,3,30,19,0,2
22,27.0,85,973.5,19.44,96,1,0.0,1998,8,20,20,4,0
40,21.1,56,962.1,66.6,30,0,0.0,2016,1,15,8,0,3
46,25.7,70,927.1,28.08,99,2,0.5,1997,7,21,11,1,0
37,24.9,93,989.4,42.48,100,1,0.0,2001,8,7,7,5,0
46,21.0,100,925.9,25.92,100,2,3.7,2021,6,5,19,2,0
15,20.3,80,945.3,36.36,6,0,0.0,2006,11,10,22,0,1
17,16.2,97,897.6,29.88,13,0,0.0,2026,3,10,5,5,2
28,27.4,88,1009.1,9.36,95,1,0.0,2020,4,21,7,5,2
10,24.1,33,983.6,31.32,79,1,0.0,2020,2,28,0,0,3
36,25.9,86,948.8,33.84,61,1,0.0,2004,6,1,23,5,0
20,38.0,17,998.6,56.16,0,0,0.0,2012,4,11,13,6,2
31,21.6,92,926.2,51.48,100,1,0.0,2023,9,10,3,3,1
4,28.9,79,1003.8,28.44,43,0,0.0,2013,8,31,11,2,0
25,29.1,64,945.9,37.08,79,1,0.0,2005,6,14,13,5,0
7,20.4,85,908.8,78.12,99,1,0.0,2007,7,8,1,3,0
15,22.4,74,945.4,13.32,69,1,0.0,2016,2,29,5,1,3
39,34.2,31,945.9,16.56,35,0,0.0,2021,4,9,12,0,2
30,25.7,92,1001.7,66.24,100,3,7.3,2017,7,18,6,5,0
21,36.0,37,960.1,45.72,65,1,0.0,2020,5,8,10,0,2
11,22.3,94,896.6,16.92,100,1,0.0,2016,5,16,6,1,2
11,28.0,29,902.7,23.76,0,0,0.0,2009,3,7,9,2,2
42,22.4,91,1009.6,18.72,0,0,0.0,2023,2,15,1,6,3
44,26.0,79,941.9,14.4,100,2,0.2,2007,8,20,19,1,0
41,28.6,80,1003.5,85.68,8,0,0.0,2009,6,2,1,5,0
28,24.7,93,1008.9,10.44,98,1,0.0,2002,11,19,23,5,1
17,18.2,96,898.1,14.4,97,1,0.0,1999,9,1,20,6,1
1,29.5,75,998.6,42.48,42,2,0.1,2022,8,2,10,5,0
44,15.7,56,948.9,23.4,0,0,0.0,2006,11,24,23,0,1
37,29.7,46,994.6,33.84,0,0,0.0,1999,4,8,9,4,2
46,22.0,91,929.7,6.84,29,0,0.0,2009,12,18,20,0,3
35,29.7,47,960.8,49.32,43,0,0.0,2001,5,28,5,1,2
32,25.1,93,968.2,26.64,99,1,0.0,2016,9,24,0,2,1
20,25.8,52,1002.0,46.08,1,0,0.0,2019,11,27,19,6,1
2,27.8,54,955.3,20.16,2,0,0.0,2013,10,15,18,5,1
26,27.6,77,1011.1,14.04,1,0,0.0,1998,3,13,0,0,2
32,18.8,60,980.3,27.0,0,0,0.0,1999,11,14,22,3,1
22,27.8,72,971.2,48.24,98,1,0.0,2001,6,10,8,3,0
16,20.0,49,956.6,35.28,0,0,0.0,2021,2,15,0,1,3
42,24.6,97,1008.4,6.84,85,1,0.0,2022,3,29,6,5,2
33,21.4,49,953.0,50.4,0,0,0.0,2017,1,3,10,5,3
42,24.6,90,1010.7,65.88,81,1,0.0,2004,8,30,22,1,0
5,31.1,19,943.2,33.12,33,0,0.0,2021,4,27,19,5,2
36,37.1,23,946.7,29.88,60,1,0.0,2000,4,4,14,5,2
20,32.0,59,992.4,46.08,64,1,0.0,1996,7,7,15,3,0
18,26.0,8,959.6,33.48,0,0,0.0,2022,4,4,0,1,2
34,32.6,34,981.9,4.68,19,0,0.0,1998,5,11,17,1,2
34,24.5,45,986.9,23.4,2,0,0.0,2014,2,3,15,1,3
40,21.4,47,958.5,38.88,2,0,0.0,2002,12,23,2,1,3
9,26.1,89,1001.2,45.0,77,1,0.0,2009,8,1,3,2,0
7,27.6,49,909.3,55.08,98,1,0.0,2018,10,10,14,6,1
19,22.0,47,992.6,42.12,0,0,0.0,2023,3,6,8,1,2
40,29.9,52,954.6,108.36,100,1,0.0,2008,7,1,11,5,0
8,30.6,60,1006.5,68.04,22,0,0.0,2000,5,7,9,3,2
45,23.0,86,978.6,24.12,9,0,0.0,1999,10,19,23,5,1
20,25.6,85,1000.0,10.08,0,0,0.0,2012,9,21,8,0,1
32,36.7,17,965.6,23.4,71,1,0.0,2022,6,6,20,1,0
42,24.5,91,1007.3,71.64,96,1,0.0,2004,7,4,20,3,0
16,27.2,70,947.8,68.76,100,1,0.0,2010,8,1,17,3,0
26,26.0,83,1005.0,54.36,100,1,0.0,2007,7,22,16,3,0
28,25.0,95,1007.5,25.92,100,2,1.3,2004,6,15,19,5,0
34,26.6,92,980.1,16.92,81,1,0.0,2012,9,10,2,1,1
32,25.9,86,964.9,26.64,100,1,0.0,2024,7,29,20,1,0
37,19.8,30,1001.5,31.32,0,0,0.0,2003,1,19,22,3,3
3,38.8,25,969.7,48.6,17,0,0.0,1997,6,4,15,6,0
14,32.6,64,977.9,18.72,69,1,0.0,1998,7,13,16,1,0
34,29.0,84,975.2,20.16,96,1,0.0,2021,8,1,8,3,0
44,20.4,32,947.4,33.12,34,0,0.0,2018,2,10,18,2,3
46,22.5,86,926.5,19.44,68,1,0.0,2012,3,7,8,6,2
0,28.7,71,975.1,27.36,100,1,0.0,2013,6,6,6,4,0
26,28.9,57,1009.3,59.04,41,0,0.0,2025,1,22,9,6,3
17,21.1,93,896.6,17.28,13,0,0.0,2022,4,24,20,3,2
20,25.8,93,989.9,45.72,100,1,0.0,2002,8,6,4,5,0
44,24.0,91,940.3,52.92,96,2,0.1,2019,6,18,4,5,0
11,23.2,82,896.1,34.56,100,2,0.5,2016,6,6,17,1,0
38,23.0,77,1003.4,30.6,6,0,0.0,2010,12,30,23,4,3
21,23.6,80,958.3,58.68,100,1,0.0,2011,9,21,1,6,1
24,24.9,83,1009.5,15.84,3,0,0.0,2009,2,15,2,3,3
5,21.4,41,948.7,28.8,0,0,0.0,2005,11,20,20,3,1
12,29.8,73,976.7,34.2,35,2,0.1,2023,7,29,10,2,0
40,26.6,80,953.7,26.64,97,2,1.9,2005,7,17,20,3,0
22,26.9,84,970.0,40.68,97,2,1.9,2001,6,7,1,4,0
5,23.2,94,934.0,61.92,100,2,1.7,2015,6,22,2,1,0
0,34.8,23,977.3,23.4,2,0,0.0,2010,3,4,18,4,2
13,31.1,17,930.7,44.28,0,0,0.0,2001,2,8,17,4,3
42,24.9,91,1007.6,61.92,50,0,0.0,2018,7,23,1,1,0
13,22.1,80,931.1,28.44,74,2,0.3,2022,11,26,23,2,1
35,25.1,84,957.7,36.36,100,2,0.8,1999,7,14,17,6,0
29,24.5,94,1004.9,25.2,100,2,0.3,2021,9,15,2,6,1
17,18.2,89,896.5,9.36,54,0,0.0,1997,6,19,4,4,0
6,22.4,32,990.8,11.52,0,0,0.0,1996,12,2,22,1,3
20,32.3,27,999.8,43.92,0,0,0.0,2006,11,1,16,6,1
4,31.0,70,1003.4,37.8,92,1,0.0,1997,8,15,13,0,0
44,25.3,90,939.3,16.92,100,1,0.0,2019,7,21,4,3,0
41,28.1,65,1007.4,79.92,0,0,0.0,2014,4,18,18,0,2
21,22.1,86,958.3,10.44,56,0,0.0,2011,10,20,6,4,1
5,23.6,95,936.9,31.32,100,1,0.0,2000,6,4,2,3,0
35,40.6,11,960.6,34.92,0,0,0.0,1996,5,5,13,3,2
44,28.2,48,942.3,45.72,0,0,0.0,2006,5,20,1,2,2
40,17.2,77,962.5,38.52,33,0,0.0,2025,1,10,7,0,3
30,26.6,87,1001.7,108.36,98,2,0.4,2019,8,10,9,2,0
41,22.4,61,1007.2,46.8,1,0,0.0,2007,2,23,7,0,3
24,27.2,85,1008.7,55.8,100,2,0.2,2002,6,24,16,1,0
4,32.2,71,996.3,50.76,90,1,0.0,2020,9,22,11,5,1
44,25.8,17,954.1,51.12,0,0,0.0,2003,3,13,10,4,2
44,14.2,72,950.4,24.84,2,0,0.0,2017,2,2,2,4,3
37,29.4,34,997.5,29.16,0,0,0.0,2020,12,26,14,2,3
42,25.0,88,1011.8,36.0,100,2,0.1,2023,9,19,9,5,1
0,29.4,71,968.6,40.68,96,1,0.0,2025,6,16,18,1,0
11,20.5,95,898.0,19.8,100,1,0.0,2015,6,11,0,4,0
15,25.3,43,941.7,30.6,0,0,0.0,2021,1,20,18,6,3
33,22.7,89,940.1,70.2,87,2,0.6,2013,7,30,9,5,0
45,26.2,70,980.1,49.32,86,1,0.0,2015,4,1,2,6,2
26,24.6,94,1006.9,11.16,100,2,0.1,2022,9,3,6,2,1
23,26.3,86,993.4,20.16,100,2,2.1,2005,10,18,17,5,1
12,32.2,59,974.2,52.2,4,0,0.0,2020,6,21,20,3,0
27,27.8,18,976.9,37.44,0,0,0.0,2005,4,7,23,4,2
46,19.7,78,929.2,14.76,14,0,0.0,2003,1,4,2,2,3
25,28.4,49,948.1,43.56,35,0,0.0,2004,10,31,17,3,1
42,25.3,87,1010.1,65.16,65,2,0.5,2011,9,5,9,1,1
45,31.7,63,973.4,26.64,59,2,0.1,1999,7,9,15,0,0
22,26.7,69,972.2,59.04,100,1,0.0,2013,7,30,0,5,0
42,29.8,64,1006.8,50.4,100,2,0.1,2022,2,19,14,2,3
7,22.3,57,913.2,56.88,0,0,0.0,2021,3,17,23,6,2
46,29.0,60,929.2,7.56,24,0,0.0,2014,5,12,11,1,2
24,30.8,63,1005.8,59.76,43,0,0.0,2004,3,11,16,4,2
35,35.8,31,967.2,16.56,5,0,0.0,2004,3,30,11,5,2
4,30.0,49,1004.6,16.2,0,0,0.0,2021,1,17,13,3,3
16,25.7,50,954.3,30.96,7,0,0.0,2015,3,3,19,5,2
28,28.1,73,1008.3,28.8,28,2,0.2,2012,11,3,13,2,1
28,24.7,89,1011.7,17.64,30,0,0.0,2012,1,5,6,4,3
31,20.5,95,928.0,30.96,100,1,0.0,2017,10,22,4,3,1
6,34.9,26,987.1,14.4,29,0,0.0,2015,10,21,16,6,1
34,21.1,63,980.7,23.4,0,0,0.0,2017,10,22,2,3,1
23,29.1,67,990.2,48.6,0,0,0.0,2017,3,10,19,0,2
0,30.1,31,982.8,22.68,0,0,0.0,2016,11,8,13,5,1
29,28.7,74,1010.6,26.64,75,1,0.0,1997,5,28,8,6,2
30,24.8,91,1007.3,51.12,97,2,0.2,2018,9,1,6,2,1
19,26.3,85,975.3,64.08,100,1,0.0,2002,7,1,5,1,0
1,25.6,72,1002.0,25.92,0,0,0.0,2000,9,21,0,4,1
40,25.5,74,958.2,88.2,100,1,0.0,1997,6,17,8,5,0
22,25.9,81,969.8,49.32,100,2,0.3,1997,7,4,18,0,0
1,25.2,95,988.8,46.08,100,2,1.1,2008,8,11,4,1,0
26,25.7,89,1008.4,19.44,75,1,0.0,1997,5,1,5,4,2
40,22.1,92,955.0,41.4,98,1,0.0,2003,8,13,4,6,0
43,25.7,90,1008.0,11.52,100,1,0.0,2003,7,31,20,4,0
2,21.1,43,955.5,45.36,100,1,0.0,2025,2,28,3,0,3
7,20.4,70,912.9,40.68,0,0,0.0,2010,2,16,0,5,3
33,20.4,60,951.8,23.76,25,0,0.0,2000,2,3,11,4,3
23,26.1,89,994.4,23.4,50,0,0.0,2005,3,26,5,2,2
25,21.6,52,950.2,28.08,0,0,0.0,2022,2,22,8,5,3
33,13.8,65,949.0,25.92,0,0,0.0,2021,2,3,7,6,3
28,23.7,91,1009.6,17.28,40,0,0.0,2004,11,3,4,6,1
26,32.5,62,1007.5,52.56,39,0,0.0,2019,4,9,13,5,2
19,19.5,44,992.2,41.4,8,0,0.0,1996,1,2,19,5,3
3,24.1,97,966.1,38.16,100,2,0.2,2021,8,17,4,5,0
1,40.9,20,997.9,51.48,0,0,0.0,2010,5,31,14,1,2
45,27.4,79,978.7,8.28,99,1,0.0,2009,8,17,8,1,0
46,20.2,98,928.8,17.28,57,0,0.0,2009,12,4,23,0,3
4,23.4,70,1007.2,31.32,0,0,0.0,2013,10,28,22,1,1
5,22.1,98,941.1,9.36,99,1,0.0,2008,9,3,2,6,1
12,25.6,94,971.8,43.2,95,2,0.2,2017,7,24,4,1,0
34,27.0,84,979.6,68.76,98,2,0.2,2016,8,24,9,6,0
29,26.8,83,1003.4,52.56,57,2,0.4,2005,7,18,16,1,0
5,21.3,39,944.9,34.2,46,0,0.0,2008,3,10,3,1,2
14,10.9,68,999.8,25.2,100,1,0.0,2004,1,4,20,3,3
43,28.6,67,1005.6,43.56,25,0,0.0,2012,12,10,17,1,3
33,27.9,34,950.8,9.36,0,0,0.0,2016,12,18,13,3,3
25,22.9,32,949.8,30.24,100,1,0.0,2000,12,27,20,6,3
25,22.0,95,942.1,46.44,100,2,0.1,1997,6,24,20,5,0
12,38.8,33,973.9,70.56,15,0,0.0,2023,6,11,13,3,0
20,22.7,45,1001.6,34.56,0,0,0.0,2002,11,13,0,6,1
26,26.7,82,1007.7,25.56,100,2,1.3,2013,10,18,13,0,1
23,24.0,75,995.4,51.12,3,0,0.0,2003,3,12,0,6,2
31,15.0,69,929.5,25.92,22,0,0.0,2006,2,8,5,6,3
18,8.4,52,966.5,32.04,96,1,0.0,1998,1,22,23,4,3
10,16.0,46,988.4,30.96,0,0,0.0,2001,11,24,1,2,1
34,15.6,89,991.1,33.48,26,0,0.0,2021,11,28,2,3,1
11,16.3,54,896.4,25.56,28,0,0.0,1999,3,3,5,6,2
23,28.1,83,991.3,31.32,100,2,0.2,2012,8,25,11,2,0
19,27.1,80,977.2,60.84,7,0,0.0,2004,8,20,22,0,0
9,26.1,90,1001.6,21.24,100,2,0.3,2020,7,24,5,0,0
23,29.5,65,989.8,31.68,34,0,0.0,1999,4,16,0,0,2
43,22.5,99,1007.7,16.56,0,0,0.0,2024,11,6,3,6,1
32,30.7,25,974.0,20.16,69,1,0.0,2000,11,20,14,1,1
4,27.8,63,1002.0,27.72,0,0,0.0,2011,5,6,2,0,2
41,28.1,41,1011.4,51.12,3,0,0.0,2002,1,8,17,5,3
38,23.7,95,998.4,28.8,100,2,0.4,2004,7,27,0,5,0
28,28.8,54,1008.3,18.72,60,1,0.0,2011,1,26,18,6,3
32,23.8,84,976.6,16.92,95,2,1.1,2024,4,12,0,0,2
22,26.4,82,973.7,29.16,95,1,0.0,2021,9,11,21,2,1
40,22.6,92,952.4,46.08,100,1,0.0,2007,9,4,2,5,1
12,17.7,66,988.0,31.32,0,0,0.0,2021,11,24,20,6,1
16,26.8,72,944.3,79.2,99,2,0.7,1999,6,18,15,0,0
30,22.7,89,1010.1,20.88,9,0,0.0,2013,11,11,4,1,1
1,24.7,85,1000.0,33.48,14,0,0.0,2013,9,5,4,4,1
6,32.8,48,982.3,94.68,31,0,0.0,2021,8,23,22,1,0
13,17.3,55,931.4,27.72,11,0,0.0,1996,1,8,5,1,3
27,26.3,84,980.5,18.36,18,0,0.0,2004,10,4,0,1,1
5,25.3,34,948.6,21.6,81,1,0.0,1998,2,17,12,5,3
45,27.4,54,982.3,28.8,1,0,0.0,2019,4,5,21,0,2
3,25.6,68,973.4,21.96,25,0,0.0,2019,10,12,20,2,1
32,18.5,47,978.0,38.88,0,0,0.0,1996,12,2,22,1,3
11,20.3,89,899.5,56.88,78,2,0.2,1997,8,25,8,1,0
0,24.7,83,973.6,56.16,99,1,0.0,1997,7,27,5,3,0
11,24.2,78,896.2,29.52,68,2,0.4,2008,6,3,15,5,0
22,25.5,70,979.6,20.52,0,0,0.0,2013,10,19,19,2,1
25,22.5,92,946.9,15.12,34,0,0.0,2011,10,19,5,6,1
9,25.3,44,1010.3,41.4,0,0,0.0,2000,11,28,21,5,1
39,24.2,76,946.5,42.84,100,1,0.0,1997,9,22,9,1,1
7,25.2,51,914.1,46.8,56,0,0.0,2021,12,10,16,0,3
1,26.2,84,1004.5,22.68,36,0,0.0,2018,9,10,20,1,1
25,26.9,72,944.5,98.64,99,2,0.4,2015,7,18,12,2,0
20,31.4,34,1006.9,24.48,0,0,0.0,1997,11,8,10,2,1
11,18.3,93,900.7,72.36,99,2,0.1,2022,11,3,8,4,1
35,25.6,87,961.5,14.4,41,2,1.3,1998,7,20,22,1,0
45,33.6,37,978.8,23.76,53,0,0.0,2008,4,9,15,6,2
20,25.6,93,995.5,28.08,0,0,0.0,2017,5,17,1,6,2
10,27.0,22,986.0,106.56,2,0,0.0,2023,2,9,11,4,3
38,24.9,95,999.6,11.16,5,0,0.0,2018,4,14,3,2,2
18,31.0,43,949.1,53.28,16,0,0.0,2012,6,20,3,6,0
39,29.8,31,947.1,46.8,0,0,0.0,2002,1,11,14,0,3
16,17.5,65,957.7,34.92,0,0,0.0,2024,2,17,6,2,3
43,27.5,84,1008.7,37.8,96,2,0.1,2018,8,4,13,2,0
35,24.7,80,963.0,35.64,99,1,0.0,2013,10,13,23,3,1
36,29.1,62,948.4,36.36,100,1,0.0,2018,10,5,14,0,1
31,24.1,77,930.2,17.28,52,0,0.0,2006,3,5,20,3,2
16,28.9,60,952.9,53.64,95,1,0.0,2002,10,18,12,0,1
32,35.0,13,970.7,36.72,0,0,0.0,1999,3,26,18,0,2
25,20.1,91,950.1,10.44,2,0,0.0,1998,11,19,8,4,1
41,20.6,91,1008.0,23.76,0,0,0.0,2020,2,20,3,4,3
18,20.7,50,965.8,16.92,0,0,0.0,2014,12,23,13,5,3
4,25.6,77,999.9,46.08,0,0,0.0,2003,5,6,2,5,2
14,13.6,68,990.6,24.84,0,0,0.0,2021,11,16,2,5,1
14,30.2,63,977.4,33.12,4,0,0.0,2018,8,2,0,4,0
26,29.0,74,1008.6,39.6,100,1,0.0,2014,4,2,9,6,2
23,34.9,51,988.7,27.72,100,1,0.0,2004,5,16,12,3,2
28,25.1,89,1008.1,11.16,59,0,0.0,2001,9,15,1,2,1
44,32.6,16,950.2,20.16,0,0,0.0,2009,4,10,13,0,2
14,36.2,24,983.8,33.84,96,1,0.0,2018,5,4,17,0,2
31,24.4,54,927.6,6.84,99,1,0.0,2008,10,27,18,1,1
12,24.9,41,982.2,30.6,0,0,0.0,2019,10,22,18,5,1
7,24.5,62,908.5,46.8,92,1,0.0,2008,7,11,19,0,0
32,21.1,56,979.8,30.6,74,1,0.0,2025,1,12,0,3,3
33,29.1,28,950.1,34.2,0,0,0.0,2018,11,12,11,1,1
28,30.1,73,1005.1,27.36,78,1,0.0,2006,5,8,15,1,2
43,27.5,54,1010.8,45.0,77,1,0.0,2014,12,6,10,2,3
37,26.0,89,984.7,56.16,100,1,0.0,2005,7,27,3,6,0
33,22.3,95,943.3,63.0,100,2,0.2,2006,8,21,0,1,0
18,27.8,49,951.7,74.52,5,0,0.0,1999,5,29,6,2,2
0,26.0,81,972.4,43.56,100,1,0.0,2020,6,18,4,4,0
29,31.7,68,1004.6,46.08,76,2,0.1,2018,5,4,14,0,2
40,25.9,72,952.3,76.68,95,1,0.0,2011,6,22,21,6,0
40,24.9,89,956.9,57.96,99,2,1.6,2021,5,30,0,3,2
37,33.7,27,994.3,43.56,30,0,0.0,2008,10,22,16,6,1
15,19.9,55,945.2,37.08,0,0,0.0,2025,11,17,21,1,1
3,28.1,30,976.0,50.4,0,0,0.0,2019,3,23,8,2,2
1,14.6,45,1012.5,33.84,0,0,0.0,2019,2,9,22,2,3
43,25.1,93,1008.5,24.48,100,2,1.2,2009,6,13,18,2,0
36,16.6,62,947.9,16.56,0,0,0.0,2005,12,22,23,4,3
6,23.5,33,993.4,15.12,100,1,0.0,2026,2,12,19,4,3
20,32.8,54,996.7,75.6,68,1,0.0,2010,6,5,17,2,0
7,21.4,91,906.9,53.64,100,2,0.3,2003,7,24,17,4,0
32,16.4,52,979.1,30.24,0,0,0.0,2012,2,4,0,2,3
29,27.3,79,1010.1,29.16,15,0,0.0,2010,1,13,18,6,3
33,16.5,54,945.3,19.44,11,0,0.0,2012,3,12,6,1,2
8,27.8,41,1012.3,26.28,2,0,0.0,1996,12,1,10,3,3
35,38.6,25,963.1,31.32,2,0,0.0,1996,5,26,10,3,2
34,27.8,24,980.0,35.64,0,0,0.0,1999,4,8,22,4,2
46,25.3,60,927.3,29.52,34,0,0.0,1998,11,15,11,3,1
30,27.3,88,1001.8,74.52,100,2,0.6,2012,7,8,13,3,0
33,21.5,37,945.1,12.24,0,0,0.0,2008,3,2,2,3,2
35,21.1,79,973.3,24.12,0,0,0.0,2022,12,29,7,4,3
13,26.2,48,932.7,1.44,0,0,0.0,2018,3,4,9,3,2
25,29.7,23,948.2,20.88,0,0,0.0,2011,1,17,17,1,3
8,27.9,83,1002.4,46.08,90,1,0.0,2014,7,6,3,3,0
3,19.4,70,975.8,23.76,0,0,0.0,2006,12,12,22,5,3
3,24.5,92,965.1,58.68,100,1,0.0,2023,6,28,5,6,0
28,28.0,75,1011.1,51.48,0,0,0.0,2024,2,21,22,6,3
37,26.6,82,990.0,37.44,100,1,0.0,2022,6,14,5,5,0
2,28.0,38,959.0,27.0,0,0,0.0,2015,10,6,8,5,1
31,21.3,78,925.1,52.56,100,2,0.9,1996,10,19,14,2,1
17,23.8,74,896.3,9.36,97,2,0.6,2012,4,20,15,0,2
16,23.7,90,944.1,65.52,95,2,0.7,2000,6,30,15,0,0
24,23.8,95,1008.7,12.96,100,1,0.0,2008,8,9,0,2,0
3,27.4,37,979.3,9.36,0,0,0.0,2023,12,25,12,1,3
9,26.6,90,1000.9,42.12,100,3,7.1,2016,8,25,17,4,0
14,30.3,71,982.6,61.56,41,0,0.0,2013,8,3,8,2,0
46,27.6,65,931.2,37.44,100,1,0.0,2023,5,26,11,0,2
20,33.3,39,998.3,58.32,0,0,0.0,2011,4,13,18,6,2
38,25.9,57,1000.8,37.8,2,0,0.0,2010,2,24,18,6,3
30,26.4,93,1005.2,45.0,100,2,0.8,2007,9,18,20,5,1
22,26.2,32,980.2,8.28,0,0,0.0,1998,12,20,14,3,3
21,28.1,58,957.2,38.52,98,1,0.0,2020,6,5,21,0,0
0,21.5,64,980.6,5.04,0,0,0.0,2022,10,24,23,1,1
37,20.4,18,996.0,38.52,0,0,0.0,1999,3,21,23,3,2
25,20.8,96,943.7,76.32,100,2,0.8,2014,7,22,20,5,0
16,23.7,51,957.8,35.64,3,0,0.0,2014,3,13,23,4,2
37,25.0,97,997.4,13.68,100,1,0.0,2024,10,14,22,1,1
19,20.5,34,993.6,38.88,5,0,0.0,1998,12,7,9,1,3
31,22.9,62,930.2,48.6,92,1,0.0,2025,1,18,20,2,3
16,16.2,84,956.5,24.48,0,0,0.0,2004,11,25,4,4,1
26,26.2,86,1008.5,10.8,29,0,0.0,2013,4,14,3,3,2
7,30.1,22,914.1,48.96,92,1,0.0,2025,2,5,13,6,3
35,26.6,69,967.8,12.24,27,0,0.0,1996,11,9,18,2,1
32,31.9,61,967.6,29.52,91,2,0.1,2008,6,8,12,3,0
34,30.4,73,977.0,28.44,90,1,0.0,2002,8,1,0,4,0
18,17.6,52,971.4,27.36,14,0,0.0,2015,12,29,9,5,3
10,25.8,68,982.1,37.8,31,0,0.0,2023,5,30,1,5,2
29,27.2,86,1007.3,27.0,89,2,0.6,2010,4,30,0,0,2
39,23.4,85,941.3,58.68,100,2,0.6,2011,7,25,16,1,0
11,21.5,84,897.0,28.8,100,1,0.0,2003,9,26,18,0,1
7,24.5,66,914.3,59.76,99,1,0.0,2006,10,5,10,4,1
19,10.9,44,987.6,38.88,0,0,0.0,2001,2,7,5,6,3
42,24.7,89,1008.8,70.92,98,2,0.1,1998,8,7,8,0,0
31,25.4,44,929.6,27.36,91,1,0.0,2002,1,25,21,0,3
35,29.7,56,965.5,37.8,66,1,0.0,2002,9,16,16,1,1
34,30.6,52,981.6,25.2,40,2,0.3,2020,5,30,13,2,2
25,24.7,80,948.0,37.8,5,0,0.0,2015,4,23,0,4,2
5,26.0,75,938.1,58.32,100,2,0.6,1999,7,14,15,6,0
4,29.6,60,1004.6,9.72,35,2,0.5,2002,9,19,16,4,1
20,29.2,79,986.9,25.92,83,2,0.4,2022,8,8,14,1,0
26,30.0,75,1006.8,37.8,93,2,0.4,2005,5,15,14,3,2
36,26.2,69,947.5,53.28,55,0,0.0,2011,9,19,16,1,1
34,23.6,48,980.1,23.76,18,0,0.0,2002,4,15,5,1,2
25,19.5,66,952.4,29.16,7,0,0.0,2009,1,8,8,4,3
30,33.4,53,1006.8,40.68,83,1,0.0,2001,4,21,12,2,2
34,11.9,54,991.3,27.0,0,0,0.0,2020,12,28,18,1,3
39,18.0,55,944.8,37.8,0,0,0.0,2021,3,4,4,4,2
45,39.1,27,974.4,51.48,42,0,0.0,2016,5,29,14,3,2
0,26.3,83,970.8,50.04,100,2,0.1,2024,7,14,0,3,0
13,18.2,41,934.3,28.44,27,0,0.0,2001,12,13,0,4,3
18,29.5,69,951.8,25.92,99,2,0.2,2015,8,9,17,3,0
13,24.3,79,929.8,52.56,81,2,0.1,2021,9,2,9,4,1
42,29.8,53,1003.4,50.76,7,0,0.0,2012,2,26,14,3,3
1,28.6,29,1005.7,19.44,0,0,0.0,2006,11,28,13,5,1
32,25.9,83,963.4,50.76,99,2,0.3,2009,7,16,12,4,0
8,28.4,72,1004.7,72.36,0,0,0.0,1997,5,30,0,0,2
16,22.6,95,952.0,20.16,99,1,0.0,2002,10,12,23,2,1
18,29.7,30,966.8,37.8,42,0,0.0,2023,11,10,13,0,1
42,28.4,75,1005.0,24.48,92,1,0.0,2017,9,10,13,3,1
5,24.5,19,944.1,39.24,5,0,0.0,2011,3,30,1,6,2
30,28.6,57,1010.9,19.8,0,0,0.0,2009,3,27,10,0,2
36,24.2,71,946.4,40.32,1,0,0.0,1996,4,28,22,3,2
24,26.8,72,1009.4,34.92,29,0,0.0,2000,12,12,16,5,3
23,26.7,73,991.1,38.16,10,0,0.0,2006,4,12,1,6,2
3,31.7,44,965.5,27.36,80,1,0.0,2021,6,1,1,5,0
16,21.8,52,958.2,28.08,0,0,0.0,2013,1,9,21,6,3
27,11.1,87,988.1,18.72,58,0,0.0,2009,11,23,7,1,1
3,35.6,21,972.3,33.84,45,0,0.0,2024,4,6,10,2,2
24,26.0,88,1011.8,18.0,100,1,0.0,2000,6,13,11,5,0
1,26.1,42,1007.0,30.6,0,0,0.0,2004,11,24,19,6,1
5,19.7,90,944.5,7.56,100,2,0.9,1997,12,8,5,1,3
0,30.0,71,974.4,23.04,31,2,0.1,2024,9,21,16,2,1
29,25.5,89,1008.7,21.6,28,0,0.0,2007,11,5,23,1,1
34,23.5,78,984.0,26.28,0,0,0.0,2012,9,30,23,3,1
44,32.8,18,946.2,37.44,2,0,0.0,2015,5,7,20,4,2
25,22.6,89,943.8,26.28,23,0,0.0,1999,5,14,6,0,2
35,34.2,25,966.6,28.8,54,0,0.0,2026,3,17,12,5,2
26,26.5,83,1008.7,19.8,94,1,0.0,2009,11,17,19,5,1
20,25.0,95,998.4,36.36,43,0,0.0,2020,5,25,2,1,2
1,27.4,35,1009.5,16.56,0,0,0.0,2011,1,24,12,1,3
18,31.4,59,957.2,60.12,78,1,0.0,2021,8,13,11,0,0
39,19.7,79,945.8,11.16,1,0,0.0,2012,12,1,1,2,3
11,19.8,96,897.6,14.4,93,1,0.0,2009,9,16,1,6,1
23,29.5,59,999.9,21.24,77,1,0.0,2004,11,14,12,3,1
28,27.0,82,1005.7,42.48,98,2,0.1,1999,8,21,15,2,0
9,24.8,87,1011.0,33.48,52,2,0.2,2010,11,15,5,1,1
17,18.0,95,897.8,28.44,19,0,0.0,2021,9,9,1,4,1
13,30.1,26,931.2,64.08,100,1,0.0,2015,12,6,15,3,3
7,20.5,97,909.0,20.88,99,1,0.0,2024,8,13,4,5,0
33,20.5,91,942.5,51.48,96,1,0.0,2018,9,7,2,0,1
18,21.2,34,963.9,23.4,0,0,0.0,2020,12,23,16,6,3
35,37.2,30,961.4,53.28,88,1,0.0,2023,6,13,12,5,0
41,24.8,31,1016.5,57.24,0,0,0.0,2012,1,13,11,0,3
12,26.4,87,974.0,38.88,79,1,0.0,2017,8,3,5,4,0
31,20.6,86,928.5,53.28,100,1,0.0,2006,8,30,7,6,0
45,22.2,89,984.3,27.72,92,2,0.2,1997,12,25,0,4,3
42,25.7,81,1012.3,22.68,26,0,0.0,1997,1,10,22,0,3
4,26.5,86,1004.4,15.12,4,0,0.0,1997,6,5,5,4,0
7,34.0,24,909.4,54.36,27,0,0.0,1999,4,7,14,6,2
22,27.6,74,978.3,42.84,71,1,0.0,2008,9,24,9,6,1
23,28.5,50,999.3,34.2,100,1,0.0,2025,12,2,10,5,3
36,24.7,81,951.5,11.88,85,1,0.0,2008,10,8,9,6,1
33,27.3,61,947.1,30.96,0,0,0.0,2015,9,28,10,1,1
37,35.6,29,1000.3,21.24,29,0,0.0,2015,10,18,11,3,1
28,24.2,96,1009.1,9.0,98,1,0.0,1999,9,24,6,0,1
23,26.2,45,999.0,10.8,13,0,0.0,1999,12,25,18,2,3
27,24.1,40,986.7,28.08,1,0,0.0,2002,11,5,8,5,1
22,33.8,51,976.8,27.72,5,0,0.0,2018,5,23,9,6,2
22,22.3,96,978.9,5.4,100,2,4.4,2006,4,17,7,1,2
17,17.6,100,892.9,28.08,93,2,0.1,1996,7,12,4,0,0
33,22.8,88,945.8,57.96,24,0,0.0,2008,5,17,0,2,2
42,25.3,89,1006.0,68.76,100,2,0.2,2015,6,17,19,6,0
37,32.0,58,988.4,20.88,72,1,0.0,1999,6,18,10,0,0
22,27.5,65,976.6,35.28,95,2,0.1,2021,6,4,2,0,0
7,25.6,51,913.5,31.68,3,0,0.0,2023,5,17,21,6,2
24,24.8,94,1010.7,20.88,68,1,0.0,2016,10,29,22,2,1
27,29.0,74,977.2,29.52,98,1,0.0,2011,9,10,11,2,1
15,31.9,53,938.6,65.16,60,1,0.0,2015,5,22,17,0,2
30,29.6,57,1006.9,63.72,0,0,0.0,2011,4,4,17,1,2
20,32.7,43,1000.6,33.84,13,0,0.0,2019,10,13,14,3,1
20,27.2,84,1000.1,53.28,56,0,0.0,2015,9,14,8,1,1
27,39.3,25,974.4,50.4,6,0,0.0,2007,5,21,12,1,2
20,20.4,26,1005.0,36.72,0,0,0.0,2000,12,5,23,5,3
38,31.7,46,1004.3,40.32,1,0,0.0,1998,1,31,16,2,3
20,27.6,26,1002.3,45.72,0,0,0.0,2013,2,8,17,0,3
19,13.3,76,989.4,34.92,0,0,0.0,2013,1,12,4,2,3
3,35.3,28,968.5,39.6,12,0,0.0,2013,5,7,8,5,2
40,23.6,92,952.7,65.52,100,2,5.0,2024,7,13,0,2,0
34,28.5,82,975.2,50.4,100,1,0.0,2004,8,3,10,5,0
36,22.2,93,949.6,20.88,83,1,0.0,2017,9,23,22,2,1
29,31.4,68,1004.3,50.04,9,0,0.0,2018,4,9,15,1,2
14,10.8,73,996.9,33.84,0,0,0.0,2003,11,21,8,0,1
11,22.9,84,895.5,46.08,100,2,0.2,2023,6,19,16,1,0
28,23.4,97,1006.9,30.96,97,2,2.2,2017,10,2,5,1,1
11,22.4,91,900.1,17.28,29,0,0.0,2016,4,2,1,2,2
35,23.0,46,965.3,31.68,0,0,0.0,2010,2,24,23,6,3
36,31.2,22,954.7,50.4,0,0,0.0,2006,2,4,14,2,3
14,40.7,17,981.3,32.04,0,0,0.0,2013,6,1,12,2,0
30,27.4,46,1014.8,41.04,0,0,0.0,2007,1,8,10,1,3
24,25.5,94,1008.2,9.36,96,1,0.0,2002,4,20,4,2,2
2,28.2,59,953.0,54.36,3,0,0.0,2015,9,15,8,5,1
5,26.6,31,946.0,27.36,5,0,0.0,2008,3,16,8,3,2
0,23.1,42,982.0,10.44,0,0,0.0,2011,12,11,0,3,3
33,23.6,91,937.4,70.92,100,1,0.0,2007,7,3,16,5,0
13,13.2,77,928.7,31.68,0,0,0.0,1999,1,4,6,1,3
5,22.0,98,939.7,19.8,98,2,1.0,1999,7,7,6,6,0
9,32.0,59,999.0,77.04,100,1,0.0,2021,5,16,23,3,2
16,26.7,75,953.8,52.2,100,2,0.3,2001,9,5,10,6,1
30,24.0,87,1010.2,31.68,0,0,0.0,2011,3,22,23,5,2
37,32.0,28,998.6,20.16,0,0,0.0,2017,11,7,12,5,1
13,18.3,70,930.1,22.32,0,0,0.0,2009,2,4,4,6,3
45,18.1,65,985.7,29.88,0,0,0.0,2005,2,2,23,6,3
0,24.5,93,977.9,19.44,92,1,0.0,2010,10,20,23,6,1
12,17.3,74,984.3,18.72,0,0,0.0,1996,11,4,1,1,1
18,19.6,40,967.8,23.4,0,0,0.0,2001,12,2,9,3,3
5,23.1,69,944.8,31.68,14,0,0.0,2002,2,9,18,2,3
34,23.6,46,986.5,29.52,92,1,0.0,2006,1,16,17,1,3
16,26.0,74,952.7,45.36,60,2,2.2,2002,9,17,17,5,1
34,22.1,32,990.5,40.32,96,1,0.0,2001,3,3,18,2,2
46,21.2,94,926.7,46.8,100,2,1.2,1999,7,26,11,1,0
32,23.5,74,970.6,37.8,26,0,0.0,2020,10,4,1,3,1
23,26.8,86,991.4,25.56,87,2,0.8,2017,7,7,23,0,0
24,24.4,93,1009.7,5.76,100,1,0.0,2016,12,1,2,4,3
25,23.8,91,947.7,39.24,52,0,0.0,2025,4,3,3,4,2
20,21.7,83,1002.9,27.72,0,0,0.0,2008,11,1,23,2,1
22,24.1,92,971.4,41.76,100,2,0.2,2003,8,9,0,2,0
2,27.0,86,947.3,62.28,0,0,0.0,2023,7,4,5,5,0
4,25.8,59,1004.8,15.12,11,0,0.0,2019,4,16,23,5,2
8,31.5,41,1007.1,28.8,20,0,0.0,2014,11,11,18,5,1
20,21.1,24,1003.9,34.92,0,0,0.0,2008,2,12,19,5,3
9,26.1,88,994.3,90.72,100,2,4.0,2006,7,29,16,2,0
17,19.7,90,895.2,16.92,100,1,0.0,2003,4,29,2,5,2
39,28.9,58,943.8,72.36,100,1,0.0,2022,6,9,11,4,0
33,14.5,95,949.9,32.4,0,0,0.0,2009,11,21,7,2,1
23,23.6,81,1001.2,37.8,88,1,0.0,2019,12,16,8,1,3
38,24.0,95,999.3,55.8,100,2,0.5,2014,9,5,2,0,1
37,16.7,59,999.4,36.0,0,0,0.0,2001,2,7,0,6,3
41,26.0,41,1010.3,49.68,0,0,0.0,2012,1,23,17,1,3
22,30.0,66,982.9,29.52,14,0,0.0,2008,10,11,11,2,1
41,28.6,84,998.3,100.8,100,2,0.2,2007,7,4,18,6,0
1,35.0,10,1005.7,29.16,0,0,0.0,2021,3,2,16,5,2
22,31.9,28,981.3,20.16,0,0,0.0,1999,2,14,14,3,3
24,24.3,94,1009.0,14.4,89,1,0.0,2008,9,19,6,0,1
37,19.1,56,995.7,33.12,0,0,0.0,2006,3,18,3,2,2
11,20.7,89,896.2,35.28,100,1,0.0,2008,6,27,18,0,0
23,21.4,78,1000.5,16.92,93,1,0.0,2002,2,1,3,0,3
28,25.1,85,1010.3,7.2,2,0,0.0,2002,1,25,1,0,3
5,27.4,47,943.0,29.52,54,0,0.0,2001,10,17,16,6,1
30,26.0,62,1007.9,50.4,0,0,0.0,2000,3,21,20,5,2
26,25.5,95,1008.0,9.36,97,1,0.0,2015,4,24,5,0,2
28,23.8,93,1006.7,23.76,100,2,0.9,2013,7,26,6,0,0
25,24.7,82,944.5,82.44,100,2,0.4,1998,7,4,15,2,0
13,24.1,77,923.4,82.44,100,2,0.2,2025,5,27,17,5,2
31,27.5,31,925.7,32.76,91,1,0.0,2022,3,18,19,0,2
16,24.9,38,955.2,36.72,0,0,0.0,2009,2,19,22,4,3
10,32.2,56,971.2,65.16,2,0,0.0,2001,7,5,21,4,0
46,20.8,99,926.6,47.88,100,2,1.1,2006,7,13,11,4,0
10,34.1,20,986.0,6.48,0,0,0.0,1999,10,16,12,2,1
27,22.6,41,983.4,29.52,0,0,0.0,2001,11,2,0,0,1
11,17.7,83,896.5,10.44,2,0,0.0,2000,3,19,5,3,2
14,32.9,64,983.3,25.92,53,0,0.0,2015,8,12,15,6,0
42,24.9,80,1011.0,13.32,1,0,0.0,2006,1,28,0,2,3
9,24.5,77,1007.7,28.8,0,0,0.0,1996,4,14,6,3,2
7,19.3,99,911.1,11.16,100,1,0.0,2006,11,1,2,6,1
20,34.1,21,1001.8,38.88,0,0,0.0,1999,2,28,15,3,3
10,29.5,23,982.9,23.4,0,0,0.0,2014,11,27,17,4,1
36,16.1,54,950.5,28.8,0,0,0.0,2017,1,4,1,6,3
43,26.6,89,1002.3,12.96,100,2,2.5,2024,5,24,10,0,2
15,24.4,87,937.8,40.68,99,1,0.0,2021,7,6,20,5,0
46,17.6,73,928.7,19.44,59,0,0.0,2003,1,13,2,1,3
46,18.1,94,924.8,21.96,44,0,0.0,2004,12,15,3,6,3
43,30.1,63,1010.9,46.44,40,0,0.0,2005,3,5,18,2,2
40,18.8,71,960.8,43.56,1,0,0.0,2023,12,14,5,4,3
13,21.0,96,927.9,75.6,99,1,0.0,2019,8,24,4,2,0
44,15.6,35,952.7,14.4,19,0,0.0,1996,11,18,6,1,1
32,29.6,73,971.1,25.92,88,1,0.0,2016,9,16,11,0,1
12,38.1,37,972.0,79.2,33,0,0.0,2002,7,24,16,6,0
19,17.7,22,986.7,39.24,0,0,0.0,2001,1,29,23,1,3
10,9.9,87,995.4,37.44,0,0,0.0,2017,12,16,1,2,3
4,21.6,68,998.4,22.68,0,0,0.0,2021,10,16,1,2,1
14,17.6,59,993.1,29.88,0,0,0.0,2009,10,23,2,0,1
19,16.7,43,987.2,36.0,0,0,0.0,2014,11,23,4,3,1
0,39.0,26,972.9,51.84,31,0,0.0,2006,5,22,14,1,2
39,29.0,25,947.7,68.76,100,1,0.0,2011,11,21,13,1,1
7,20.9,69,913.5,43.92,99,1,0.0,2019,12,15,19,3,3
21,28.1,62,956.3,90.72,52,2,0.1,2005,8,12,12,0,0
11,19.9,99,900.7,33.84,100,1,0.0,2019,3,31,1,3,2
17,26.5,37,902.7,9.36,4,0,0.0,2002,3,14,10,4,2
18,27.0,18,958.2,33.48,0,0,0.0,1998,4,13,20,1,2
15,21.0,51,944.4,26.64,91,1,0.0,2015,1,17,21,2,3
22,25.0,61,978.1,29.88,93,1,0.0,2017,11,3,17,0,1
21,21.8,38,959.0,29.88,0,0,0.0,2026,3,6,6,0,2
20,26.0,52,1004.2,25.2,1,0,0.0,1997,10,18,22,2,1
22,23.1,65,982.0,50.4,0,0,0.0,2018,1,23,9,5,3
27,18.8,55,982.6,26.28,0,0,0.0,1998,11,14,0,2,1
27,12.9,35,989.1,33.48,0,0,0.0,2000,1,16,20,3,3
18,20.4,99,956.6,10.8,100,1,0.0,2008,9,21,6,3,1
20,25.1,94,987.0,58.32,100,2,1.1,2008,8,11,5,1,0
45,24.6,92,973.5,71.28,100,2,1.5,1997,8,28,9,4,0
22,18.9,52,980.6,33.84,0,0,0.0,2008,2,28,3,4,3
10,26.2,54,980.2,29.52,17,0,0.0,2015,4,6,19,1,2
16,37.1,33,948.4,21.6,97,1,0.0,2016,6,3,15,0,0
4,27.8,84,996.7,5.04,85,2,0.1,2017,6,24,8,2,0
19,17.8,88,984.0,28.8,100,2,0.9,2010,11,22,16,1,1
15,24.0,56,945.2,48.24,0,0,0.0,2024,1,22,20,1,3
27,30.3,61,973.6,65.52,70,1,0.0,2007,6,25,21,1,0
45,22.9,58,979.1,55.8,11,0,0.0,2012,2,16,1,4,3
33,22.2,98,938.4,73.08,100,2,0.3,2014,7,19,6,2,0
19,33.0,15,981.9,54.0,100,1,0.0,2022,4,12,10,5,2
3,22.9,95,962.8,90.72,100,3,6.0,2013,8,23,9,0,0
45,25.0,46,986.5,29.88,0,0,0.0,2016,11,10,9,4,1
30,26.5,90,1007.9,32.76,100,1,0.0,2010,10,20,20,6,1
3,24.5,87,964.2,59.76,100,2,0.2,2013,7,14,7,3,0
3,28.3,23,967.8,44.64,0,0,0.0,2008,4,22,6,5,2
7,18.8,90,910.5,37.8,100,1,0.0,2015,7,30,5,4,0
3,26.1,32,977.7,12.96,9,0,0.0,1998,12,5,12,2,3
11,23.0,39,903.4,75.96,100,1,0.0,2025,12,18,12,4,3
8,25.2,59,1007.3,16.92,0,0,0.0,2001,10,24,23,6,1
22,20.3,76,982.2,29.88,5,0,0.0,2003,2,6,5,4,3
14,14.6,56,999.9,19.44,0,0,0.0,2026,1,12,16,1,3
41,27.8,79,1003.0,79.2,28,0,0.0,1999,9,15,19,6,1
36,26.8,72,943.9,60.84,100,2,0.1,2007,7,21,15,2,0
0,29.5,29,978.7,43.56,9,0,0.0,2025,4,12,7,2,2
6,6.6,69,991.2,33.12,0,0,0.0,2004,2,4,7,6,3
44,32.5,26,948.2,23.04,50,0,0.0,2020,10,8,13,4,1
13,26.3,71,928.0,61.92,5,0,0.0,2008,5,2,20,0,2
41,24.0,35,1013.7,45.36,0,0,0.0,2020,2,9,20,3,3
23,26.0,53,992.7,24.12,1,0,0.0,2014,3,31,2,1,2
20,18.7,62,1007.6,42.48,0,0,0.0,2025,12,8,8,1,3
12,20.2,65,988.5,24.84,21,0,0.0,2006,11,17,23,0,1
23,28.0,84,993.5,26.28,43,0,0.0,2025,5,10,6,2,2
19,22.7,59,987.1,7.56,0,0,0.0,1998,10,27,1,5,1
35,26.9,75,963.3,18.0,100,1,0.0,2017,10,4,19,6,1
29,29.6,72,1007.8,44.28,7,0,0.0,1997,10,10,14,0,1
6,28.1,75,982.7,73.08,99,1,0.0,2004,8,18,22,6,0
23,26.2,86,995.1,24.84,67,1,0.0,2002,3,30,6,2,2
6,27.8,88,980.7,6.84,80,1,0.0,2020,8,21,8,0,0
13,31.8,50,925.9,46.8,39,0,0.0,2010,5,16,16,3,2
14,31.2,17,983.7,32.4,0,0,0.0,2022,4,10,23,3,2
33,16.6,76,945.9,31.32,0,0,0.0,2012,11,6,7,5,1
33,17.9,80,948.0,15.48,28,0,0.0,2009,12,15,5,5,3
0,28.3,51,978.0,41.4,20,0,0.0,2003,10,24,13,0,1
35,17.4,64,968.4,28.8,5,0,0.0,1999,11,30,1,5,1
14,26.1,37,991.1,27.36,0,0,0.0,2001,10,18,9,4,1
11,18.8,66,898.8,6.48,50,0,0.0,2014,11,7,6,0,1
28,24.1,93,1008.1,21.96,91,2,0.3,2001,7,27,0,0,0
5,29.2,59,942.8,40.68,25,0,0.0,2003,10,2,15,4,1
14,27.3,89,981.7,35.64,100,1,0.0,2023,7,8,22,2,0
34,33.3,21,984.4,25.92,8,0,0.0,2006,4,19,17,6,2
33,23.5,38,954.0,22.68,0,0,0.0,2023,3,3,8,0,2
33,19.8,61,948.2,24.48,0,0,0.0,2023,11,2,0,4,1
30,32.8,60,1008.3,51.84,0,0,0.0,2019,5,24,12,0,2
35,30.5,53,962.5,29.88,99,1,0.0,2018,9,13,15,4,1
11,20.4,89,897.8,50.76,99,1,0.0,2003,8,5,19,5,0
42,25.1,90,1008.0,18.36,84,1,0.0,2009,11,13,6,0,1
31,16.8,85,926.9,29.16,52,0,0.0,2008,11,4,23,5,1
2,24.0,75,952.3,34.92,2,0,0.0,2001,9,13,4,4,1
23,28.8,78,994.1,25.2,89,2,0.1,2025,9,7,10,3,1
3,29.0,53,973.5,23.4,33,0,0.0,1996,10,8,16,5,1
18,11.5,43,964.2,30.24,0,0,0.0,2006,1,14,1,2,3
16,27.9,69,950.0,74.88,100,1,0.0,2010,7,15,10,4,0
8,28.2,80,1006.8,59.76,30,0,0.0,2023,5,26,4,0,2
17,23.1,62,897.6,42.84,28,0,0.0,2017,1,10,16,5,3
28,29.6,44,1010.7,12.24,0,0,0.0,2007,11,26,12,1,1
40,22.1,60,961.4,56.16,13,0,0.0,2010,1,1,23,0,3
44,26.2,79,941.4,78.48,82,2,0.1,2020,8,25,16,5,0
21,38.2,11,958.2,18.72,0,0,0.0,2022,3,17,12,4,2
19,23.5,17,978.7,41.76,0,0,0.0,2021,4,1,3,4,2
9,24.8,53,1013.5,45.0,0,0,0.0,2005,2,10,21,4,3
9,28.3,87,996.3,33.12,100,2,3.1,2019,9,4,17,6,1
29,26.8,90,1007.3,15.48,7,0,0.0,2000,10,26,20,4,1
20,24.4,91,998.8,20.16,12,0,0.0,2012,10,4,23,4,1
16,26.7,66,951.6,75.6,100,1,0.0,2015,7,12,8,3,0
0,26.7,73,972.2,52.92,97,1,0.0,2014,7,18,7,0,0
28,25.8,77,1007.1,10.44,100,2,0.9,2007,12,19,12,6,3
37,34.4,35,994.1,18.36,46,0,0.0,2015,10,7,17,6,1
40,26.6,83,953.0,29.88,53,3,7.5,1998,7,20,19,1,0
19,22.6,24,994.4,60.48,0,0,0.0,2003,11,20,11,4,1
43,27.2,84,1007.9,38.88,90,2,0.3,2015,6,24,15,6,0
12,32.8,33,977.1,60.84,47,0,0.0,2014,5,23,20,0,2
27,24.1,50,975.9,29.52,9,0,0.0,2012,4,13,5,0,2
39,30.5,67,941.7,26.64,100,1,0.0,2024,5,22,11,6,2
23,31.8,59,986.5,55.8,94,1,0.0,2025,8,29,15,0,0
37,25.1,88,992.0,58.32,52,0,0.0,2001,5,11,4,0,2
9,30.1,33,1007.3,21.24,0,0,0.0,2020,10,28,18,6,1
31,22.6,88,928.4,38.52,100,1,0.0,2024,6,14,21,0,0
32,23.9,96,971.2,15.48,100,2,0.3,2022,7,26,5,5,0
37,30.1,67,986.5,22.68,99,2,0.2,2003,7,2,18,6,0
34,33.1,8,985.7,69.84,0,0,0.0,2005,4,12,16,5,2
3,27.0,76,965.9,34.2,100,2,0.5,2016,8,22,17,1,0
16,35.6,19,952.1,38.52,16,0,0.0,2025,4,7,16,1,2
13,22.5,81,925.2,86.4,100,1,0.0,2005,9,20,16,5,1
40,29.7,59,954.0,73.8,49,2,0.6,2002,7,27,14,2,0
22,28.6,63,975.9,45.36,100,1,0.0,2009,9,25,23,0,1
5,25.5,78,937.7,42.48,27,0,0.0,2002,6,10,5,1,0
22,28.4,78,974.3,39.24,73,2,0.4,2011,6,3,23,0,0
3,30.3,23,972.5,37.08,1,0,0.0,2024,3,9,18,2,2
27,15.5,70,980.7,25.2,22,0,0.0,1996,1,14,2,3,3
43,24.4,89,1009.3,33.84,100,1,0.0,1998,12,10,21,4,3
18,26.4,55,957.1,20.88,1,0,0.0,2020,5,14,3,4,2
32,21.1,52,978.0,18.36,0,0,0.0,2020,1,12,17,3,3
6,26.3,39,992.2,60.12,70,1,0.0,2005,2,10,19,4,3
2,33.0,12,955.8,32.76,0,0,0.0,2011,3,25,16,0,2
27,12.8,68,993.0,23.04,0,0,0.0,2004,1,7,9,6,3
22,32.0,49,975.4,65.16,97,1,0.0,2015,7,27,12,1,0
6,29.6,27,994.3,32.4,0,0,0.0,2006,11,15,11,6,1
42,25.1,80,1006.6,16.92,32,0,0.0,2008,1,22,2,5,3
0,25.8,54,983.8,33.12,0,0,0.0,2017,12,8,10,0,3
43,29.3,57,1011.2,39.96,4,0,0.0,2016,12,16,11,0,3
8,36.3,22,1005.7,29.88,4,0,0.0,2016,4,9,17,2,2
40,27.7,66,955.4,71.64,94,1,0.0,2012,8,28,10,5,0
18,26.4,42,960.9,28.8,8,0,0.0,2000,10,8,1,3,1
22,28.3,71,972.3,67.32,100,1,0.0,2025,7,3,12,4,0
30,25.5,87,1008.8,7.56,68,1,0.0,1999,4,22,6,4,2
17,24.2,70,897.0,37.8,88,2,0.3,2010,6,21,14,1,0
30,28.2,82,1005.2,35.28,100,2,0.1,2009,9,1,16,5,1
40,26.2,41,961.0,37.08,0,0,0.0,2013,1,6,10,3,3
21,31.7,57,952.4,50.4,66,1,0.0,2002,6,15,14,2,0
20,32.5,29,996.4,44.64,0,0,0.0,1999,3,7,16,3,2
3,32.7,41,962.7,38.88,4,0,0.0,1999,5,29,21,2,2
28,26.7,84,1008.9,24.48,81,1,0.0,2011,10,3,20,1,1
16,17.0,79,955.6,21.96,0,0,0.0,2021,12,25,5,2,3
34,25.6,34,985.6,38.88,61,1,0.0,2006,3,6,18,1,2
32,27.5,28,975.4,29.52,0,0,0.0,2013,12,10,13,5,3
2,20.7,57,963.5,38.16,0,0,0.0,2018,11,21,8,6,1
1,30.9,63,994.6,66.6,98,1,0.0,2015,7,11,22,2,0
43,26.1,85,1005.4,57.24,100,2,1.3,2016,7,10,16,3,0
30,27.3,86,1002.3,79.92,100,2,1.5,2005,7,4,14,1,0
10,21.8,46,987.1,27.72,25,0,0.0,2012,10,20,4,2,1
21,22.1,88,959.0,61.2,100,1,0.0,2024,9,13,7,0,1
35,41.5,18,962.2,41.04,6,0,0.0,1998,6,1,12,1,0
12,29.5,80,970.3,17.64,94,1,0.0,2011,7,21,19,4,0
26,31.9,63,1009.3,37.08,36,0,0.0,2025,4,21,10,1,2
42,24.3,90,1011.0,42.48,95,1,0.0,2008,9,15,0,1,1
16,30.7,56,952.1,74.88,56,0,0.0,2023,8,5,14,2,0
7,20.4,81,913.2,45.36,90,1,0.0,2017,10,31,20,5,1
35,24.7,89,955.5,52.92,98,2,0.1,2018,6,9,2,2,0
34,28.5,77,976.2,30.96,0,0,0.0,2021,6,25,4,0,0
12,34.1,47,972.6,5.4,74,1,0.0,2009,6,28,7,3,0
13,24.4,73,927.9,79.2,100,2,0.1,2002,7,18,13,4,0
28,29.4,50,1010.2,17.64,91,1,0.0,2007,12,25,12,5,3
36,21.7,85,948.3,30.96,30,0,0.0,2012,5,7,7,1,2
44,25.8,79,942.0,67.68,96,1,0.0,2001,7,14,19,2,0
26,26.0,91,1009.3,21.96,100,1,0.0,2011,5,29,22,3,2
37,25.1,19,998.2,34.2,0,0,0.0,2000,3,23,21,4,2
35,28.9,63,959.9,36.72,75,1,0.0,2003,6,13,4,0,0
26,25.6,78,1010.0,23.76,29,0,0.0,2003,3,10,7,1,2
39,25.5,76,947.4,23.04,43,0,0.0,2000,11,4,18,2,1
28,30.4,64,1006.0,43.92,55,0,0.0,2019,12,22,15,3,3
44,17.5,48,955.3,33.12,0,0,0.0,2021,2,20,8,2,3
44,32.8,24,951.7,14.76,14,0,0.0,1996,3,10,12,3,2
26,28.0,78,1007.1,27.36,0,0,0.0,2023,3,31,20,0,2
15,21.2,47,942.7,19.44,3,0,0.0,2000,2,22,9,5,3
4,27.0,29,1011.3,32.4,0,0,0.0,2024,1,24,13,6,3
36,21.4,99,944.6,17.28,98,1,0.0,2013,9,12,4,4,1
14,24.5,65,982.8,20.16,91,1,0.0,2017,5,22,3,1,2
32,36.1,33,966.4,25.56,92,1,0.0,2016,6,12,19,3,0
25,20.0,80,946.4,28.08,0,0,0.0,2001,3,26,7,1,2
22,24.2,94,976.0,25.56,89,1,0.0,1998,10,5,1,1,1
27,18.4,44,981.5,16.2,0,0,0.0,2025,3,19,4,6,2
35,26.6,55,967.5,30.6,78,1,0.0,2015,3,19,0,4,2
35,28.2,63,962.8,43.92,62,2,0.2,2008,6,4,2,6,0
22,31.1,35,975.0,22.32,49,0,0.0,2000,4,22,22,2,2
42,23.8,91,1009.3,55.8,100,2,0.3,1996,8,16,0,0,0
9,25.9,92,998.1,43.92,100,2,1.0,2014,8,31,4,3,0
9,28.3,74,997.8,78.84,47,0,0.0,2007,8,10,10,0,0
35,32.2,31,964.2,11.16,92,1,0.0,2004,4,5,19,1,2
4,28.9,80,1000.4,40.68,100,2,0.1,2022,9,16,10,0,1
24,27.0,82,1012.1,14.04,13,0,0.0,2003,2,28,8,0,3
42,22.5,92,1009.8,4.68,39,2,0.2,2025,12,28,4,3,3
39,22.7,88,944.4,15.48,100,1,0.0,2013,10,22,21,5,1
18,15.4,60,964.8,39.6,0,0,0.0,2025,2,12,7,6,3
6,29.9,21,988.9,17.28,0,0,0.0,2025,3,8,10,2,2
21,17.2,42,964.5,34.92,74,1,0.0,2023,2,14,7,5,3
1,14.9,57,1005.5,23.4,0,0,0.0,2008,3,2,7,3,2
32,32.0,47,969.2,62.28,9,0,0.0,2000,5,25,8,4,2
33,29.3,27,948.3,56.16,0,0,0.0,2011,11,22,14,5,1
8,34.7,47,1002.0,35.28,71,1,0.0,2024,5,21,8,5,2
36,23.7,89,946.7,38.88,91,1,0.0,2004,6,4,3,0,0
46,15.8,79,927.7,38.52,84,1,0.0,2014,1,27,5,1,3
17,16.9,95,898.5,7.92,17,0,0.0,2006,10,10,1,5,1
15,27.1,57,946.5,57.24,6,0,0.0,2001,11,18,10,3,1
9,28.2,75,1005.1,27.72,10,0,0.0,2022,10,1,20,2,1
41,28.9,46,1009.6,47.16,0,0,0.0,2014,12,9,17,5,3
25,23.0,94,943.3,59.76,100,2,0.8,2009,9,4,14,0,1
34,34.2,37,971.4,57.24,34,0,0.0,2021,7,2,1,0,0
15,27.8,60,938.3,62.64,14,0,0.0,2001,5,19,18,2,2
24,30.5,76,1010.6,40.68,56,0,0.0,2017,4,26,9,6,2
37,27.4,47,998.1,33.84,14,0,0.0,2021,12,24,14,0,3
2,20.4,54,960.1,33.84,25,0,0.0,2012,11,7,8,6,1
34,25.1,47,990.1,52.92,74,1,0.0,2020,3,30,10,1,2
31,21.7,80,933.4,22.32,11,0,0.0,1997,12,22,22,1,3
33,23.9,39,947.4,25.56,0,0,0.0,2008,4,1,9,5,2
6,30.5,43,980.1,54.72,17,0,0.0,2020,6,3,3,6,0
0,33.0,34,983.1,21.96,5,0,0.0,2018,10,16,12,5,1
39,21.4,93,945.0,68.76,99,1,0.0,2002,8,6,21,5,0
37,31.9,18,998.2,38.88,0,0,0.0,2019,1,18,14,0,3
17,16.2,88,896.9,11.16,93,1,0.0,2013,10,28,5,1,1
2,24.5,28,963.1,34.56,16,0,0.0,1999,2,27,11,2,3
23,25.1,85,991.8,19.44,99,1,0.0,2000,9,10,1,3,1
17,14.7,89,896.5,20.52,13,0,0.0,2008,1,1,1,5,3
20,26.0,40,1003.0,20.52,3,0,0.0,2020,2,10,18,1,3
44,20.8,54,953.5,16.92,0,0,0.0,2023,12,10,10,3,3
37,26.1,91,991.4,39.24,77,1,0.0,1996,6,1,3,2,0
16,22.1,43,957.5,26.64,83,1,0.0,2011,12,30,23,0,3
38,24.6,76,1003.4,11.52,17,0,0.0,2015,12,13,8,3,3
37,21.0,38,1002.4,43.2,58,0,0.0,1996,12,20,8,0,3
45,24.8,61,979.3,26.28,0,0,0.0,2007,3,27,2,5,2
31,29.7,59,925.0,14.04,45,0,0.0,2022,7,29,15,0,0
11,18.9,95,901.0,37.44,100,1,0.0,2013,11,4,6,1,1
30,25.4,95,1006.0,31.32,100,2,0.3,2005,7,13,5,6,0
36,17.5,86,950.6,14.76,0,0,0.0,2022,12,7,7,6,3
37,31.8,35,999.5,15.12,0,0,0.0,2013,11,4,14,1,1
41,16.9,58,1008.9,41.76,0,0,0.0,1996,2,1,5,4,3
25,22.3,94,943.7,83.16,99,2,2.4,2019,9,5,23,4,1
7,34.7,24,913.3,46.44,17,0,0.0,2010,3,8,14,1,2
2,20.3,38,956.6,29.52,0,0,0.0,2001,10,17,1,6,1
2,29.4,60,949.4,28.44,99,1,0.0,2009,8,15,16,2,0
30,26.2,69,1014.3,42.48,8,0,0.0,2020,1,8,10,6,3
16,25.1,46,956.8,28.08,9,0,0.0,2004,12,28,17,5,3
23,28.9,69,997.9,43.2,41,0,0.0,2005,4,5,8,5,2
36,15.4,67,948.9,25.2,0,0,0.0,2012,1,27,6,0,3
18,28.9,50,951.5,59.4,8,0,0.0,2008,6,6,3,0,0
15,23.4,93,941.6,34.92,99,2,1.3,2015,10,4,17,3,1
13,31.4,45,932.2,6.48,21,0,0.0,2002,4,8,12,1,2
6,34.0,46,981.6,36.72,0,0,0.0,2004,6,10,9,4,0
1,39.1,14,1001.9,34.56,3,0,0.0,2007,3,31,16,2,2
8,28.6,51,1007.5,24.84,30,0,0.0,1996,10,18,20,0,1
7,27.5,61,913.2,42.48,64,1,0.0,2017,10,25,14,6,1
44,22.9,19,956.7,26.64,84,1,0.0,2002,2,2,11,2,3
6,11.0,22,989.5,55.44,0,0,0.0,2012,12,29,0,2,3
14,27.7,67,987.1,26.64,0,0,0.0,2023,10,7,22,2,1
32,37.5,26,969.1,27.0,46,0,0.0,2025,6,7,16,2,0
26,27.3,79,1007.5,40.68,43,0,0.0,2013,10,3,17,4,1
4,26.6,85,1000.3,43.56,97,1,0.0,2017,8,7,23,1,0
46,20.5,96,929.4,15.48,52,0,0.0,2004,11,2,22,5,1
10,27.7,72,978.2,22.68,0,0,0.0,2022,9,22,2,4,1
1,25.7,93,1001.5,30.6,73,2,1.2,2014,8,24,11,3,0
26,28.3,80,1004.8,59.4,100,1,0.0,2025,5,21,17,6,2
37,32.2,55,997.0,18.72,5,0,0.0,2009,9,18,12,0,1
10,20.5,35,983.5,38.52,0,0,0.0,2007,10,17,4,6,1
24,24.9,90,1007.6,8.64,95,2,0.1,2008,7,15,4,5,0
16,23.9,81,948.9,84.24,100,1,0.0,2006,7,1,6,2,0
11,19.7,92,897.8,7.92,100,2,0.4,2008,11,28,12,0,1
20,17.7,65,1001.4,24.84,0,0,0.0,2010,1,7,1,4,3
32,37.3,26,969.6,7.2,0,0,0.0,1999,5,15,10,2,2
34,25.7,97,977.8,13.68,100,1,0.0,2010,9,3,23,0,1
34,36.8,41,977.0,24.12,18,0,0.0,2004,7,24,13,2,0
16,28.4,63,948.7,97.56,100,2,0.1,2014,7,18,12,0,0
32,29.5,60,966.9,70.56,99,1,0.0,1997,7,16,10,6,0
41,17.5,54,1011.8,52.56,0,0,0.0,1999,1,13,2,6,3
5,23.6,41,944.3,37.8,0,0,0.0,2001,3,22,8,4,2
20,29.9,74,992.6,92.52,52,2,0.3,2007,6,26,14,5,0
17,21.6,93,898.1,7.92,100,1,0.0,2025,4,4,17,0,2
27,22.2,40,987.9,36.36,84,1,0.0,2014,3,12,9,6,2
23,26.0,88,986.7,37.8,100,1,0.0,1999,6,12,3,2,0
3,28.7,40,973.9,10.44,0,0,0.0,2015,12,12,11,2,3
9,32.7,41,1004.1,69.12,1,0,0.0,2021,5,6,21,4,2
46,22.4,99,925.1,18.0,98,1,0.0,2006,5,11,1,4,2
27,9.7,79,983.9,4.68,0,0,0.0,2025,1,26,5,3,3
23,32.6,41,991.4,26.28,0,0,0.0,2013,4,11,19,4,2
25,26.5,48,949.3,35.28,1,0,0.0,2004,4,9,9,0,2
9,30.6,79,1005.6,18.72,26,2,0.1,2020,9,5,10,2,1
45,22.1,75,985.9,55.8,48,0,0.0,2021,2,18,8,4,3
42,27.6,70,1006.7,19.44,94,1,0.0,2011,11,23,18,6,1
46,24.6,73,927.6,6.48,79,2,0.2,2014,1,17,16,0,3
17,30.4,20,901.5,16.56,5,0,0.0,2010,2,28,12,3,3
7,21.6,80,910.7,66.24,100,2,0.1,1996,9,18,8,6,1
43,24.8,89,1008.3,39.96,100,2,2.3,2003,8,31,17,3,0
3,36.2,32,968.2,53.28,1,0,0.0,2007,5,9,10,6,2
17,18.2,100,896.4,41.76,100,2,0.8,2011,6,17,7,0,0
27,42.9,12,973.9,24.48,0,0,0.0,2010,5,20,11,4,2
36,22.5,77,947.4,20.16,12,0,0.0,1996,5,4,7,2,2
10,15.8,71,983.0,20.16,0,0,0.0,2005,3,24,7,4,2
39,22.6,57,948.4,47.16,0,0,0.0,2025,1,1,20,6,3
10,42.3,16,974.6,50.4,36,0,0.0,2009,6,21,14,3,0
4,26.3,93,992.2,73.08,100,2,1.1,2019,7,6,1,2,0
11,17.0,64,901.5,32.76,10,0,0.0,1999,2,13,2,2,3
41,23.7,57,1012.5,40.68,0,0,0.0,2015,2,11,22,6,3
9,39.0,35,1000.7,66.24,0,0,0.0,2018,5,19,13,2,2
14,18.7,44,995.1,21.96,0,0,0.0,2004,11,6,21,2,1
27,17.2,90,985.5,13.68,0,0,0.0,2026,2,21,2,2,3
0,30.2,50,977.1,21.96,43,0,0.0,2008,3,21,19,0,2
46,18.3,85,926.3,15.84,96,1,0.0,2010,12,29,0,6,3
12,38.2,24,974.5,18.0,0,0,0.0,2022,6,25,12,2,0
39,18.4,92,946.8,23.4,4,0,0.0,2019,12,10,4,5,3
24,28.3,79,1005.6,12.24,89,2,0.3,2015,4,19,17,3,2
42,26.4,58,1010.6,37.8,1,0,0.0,2021,3,4,8,4,2
39,22.1,93,943.7,35.64,100,1,0.0,2022,6,9,23,4,0
13,33.5,22,931.1,34.2,6,0,0.0,2018,3,9,14,0,2
17,22.6,72,897.8,49.32,99,2,0.1,2014,6,25,11,6,0
26,24.8,94,1008.1,31.32,93,2,0.8,2019,8,21,2,6,0
40,29.1,28,963.6,48.24,24,0,0.0,2008,1,7,13,1,3
33,24.5,39,950.7,40.68,0,0,0.0,2005,11,11,10,0,1
44,23.8,79,946.5,28.08,1,0,0.0,2017,9,27,22,6,1
44,26.5,79,940.0,48.6,100,2,0.1,2019,8,1,11,4,0
31,22.2,89,925.4,43.2,74,1,0.0,2008,5,7,2,6,2
41,27.3,30,1011.2,38.52,1,0,0.0,2012,12,27,11,4,3
26,30.0,68,1007.8,60.84,49,0,0.0,2019,2,17,16,3,3
4,37.8,15,1003.6,31.32,0,0,0.0,2007,3,28,17,6,2
36,16.2,53,949.9,32.76,86,1,0.0,2005,12,15,0,4,3
19,25.9,18,988.7,39.24,65,1,0.0,1997,3,6,20,4,2
27,35.2,26,981.7,26.64,1,0,0.0,2006,10,12,15,4,1
44,29.9,9,948.9,25.92,0,0,0.0,2005,4,12,19,5,2
39,24.1,80,947.4,21.24,100,2,0.2,2014,12,11,13,4,3
6,23.1,40,991.3,50.76,0,0,0.0,2017,11,5,3,3,1
17,23.1,58,899.5,9.0,3,0,0.0,2012,3,23,20,0,2
2,31.3,11,956.0,18.72,0,0,0.0,2007,11,2,15,0,1
20,23.5,49,1005.6,14.04,0,0,0.0,1996,1,24,22,6,3
45,24.0,81,975.6,36.72,73,1,0.0,1999,8,10,5,5,0
9,27.0,31,1009.9,31.32,0,0,0.0,1999,12,13,15,1,3
39,26.7,57,947.0,45.0,70,1,0.0,2000,12,30,12,2,3
38,22.0,70,1005.1,33.84,41,0,0.0,2014,12,7,8,3,3
18,39.8,7,951.1,47.16,51,0,0.0,2002,5,1,18,6,2
31,19.1,68,929.4,21.6,62,1,0.0,2022,1,13,22,4,3
45,26.2,67,984.1,42.48,100,1,0.0,1997,12,19,14,0,3
24,24.3,88,1008.6,14.4,100,2,1.9,2000,11,20,6,1,1
23,26.7,83,988.5,29.52,100,2,0.6,1999,5,22,3,2,2
10,28.1,65,981.1,36.36,0,0,0.0,2022,9,2,5,0,1
32,21.5,42,976.2,28.44,11,0,0.0,1997,3,5,4,6,2
11,19.1,92,899.0,41.4,100,2,0.1,1996,8,9,22,0,0
36,22.0,94,941.1,61.56,100,2,1.4,2025,8,20,4,6,0
19,30.0,51,982.4,49.32,14,0,0.0,2021,10,9,20,2,1
2,31.9,14,959.8,47.16,36,0,0.0,2017,10,29,15,3,1
10,25.6,90,970.0,53.28,100,2,0.4,1997,8,26,21,5,0
31,24.8,72,925.6,40.68,94,1,0.0,2001,9,29,10,2,1
34,31.6,26,984.5,40.32,3,0,0.0,2020,4,6,17,1,2
45,26.0,80,973.2,49.32,100,2,0.3,2016,8,1,19,1,0
8,34.4,44,1005.4,15.48,0,0,0.0,2012,5,20,10,3,2
37,31.2,33,995.4,31.68,51,0,0.0,2014,11,11,17,5,1
39,22.7,58,945.7,23.76,6,0,0.0,2000,1,11,0,5,3
40,37.9,17,954.8,83.88,48,0,0.0,2005,5,17,21,5,2
13,33.3,23,928.6,20.16,24,0,0.0,2018,4,2,17,1,2
41,25.8,90,1002.3,58.68,100,2,0.1,2004,7,27,9,5,0
33,21.5,98,942.4,66.6,100,1,0.0,2004,8,24,2,5,0
46,22.9,98,927.3,14.76,54,0,0.0,2007,4,11,22,6,2
22,26.1,39,982.1,26.64,64,1,0.0,2025,1,9,14,4,3
13,30.2,42,927.1,67.68,0,0,0.0,2005,3,30,18,6,2
26,24.7,89,1007.7,21.96,0,0,0.0,2002,3,3,2,3,2
29,29.0,79,1005.9,36.72,16,0,0.0,1998,5,1,2,0,2
30,25.9,63,1009.7,60.48,76,1,0.0,2007,2,16,18,0,3
4,23.4,46,1008.1,33.84,0,0,0.0,2022,12,1,20,4,3
8,36.8,33,1002.4,30.96,0,0,0.0,2024,5,20,9,1,2
22,19.5,78,980.2,23.04,1,0,0.0,2004,10,21,3,4,1
39,19.1,99,944.2,13.68,100,1,0.0,2017,11,16,6,4,1
19,28.7,71,975.7,75.96,41,0,0.0,2013,6,21,3,0,0
25,22.0,98,944.7,28.8,100,1,0.0,2022,5,2,3,1,2
45,26.4,90,967.9,41.4,100,2,1.0,1998,7,1,15,6,0
28,26.1,93,1011.4,11.88,23,0,0.0,2016,3,26,6,2,2
9,29.3,44,1007.2,57.24,16,0,0.0,2024,3,2,19,2,2
40,27.0,24,953.0,41.76,2,0,0.0,2010,3,24,4,6,2
34,30.5,61,974.3,46.8,10,0,0.0,2000,6,13,22,5,0
5,25.8,76,941.7,22.68,97,1,0.0,2017,9,22,17,0,1
4,23.5,46,1009.1,34.92,0,0,0.0,1998,11,26,19,4,1
21,24.9,63,962.8,33.12,10,0,0.0,2022,12,4,21,3,3
10,27.0,18,989.4,31.32,0,0,0.0,2015,11,18,17,6,1
31,25.8,70,928.4,51.12,86,1,0.0,2013,5,17,22,0,2
5,21.5,51,945.8,28.08,65,1,0.0,2001,3,5,1,1,2
38,29.6,75,998.9,54.0,94,1,0.0,2018,10,12,14,0,1
29,29.7,67,1005.5,42.12,39,0,0.0,2003,3,20,16,4,2
43,31.6,47,1006.2,74.88,61,1,0.0,2019,12,13,17,0,3
5,21.1,73,949.2,35.64,3,0,0.0,2019,11,21,22,4,1
26,25.9,84,1009.9,23.4,11,0,0.0,2018,2,17,23,2,3
16,30.8,25,954.2,32.76,0,0,0.0,2009,10,24,15,2,1
10,10.6,90,995.4,34.56,0,0,0.0,2026,1,6,23,5,3
7,18.0,79,908.5,23.4,93,1,0.0,2023,3,20,5,1,2
38,32.1,31,1003.2,33.84,0,0,0.0,2012,11,14,12,6,1
38,23.8,96,1000.9,12.24,100,1,0.0,2024,10,25,5,0,1
21,29.5,64,952.2,78.48,100,2,2.1,2022,7,1,15,0,0
4,16.9,69,1008.9,28.44,0,0,0.0,2005,11,23,5,6,1
25,20.2,86,949.6,27.72,4,0,0.0,2013,11,2,1,2,1
31,24.2,78,923.7,81.72,99,2,0.1,2014,6,9,17,1,0
30,28.8,78,1005.2,71.64,100,2,0.1,2024,8,12,14,1,0
12,25.3,31,977.3,38.88,0,0,0.0,2012,5,5,0,2,2
41,24.8,21,1014.2,53.28,0,0,0.0,2002,1,28,12,1,3
24,24.5,88,1010.8,10.44,14,0,0.0,1997,1,15,3,6,3
32,21.1,26,978.2,6.48,0,0,0.0,2021,3,6,6,2,2
8,20.6,58,1011.2,33.84,25,0,0.0,2021,2,4,2,4,3
23,27.2,61,1000.8,16.2,53,0,0.0,2003,11,30,11,3,1
6,36.4,35,981.2,29.88,54,0,0.0,1996,6,10,23,1,0
41,26.1,54,1007.9,64.08,0,0,0.0,2013,4,3,19,6,2
2,12.2,50,955.8,34.2,0,0,0.0,2017,3,13,4,1,2
23,28.4,75,993.9,20.88,96,1,0.0,2002,9,13,20,0,1
28,25.0,89,1008.3,14.76,68,1,0.0,2007,8,28,22,5,0
16,23.2,83,948.8,79.2,99,1,0.0,1999,7,24,22,2,0
9,19.9,75,1011.7,35.28,0,0,0.0,2017,12,14,18,4,3
21,24.5,81,953.1,69.12,97,2,0.4,2006,8,10,18,4,0
15,31.6,26,941.0,44.28,2,0,0.0,2023,2,8,17,6,3
46,21.1,97,923.2,48.96,100,2,0.5,2014,8,29,14,0,0
11,29.5,45,900.6,13.68,51,0,0.0,2015,4,26,13,3,2
7,22.4,74,910.9,45.0,98,1,0.0,2008,8,24,9,3,0
20,20.0,89,1000.8,27.36,0,0,0.0,1998,4,11,5,2,2
28,25.4,91,1007.6,11.88,96,1,0.0,2008,4,25,5,0,2
37,24.8,25,1003.4,45.0,0,0,0.0,2002,2,12,12,5,3
33,24.0,86,942.3,40.32,99,2,4.2,2025,9,26,13,0,1
32,22.6,71,982.6,13.68,13,0,0.0,2006,12,4,8,1,3
2,20.6,30,964.6,28.8,0,0,0.0,2022,2,28,10,1,3
45,33.0,56,971.8,27.36,99,1,0.0,2008,7,16,15,6,0
41,23.5,61,1008.3,37.44,0,0,0.0,2007,10,26,5,0,1
15,25.8,77,941.2,59.4,100,1,0.0,2002,9,4,12,6,1
29,28.0,83,1001.5,64.8,100,2,0.3,2024,8,17,15,2,0
0,29.2,28,984.7,19.44,16,0,0.0,2004,12,31,12,0,3
38,25.0,64,1005.9,14.4,53,2,0.2,2006,3,11,10,2,2
45,25.9,80,977.1,36.36,100,1,0.0,1997,8,12,3,5,0
25,22.1,95,944.8,73.08,100,2,0.3,2016,8,5,23,0,0
10,32.1,31,976.3,72.72,11,0,0.0,1999,5,13,1,4,2
21,23.6,30,962.0,34.2,0,0,0.0,1999,2,18,23,4,3
26,27.5,81,1010.5,30.24,99,1,0.0,2017,8,14,9,1,0
30,25.4,91,1009.1,22.32,72,1,0.0,1997,9,6,1,2,1
43,34.8,30,1008.8,64.44,32,0,0.0,2018,2,26,11,1,3
44,17.8,60,950.1,26.64,0,0,0.0,2009,12,11,23,0,3
28,24.0,95,1006.9,26.64,98,2,1.2,2021,9,4,6,2,1
17,23.3,77,898.8,63.72,100,1,0.0,2017,7,12,11,6,0
22,37.3,32,972.4,24.12,26,0,0.0,2011,5,26,16,4,2
25,25.5,77,944.7,50.4,97,2,0.1,2020,8,2,9,3,0
24,24.2,94,1007.1,11.52,38,0,0.0,2002,11,15,4,0,1
8,26.5,61,1007.0,41.4,0,0,0.0,2003,4,13,23,3,2
6,25.7,14,985.4,57.6,0,0,0.0,2004,3,24,0,6,2
12,29.4,69,976.8,24.12,96,1,0.0,2000,6,9,10,0,0
10,36.7,32,974.0,92.16,0,0,0.0,2004,7,21,13,6,0
45,25.8,85,972.5,25.92,96,1,0.0,2000,7,3,20,1,0
39,31.6,28,945.4,22.32,2,0,0.0,2001,2,20,18,5,3
15,22.5,90,938.7,53.28,100,1,0.0,2007,7,11,20,6,0
6,38.1,32,979.6,80.28,0,0,0.0,2007,6,7,19,4,0
7,19.9,87,908.5,59.76,100,1,0.0,2008,9,13,0,2,1
38,26.2,85,999.6,30.96,100,2,2.3,2011,9,18,16,3,1
18,18.2,53,966.4,37.08,0,0,0.0,2025,12,23,21,5,3
30,25.8,83,1010.8,32.76,7,0,0.0,2006,10,31,7,5,1
15,27.8,65,937.6,80.28,25,2,0.1,2023,8,20,16,3,0
29,27.5,57,1009.3,28.44,45,0,0.0,1997,2,10,11,1,3
28,25.9,87,1009.4,12.96,27,0,0.0,2012,3,27,2,5,2
27,18.8,70,978.5,9.0,89,2,0.3,2017,3,10,7,0,2
4,31.2,27,1007.6,16.56,92,1,0.0,2005,3,6,17,3,2
38,23.6,95,1002.3,38.88,99,2,0.9,2004,8,23,21,1,0
1,27.9,81,1000.2,46.8,97,1,0.0,2000,8,15,10,5,0
19,25.8,75,973.4,100.8,15,0,0.0,2004,5,22,5,2,2
30,31.0,47,1008.8,20.16,0,0,0.0,2007,4,12,10,4,2
16,23.0,90,951.2,47.52,38,0,0.0,2019,9,14,3,2,1
3,21.8,67,975.0,30.24,5,0,0.0,2013,11,7,20,4,1
34,28.2,85,979.8,25.56,22,0,0.0,2024,9,9,8,1,1
19,32.1,54,979.1,58.68,25,0,0.0,2001,7,31,16,5,0
43,26.5,87,1004.1,21.24,100,1,0.0,2022,6,6,19,1,0
11,25.2,67,898.0,59.76,88,2,0.5,2010,6,6,15,3,0
28,23.9,98,1007.9,16.92,100,2,0.1,2020,11,20,4,0,1
38,27.9,77,1001.5,31.68,22,0,0.0,2007,4,19,20,4,2
39,29.2,30,942.0,23.04,88,1,0.0,2017,3,4,18,2,2
14,30.2,58,981.7,15.48,11,0,0.0,1999,8,28,21,2,0
4,29.1,32,1001.3,37.08,90,1,0.0,2014,5,21,0,6,2
26,24.5,92,1005.9,53.28,100,2,0.7,2013,6,12,20,6,0
35,26.8,16,966.9,29.88,0,0,0.0,2001,2,8,19,4,3
45,33.8,40,975.3,59.4,100,1,0.0,2014,6,30,11,1,0
10,38.6,36,973.5,102.6,44,0,0.0,2020,6,23,17,5,0
26,27.1,84,1008.4,18.0,12,0,0.0,2016,3,19,4,2,2
43,22.6,96,1010.9,5.76,97,2,1.3,1997,8,7,22,4,0
28,24.6,93,1009.3,3.96,55,0,0.0,2010,10,18,20,1,1
43,24.2,96,1004.9,20.88,100,2,0.1,2022,6,6,1,1,0
2,24.0,33,957.4,30.24,0,0,0.0,1998,12,21,13,1,3
10,21.0,28,986.3,40.32,0,0,0.0,2025,3,23,3,3,2
46,35.4,12,927.1,42.12,46,0,0.0,2020,3,18,15,6,2
22,18.5,81,980.4,34.92,0,0,0.0,2004,1,20,6,5,3
19,39.0,28,976.5,72.72,23,0,0.0,2024,6,14,14,0,0
34,11.4,90,988.2,20.16,16,0,0.0,2021,1,24,1,3,3
2,15.1,40,960.0,36.72,0,0,0.0,2020,2,3,20,1,3
26,26.1,88,1012.1,12.96,50,0,0.0,2015,12,21,0,1,3
41,36.0,42,1007.3,27.0,0,0,0.0,2023,5,12,9,0,2
27,18.0,75,985.8,25.92,1,0,0.0,2011,11,25,2,0,1
33,22.0,88,945.9,24.84,56,0,0.0,2018,10,4,5,4,1
29,25.0,82,1008.7,11.88,6,0,0.0,2002,1,14,23,1,3
2,20.2,33,959.0,18.0,0,0,0.0,2004,3,4,8,4,2
9,16.7,49,1007.6,55.08,0,0,0.0,1997,2,9,7,3,3
14,34.8,28,983.8,16.92,0,0,0.0,2017,10,13,14,0,1
3,27.7,43,974.3,2.88,0,0,0.0,2008,10,21,9,5,1
29,24.7,64,1008.9,21.96,9,0,0.0,2006,3,13,8,1,2
41,26.7,33,1010.9,40.68,0,0,0.0,2001,3,8,10,4,2
18,27.4,81,953.6,23.76,83,1,0.0,2000,8,22,19,5,0
32,28.6,83,964.3,4.68,96,1,0.0,2020,9,20,18,3,1
10,26.4,84,973.0,74.52,98,1,0.0,2001,8,18,2,2,0
16,26.2,79,954.5,63.0,85,1,0.0,2016,10,9,10,3,1
33,13.7,78,947.5,27.36,54,0,0.0,2016,12,22,3,4,3
26,26.0,88,1006.8,43.92,99,2,0.5,1997,6,24,16,5,0
42,26.5,80,1011.1,8.64,100,1,0.0,1997,12,5,9,0,3
18,20.7,20,961.2,55.08,0,0,0.0,2002,1,26,16,2,3
30,25.8,85,1009.9,6.48,21,0,0.0,2003,4,12,3,2,2
43,22.7,96,1007.2,14.04,25,0,0.0,2007,11,9,4,0,1
14,34.0,54,983.6,72.72,86,2,1.5,2006,6,25,12,3,0
29,29.6,70,1008.0,43.92,1,0,0.0,1998,4,23,20,4,2
22,19.1,52,982.5,30.24,0,0,0.0,2013,3,2,6,2,2
40,32.0,31,963.7,51.84,0,0,0.0,2022,2,23,11,6,3
30,24.0,90,1010.3,17.64,0,0,0.0,2020,10,30,5,0,1
35,31.2,47,962.2,48.6,17,0,0.0,2018,5,17,23,4,2
43,23.8,98,1005.7,29.16,79,2,0.2,2018,10,7,2,3,1
44,22.5,24,948.1,45.36,0,0,0.0,2018,3,20,21,5,2
40,37.8,11,953.0,65.52,96,1,0.0,2022,3,21,17,1,2
13,14.6,77,932.1,41.04,1,0,0.0,2000,12,8,7,0,3
35,40.4,17,958.3,30.24,10,0,0.0,2002,5,1,16,6,2
8,26.8,87,1004.2,64.44,94,1,0.0,2018,8,9,22,4,0
32,29.0,45,971.7,15.84,0,0,0.0,2018,4,23,1,1,2
6,21.7,89,989.8,23.76,0,0,0.0,2011,10,8,7,2,1
24,27.1,84,1012.2,9.0,67,1,0.0,2008,10,11,8,2,1
17,23.7,50,899.4,23.04,28,0,0.0,1999,12,24,14,0,3
39,29.5,40,946.0,3.96,29,0,0.0,1997,4,19,19,2,2
38,29.0,58,999.6,58.68,0,0,0.0,2009,3,21,17,2,2
6,35.2,46,974.6,85.68,14,0,0.0,2007,6,16,21,2,0
5,23.4,84,940.7,47.16,100,1,0.0,2002,7,13,5,2,0
8,26.6,51,1010.3,36.36,0,0,0.0,2001,11,2,21,0,1
25,25.5,80,946.1,58.32,87,2,1.8,2015,9,14,14,1,1
19,18.6,69,989.2,28.8,1,0,0.0,2003,10,30,5,4,1
11,21.2,92,898.2,33.84,100,2,1.6,2007,8,1,12,6,0
13,20.8,95,924.9,86.04,100,2,1.1,2010,7,25,20,3,0
10,21.9,44,985.2,50.04,91,1,0.0,1997,11,24,15,1,1
26,25.4,93,1006.8,31.68,85,2,0.7,2020,7,19,8,3,0
25,30.1,38,951.1,10.08,0,0,0.0,2012,12,10,11,1,3
16,20.6,96,957.0,25.56,6,0,0.0,2003,11,4,2,5,1
24,24.1,93,1009.1,28.44,100,2,4.0,2008,8,15,9,0,0
45,24.5,86,970.4,38.16,98,1,0.0,2025,8,17,2,3,0
42,26.5,87,1010.0,10.8,5,0,0.0,2023,4,6,22,4,2
38,27.4,84,1000.3,15.48,44,0,0.0,2013,5,25,2,2,2
39,25.5,79,946.8,29.52,61,2,0.2,2021,10,10,9,3,1
27,25.2,37,981.5,27.0,0,0,0.0,2018,3,22,8,4,2
35,24.8,87,956.9,72.72,100,2,0.3,2018,6,11,4,1,0
16,29.6,38,947.1,59.04,93,1,0.0,2020,5,20,7,6,2
38,32.1,59,1002.5,42.12,20,0,0.0,2007,4,7,12,2,2
35,24.9,89,959.4,40.68,100,1,0.0,2013,6,9,6,3,0
5,20.1,66,944.7,24.48,88,1,0.0,2010,2,10,0,6,3
20,33.5,33,998.3,53.28,0,0,0.0,1999,4,23,10,0,2
40,22.7,90,954.3,67.32,100,2,0.4,1996,8,27,0,5,0
5,19.9,84,944.4,45.72,68,1,0.0,2003,2,19,4,6,3
27,25.6,81,972.4,37.44,98,1,0.0,2017,8,18,3,0,0
12,9.2,93,985.0,24.84,0,0,0.0,2016,12,24,6,2,3
45,18.9,69,983.4,23.04,1,0,0.0,2007,12,9,0,3,3
29,25.5,94,1001.0,61.56,100,2,2.6,2007,6,13,4,6,0
45,15.4,64,983.5,22.68,0,0,0.0,2006,2,7,6,5,3
5,17.0,92,945.5,21.6,0,0,0.0,2012,1,3,6,5,3
36,20.2,81,945.4,19.44,0,0,0.0,2004,3,22,5,1,2
6,17.5,17,993.6,20.88,0,0,0.0,2008,2,28,8,4,3
39,28.5,65,943.4,59.76,82,1,0.0,2013,5,22,17,6,2
25,26.8,28,951.1,16.2,0,0,0.0,2013,12,19,12,4,3
9,13.9,85,1013.0,27.72,0,0,0.0,2021,12,21,6,5,3
32,29.8,65,967.1,40.32,100,1,0.0,2002,7,3,18,6,0
28,30.6,54,1008.2,35.64,3,0,0.0,2005,1,5,16,6,3
30,25.2,93,1006.8,43.92,46,2,0.4,2000,7,25,6,5,0
3,23.6,91,960.1,41.4,100,2,0.2,2006,8,17,4,4,0
37,23.2,34,998.7,47.88,0,0,0.0,2022,1,19,19,6,3
25,28.8,28,948.2,14.04,41,0,0.0,1999,1,23,17,2,3
37,30.9,63,985.0,75.24,100,1,0.0,2022,6,29,20,6,0
46,21.5,65,929.0,42.84,9,0,0.0,2018,10,25,20,4,1
1,40.2,29,997.1,57.96,1,0,0.0,2024,5,31,13,0,2
17,24.0,78,897.1,73.44,100,2,0.1,2024,7,2,12,5,0
22,27.8,71,979.7,24.48,22,0,0.0,2018,5,4,7,0,2
22,24.5,95,981.0,39.24,100,1,0.0,2019,9,28,2,2,1
17,22.7,70,900.7,12.24,34,2,0.1,2002,2,7,10,4,3
23,21.3,96,997.0,32.04,100,1,0.0,2025,3,7,7,0,2
43,23.6,90,1007.5,11.16,8,0,0.0,1999,2,1,2,1,3
38,25.3,93,998.7,7.56,100,1,0.0,1998,7,23,0,4,0
22,25.1,75,973.6,56.52,97,1,0.0,2021,8,1,5,3,0
8,25.0,88,1006.6,44.64,98,2,1.0,2025,10,25,23,2,1
30,28.8,64,1011.6,45.72,16,0,0.0,2014,11,20,21,4,1
2,40.3,7,955.8,39.24,0,0,0.0,2010,4,14,12,6,2
38,23.8,95,998.9,26.64,100,2,0.1,2009,9,10,6,4,1
19,36.5,29,976.6,59.04,0,0,0.0,2025,6,3,12,5,0
35,28.3,35,967.3,18.72,1,0,0.0,2022,11,27,11,3,1
10,20.1,47,989.4,49.32,50,0,0.0,2015,3,13,0,0,2
46,16.0,91,925.8,21.96,56,0,0.0,2011,12,20,2,5,3
4,33.5,25,1006.1,2.88,14,0,0.0,2020,10,29,13,4,1
31,25.6,65,927.6,60.84,70,2,0.2,2004,8,23,16,1,0
43,26.3,95,1005.0,5.76,100,1,0.0,2004,4,29,23,4,2
19,28.8,48,980.5,64.44,73,1,0.0,1998,4,25,3,2,2
45,27.3,83,972.1,9.72,100,1,0.0,2022,8,4,18,4,0
15,28.5,24,940.7,30.24,24,0,0.0,1997,1,25,18,2,3
11,17.1,90,898.7,12.24,66,1,0.0,2007,2,7,3,6,3
31,22.9,86,927.3,37.8,100,1,0.0,1998,8,18,20,5,0
28,27.5,68,1008.7,41.76,8,0,0.0,1997,2,12,18,6,3
45,16.0,39,986.1,28.08,0,0,0.0,2003,1,17,5,0,3
30,23.3,65,1012.1,40.68,0,0,0.0,1997,2,6,19,4,3
29,27.0,84,1003.5,47.16,98,2,4.7,2011,11,2,15,6,1
3,28.9,76,963.9,6.48,70,2,2.1,1998,8,25,16,5,0
4,19.6,71,1006.7,23.76,0,0,0.0,2021,11,27,3,2,1
0,26.0,81,976.5,44.28,100,1,0.0,1998,8,4,7,5,0
17,22.3,91,898.2,54.72,100,2,0.1,2017,7,2,11,3,0
8,27.5,83,1001.0,41.4,98,1,0.0,1996,9,14,20,2,1
29,27.0,81,1005.2,60.84,100,2,0.3,2004,7,17,13,2,0
34,27.7,80,978.3,47.16,99,1,0.0,2017,7,28,6,0,0
38,27.0,80,1002.0,41.4,99,1,0.0,2020,12,11,16,0,3
20,26.8,49,1001.4,47.88,0,0,0.0,2019,11,27,18,6,1
13,21.1,94,927.8,46.44,100,1,0.0,2004,7,6,1,5,0
29,27.0,85,1005.4,11.16,10,0,0.0,2025,4,20,5,3,2
46,21.7,93,923.6,36.0,100,1,0.0,1998,10,6,17,5,1
37,35.1,37,989.6,81.0,0,0,0.0,2008,5,20,17,5,2
19,28.3,58,987.3,38.88,28,0,0.0,2002,9,19,23,4,1
32,28.0,78,964.2,28.8,100,2,0.1,1998,6,26,6,0,0
27,38.8,10,977.6,64.08,0,0,0.0,2018,4,17,17,5,2
0,18.8,52,982.9,29.88,0,0,0.0,2022,2,23,6,6,3
21,22.1,83,963.3,33.12,13,0,0.0,2023,11,27,7,1,1
34,21.5,50,989.6,29.88,39,0,0.0,1996,1,22,16,1,3
21,40.0,15,957.2,36.72,26,0,0.0,2011,5,14,12,2,2
39,20.0,55,950.0,37.44,46,0,0.0,2003,11,25,22,5,1
18,32.1,46,951.4,56.88,9,0,0.0,1996,6,29,18,2,0
27,27.9,39,984.6,24.48,2,0,0.0,2023,10,21,18,2,1
16,22.4,78,960.9,64.44,79,1,0.0,1997,12,26,9,0,3
31,24.0,74,929.3,40.32,100,1,0.0,2022,8,15,9,1,0
20,31.4,30,1001.1,35.64,0,0,0.0,2022,2,22,13,5,3
5,26.5,74,941.8,84.6,97,2,0.2,2023,8,5,16,2,0
46,21.6,97,926.9,15.12,32,0,0.0,2008,10,7,19,5,1
37,26.0,93,984.4,14.04,100,2,0.2,2014,9,2,20,5,1
37,35.5,25,995.9,43.56,0,0,0.0,2001,10,17,12,6,1
18,11.1,88,959.2,22.68,3,0,0.0,1996,2,26,6,1,3
32,29.5,47,969.2,35.28,4,0,0.0,2004,4,30,3,0,2
35,19.6,73,966.8,14.04,0,0,0.0,2008,11,8,3,2,1
29,24.8,85,1005.3,30.96,100,2,1.1,2025,8,14,14,4,0
8,26.5,83,1001.4,37.44,8,0,0.0,2002,7,17,4,6,0
32,16.2,68,976.9,40.68,0,0,0.0,2004,2,2,2,1,3
32,24.3,30,972.3,30.24,0,0,0.0,2012,3,6,0,5,2
25,21.8,89,947.1,15.12,3,0,0.0,2002,11,13,2,6,1
28,24.5,90,1010.8,13.32,39,0,0.0,2016,2,8,6,1,3
4,29.5,77,998.8,47.52,1,0,0.0,2024,6,16,3,3,0
13,22.9,71,931.7,26.28,33,0,0.0,2021,1,5,21,5,3
16,26.1,72,946.4,77.76,100,2,0.2,2014,7,21,15,1,0
15,22.8,94,936.2,53.64,100,2,0.1,2020,6,11,4,4,0
37,26.1,48,998.0,30.6,1,0,0.0,2013,11,6,19,6,1
31,22.0,84,926.9,68.04,100,1,0.0,2002,7,11,7,4,0
23,20.4,94,995.1,34.56,98,1,0.0,2015,2,28,5,2,3
35,23.6,93,961.7,30.24,99,1,0.0,2013,9,15,7,3,1
19,37.1,23,977.6,39.96,20,0,0.0,2009,10,6,15,5,1
10,38.1,37,974.6,47.52,16,0,0.0,1997,6,22,13,3,0
10,29.3,40,979.3,43.56,0,0,0.0,2016,9,27,4,5,1
32,29.1,44,977.6,24.48,0,0,0.0,2025,10,20,9,1,1
43,23.4,96,1006.1,18.72,100,2,0.5,2010,9,14,2,5,1
2,34.4,16,955.2,18.0,39,0,0.0,2018,4,13,14,0,2
25,18.7,66,949.9,13.68,0,0,0.0,2022,1,21,8,0,3
16,29.7,48,953.7,28.44,84,1,0.0,2003,3,17,16,1,2
3,24.4,89,967.8,15.12,72,1,0.0,2025,8,6,3,6,0
42,24.6,92,1008.2,19.08,100,2,2.1,2015,10,31,18,2,1
46,21.4,99,925.9,16.56,93,1,0.0,2010,4,2,4,0,2
28,24.2,92,1006.4,23.04,100,2,0.4,1998,7,28,19,5,0
7,19.9,93,907.9,61.2,100,1,0.0,2011,6,17,6,0,0
34,12.5,93,989.7,21.24,90,1,0.0,2002,2,17,5,3,3
29,24.1,94,1004.5,87.12,100,2,2.2,2000,8,23,20,6,0
24,27.3,81,1006.5,30.96,100,1,0.0,2004,9,5,13,3,1
30,25.7,92,1010.2,13.68,26,0,0.0,2014,9,24,7,6,1
37,21.0,86,996.0,37.44,11,0,0.0,1996,2,23,2,0,3
31,21.2,65,931.6,22.68,3,0,0.0,2024,1,14,22,3,3
12,23.2,64,980.8,18.72,2,0,0.0,2006,10,4,6,6,1
15,21.8,100,935.5,68.76,100,2,0.1,2024,6,9,3,3,0
31,19.8,89,924.8,31.32,100,2,4.7,2010,11,7,20,3,1
10,37.3,36,973.7,74.88,52,0,0.0,1996,7,14,13,3,0
26,33.0,42,1010.2,59.04,98,1,0.0,2025,1,10,11,0,3
35,21.5,78,967.4,27.36,100,1,0.0,2023,12,4,7,1,3
35,24.5,48,961.8,31.32,0,0,0.0,1996,3,30,6,2,2
6,25.6,94,978.6,105.84,100,1,0.0,2023,6,19,3,1,0
31,21.1,71,933.5,36.36,77,1,0.0,2007,12,1,9,2,3
40,28.0,72,955.5,75.96,99,2,0.7,2019,9,26,15,4,1
4,35.8,40,999.4,81.36,75,1,0.0,2016,6,14,12,5,0
27,33.7,43,972.1,23.4,28,0,0.0,1999,6,8,23,5,0
34,15.1,68,996.7,33.12,21,0,0.0,2026,1,4,11,3,3
13,27.1,42,933.0,49.68,6,0,0.0,2000,1,11,11,5,3
33,27.1,38,948.6,16.92,0,0,0.0,2021,1,21,12,4,3
12,27.8,47,985.7,20.88,38,0,0.0,2015,11,6,15,0,1
41,31.9,55,1003.2,72.0,7,0,0.0,2018,5,12,17,2,2
9,24.6,39,1013.4,42.12,0,0,0.0,2015,12,19,12,2,3
44,40.3,10,947.8,72.36,0,0,0.0,2015,4,27,13,1,2
6,19.8,36,990.0,27.36,0,0,0.0,2023,11,23,1,4,1
12,23.8,81,981.1,29.52,94,1,0.0,2009,10,5,5,1,1
45,29.0,51,980.5,26.64,2,0,0.0,2007,10,25,16,4,1
24,27.5,76,1006.8,23.76,22,0,0.0,2003,2,8,20,2,3
37,24.8,94,989.3,87.48,100,2,2.1,2021,9,30,7,4,1
6,37.6,30,977.6,127.08,0,0,0.0,2010,6,28,12,1,0
15,20.2,61,943.6,27.36,51,0,0.0,2022,11,8,0,5,1
0,26.4,36,982.3,29.16,83,1,0.0,1996,2,18,20,3,3
37,16.7,63,1000.4,39.24,0,0,0.0,2010,1,5,0,5,3
27,23.8,92,970.0,74.88,100,2,0.5,2015,7,27,4,1,0
37,22.7,44,1001.8,31.32,0,0,0.0,2003,11,30,9,3,1
39,27.1,63,942.0,33.84,21,0,0.0,2007,11,3,15,2,1
40,23.7,91,955.8,56.52,100,1,0.0,2006,9,30,2,2,1
20,25.9,93,996.1,31.68,12,0,0.0,2007,5,4,0,0,2
20,22.7,96,998.1,24.12,4,0,0.0,2000,4,17,2,1,2
12,21.4,41,991.4,45.72,0,0,0.0,2020,11,20,11,0,1
45,27.3,57,982.7,14.76,90,1,0.0,2005,3,10,21,4,2
9,28.7,73,1003.5,78.12,100,1,0.0,2021,8,4,9,6,0
10,34.9,37,977.1,81.0,0,0,0.0,2000,9,7,12,4,1
6,41.7,17,974.8,18.0,57,0,0.0,2020,6,15,18,1,0
0,28.8,73,973.4,36.72,24,0,0.0,2010,6,23,6,6,0
11,29.9,29,901.1,28.8,1,0,0.0,2013,4,20,11,2,2
37,31.0,61,989.1,65.52,95,1,0.0,2017,6,9,20,0,0
16,32.0,43,946.6,83.16,100,1,0.0,2001,6,27,16,6,0
20,19.7,51,1002.4,32.04,0,0,0.0,2014,2,4,0,5,3
46,20.7,96,925.9,35.28,97,1,0.0,2020,11,17,7,5,1
43,25.1,88,1007.1,14.04,97,1,0.0,2001,10,3,20,6,1
35,23.2,92,970.1,15.48,91,1,0.0,2014,11,15,1,2,1
40,37.8,17,959.2,60.84,100,1,0.0,2010,4,8,19,4,2
27,14.0,95,981.1,26.28,45,0,0.0,2004,1,22,3,4,3
46,33.7,20,925.2,48.6,0,0,0.0,2011,3,12,14,2,2
26,25.8,95,1005.5,40.68,100,2,0.7,2020,6,17,2,6,0
13,16.0,75,928.9,15.48,0,0,0.0,2006,2,16,7,4,3
4,28.8,73,1002.7,17.28,39,0,0.0,2005,9,29,17,4,1
13,25.0,77,929.2,45.72,91,1,0.0,2015,6,3,8,6,0
23,24.8,91,1001.7,15.12,32,0,0.0,2020,11,7,7,2,1
45,26.4,79,975.8,12.6,96,1,0.0,2008,8,21,17,4,0
35,24.4,84,964.7,41.4,100,1,0.0,1997,8,15,3,0,0
11,19.4,98,897.7,46.08,100,1,0.0,2022,6,8,21,6,0
3,26.1,35,974.8,15.12,0,0,0.0,2008,1,17,18,4,3
24,25.3,93,1008.3,30.24,100,2,0.2,2024,7,7,8,3,0
13,22.4,98,925.9,73.44,100,2,2.1,2020,6,16,22,5,0
18,15.1,60,967.2,30.24,0,0,0.0,2013,11,29,23,0,1
35,22.9,96,966.0,18.36,55,0,0.0,2025,10,24,5,0,1
5,35.9,18,946.4,29.16,3,0,0.0,2002,4,14,11,3,2
30,19.1,97,1013.2,21.96,56,0,0.0,2010,2,12,6,0,3
21,33.1,19,960.2,42.48,0,0,0.0,2015,2,24,15,5,3
38,23.6,98,998.3,12.24,100,1,0.0,2022,9,8,1,4,1
42,26.1,81,1009.3,26.64,33,0,0.0,2012,8,23,9,4,0
38,23.9,86,1000.2,12.24,0,0,0.0,2005,3,31,0,4,2
21,30.5,53,954.2,106.92,98,2,0.1,1998,7,7,15,5,0
16,27.2,51,959.0,39.24,100,1,0.0,2021,11,30,11,5,1
42,26.8,81,1006.7,73.8,100,2,0.6,2021,6,14,14,1,0
13,28.7,44,934.9,35.28,32,0,0.0,2014,3,8,11,2,2
0,27.9,78,970.3,48.6,100,2,0.1,2023,7,17,17,1,0
40,28.0,26,959.5,53.64,0,0,0.0,2005,3,14,21,1,2
4,41.8,18,999.3,39.24,8,0,0.0,2018,5,14,14,1,2
23,30.2,40,989.4,24.84,5,0,0.0,2005,5,12,0,4,2
17,28.6,22,899.4,33.84,0,0,0.0,1996,2,18,13,3,3
27,27.8,42,984.6,44.28,16,0,0.0,2007,2,7,11,6,3
37,12.6,66,1002.0,46.8,0,0,0.0,2022,1,15,8,2,3
4,18.6,47,1012.1,42.48,0,0,0.0,2001,12,31,1,1,3
12,22.5,84,977.8,20.88,0,0,0.0,2009,9,16,3,6,1
6,15.7,55,994.5,52.56,0,0,0.0,2000,1,2,9,3,3
30,25.7,92,1000.4,75.24,100,2,1.6,2000,7,13,0,4,0
13,18.4,64,931.1,26.64,13,0,0.0,2024,1,31,4,6,3
3,24.9,93,965.3,54.0,99,1,0.0,2023,7,27,22,4,0
21,32.6,23,957.9,36.72,28,0,0.0,2009,4,28,21,5,2
9,32.5,56,1001.3,72.0,81,1,0.0,1996,6,24,11,1,0
25,14.4,78,946.4,25.92,83,1,0.0,2018,1,27,6,2,3
12,8.4,95,987.3,24.84,0,0,0.0,2023,12,11,5,1,3
25,22.0,94,946.1,57.24,94,1,0.0,2014,9,3,23,6,1
0,27.8,81,974.3,20.52,95,1,0.0,2020,7,31,20,0,0
21,26.2,39,957.0,29.88,0,0,0.0,2025,3,29,5,2,2
32,29.1,32,973.7,23.04,0,0,0.0,2004,12,22,16,6,3
37,26.6,34,996.3,28.8,0,0,0.0,2001,4,10,23,5,2
27,29.4,78,967.9,16.56,98,2,0.4,2025,6,18,20,6,0
10,25.9,48,987.4,47.52,5,0,0.0,2015,4,12,22,3,2
39,20.9,97,945.8,11.88,95,2,0.7,2010,11,23,20,5,1
12,29.2,78,976.5,34.92,76,1,0.0,2006,7,30,21,3,0
26,28.4,73,1008.5,10.44,61,1,0.0,1999,3,13,10,2,2
39,28.8,60,945.3,33.84,78,1,0.0,2008,5,25,10,3,2
12,16.6,51,985.8,38.16,0,0,0.0,2001,3,11,1,3,2
12,8.6,89,989.1,27.0,0,0,0.0,2025,12,25,5,4,3
13,17.4,60,929.6,30.96,0,0,0.0,2005,1,14,4,0,3
22,29.3,28,980.5,21.96,0,0,0.0,2014,2,4,12,5,3
5,37.7,21,941.9,20.16,16,0,0.0,1999,5,11,13,5,2
37,40.5,22,987.4,78.84,0,0,0.0,2002,5,18,13,2,2
4,26.5,97,996.7,31.68,99,2,2.3,2019,7,21,6,3,0
10,28.7,67,975.8,46.44,56,0,0.0,2017,6,1,6,4,0
21,32.2,47,960.7,24.48,54,0,0.0,2021,5,5,9,6,2
4,28.3,46,1007.1,23.4,9,2,0.1,2015,2,6,17,0,3
7,24.5,65,912.0,39.24,50,0,0.0,2014,11,15,16,2,1
18,33.0,45,953.7,74.88,100,1,0.0,2000,6,16,10,0,0
42,27.9,76,1009.0,68.04,95,1,0.0,1999,4,8,10,4,2
26,32.0,56,1010.3,28.8,24,2,0.1,2020,1,3,12,0,3
46,20.2,100,926.6,17.28,92,2,2.0,2021,10,10,1,3,1
19,15.8,45,991.0,62.28,29,0,0.0,2014,3,13,5,4,2
12,17.8,47,988.9,25.92,0,0,0.0,2001,1,12,16,0,3
13,25.8,71,931.7,56.88,56,2,0.1,2025,9,20,10,2,1
16,27.7,51,957.1,33.12,42,0,0.0,2013,1,6,11,3,3
23,23.8,95,994.0,19.8,99,1,0.0,2025,11,5,5,6,1
5,22.4,35,945.8,29.52,0,0,0.0,2000,10,28,22,2,1
32,18.6,74,973.6,23.04,2,0,0.0,2006,3,13,3,1,2
14,8.9,83,993.6,27.36,0,0,0.0,2000,2,21,0,1,3
30,26.2,91,1003.9,58.68,100,2,1.3,2008,8,2,14,2,0
24,27.0,85,1012.7,1.8,100,1,0.0,2017,11,26,9,3,1
41,27.8,60,1007.8,49.68,1,0,0.0,2008,4,10,0,4,2
2,16.5,80,959.3,33.48,71,1,0.0,2019,11,21,5,4,1
31,17.4,75,930.3,24.84,84,1,0.0,2007,2,22,6,4,3
23,25.8,44,994.2,24.48,12,0,0.0,1999,1,27,19,6,3
0,20.6,63,981.6,26.64,34,0,0.0,2000,11,21,23,5,1
24,23.9,96,1007.8,12.24,100,1,0.0,2020,7,4,0,2,0
35,25.0,80,957.4,47.52,39,0,0.0,2013,6,18,4,5,0
25,27.0,44,947.2,41.4,0,0,0.0,1999,3,27,21,2,2
32,26.6,80,967.2,50.04,100,1,0.0,2002,8,11,14,3,0
5,31.4,28,945.1,40.68,55,0,0.0,2015,11,15,14,3,1
12,15.4,70,994.4,28.08,4,0,0.0,1996,1,3,20,6,3
37,32.4,56,989.6,49.68,69,1,0.0,2016,9,17,14,2,1
37,23.3,46,1001.5,30.24,1,0,0.0,2009,11,20,21,0,1
37,19.1,44,999.8,32.76,0,0,0.0,2010,1,6,9,6,3
17,24.2,71,900.6,12.6,81,2,0.1,2009,10,16,11,0,1
16,32.7,12,959.8,39.96,0,0,0.0,2021,3,13,12,2,2
27,32.8,61,969.6,26.64,100,1,0.0,2016,7,2,13,2,0
0,18.9,54,986.2,25.2,3,0,0.0,2016,1,8,0,0,3
34,22.8,50,989.3,23.76,3,0,0.0,2013,1,12,15,2,3
9,31.0,68,1004.3,40.68,19,0,0.0,2000,10,6,19,0,1
24,26.7,82,1008.8,4.68,63,1,0.0,2000,11,29,9,6,1
11,16.8,63,901.1,19.44,0,0,0.0,2002,1,13,8,3,3
30,22.3,82,1013.5,25.56,0,0,0.0,2004,2,21,8,2,3
2,27.0,52,949.7,46.44,1,0,0.0,2008,5,6,5,5,2
42,28.3,76,1004.7,93.6,81,2,0.7,2018,5,28,12,1,2
31,20.8,89,929.4,46.44,91,1,0.0,2003,9,3,23,6,1
33,18.1,77,948.9,24.48,0,0,0.0,2012,1,22,21,3,3
46,20.8,94,927.9,23.4,100,1,0.0,2025,3,13,7,4,2
39,20.8,44,946.3,33.48,80,1,0.0,2014,2,8,8,2,3
30,27.2,83,1007.0,26.64,3,0,0.0,2008,4,29,22,5,2
13,22.9,90,927.8,19.44,26,0,0.0,2012,4,19,1,4,2
7,23.0,86,911.5,49.32,66,1,0.0,2015,5,24,0,3,2
10,39.9,19,977.4,61.56,20,0,0.0,2006,9,20,15,6,1
16,23.2,77,957.7,44.64,74,1,0.0,2011,12,31,20,2,3
19,14.3,67,992.4,43.56,0,0,0.0,2011,2,27,8,3,3
28,27.6,77,1008.6,26.64,75,1,0.0,1999,6,24,17,4,0
18,30.5,49,953.6,19.44,10,0,0.0,2019,6,22,22,2,0
23,28.4,65,992.0,25.92,6,0,0.0,2023,8,30,20,6,0
36,22.1,95,947.3,14.04,100,2,1.8,2021,6,5,7,2,0
21,22.2,92,955.7,21.24,40,0,0.0,2020,10,2,2,0,1
7,17.2,64,910.3,30.24,0,0,0.0,2009,2,16,4,1,3
28,26.1,83,1006.7,53.28,100,2,0.2,2023,9,11,16,1,1
31,27.5,59,928.5,93.6,75,1,0.0,2025,7,28,12,1,0
33,31.5,38,945.6,47.88,95,1,0.0,2014,10,11,12,2,1
21,32.9,36,956.4,47.16,31,0,0.0,2004,5,1,21,2,2
36,34.6,17,951.4,65.52,0,0,0.0,2006,3,29,11,6,2
23,28.6,46,994.0,26.64,0,0,0.0,2011,3,4,19,0,2
39,19.7,68,947.6,30.24,0,0,0.0,2007,1,26,4,0,3
29,28.6,75,1009.6,16.2,54,0,0.0,2000,10,28,11,2,1
0,29.0,77,974.1,8.28,100,2,0.2,2025,9,14,16,3,1
13,24.1,86,927.5,50.04,85,1,0.0,2019,6,7,0,0,0
34,31.4,75,975.7,46.44,86,1,0.0,2016,7,11,10,1,0
33,24.3,91,939.4,80.64,100,2,2.8,1997,6,23,12,1,0
12,22.4,57,992.2,24.84,0,0,0.0,2001,11,7,9,6,1
0,26.3,73,978.6,21.24,99,1,0.0,2002,9,26,23,4,1
1,30.2,78,993.2,38.88,91,3,5.6,2016,6,29,17,6,0
35,26.1,37,965.5,34.92,0,0,0.0,1996,3,13,2,6,2
27,26.7,53,980.9,25.56,0,0,0.0,2025,10,23,18,4,1
5,32.2,16,941.3,34.2,0,0,0.0,2002,4,26,20,0,2
32,21.1,47,981.9,29.16,0,0,0.0,2009,1,2,9,0,3
8,38.0,31,1008.4,25.56,49,0,0.0,2021,4,28,11,6,2
43,25.5,89,1005.7,32.4,100,2,2.1,2009,6,27,14,2,0
31,25.2,48,931.2,67.68,34,0,0.0,2018,3,12,22,1,2
22,30.8,35,973.5,33.84,1,0,0.0,1997,5,24,1,2,2
6,31.8,45,982.1,43.2,88,1,0.0,1996,5,18,23,2,2
40,25.4,54,964.8,36.0,19,0,0.0,2007,12,21,9,0,3
46,22.5,96,928.2,5.4,100,1,0.0,2001,4,8,22,3,2
18,26.5,89,954.7,32.76,100,2,2.0,1998,8,3,0,1,0
21,37.3,21,953.8,1.44,29,0,0.0,2000,4,16,17,3,2
37,28.2,77,987.9,49.68,68,2,0.2,2001,7,23,10,1,0
31,23.9,73,927.2,57.96,94,1,0.0,2024,9,21,19,2,1
11,22.7,85,900.4,31.68,0,0,0.0,2024,4,28,23,3,2
36,24.1,84,947.2,22.32,7,0,0.0,2005,5,8,23,3,2
1,29.4,72,995.7,19.44,98,1,0.0,2016,7,24,19,3,0
5,15.2,76,946.8,35.28,0,0,0.0,1997,12,12,0,0,3
12,28.9,48,987.8,40.32,0,0,0.0,1996,10,9,10,6,1
45,28.2,74,975.5,42.12,96,2,1.6,2011,6,6,21,1,0
27,36.2,15,975.7,33.12,0,0,0.0,2004,4,26,19,1,2
29,26.0,84,1009.6,27.0,2,0,0.0,2012,1,4,22,6,3
3,20.6,43,976.0,46.44,28,0,0.0,2022,12,9,9,0,3
5,21.3,87,946.5,19.44,22,0,0.0,2006,11,24,22,0,1
46,25.7,76,926.4,16.92,98,1,0.0,2015,10,20,16,5,1
27,35.1,31,971.3,67.68,0,0,0.0,1996,6,5,0,6,0
38,19.9,81,1004.3,17.64,2,0,0.0,2013,1,25,4,0,3
9,32.8,21,1005.5,46.44,0,0,0.0,1996,3,31,13,3,2
21,33.9,40,955.4,92.88,97,1,0.0,2015,7,8,14,6,0
41,28.8,83,998.0,101.88,100,2,0.2,2024,6,30,16,3,0
42,28.0,77,1006.0,66.24,86,2,0.3,2000,3,8,15,6,2
38,33.0,39,1003.6,39.96,0,0,0.0,2020,3,16,11,1,2
41,22.8,55,1011.0,40.68,0,0,0.0,2007,12,24,1,1,3
31,32.6,29,932.7,6.84,0,0,0.0,2016,3,27,12,3,2
18,27.3,48,966.7,25.92,0,0,0.0,2018,10,13,9,2,1
21,26.9,35,959.1,40.32,14,0,0.0,2014,3,22,7,2,2
38,28.3,67,999.7,42.84,13,0,0.0,2014,4,17,18,4,2
17,20.5,85,898.3,51.12,91,2,0.7,2007,7,8,12,3,0
18,10.1,89,964.6,23.76,0,0,0.0,2012,1,4,8,6,3
36,16.0,72,948.5,22.32,0,0,0.0,2011,2,20,3,3,3
7,18.5,97,913.6,32.4,99,1,0.0,2012,1,2,7,1,3
44,25.5,45,946.7,28.08,2,0,0.0,2011,4,17,23,3,2
35,25.5,76,963.2,21.24,100,1,0.0,2018,9,4,19,5,1
16,25.6,76,949.3,34.2,100,1,0.0,2007,7,21,2,2,0
13,21.7,92,924.7,62.28,98,1,0.0,2008,6,18,5,6,0
28,29.4,67,1006.9,15.48,35,0,0.0,2000,2,29,19,5,3
6,23.2,23,992.6,30.24,0,0,0.0,2002,1,24,13,4,3
41,32.4,64,1000.7,107.64,100,1,0.0,2007,6,9,17,2,0
5,17.6,61,949.2,26.28,1,0,0.0,2003,11,25,4,5,1
3,24.0,94,971.5,14.4,96,1,0.0,2022,10,11,20,5,1
0,31.2,34,985.9,13.32,26,0,0.0,2022,3,2,11,6,2
17,24.3,59,899.1,23.76,75,1,0.0,2005,1,22,15,2,3
43,26.1,94,1008.7,3.96,17,0,0.0,2005,4,18,6,1,2
18,24.3,82,960.8,20.88,19,0,0.0,1997,6,5,1,4,0
42,25.1,90,1006.0,65.88,100,2,0.2,2013,6,10,18,1,0
36,37.1,18,949.3,48.24,0,0,0.0,1998,3,23,14,1,2
23,28.1,67,987.5,45.72,91,1,0.0,2003,6,17,6,5,0
0,35.0,20,975.3,57.24,0,0,0.0,2008,5,10,21,2,2
23,24.2,92,989.2,28.8,90,1,0.0,2012,8,28,5,5,0
15,32.0,52,936.4,81.72,100,1,0.0,2024,5,26,14,3,2
3,37.4,21,969.6,41.04,0,0,0.0,2001,5,1,9,5,2
23,31.1,65,992.8,19.08,31,2,0.3,2001,4,17,14,5,2
0,24.1,95,974.8,39.96,100,2,2.2,2010,7,7,6,6,0
28,25.8,89,1007.8,24.84,98,2,0.9,2006,10,7,15,2,1
9,36.0,49,1002.0,28.08,20,0,0.0,2014,5,27,14,5,2
1,34.2,53,1001.9,32.76,14,0,0.0,2023,9,30,11,2,1
19,26.9,71,979.0,57.96,9,0,0.0,2003,9,11,20,4,1
4,26.4,20,1012.2,38.16,0,0,0.0,2006,1,25,14,6,3
38,29.7,50,998.7,10.8,11,0,0.0,2011,11,25,18,0,1
33,23.3,91,939.3,56.52,100,1,0.0,2000,7,6,19,4,0
41,26.7,88,1003.0,51.84,88,1,0.0,2011,7,27,8,6,0
41,23.1,37,1013.7,51.48,0,0,0.0,2022,1,26,11,6,3
20,25.7,87,996.2,32.4,55,0,0.0,2000,9,5,21,5,1
14,28.7,78,980.5,33.12,48,0,0.0,2005,7,17,1,3,0
15,21.6,98,936.7,48.6,100,1,0.0,2005,9,9,6,0,1
3,19.4,52,970.4,27.72,0,0,0.0,2020,3,22,3,3,2
18,25.2,95,951.9,5.76,99,1,0.0,2013,7,27,22,2,0
5,18.2,60,947.9,25.2,6,0,0.0,1999,11,13,2,2,1
3,24.4,86,967.6,37.8,100,1,0.0,2012,9,14,5,0,1
27,17.3,52,987.8,29.52,0,0,0.0,2005,1,6,19,4,3
46,20.3,99,926.2,4.68,100,1,0.0,2021,4,16,5,0,2
18,30.0,71,949.7,65.16,96,1,0.0,2009,7,17,11,0,0
24,26.0,95,1009.5,20.88,85,1,0.0,2023,5,27,2,2,2
8,33.2,48,1001.5,87.48,64,1,0.0,2009,6,12,17,0,0
11,19.7,92,898.3,48.24,100,1,0.0,1999,6,22,0,5,0
28,30.4,74,1006.2,41.04,76,1,0.0,2015,5,26,15,5,2
38,23.3,68,1000.3,27.36,59,0,0.0,2001,11,10,5,2,1
32,26.6,31,979.5,3.96,0,0,0.0,2005,12,29,14,4,3
14,31.7,22,989.3,42.48,0,0,0.0,2011,3,13,15,3,2
28,24.0,93,1009.4,3.6,90,1,0.0,1998,12,10,7,4,3
29,31.7,42,1005.1,70.56,51,0,0.0,2001,1,20,15,2,3
17,12.5,88,893.6,25.2,100,1,0.0,2013,12,18,3,6,3
40,24.0,94,950.5,45.72,100,2,3.4,2025,8,28,17,4,0
16,30.6,24,953.9,25.56,1,0,0.0,2004,3,10,18,6,2
18,31.4,19,958.5,37.44,62,1,0.0,2010,4,25,23,3,2
27,11.2,79,987.1,22.32,0,0,0.0,2022,12,28,1,6,3
17,22.0,99,896.5,47.16,100,1,0.0,2017,5,22,7,1,2
31,31.5,44,932.6,14.76,0,0,0.0,2017,4,4,10,5,2
19,35.9,17,986.4,20.88,28,0,0.0,2014,10,23,15,4,1
24,25.4,91,1008.1,9.0,100,1,0.0,2011,10,22,7,2,1
27,28.3,85,966.6,37.44,93,3,6.9,2024,7,25,12,4,0
24,29.6,78,1008.4,40.68,7,0,0.0,2020,4,8,16,6,2
28,23.9,89,1009.4,11.16,62,1,0.0,2012,1,2,5,1,3
34,17.6,91,989.6,19.44,4,0,0.0,2015,11,10,6,5,1
7,23.0,75,908.6,54.36,100,1,0.0,2007,7,10,19,5,0
0,42.3,10,973.6,25.2,21,0,0.0,2022,4,25,15,1,2
44,11.9,42,951.4,33.12,0,0,0.0,1998,1,23,23,0,3
32,24.2,49,981.5,19.8,1,0,0.0,1996,2,11,12,3,3
37,23.3,74,998.7,36.36,5,0,0.0,2006,3,15,9,6,2
35,22.5,61,971.5,22.68,16,0,0.0,2016,12,15,8,4,3
23,26.5,89,991.3,12.96,89,2,0.4,2021,8,25,1,6,0
28,24.9,89,1007.9,16.56,98,1,0.0,2013,8,15,8,4,0
31,21.5,98,926.5,21.96,98,1,0.0,2015,6,5,1,0,0
40,27.4,30,962.4,37.44,88,1,0.0,2014,12,18,13,4,3
28,26.8,81,1008.8,23.76,4,0,0.0,2024,1,16,19,5,3
24,25.5,91,1009.7,6.48,47,0,0.0,1999,12,14,20,5,3
42,24.2,91,1007.5,57.24,94,1,0.0,2011,7,1,5,0,0
40,25.9,38,963.6,34.2,26,0,0.0,2007,1,31,21,6,3
38,27.5,79,996.2,33.12,100,2,0.5,2007,9,12,16,6,1
1,15.1,70,1007.4,29.52,0,0,0.0,2006,11,28,7,5,1
37,24.6,90,989.4,44.28,99,1,0.0,1999,8,22,5,3,0
9,34.2,45,1005.1,45.36,11,0,0.0,2001,10,15,14,1,1
5,23.3,90,938.6,46.8,100,1,0.0,2024,6,30,4,3,0
42,27.3,79,1009.1,43.92,100,2,0.2,2004,9,30,15,4,1
13,21.0,92,927.5,52.2,100,1,0.0,2002,7,10,2,6,0
29,25.3,95,1009.5,23.04,83,1,0.0,2023,10,11,23,6,1
24,26.8,91,1009.4,6.84,75,1,0.0,2018,3,18,7,3,2
14,27.0,24,980.0,34.92,0,0,0.0,2024,5,21,4,5,2
21,26.0,72,959.6,25.56,57,0,0.0,2002,9,18,20,6,1
29,36.0,18,1010.5,27.72,0,0,0.0,2023,2,26,12,3,3
33,20.3,93,937.2,113.04,100,2,1.5,2001,6,15,18,0,0
41,16.9,48,1011.3,59.76,0,0,0.0,2001,1,26,8,0,3
17,19.0,97,896.9,8.64,92,1,0.0,2008,9,4,7,4,1
17,19.0,95,898.3,19.44,64,1,0.0,2016,11,14,5,1,1
15,22.2,92,941.1,33.84,73,1,0.0,2000,10,13,20,0,1
39,22.2,94,942.7,34.92,100,1,0.0,2012,6,15,5,0,0
10,39.8,13,978.7,97.92,22,0,0.0,2019,5,9,13,4,2
36,22.1,96,946.7,40.68,95,2,0.2,2023,9,29,22,0,1
42,24.2,93,1007.5,64.08,94,1,0.0,2014,7,7,4,1,0
37,35.9,40,993.4,45.36,4,0,0.0,1996,6,7,11,0,0
23,28.4,61,990.9,28.08,97,1,0.0,2001,7,13,1,0,0
25,21.7,44,950.3,28.8,0,0,0.0,2018,11,15,22,4,1
12,12.0,95,990.5,40.68,2,0,0.0,2006,1,3,8,5,3
16,26.4,71,950.9,62.64,93,1,0.0,2004,7,18,9,3,0
28,24.2,95,1008.5,8.28,99,2,0.6,2008,6,14,21,2,0
14,27.5,61,980.6,21.96,0,0,0.0,2020,6,9,4,5,0
22,26.5,41,979.0,30.6,0,0,0.0,2018,10,29,17,1,1
2,20.6,62,964.0,28.8,2,0,0.0,1997,11,4,0,5,1
25,21.8,97,947.9,30.96,96,1,0.0,2013,10,8,4,5,1
31,23.3,90,925.6,39.24,99,1,0.0,1997,5,10,4,2,2
15,19.2,83,942.1,24.84,0,0,0.0,2008,10,29,23,6,1
25,17.5,76,949.7,32.4,46,0,0.0,2021,1,30,6,2,3
18,23.4,47,964.0,33.12,14,0,0.0,1998,11,4,21,6,1
30,23.4,93,1007.2,12.24,0,0,0.0,2013,4,5,3,0,2
17,18.8,92,894.9,14.4,12,0,0.0,2003,9,28,7,3,1
7,17.5,74,911.8,47.52,100,1,0.0,2016,12,1,7,4,3
34,13.9,69,994.0,30.96,0,0,0.0,2023,12,17,21,3,3
46,24.2,86,923.0,37.08,95,2,0.9,2008,7,19,13,2,0
14,25.0,47,993.8,9.36,100,1,0.0,2004,11,20,18,2,1
4,26.1,52,1008.9,23.76,0,0,0.0,2006,11,12,19,3,1
27,25.0,54,983.8,32.76,0,0,0.0,2015,10,17,3,2,1
23,26.1,84,992.4,45.0,95,2,0.3,2010,9,2,8,4,1
10,20.4,39,994.1,18.72,0,0,0.0,2017,11,20,10,1,1
7,22.8,42,917.5,24.12,0,0,0.0,2006,1,22,9,3,3
29,31.4,54,1007.4,23.76,75,1,0.0,1998,12,10,12,4,3
24,24.2,91,1010.5,24.12,98,1,0.0,2004,9,8,7,6,1
37,18.7,45,1000.3,30.96,0,0,0.0,2005,1,16,9,3,3
3,21.5,40,974.5,38.52,0,0,0.0,2022,2,4,10,0,3
0,41.7,13,976.1,32.4,3,0,0.0,2009,5,7,13,4,2
45,24.6,81,979.8,21.6,66,1,0.0,2010,10,12,23,5,1
23,23.1,95,996.2,29.16,100,2,1.3,2024,11,29,23,0,1
37,21.5,89,997.2,24.84,33,0,0.0,2007,10,16,6,5,1
4,29.1,72,997.4,58.68,100,1,0.0,2012,8,21,17,5,0
1,25.7,53,1007.8,28.44,3,0,0.0,2014,11,2,22,3,1
44,21.7,99,934.0,56.88,100,2,1.2,2024,8,26,20,1,0
1,41.5,21,998.1,68.76,10,0,0.0,2023,5,15,14,1,2
24,24.9,93,1010.0,13.68,79,2,2.1,2016,12,2,19,0,3
41,34.9,19,1008.8,29.88,0,0,0.0,2004,3,8,16,1,2
10,29.2,28,982.9,70.92,1,0,0.0,2010,3,4,12,4,2
21,24.2,87,957.0,36.0,99,2,0.1,2021,11,20,19,2,1
23,28.1,36,999.1,1.44,0,0,0.0,2008,1,5,17,2,3
11,18.0,62,900.6,36.36,5,0,0.0,2022,11,20,8,3,1
28,27.8,75,1010.4,22.68,10,0,0.0,2008,2,14,20,4,3
4,30.5,46,1000.3,41.04,5,0,0.0,2005,5,5,21,4,2
13,20.1,99,929.7,28.44,93,1,0.0,2017,8,15,5,5,0
10,38.4,25,980.8,54.36,63,1,0.0,1998,5,1,13,0,2
13,23.5,83,931.8,78.48,51,2,0.3,2025,8,21,9,4,0
41,27.0,89,1002.6,45.36,100,1,0.0,2022,7,7,23,4,0
37,24.9,95,989.0,47.52,100,2,0.4,2019,8,16,4,0,0
16,33.2,27,951.0,29.16,90,1,0.0,2006,3,22,17,6,2
34,27.8,90,975.9,12.24,100,1,0.0,2004,8,15,23,3,0
30,25.4,65,1012.5,38.52,0,0,0.0,2023,12,13,21,6,3
6,17.0,57,990.0,51.48,20,0,0.0,2020,11,25,3,6,1
31,26.7,65,932.2,47.88,79,1,0.0,1997,10,17,12,0,1
30,23.3,56,1010.8,42.84,0,0,0.0,2012,2,15,20,6,3
10,41.1,9,978.5,57.96,0,0,0.0,2022,4,28,18,4,2
20,19.2,36,1000.1,33.84,0,0,0.0,2014,12,30,20,5,3
42,25.3,87,1008.4,80.28,100,2,0.3,2003,7,23,9,6,0
46,20.2,99,925.2,30.24,100,1,0.0,2013,8,3,19,2,0
21,28.2,41,958.2,59.04,75,1,0.0,2010,12,5,12,3,3
42,24.7,93,1009.9,60.12,89,2,0.1,2001,6,21,0,4,0
32,24.7,38,978.7,16.2,1,0,0.0,2000,11,8,22,6,1
23,26.0,82,985.6,68.4,100,2,0.4,2010,5,22,4,2,2
42,25.6,73,1010.3,22.68,8,0,0.0,2015,1,16,19,0,3
34,17.3,43,991.8,5.76,83,1,0.0,1996,2,1,10,4,3
3,22.7,37,975.2,14.76,3,0,0.0,1997,1,16,17,4,3
17,18.1,92,898.0,10.44,83,1,0.0,2009,3,6,7,0,2
20,26.6,89,991.0,93.96,100,2,0.2,2005,9,16,17,0,1
20,25.4,81,999.0,32.04,99,1,0.0,2001,9,20,21,4,1
41,27.5,88,1007.4,36.0,20,2,1.1,2025,11,1,18,2,1
2,19.8,93,956.4,51.48,100,2,0.7,2025,10,30,5,4,1
9,21.8,71,1013.8,23.04,97,1,0.0,2025,12,22,9,1,3
29,26.5,83,1010.5,38.16,100,1,0.0,2016,9,6,13,5,1
9,29.7,70,1002.5,52.2,22,0,0.0,2001,5,30,22,6,2
15,23.3,90,942.2,17.28,61,2,2.2,2008,10,10,18,0,1
41,27.1,48,1009.6,55.08,96,1,0.0,2007,1,14,17,3,3
19,33.7,46,974.6,36.36,30,0,0.0,2008,6,7,22,2,0
42,26.1,88,1007.7,59.76,96,2,0.2,2014,6,10,8,5,0
4,26.2,91,999.7,37.8,96,2,0.1,2015,8,12,5,6,0
0,29.1,59,976.3,37.08,83,1,0.0,2015,8,2,20,3,0
7,25.9,71,909.6,33.12,95,1,0.0,2005,9,1,11,4,1
26,29.8,60,1012.7,11.88,1,0,0.0,2026,3,15,9,3,2
3,31.8,49,963.9,34.56,14,0,0.0,2017,6,18,20,3,0
22,23.9,96,977.6,14.4,36,0,0.0,2004,9,24,1,0,1
24,25.5,75,1013.3,10.08,86,1,0.0,2014,1,31,8,0,3
5,22.7,83,940.7,57.24,100,1,0.0,2013,8,21,22,6,0
28,25.0,77,1011.1,18.0,2,0,0.0,2007,11,16,21,0,1
23,22.8,97,998.6,18.72,100,1,0.0,2013,3,9,6,2,2
21,26.0,78,955.9,81.72,100,2,0.2,2023,7,22,9,2,0
35,35.1,40,959.7,37.8,98,1,0.0,2002,6,7,14,0,0
25,28.8,64,948.3,40.32,31,2,0.1,2024,10,14,12,1,1
9,26.9,85,1003.1,45.0,90,1,0.0,2001,8,21,23,5,0
15,24.1,80,940.3,45.72,97,1,0.0,2005,10,15,10,2,1
45,27.1,54,981.2,19.8,20,0,0.0,2008,12,12,17,0,3
36,25.0,76,948.7,53.28,84,2,0.2,2005,8,22,11,1,0
28,29.7,71,1005.2,50.76,21,0,0.0,2025,5,11,17,3,2
35,16.8,81,971.0,23.4,0,0,0.0,2009,1,3,7,2,3
12,33.6,10,983.7,39.96,0,0,0.0,2005,4,16,18,2,2
39,18.1,79,945.0,24.48,0,0,0.0,1999,11,27,1,2,1
46,24.3,72,931.9,12.96,50,2,0.1,2014,2,21,9,0,3
34,20.4,83,986.6,31.32,0,0,0.0,2007,11,8,23,4,1
3,32.5,39,973.9,51.84,84,1,0.0,2006,3,8,12,6,2
8,27.2,58,1003.9,31.32,34,0,0.0,2016,4,29,5,0,2
44,18.9,37,947.5,14.76,7,0,0.0,2018,3,8,1,4,2
36,32.3,26,952.1,25.56,1,0,0.0,2004,3,5,10,0,2
10,11.9,54,989.4,18.72,0,0,0.0,2018,1,15,5,1,3
43,26.0,80,1010.1,19.44,58,0,0.0,2015,12,24,19,4,3
15,24.3,84,937.7,14.4,81,1,0.0,2007,9,10,18,1,1
17,24.5,66,898.9,16.2,8,0,0.0,1998,3,23,19,1,2
9,25.6,64,1009.4,29.88,4,0,0.0,1997,10,29,3,6,1
37,22.0,30,1001.3,45.0,57,0,0.0,2019,3,16,8,2,2
38,25.0,97,1000.4,13.68,17,0,0.0,2011,10,18,2,5,1
14,31.6,47,979.5,21.24,2,0,0.0,2017,6,9,19,0,0
42,25.6,88,1009.2,43.56,81,1,0.0,2014,6,28,20,2,0
26,25.4,92,1008.7,30.96,64,2,0.1,2015,6,11,23,4,0
21,24.2,80,955.7,63.0,78,1,0.0,2017,7,4,2,5,0
7,22.9,74,909.3,49.32,40,0,0.0,2009,8,27,19,4,0
44,30.8,17,944.7,36.72,0,0,0.0,2005,5,12,20,4,2
5,21.2,91,939.9,56.16,100,2,0.2,2013,8,24,8,2,0
33,26.3,70,947.8,41.76,96,1,0.0,2007,11,2,10,0,1
23,20.4,58,995.9,2.88,0,0,0.0,2023,2,16,4,4,3
25,24.6,79,947.8,79.2,47,2,0.1,2016,8,13,10,2,0
6,29.0,70,985.2,53.64,1,0,0.0,2023,9,25,21,1,1
43,29.1,80,1005.9,29.88,100,1,0.0,2008,5,28,11,6,2
1,32.0,65,991.9,42.84,100,1,0.0,2021,7,23,13,0,0
10,16.6,18,984.9,44.28,84,1,0.0,2020,2,19,1,6,3
34,17.2,65,986.8,11.52,66,1,0.0,2002,12,18,21,6,3
32,27.9,78,966.3,15.48,100,2,4.2,2017,8,24,16,4,0
32,20.0,62,980.5,26.64,100,2,0.1,2023,11,27,7,1,1
44,27.9,22,949.5,8.28,0,0,0.0,2002,11,30,15,2,1
12,33.5,56,977.6,51.84,56,2,0.1,2014,7,26,14,2,0
24,30.7,75,1009.9,49.68,56,2,0.3,2017,4,26,12,6,2
10,13.6,60,989.1,39.24,0,0,0.0,2022,3,1,5,5,2
24,26.1,90,1007.6,13.32,1,0,0.0,2003,4,14,3,1,2
22,27.3,46,974.2,42.48,0,0,0.0,2017,4,15,2,2,2
40,26.7,64,953.1,79.56,0,0,0.0,2007,5,14,3,1,2
2,26.7,28,952.2,26.28,0,0,0.0,2011,5,7,1,2,2
6,28.9,23,983.8,60.12,0,0,0.0,1998,5,15,7,0,2
6,31.2,68,979.3,67.32,90,2,0.2,2001,8,14,16,5,0
44,25.2,19,949.4,20.88,0,0,0.0,1997,2,7,15,0,3
1,20.6,48,1006.7,31.32,0,0,0.0,2005,12,8,20,4,3
8,28.1,64,1004.7,48.24,3,0,0.0,2000,4,21,22,0,2
21,26.0,42,961.0,24.48,90,1,0.0,2020,2,7,19,0,3
46,20.3,98,924.6,29.88,100,1,0.0,2008,6,16,20,1,0
2,26.5,39,960.9,14.76,84,1,0.0,2006,12,4,13,1,3
16,22.0,88,953.3,18.36,27,0,0.0,2024,10,30,4,6,1
8,29.2,77,1000.1,69.12,1,0,0.0,2005,6,8,22,6,0
10,12.6,82,991.9,7.92,0,0,0.0,2019,12,8,3,3,3
37,26.0,31,999.5,57.24,0,0,0.0,2024,2,27,21,5,3
22,25.9,74,970.5,58.68,52,0,0.0,2007,8,8,23,6,0
20,27.0,78,994.8,36.72,35,0,0.0,2010,10,10,18,3,1
16,29.2,52,956.1,12.24,37,0,0.0,2015,3,6,17,0,2
42,21.7,79,1011.1,27.0,18,0,0.0,2015,1,14,6,6,3
24,26.4,89,1005.0,41.04,100,2,0.6,2010,6,13,4,3,0
36,24.1,38,952.8,30.96,1,0,0.0,2009,2,9,21,1,3
27,33.6,28,975.0,42.48,0,0,0.0,2025,6,7,23,2,0
27,32.1,64,974.3,16.56,40,2,0.1,1996,8,28,15,6,0
28,24.9,98,1007.6,10.44,100,2,0.4,2019,11,29,5,0,1
21,24.4,33,961.5,28.08,0,0,0.0,2008,12,29,19,1,3
26,29.1,70,1006.2,46.44,48,0,0.0,2011,10,5,16,6,1
38,24.9,93,994.4,79.92,100,2,2.1,2001,7,8,23,3,0
20,26.9,91,989.7,70.92,100,2,1.8,2003,7,26,11,2,0
18,25.6,54,964.9,12.6,0,0,0.0,2024,10,15,8,5,1
35,27.4,40,971.2,24.48,1,0,0.0,2012,1,23,11,1,3
11,25.1,33,904.1,40.68,91,1,0.0,2014,3,14,9,0,2
6,42.8,7,979.3,87.84,0,0,0.0,1996,5,8,16,6,2
40,28.8,68,952.3,21.6,61,1,0.0,2011,7,25,14,1,0
39,23.1,91,945.1,31.32,99,1,0.0,2020,6,5,6,0,0
2,28.0,76,945.9,43.2,47,2,0.1,2024,7,12,21,0,0
23,29.1,49,996.6,4.68,81,1,0.0,2014,12,8,17,1,3
34,25.6,96,973.3,14.76,47,2,1.9,1998,7,9,4,4,0
33,22.2,97,941.5,14.04,99,1,0.0,2020,7,25,1,2,0
2,23.6,33,962.3,34.56,0,0,0.0,2013,2,24,15,3,3
39,22.2,93,944.0,20.52,22,0,0.0,2007,4,13,2,0,2
28,26.5,84,1010.2,9.36,6,0,0.0,1998,2,26,2,4,3
15,25.2,80,941.6,9.36,97,2,0.2,2012,9,30,10,3,1
2,29.7,21,961.3,38.88,14,0,0.0,2002,11,8,14,0,1
38,27.1,61,1004.9,1.44,32,0,0.0,2014,4,11,8,0,2
3,24.6,80,969.4,40.32,99,1,0.0,2005,8,26,1,0,0
9,26.3,93,999.1,57.6,100,2,0.4,2023,9,18,6,1,1
36,22.0,98,944.2,20.16,100,1,0.0,2010,10,23,4,2,1
26,25.1,79,1011.6,18.36,0,0,0.0,2023,1,4,22,6,3
6,37.7,37,978.6,40.68,68,1,0.0,2017,8,20,13,3,0
30,32.4,30,1011.9,31.32,28,0,0.0,2018,11,29,14,4,1
43,26.1,89,1008.9,39.24,95,2,0.2,2014,8,13,14,6,0
0,27.3,75,975.1,20.52,100,1,0.0,1996,9,26,20,4,1
46,17.4,80,925.7,19.8,52,0,0.0,2014,12,26,23,0,3
43,36.2,25,1006.5,39.6,1,0,0.0,2004,3,8,15,1,2
3,26.4,31,976.3,20.88,0,0,0.0,2003,12,24,15,6,3
9,20.0,43,1014.2,48.24,0,0,0.0,2008,1,1,10,5,3
42,26.1,87,1009.5,48.96,96,2,0.3,2015,10,11,17,3,1
38,24.7,94,1001.0,20.88,100,2,0.4,2003,8,13,23,6,0
8,22.2,46,1015.8,26.28,0,0,0.0,2002,1,11,9,0,3
5,27.3,66,939.8,63.0,97,1,0.0,2000,9,3,15,3,1
20,15.5,72,1002.4,24.12,0,0,0.0,2000,1,2,5,3,3
26,23.4,83,1008.3,24.48,97,1,0.0,1999,1,18,4,1,3
31,21.8,84,927.7,56.88,78,1,0.0,2003,9,1,18,1,1
28,25.1,95,1008.4,18.0,100,1,0.0,2022,11,2,19,6,1
31,24.6,72,929.5,35.28,20,0,0.0,2008,11,18,9,5,1
22,20.8,55,985.7,11.16,0,0,0.0,2025,12,25,9,4,3
38,26.6,82,999.1,41.4,100,2,0.6,1996,8,21,15,6,0
6,35.3,23,984.6,22.68,37,0,0.0,2020,4,20,15,1,2
21,24.6,72,957.3,29.16,58,0,0.0,2023,4,24,5,1,2
6,22.3,58,987.6,15.48,0,0,0.0,2023,4,1,8,2,2
35,28.5,70,960.9,51.12,100,1,0.0,1998,8,7,12,0,0
23,27.5,80,994.7,38.52,23,0,0.0,1997,4,15,0,5,2
6,30.0,22,988.3,53.64,98,1,0.0,2005,4,21,0,4,2
42,24.2,94,1008.2,41.76,96,1,0.0,2017,6,29,4,4,0
3,20.2,64,977.8,50.4,46,0,0.0,2020,1,23,22,4,3
17,18.4,100,894.8,47.88,100,2,1.1,2025,7,22,3,5,0
7,19.5,98,909.3,29.88,100,1,0.0,2025,8,2,5,2,0
38,25.9,66,1001.4,29.52,1,0,0.0,2024,11,22,18,0,1
16,23.9,86,949.5,63.72,100,2,0.1,2001,8,2,8,4,0
39,23.0,82,943.6,36.0,100,1,0.0,1998,9,20,20,3,1
21,26.5,81,961.7,23.04,98,2,0.2,2024,10,16,9,6,1
33,25.4,42,950.1,9.36,0,0,0.0,2016,3,31,8,4,2
30,25.4,94,1004.0,46.44,93,2,0.2,2012,6,29,5,0,0
3,29.4,63,966.5,68.76,97,2,0.1,2015,7,30,15,4,0
32,25.6,92,965.1,41.4,100,2,1.5,2005,7,24,14,3,0
36,30.7,60,939.5,57.6,65,1,0.0,2025,5,29,14,4,2
1,36.9,36,998.4,42.84,13,0,0.0,2022,6,4,11,2,0
25,17.2,80,948.9,20.88,3,0,0.0,1998,3,14,6,2,2
35,26.8,79,964.0,20.52,48,0,0.0,2020,9,12,8,2,1
34,28.9,37,984.6,33.84,0,0,0.0,1996,4,20,8,2,2
11,21.2,92,901.2,5.4,32,0,0.0,2016,3,11,5,0,2
12,19.5,47,990.5,11.88,0,0,0.0,2021,1,31,17,3,3
28,29.9,59,1009.4,59.4,23,0,0.0,2020,2,2,15,3,3
21,33.6,20,959.3,43.56,94,1,0.0,2004,4,20,22,5,2
11,21.4,85,895.6,59.76,100,1,0.0,2015,7,16,10,4,0
45,27.5,79,971.1,6.48,70,2,0.7,2007,9,18,17,5,1
4,38.3,23,1002.8,33.84,96,1,0.0,2015,3,28,15,2,2
40,24.1,91,960.7,31.32,52,0,0.0,2019,10,29,21,5,1
7,20.5,93,909.1,32.4,100,2,0.3,2018,9,20,22,4,1
23,29.0,80,989.9,14.4,100,1,0.0,2017,6,14,20,6,0
32,27.5,44,976.8,26.64,18,0,0.0,2009,1,6,12,5,3
12,35.1,42,978.0,44.64,3,0,0.0,1998,6,13,12,2,0
29,24.5,94,1005.8,13.68,100,3,5.8,2022,6,21,9,5,0
3,33.0,38,964.6,53.28,0,0,0.0,2024,5,31,0,0,2
39,23.0,96,943.2,17.64,99,2,0.1,2017,10,7,20,2,1
7,17.2,76,909.9,29.52,22,0,0.0,2014,2,13,5,4,3
32,21.5,87,974.4,23.76,0,0,0.0,2013,10,28,3,1,1
14,23.6,54,995.7,8.64,0,0,0.0,2000,11,3,21,0,1
43,25.8,60,1007.2,40.32,98,1,0.0,2017,2,27,6,1,3
15,21.3,93,937.5,42.84,100,1,0.0,2015,9,17,0,4,1
28,27.7,75,1010.9,23.76,99,1,0.0,2005,11,2,11,6,1
24,26.9,97,1008.3,8.64,98,2,0.2,2017,5,20,22,2,2
26,25.7,85,1010.4,28.8,66,1,0.0,2016,10,3,8,1,1
15,23.6,86,937.8,57.6,100,2,0.6,1996,7,14,11,3,0
5,36.9,13,943.3,8.28,0,0,0.0,2011,4,20,13,6,2
25,22.1,90,945.0,49.68,100,1,0.0,2006,8,31,19,4,0
34,17.8,76,988.3,21.24,0,0,0.0,2003,10,22,7,6,1
10,30.3,56,971.6,118.8,88,1,0.0,2011,7,21,9,4,0
6,22.1,42,982.2,53.28,0,0,0.0,2023,4,21,6,0,2
19,27.8,38,989.2,20.88,1,0,0.0,2012,12,4,14,5,3
3,33.3,35,972.3,2.88,0,0,0.0,2023,5,30,8,5,2
38,24.4,94,999.3,10.44,100,2,1.2,2016,7,24,21,3,0
9,28.4,74,1004.9,10.08,62,1,0.0,2012,9,23,18,3,1
25,32.4,23,951.7,11.88,97,1,0.0,2007,1,23,16,5,3
35,22.6,92,963.5,27.36,100,1,0.0,2013,10,23,3,6,1
43,31.5,59,1006.3,34.56,12,0,0.0,1997,4,17,16,4,2
27,18.5,60,978.4,10.08,2,0,0.0,2026,2,27,3,0,3
35,23.0,67,971.1,38.88,4,0,0.0,1996,1,10,9,6,3
15,25.2,79,936.1,36.72,80,2,0.7,2000,8,6,17,3,0
7,17.1,59,912.9,37.08,70,1,0.0,2012,1,25,22,6,3
15,32.9,31,938.4,65.52,40,0,0.0,1996,4,4,17,4,2
13,23.0,85,925.9,76.68,100,2,0.3,2012,7,5,10,4,0
9,26.6,41,1013.8,49.32,0,0,0.0,2003,1,7,13,5,3
1,31.6,52,1004.5,52.2,57,0,0.0,2010,11,15,16,1,1
38,27.8,80,999.0,48.96,68,1,0.0,2019,5,28,22,5,2
28,23.3,94,1008.5,8.28,100,1,0.0,2025,7,5,3,2,0
31,25.5,58,931.7,34.56,72,1,0.0,2020,3,1,9,3,2
1,30.3,30,1001.8,20.52,0,0,0.0,2014,4,12,21,2,2
15,27.5,66,940.5,64.8,97,2,0.2,1998,7,14,12,5,0
18,20.8,35,967.5,31.32,0,0,0.0,2009,10,30,1,0,1
7,17.9,91,914.9,43.2,99,1,0.0,2013,11,6,7,6,1
34,28.6,62,985.2,16.92,0,0,0.0,2010,10,16,9,2,1
41,32.4,54,1004.8,66.24,0,0,0.0,2002,4,29,10,1,2
17,23.5,64,899.8,12.24,32,0,0.0,2009,10,25,10,3,1
21,19.4,81,961.5,20.52,0,0,0.0,2008,12,13,4,2,3
7,24.0,71,913.9,17.28,47,2,0.1,2009,10,10,9,2,1
4,24.6,92,999.1,40.32,93,1,0.0,2013,8,19,5,1,0
9,29.7,69,999.0,51.84,79,1,0.0,2002,8,18,14,3,0
16,22.0,68,960.7,27.72,93,1,0.0,2024,1,27,20,2,3
17,18.1,97,895.9,20.88,100,2,0.2,2000,8,17,19,4,0
6,19.7,72,986.2,49.68,0,0,0.0,2009,3,4,6,6,2
32,44.1,11,970.3,44.28,52,0,0.0,2005,5,16,13,1,2
28,26.2,88,1008.6,47.52,85,2,0.1,2001,6,26,10,5,0
6,23.0,42,990.6,63.0,0,0,0.0,2007,3,21,10,6,2
22,26.5,72,972.8,69.48,100,1,0.0,2022,8,13,1,2,0
10,8.7,56,990.7,35.64,0,0,0.0,2021,1,29,2,0,3
4,31.7,61,1000.7,49.32,78,1,0.0,2023,6,22,8,4,0
35,25.6,78,959.2,59.04,93,1,0.0,2011,8,9,8,5,0
10,40.5,6,980.1,14.76,0,0,0.0,2011,4,25,13,1,2
44,27.3,45,945.7,19.8,0,0,0.0,1996,10,6,17,3,1
7,24.9,42,913.7,6.48,0,0,0.0,1999,12,6,13,1,3
2,25.0,17,958.9,50.04,0,0,0.0,2013,1,13,15,3,3
13,19.1,86,926.3,29.52,1,0,0.0,1997,4,2,3,6,2
9,27.2,87,989.2,79.56,100,3,6.0,2015,6,24,5,6,0
11,14.9,81,898.0,20.88,0,0,0.0,1998,1,12,3,1,3
4,36.7,14,1007.7,17.28,96,1,0.0,2023,2,19,13,3,3
16,22.4,83,948.0,77.04,100,2,0.8,2000,6,19,11,1,0
7,14.8,96,911.9,28.8,28,0,0.0,2021,12,26,4,3,3
8,23.5,37,1012.7,34.56,0,0,0.0,2010,12,20,18,1,3
17,18.9,95,896.5,29.16,100,2,0.2,2021,11,29,2,1,1
19,37.5,31,974.9,66.96,0,0,0.0,2004,5,15,17,2,2
21,29.8,43,956.8,95.04,3,0,0.0,2008,5,14,1,6,2
30,25.7,46,1010.6,32.4,0,0,0.0,2000,2,27,9,3,3
27,31.9,60,969.8,71.64,52,0,0.0,2020,7,11,19,2,0
13,22.1,84,924.5,50.04,94,1,0.0,2009,5,24,5,3,2
17,20.3,88,895.9,30.6,100,2,0.5,1998,6,17,16,6,0
12,29.6,28,984.4,37.8,99,1,0.0,2002,4,5,9,0,2
25,26.4,54,950.4,46.8,10,0,0.0,2007,3,12,20,1,2
9,23.3,65,1008.6,33.84,67,1,0.0,2016,3,15,4,5,2
16,20.1,70,958.2,26.28,13,0,0.0,2025,11,25,4,5,1
11,23.8,67,898.3,72.0,100,2,0.1,2020,12,5,14,2,3
46,19.2,99,925.7,13.68,85,1,0.0,2013,8,30,4,0,0
35,23.0,69,970.8,18.0,1,0,0.0,2006,11,19,8,3,1
40,24.9,88,949.7,61.2,97,2,1.3,2021,7,14,18,6,0
32,28.9,75,964.4,22.32,88,2,0.1,2013,7,8,17,1,0
19,24.9,30,984.8,43.92,64,1,0.0,1997,3,13,0,4,2
30,25.5,51,1015.4,21.96,11,0,0.0,2025,1,3,9,0,3
28,26.3,87,1009.8,4.68,78,1,0.0,2005,4,11,8,1,2
18,37.9,16,953.7,44.64,43,0,0.0,2011,5,12,18,4,2
7,25.0,76,910.7,24.48,97,1,0.0,2005,5,31,9,5,2
31,24.8,70,927.1,53.64,68,1,0.0,2019,6,28,19,0,0
44,26.6,55,948.5,48.96,99,1,0.0,1998,4,27,0,1,2
15,21.0,97,938.3,62.28,93,2,0.1,2005,8,14,6,3,0
8,25.6,92,1003.4,43.92,79,1,0.0,2003,8,28,23,4,0
30,31.0,28,1011.8,6.48,0,0,0.0,2000,12,10,13,3,3
39,21.4,94,941.7,38.16,99,1,0.0,2021,9,27,21,1,1
17,20.1,100,896.9,10.44,34,0,0.0,2020,10,29,18,4,1
34,35.2,42,980.0,26.28,0,0,0.0,2004,5,25,10,5,2
20,14.2,80,1003.4,31.32,0,0,0.0,2010,1,24,5,3,3
12,26.9,63,973.6,58.32,40,0,0.0,2005,8,11,5,4,0
46,19.5,90,925.5,2.88,46,0,0.0,2006,3,17,4,0,2
30,25.6,56,1011.3,18.36,0,0,0.0,2021,2,24,0,6,3
34,27.9,27,991.9,14.4,24,0,0.0,1997,3,6,13,4,2
24,28.2,61,1008.3,51.12,97,1,0.0,2023,1,13,15,0,3
22,25.4,75,968.4,62.28,100,1,0.0,2004,8,3,0,5,0
25,26.0,77,945.4,29.88,100,2,0.2,2016,7,27,13,6,0
26,24.5,74,1010.7,30.6,99,1,0.0,2023,1,21,23,2,3
38,31.9,53,1000.3,77.04,8,0,0.0,2024,4,4,14,4,2
19,20.5,27,989.2,12.96,0,0,0.0,1997,1,3,19,0,3
10,30.3,42,978.6,51.84,3,0,0.0,2008,9,3,2,6,1
1,18.6,64,1002.9,34.56,0,0,0.0,2000,3,5,4,3,2
26,24.5,91,1008.5,18.72,27,0,0.0,2009,4,4,6,2,2
26,24.1,84,1010.1,19.44,99,1,0.0,1998,12,28,4,1,3
35,17.0,58,969.2,12.96,0,0,0.0,2023,1,11,1,6,3
38,28.7,75,998.7,85.68,98,1,0.0,2025,6,28,12,2,0
6,19.1,18,990.9,38.88,0,0,0.0,2024,3,18,3,1,2
16,35.0,36,949.0,49.68,99,1,0.0,2000,5,23,17,5,2
1,24.9,38,1006.2,19.44,0,0,0.0,2023,4,9,5,3,2
22,28.4,71,978.8,20.88,20,0,0.0,1998,10,27,17,5,1
39,25.7,70,951.0,40.32,100,1,0.0,1997,9,18,10,4,1
11,22.2,88,900.5,38.88,71,1,0.0,2015,5,26,7,5,2
31,21.0,85,931.9,19.8,46,0,0.0,2006,11,10,22,0,1
25,15.8,65,948.3,25.2,92,1,0.0,2014,12,27,3,2,3
22,25.9,82,972.5,56.88,80,1,0.0,2023,9,9,6,2,1
1,27.8,84,995.1,29.16,88,1,0.0,2003,6,25,7,6,0
9,34.5,45,1000.7,92.52,84,2,0.2,2017,7,11,14,5,0
31,25.0,76,928.1,21.6,89,1,0.0,2003,4,5,19,2,2
37,29.0,50,993.3,40.32,0,0,0.0,2000,9,29,22,0,1
22,21.0,72,983.9,30.96,33,0,0.0,2020,1,10,19,0,3
31,34.9,29,926.5,19.44,29,0,0.0,2016,4,12,17,5,2
26,28.0,65,1013.1,18.72,95,1,0.0,2015,2,3,20,5,3
4,24.1,41,1008.7,34.92,0,0,0.0,2009,11,6,8,0,1
5,27.5,68,936.7,86.76,100,2,0.2,2018,7,18,14,6,0
33,24.6,61,950.1,30.96,99,1,0.0,2019,12,4,19,6,3
10,8.9,87,987.2,34.56,0,0,0.0,2018,1,25,8,4,3
5,19.1,41,945.8,37.08,0,0,0.0,2024,2,24,0,2,3
46,19.6,100,927.7,6.48,99,2,0.1,2018,10,17,3,6,1
13,26.8,75,927.0,29.88,92,2,1.7,1998,5,5,17,5,2
22,27.9,24,980.4,19.8,0,0,0.0,2000,12,24,16,3,3
20,22.3,85,1004.4,25.56,1,0,0.0,2006,10,16,7,1,1
7,27.6,62,907.8,8.28,53,0,0.0,2014,8,20,16,6,0
0,23.5,51,983.0,24.12,0,0,0.0,2006,1,16,20,1,3
45,30.0,58,973.0,41.76,100,1,0.0,2012,7,5,21,4,0
28,28.7,73,1009.7,55.8,98,2,0.1,2017,8,12,11,2,0
37,25.5,63,998.1,42.12,0,0,0.0,2021,10,22,19,0,1
31,20.6,91,930.4,39.6,100,1,0.0,2005,9,16,0,0,1
30,26.2,36,1011.1,31.32,0,0,0.0,2003,3,6,9,4,2
35,22.4,84,968.0,8.64,75,1,0.0,2021,11,6,7,2,1
22,25.4,65,976.7,58.68,0,0,0.0,2000,3,22,3,6,2
11,19.0,55,899.5,23.4,0,0,0.0,2025,1,7,20,5,3
38,26.6,89,997.2,41.04,72,2,0.7,2014,6,19,23,4,0
14,32.5,36,984.7,26.64,0,0,0.0,2018,5,16,9,6,2
41,29.1,44,1006.6,25.92,0,0,0.0,2021,1,15,16,0,3
24,25.3,96,1007.0,12.24,90,2,0.1,2019,9,22,2,3,1
42,28.9,70,1008.7,12.96,97,1,0.0,2023,12,27,18,6,3
17,20.9,64,897.4,21.6,79,1,0.0,2000,3,5,20,3,2
41,25.5,81,1009.9,33.48,1,0,0.0,2018,10,16,0,5,1
33,16.8,62,949.9,30.24,79,1,0.0,1998,2,5,0,4,3
37,29.0,46,998.8,46.44,5,0,0.0,2019,11,23,17,2,1
42,23.9,91,1012.1,66.96,100,2,0.1,1997,8,10,19,3,0
16,27.3,65,949.4,78.48,95,1,0.0,2012,6,9,4,2,0
25,24.9,83,946.3,43.2,100,2,0.1,1998,9,3,18,4,1
14,28.5,73,979.7,23.4,7,0,0.0,2006,8,9,0,6,0
30,24.8,64,1012.1,42.84,0,0,0.0,2018,1,17,22,6,3
3,27.9,20,977.7,25.92,0,0,0.0,2007,11,21,12,6,1
13,25.8,73,929.9,61.2,99,2,0.1,2000,8,17,12,4,0
31,18.0,88,931.5,38.52,21,0,0.0,2014,1,9,7,4,3
14,6.7,94,994.1,21.96,0,0,0.0,2002,12,29,5,3,3
39,25.2,74,947.8,40.32,94,1,0.0,2015,9,9,10,6,1
46,20.1,99,925.7,13.68,97,1,0.0,2012,8,23,6,4,0
30,26.9,87,1007.4,7.56,81,1,0.0,1999,10,2,19,2,1
41,28.2,51,1010.4,40.32,13,0,0.0,2010,11,1,9,1,1
20,26.9,87,995.7,43.56,64,1,0.0,2014,5,31,3,2,2
7,17.2,91,910.0,24.48,19,0,0.0,2011,3,12,6,2,2
46,27.8,58,925.5,17.64,22,0,0.0,2007,2,28,17,6,3
42,23.9,92,1008.4,61.56,100,1,0.0,1999,7,24,1,2,0
37,31.3,26,995.1,38.52,0,0,0.0,2008,3,18,11,5,2
18,30.8,59,955.8,30.24,68,1,0.0,2020,9,17,19,4,1
43,25.2,82,1008.3,42.48,98,1,0.0,2004,10,24,7,3,1
14,31.3,24,991.8,23.76,0,0,0.0,2010,10,28,15,4,1
14,21.5,38,995.7,17.64,82,1,0.0,2025,12,25,14,4,3
24,26.0,84,1007.2,12.96,67,2,0.1,1999,9,10,19,0,1
43,24.0,96,1009.0,8.28,60,1,0.0,2013,9,27,2,0,1
12,18.2,95,988.1,22.32,50,2,0.7,1997,10,20,6,1,1
38,24.6,69,1002.6,21.96,19,0,0.0,2014,12,31,10,6,3
43,26.7,86,1008.4,39.24,100,2,1.0,2015,7,25,13,2,0
44,25.5,78,942.6,24.12,100,1,0.0,2025,8,13,8,6,0
24,29.4,71,1005.9,39.6,100,2,0.1,2013,5,15,13,6,2
5,25.8,76,938.1,55.08,99,1,0.0,2005,6,20,23,1,0
37,26.1,25,999.8,23.04,0,0,0.0,2002,11,3,22,3,1
19,28.1,75,982.1,33.84,8,0,0.0,2013,10,2,19,6,1
10,21.9,29,985.2,11.88,0,0,0.0,2010,12,13,18,1,3
31,22.0,87,925.0,33.84,97,1,0.0,1996,7,8,0,1,0
20,28.9,26,1004.4,39.24,0,0,0.0,2016,2,16,13,5,3
39,24.9,72,944.0,51.84,100,1,0.0,2007,8,17,18,0,0
3,13.1,69,980.6,38.16,11,0,0.0,2019,1,28,7,1,3
28,27.2,82,1009.2,27.36,98,1,0.0,2021,6,27,9,3,0
9,26.8,51,1009.9,28.8,98,1,0.0,2016,11,18,19,0,1
40,14.7,50,957.2,36.36,32,0,0.0,2011,1,9,7,3,3
32,21.2,55,977.1,31.68,1,0,0.0,1996,11,30,19,2,1
13,33.3,36,931.3,20.16,23,0,0.0,2012,4,15,13,3,2
28,25.2,92,1005.4,42.12,100,2,0.4,2018,7,12,18,4,0
16,29.5,56,946.9,78.12,100,1,0.0,2009,7,18,16,2,0
29,23.6,95,1007.9,14.4,16,0,0.0,2013,11,20,6,6,1
20,26.6,51,1007.0,28.44,0,0,0.0,2023,12,16,10,2,3
7,18.2,91,916.1,48.96,12,0,0.0,2017,1,22,1,3,3
37,22.1,25,1000.5,37.44,0,0,0.0,2016,2,7,20,3,3
13,20.1,45,938.9,63.72,0,0,0.0,2019,1,1,9,5,3
8,31.6,61,998.5,114.48,97,1,0.0,1999,7,2,14,0,0
28,31.9,40,1009.3,12.24,37,0,0.0,2025,1,6,12,1,3
27,32.4,62,971.1,22.68,99,1,0.0,2003,6,25,13,6,0
43,26.5,91,1005.5,9.0,100,2,0.4,1998,5,7,5,4,2
15,24.7,84,937.6,10.44,89,1,0.0,2020,6,26,8,0,0
28,24.6,92,1009.7,17.64,100,1,0.0,2022,12,14,19,6,3
45,20.7,63,986.7,45.0,5,0,0.0,1996,1,2,0,5,3
36,36.7,14,948.7,77.04,0,0,0.0,2017,4,20,11,4,2
13,28.4,38,931.6,21.96,0,0,0.0,2007,4,24,9,5,2
22,31.3,29,982.5,25.56,0,0,0.0,2004,2,29,10,3,3
35,29.7,60,957.9,63.0,100,1,0.0,2007,7,13,14,0,0
0,22.9,47,978.4,26.28,0,0,0.0,2014,4,6,5,3,2
35,30.4,49,960.5,34.92,27,0,0.0,2014,10,11,17,2,1
1,25.8,85,997.2,29.88,100,1,0.0,2001,8,6,3,1,0
43,29.9,74,1005.8,42.84,84,2,0.4,2021,6,30,12,6,0
2,24.6,80,954.3,24.48,5,0,0.0,2012,9,22,21,2,1
4,29.0,30,1009.6,26.64,0,0,0.0,2006,12,18,13,1,3
17,19.1,93,894.1,12.96,99,1,0.0,2002,6,10,7,1,0
5,27.8,64,945.3,6.84,2,0,0.0,2000,9,30,9,2,1
36,27.1,45,954.5,38.16,0,0,0.0,2008,12,24,11,6,3
43,30.3,70,1007.6,28.44,79,2,0.3,2013,5,21,10,5,2
24,27.9,86,1007.8,10.08,84,1,0.0,2012,5,19,19,2,2
3,19.3,68,973.7,23.4,4,0,0.0,2003,11,6,2,4,1
31,19.3,96,928.0,31.32,100,1,0.0,1997,9,3,6,6,1
4,37.0,31,998.4,47.52,1,0,0.0,1999,6,5,17,2,0
40,23.8,88,955.0,37.08,100,2,0.7,2022,7,22,21,0,0
9,27.7,79,1000.0,64.44,93,1,0.0,2002,8,14,21,6,0
8,14.7,74,1015.4,29.88,0,0,0.0,2026,1,11,4,3,3
29,30.2,54,1008.3,59.4,73,1,0.0,2002,12,12,16,4,3
34,21.2,47,989.2,29.52,5,0,0.0,2017,3,16,9,4,2
31,27.7,38,928.1,25.56,0,0,0.0,2011,2,8,12,5,3
18,20.4,79,963.8,14.76,0,0,0.0,2025,10,11,7,2,1
41,26.6,46,1009.4,36.36,0,0,0.0,2012,3,29,2,4,2
3,19.6,71,975.0,24.48,4,0,0.0,2012,12,3,22,1,3
43,24.1,94,1006.6,24.84,99,2,0.1,2000,6,11,3,3,0
32,17.9,65,981.2,30.96,33,0,0.0,2009,1,20,7,5,3
28,24.2,92,1011.4,12.96,100,2,0.4,2015,7,26,21,3,0
40,27.8,53,960.4,55.08,9,0,0.0,2019,11,17,18,3,1
31,24.1,85,926.6,57.6,99,1,0.0,1996,3,28,23,4,2
44,24.1,90,943.2,10.44,52,0,0.0,1998,8,23,6,3,0
22,23.2,96,981.9,13.68,98,1,0.0,2009,11,18,22,6,1
46,26.0,83,928.5,9.0,63,1,0.0,2016,4,18,8,1,2
21,38.4,32,954.4,27.36,35,0,0.0,2002,5,7,14,5,2
3,37.6,23,973.5,11.16,4,0,0.0,2014,4,22,13,5,2
36,32.2,38,948.4,63.72,14,0,0.0,2003,5,17,10,2,2
9,22.1,57,1012.3,30.24,0,0,0.0,2010,1,31,1,3,3
16,30.3,58,946.8,56.88,78,1,0.0,2013,6,19,15,6,0
5,16.3,91,947.2,23.76,11,0,0.0,1996,11,23,7,2,1
11,19.2,92,898.5,51.84,100,1,0.0,2004,8,20,23,0,0
1,14.8,46,1004.4,31.32,0,0,0.0,2000,2,21,7,1,3
29,27.2,85,1008.0,15.12,79,1,0.0,2015,4,1,20,6,2
28,24.0,95,1005.1,6.48,100,2,3.6,1999,10,6,2,6,1
23,23.4,92,999.7,30.24,100,2,1.3,2016,12,2,22,0,3
33,22.6,93,936.5,70.56,99,2,0.3,2003,7,26,18,2,0
45,25.6,35,987.5,27.72,78,1,0.0,2009,12,24,11,4,3
42,25.7,95,1008.7,16.2,100,1,0.0,2023,12,9,19,2,3
37,12.0,20,999.4,55.08,0,0,0.0,2001,2,2,8,0,3
35,31.1,31,964.8,18.36,31,0,0.0,2000,2,22,15,5,3
6,12.4,32,993.7,41.04,0,0,0.0,2023,1,19,1,4,3
5,18.5,67,942.7,28.8,0,0,0.0,2005,10,21,2,0,1
17,16.1,82,895.2,14.04,94,1,0.0,2008,2,29,4,0,3
11,19.6,92,899.3,36.72,100,1,0.0,1999,6,25,0,0,0
28,25.3,91,1006.9,34.92,100,2,3.2,2013,7,30,17,5,0
26,26.6,89,1009.1,57.6,100,1,0.0,2009,7,22,10,6,0
36,26.7,75,941.7,64.44,94,2,4.8,2020,6,11,14,4,0
29,27.8,84,1006.9,32.04,13,0,0.0,2025,3,27,22,4,2
16,25.5,85,949.0,45.0,100,2,0.3,1996,7,10,22,6,0
19,14.0,75,990.9,32.04,0,0,0.0,2016,11,15,7,5,1
24,27.6,80,1010.0,7.2,99,1,0.0,2019,11,30,8,2,1
28,25.0,90,1009.1,20.16,100,2,1.6,2014,7,20,18,3,0
33,20.9,50,945.6,7.56,13,0,0.0,2025,3,2,5,3,2
29,27.7,74,1008.9,37.08,99,1,0.0,2009,4,22,23,6,2
20,16.7,54,1002.7,37.08,0,0,0.0,2001,11,14,4,6,1
45,27.5,72,979.9,30.96,98,2,1.1,2023,5,29,8,1,2
7,17.6,63,915.0,62.28,0,0,0.0,2017,1,17,23,5,3
35,28.6,47,960.4,34.92,3,0,0.0,2009,6,17,6,6,0
23,28.3,78,990.8,14.76,100,1,0.0,2012,10,4,17,4,1
20,22.9,63,1003.5,30.6,0,0,0.0,1997,10,28,1,5,1
25,22.0,95,943.0,51.84,100,2,1.0,2021,6,15,22,5,0
8,26.9,21,1009.6,29.52,1,0,0.0,2008,1,29,13,5,3
1,34.3,40,1001.5,46.8,6,0,0.0,2007,5,16,11,6,2
8,30.9,64,1004.4,38.16,20,0,0.0,2019,10,5,15,2,1
24,27.5,82,1009.4,24.84,65,2,0.3,2014,9,23,10,5,1
36,31.3,25,947.0,5.76,86,1,0.0,2014,2,5,16,6,3
30,22.5,71,1014.9,14.76,2,0,0.0,2026,1,4,8,3,3
13,25.3,67,930.1,36.36,6,0,0.0,1996,4,15,19,1,2
20,23.0,59,1000.9,5.76,0,0,0.0,2025,4,5,5,2,2
46,21.7,93,924.4,16.2,69,1,0.0,2021,7,5,20,1,0
36,25.0,16,951.0,32.4,24,0,0.0,2012,2,9,12,4,3
16,25.2,85,948.0,36.72,53,0,0.0,2004,5,13,6,4,2
7,29.6,55,909.1,59.76,100,1,0.0,2002,5,17,12,0,2
19,25.1,31,986.1,25.92,0,0,0.0,2000,10,16,22,1,1
43,24.6,92,1010.5,18.72,69,1,0.0,2022,11,16,7,6,1
4,22.7,46,1004.7,26.28,0,0,0.0,2014,3,25,4,5,2
3,34.3,16,964.6,28.8,0,0,0.0,2010,5,15,22,2,2
22,25.0,89,973.3,58.68,99,2,0.2,2020,8,18,23,5,0
38,26.0,61,1003.3,21.96,34,0,0.0,2006,12,21,20,4,3
46,22.2,98,926.8,18.0,100,1,0.0,2000,5,6,20,2,2
46,21.3,97,927.2,14.04,42,0,0.0,2013,1,2,1,6,3
33,17.7,80,945.2,6.48,11,0,0.0,2007,12,11,6,5,3
17,21.7,75,896.2,43.56,82,2,0.3,2014,9,19,16,0,1
8,25.6,50,1007.5,36.0,0,0,0.0,2011,2,12,20,2,3
44,18.4,30,947.9,23.76,0,0,0.0,2009,10,25,3,3,1
7,32.7,34,911.4,16.56,52,0,0.0,2013,4,15,14,1,2
6,20.0,40,997.4,40.68,0,0,0.0,2016,12,21,10,6,3
14,11.5,58,997.4,24.48,47,0,0.0,2014,1,6,20,1,3
46,20.3,100,925.4,20.52,100,1,0.0,1999,6,27,0,3,0
9,28.4,83,1002.5,53.64,18,0,0.0,2010,7,10,21,2,0
10,22.0,19,989.0,23.4,11,0,0.0,2005,1,13,16,4,3
35,23.9,42,964.5,47.16,20,0,0.0,2000,2,19,22,2,3
3,27.7,74,961.5,76.68,100,1,0.0,2006,8,14,13,1,0
14,14.6,59,998.5,30.6,48,0,0.0,1996,12,25,9,6,3
9,17.5,64,1015.7,63.72,92,1,0.0,1997,12,30,6,5,3
34,16.4,80,990.4,32.04,0,0,0.0,2017,1,31,19,5,3
28,27.0,87,1008.7,25.56,100,2,2.8,2022,5,6,10,0,2
13,21.3,90,929.1,36.36,100,1,0.0,2013,10,1,22,5,1
13,17.0,47,930.4,33.84,0,0,0.0,2013,12,17,23,5,3
3,22.4,71,974.1,29.52,11,0,0.0,2021,3,23,5,5,2
16,17.9,70,959.4,23.76,0,0,0.0,2019,1,5,1,2,3
17,17.6,89,898.8,51.84,69,1,0.0,2018,1,18,0,4,3
4,28.1,81,996.4,52.2,95,2,1.0,2004,8,20,16,0,0
7,24.6,75,908.6,48.6,100,2,1.8,2025,7,13,15,3,0
30,28.0,52,1014.4,46.8,11,0,0.0,2014,1,26,10,3,3
5,31.3,42,937.8,72.72,99,1,0.0,2018,9,21,14,0,1
7,20.9,93,909.2,32.4,100,2,0.6,2016,7,26,8,5,0
20,26.9,88,997.1,32.4,93,1,0.0,2007,5,4,23,0,2
0,20.9,87,985.6,26.64,12,0,0.0,1997,11,5,2,6,1
1,26.5,50,1009.7,23.76,18,0,0.0,2009,12,20,18,3,3
25,29.8,29,949.5,18.72,0,0,0.0,1998,1,1,17,4,3
10,27.7,28,989.9,11.88,0,0,0.0,2011,10,27,10,4,1
7,24.4,73,909.5,73.08,100,2,0.2,1998,7,25,10,2,0
15,21.3,95,935.2,87.48,100,2,2.4,2008,8,10,20,3,0
22,35.1,34,971.7,78.84,55,0,0.0,1996,5,29,9,6,2
41,28.6,77,1006.3,39.6,100,3,6.0,2022,9,29,12,4,1
15,27.2,39,942.4,27.36,0,0,0.0,2013,1,11,18,0,3
18,27.0,74,955.8,16.56,100,2,0.6,2023,6,17,8,2,0
25,21.6,61,948.0,30.6,0,0,0.0,2019,2,18,21,1,3
29,23.4,93,1010.5,16.92,24,0,0.0,2007,11,28,7,6,1
18,25.3,28,967.3,22.68,0,0,0.0,2025,12,16,15,5,3
19,30.6,45,985.9,24.84,90,1,0.0,2004,9,26,21,3,1
13,21.0,96,926.1,86.04,100,2,0.6,2018,7,21,6,2,0
21,31.6,25,962.2,14.4,0,0,0.0,2001,3,12,11,1,2
3,38.4,19,968.5,71.64,0,0,0.0,2008,5,26,10,1,2
35,22.6,97,962.7,15.12,100,2,0.6,1999,9,27,5,1,1
37,29.5,15,1000.7,46.08,0,0,0.0,2007,2,1,15,4,3
45,27.4,59,984.4,23.04,46,0,0.0,2012,12,15,17,2,3
0,13.9,49,986.9,34.92,0,0,0.0,2019,2,10,0,3,3
23,27.3,55,1001.5,13.68,42,0,0.0,2004,12,10,11,0,3
12,29.1,82,977.7,24.84,16,0,0.0,2011,8,29,20,1,0
1,20.2,63,1004.1,37.8,0,0,0.0,1997,12,8,22,1,3
32,23.0,48,973.5,21.6,9,0,0.0,2021,3,17,3,6,2
4,21.0,54,1006.5,24.48,8,0,0.0,2002,11,14,3,4,1
27,30.3,64,980.9,41.04,49,2,0.2,2003,9,25,11,4,1
13,24.2,87,928.2,51.12,100,1,0.0,2017,5,15,3,1,2
34,21.3,66,994.7,26.64,34,2,0.3,2002,2,23,9,2,3
27,25.5,91,970.1,44.28,100,2,0.4,2018,7,26,4,4,0
20,27.1,44,1001.7,33.84,0,0,0.0,1998,11,17,10,5,1
8,26.0,90,1005.3,35.28,78,1,0.0,2024,8,30,22,0,0
15,26.6,64,946.8,58.32,98,1,0.0,2018,11,20,10,5,1
20,13.0,37,1008.2,44.64,0,0,0.0,2013,12,31,8,5,3
0,36.0,28,977.3,21.24,64,1,0.0,1997,4,29,17,5,2
41,24.3,61,1010.7,37.44,25,0,0.0,2012,12,2,21,3,3
32,35.5,19,972.5,25.92,44,0,0.0,2012,4,18,9,6,2
32,23.6,95,964.6,30.24,100,2,0.6,2013,7,17,2,6,0
0,33.2,32,972.7,23.4,5,0,0.0,2009,6,16,22,5,0
19,25.0,90,977.8,54.36,95,2,0.5,2013,9,28,20,2,1
1,25.2,94,990.0,16.56,100,3,5.3,2008,7,28,20,1,0
12,18.7,71,987.2,26.64,4,0,0.0,1996,3,10,0,3,2
20,30.4,19,996.2,50.4,0,0,0.0,2022,2,17,17,4,3
37,14.4,37,993.6,22.32,0,0,0.0,2010,12,12,3,3,3
2,34.9,37,945.4,21.24,64,1,0.0,2002,7,31,18,6,0
42,28.1,81,1004.2,46.08,53,2,0.3,2002,3,26,15,5,2
36,32.1,46,945.7,73.44,84,1,0.0,2022,5,12,11,4,2
22,20.9,68,977.7,29.16,0,0,0.0,2011,3,28,6,1,2
3,14.1,72,973.3,6.48,0,0,0.0,2013,12,19,7,4,3
15,35.9,23,943.8,24.48,4,0,0.0,1998,3,21,13,2,2
20,21.8,62,999.9,15.48,0,0,0.0,1999,4,5,7,1,2
42,23.5,94,1009.4,0.0,88,2,0.1,2000,11,25,3,2,1
7,17.8,72,915.2,40.32,18,0,0.0,2006,12,20,21,6,3
3,19.2,61,976.5,14.4,0,0,0.0,2011,1,25,8,5,3
34,30.7,67,976.5,71.28,2,0,0.0,2006,5,28,0,3,2
24,26.1,88,1009.1,86.4,97,2,0.5,2018,8,14,11,5,0
33,13.3,67,944.2,23.76,0,0,0.0,1997,2,5,4,6,3
16,27.0,69,949.0,39.24,29,0,0.0,2008,9,14,17,3,1
28,24.2,89,1010.6,13.32,63,1,0.0,1996,2,27,6,5,3
44,31.9,9,951.1,28.44,0,0,0.0,2005,4,2,11,2,2
1,16.5,82,1009.7,37.8,0,0,0.0,2020,12,16,4,6,3
35,26.4,41,968.7,28.8,4,0,0.0,2023,1,20,18,0,3
45,16.8,61,979.9,17.64,0,0,0.0,2014,2,4,4,5,3
46,19.5,99,927.0,23.04,100,1,0.0,1999,8,27,3,0,0
13,25.9,37,933.3,48.24,23,0,0.0,2017,12,30,12,2,3
11,24.1,72,899.0,53.28,70,2,0.6,1998,8,29,15,2,0
6,24.3,24,997.4,30.6,94,1,0.0,1997,1,1,12,6,3
4,28.1,81,995.4,59.76,100,2,0.1,2007,7,7,22,2,0
4,41.1,16,1003.7,54.0,0,0,0.0,2018,4,17,14,5,2
23,24.4,90,997.1,10.8,97,1,0.0,2006,11,6,19,1,1
7,26.9,54,910.3,69.84,100,1,0.0,2006,8,28,13,1,0
29,24.5,94,1005.1,25.2,86,2,0.2,2011,6,22,3,6,0
43,27.5,79,1008.7,21.6,13,0,0.0,2001,3,18,23,3,2
26,25.8,88,1008.9,43.56,89,2,2.6,2003,8,31,16,3,0
33,18.8,62,948.9,64.8,5,0,0.0,2004,1,27,9,5,3
28,27.7,76,1007.9,18.72,12,0,0.0,2007,3,8,21,4,2
8,27.6,83,1001.7,37.8,97,1,0.0,2012,8,27,11,1,0
42,23.4,94,1011.8,15.48,89,1,0.0,2023,2,9,23,4,3
41,16.8,54,1012.8,61.92,95,1,0.0,2004,1,26,8,1,3
46,20.6,97,925.7,25.2,98,1,0.0,2009,6,22,6,1,0
12,23.8,30,976.7,31.32,0,0,0.0,2012,5,4,2,0,2
30,25.8,58,1012.1,26.28,0,0,0.0,2024,11,7,23,4,1
40,24.2,85,950.0,72.72,97,1,0.0,1996,10,3,18,4,1
43,29.1,78,1008.6,42.12,51,2,0.2,1997,10,5,14,3,1
35,22.4,42,972.9,27.36,0,0,0.0,2004,1,8,19,4,3
25,21.1,51,946.8,11.88,0,0,0.0,2011,2,8,2,5,3
34,27.7,66,981.5,27.0,100,1,0.0,2009,10,6,10,5,1
5,24.9,64,944.1,13.68,46,2,0.1,2017,12,6,19,6,3
2,8.9,89,958.2,28.8,0,0,0.0,2024,1,18,5,4,3
38,27.1,81,998.9,27.0,24,0,0.0,2004,4,30,22,0,2
42,24.6,64,1009.4,25.2,62,1,0.0,2021,2,10,1,6,3
44,29.3,29,951.6,7.92,36,0,0.0,2011,11,15,15,5,1
23,22.4,80,1001.0,20.88,0,0,0.0,2014,3,16,6,3,2
34,18.9,43,990.8,27.72,0,0,0.0,2000,1,5,16,6,3
31,22.1,79,926.8,80.64,100,1,0.0,2013,7,18,8,4,0
1,15.0,42,1008.4,29.52,0,0,0.0,2004,2,6,2,0,3
41,30.4,62,1013.7,9.36,16,0,0.0,2023,10,22,9,3,1
21,28.5,54,957.5,78.12,100,1,0.0,2018,9,7,12,0,1
27,20.9,74,983.4,17.28,42,0,0.0,2025,2,10,19,1,3
33,22.2,59,948.1,44.28,100,1,0.0,2017,12,4,11,1,3
11,14.6,89,896.7,17.64,13,0,0.0,2000,2,7,6,1,3
30,25.5,97,1003.0,11.88,75,1,0.0,2020,9,19,5,2,1
42,24.8,75,1009.9,19.8,100,1,0.0,2001,1,21,21,3,3
46,20.1,100,926.9,12.96,100,1,0.0,1997,9,10,6,6,1
31,21.0,97,927.6,37.08,81,2,0.7,2020,10,9,0,0,1
9,31.6,53,1005.5,28.8,30,0,0.0,2009,9,16,13,6,1
26,28.1,46,1014.1,30.24,92,1,0.0,2016,1,4,10,1,3
35,28.8,62,962.0,49.32,100,1,0.0,2011,9,10,13,2,1
38,24.7,93,995.2,36.36,100,2,0.8,2003,7,23,16,6,0
37,27.4,35,995.1,7.56,1,0,0.0,2007,2,9,19,0,3
34,32.4,23,982.9,12.6,0,0,0.0,2000,4,4,10,5,2
38,26.9,85,1003.4,19.44,93,1,0.0,2007,9,29,10,2,1
6,12.7,75,993.8,36.72,0,0,0.0,2021,12,3,7,0,3
6,27.1,75,978.0,30.24,96,1,0.0,2012,8,20,5,1,0
28,27.1,84,1004.1,24.12,90,2,0.5,2000,9,15,16,0,1
38,32.0,49,1001.0,52.56,0,0,0.0,1996,4,19,13,0,2
39,26.9,23,945.9,32.4,46,0,0.0,2011,12,28,18,6,3
34,21.1,41,986.6,30.96,0,0,0.0,2020,10,27,0,5,1
6,31.7,53,979.6,93.6,0,0,0.0,2022,6,16,23,4,0
36,27.7,35,953.0,46.08,0,0,0.0,2013,12,23,13,1,3
37,34.4,42,994.0,56.16,0,0,0.0,2005,5,18,11,6,2
46,23.6,91,927.5,8.28,97,1,0.0,2021,4,27,7,5,2
32,17.3,65,979.8,30.96,7,0,0.0,2014,12,26,0,0,3
14,31.6,70,979.0,40.32,88,1,0.0,2022,7,8,22,0,0
39,24.5,90,945.4,37.8,99,1,0.0,2015,5,29,20,0,2
19,25.8,16,986.7,42.48,0,0,0.0,2012,2,25,14,2,3
20,26.0,91,992.7,29.88,67,1,0.0,2009,6,24,22,6,0
44,20.8,44,953.1,15.12,49,0,0.0,1997,1,15,12,6,3
41,30.6,67,1003.4,47.52,83,2,0.1,2023,8,19,13,2,0
14,23.2,36,993.4,47.88,5,0,0.0,2025,2,18,18,5,3
31,17.6,81,930.0,23.04,7,0,0.0,2009,1,8,6,4,3
22,24.9,77,973.8,49.68,69,1,0.0,2003,9,11,4,4,1
33,23.2,89,940.9,75.6,100,2,0.3,2016,7,8,8,0,0
17,21.5,80,899.5,13.32,100,1,0.0,1997,6,19,9,4,0
29,24.8,92,1007.1,27.36,100,1,0.0,2004,7,6,23,5,0
29,28.9,76,1008.8,31.32,100,1,0.0,2009,11,25,13,6,1
5,14.9,44,948.0,34.92,0,0,0.0,2014,12,28,23,3,3
34,33.5,54,976.6,27.72,65,1,0.0,2012,7,22,11,3,0
27,31.5,28,982.3,51.12,32,0,0.0,2018,10,24,16,6,1
41,26.3,88,999.2,80.28,100,2,0.2,2014,8,4,5,1,0
25,22.5,92,940.6,88.56,100,2,1.3,2017,7,20,6,4,0
23,24.8,68,1000.4,12.24,2,0,0.0,2013,3,17,8,3,2
27,16.0,42,988.2,37.8,0,0,0.0,2001,1,17,22,6,3
8,28.3,76,1006.0,46.08,100,2,0.1,2021,8,10,9,5,0
21,18.6,75,963.6,10.44,0,0,0.0,2008,12,24,7,6,3
6,33.5,62,972.7,78.84,11,0,0.0,2022,8,10,13,6,0
44,24.5,35,946.9,70.56,6,0,0.0,2015,3,15,16,3,2
5,23.1,44,947.4,26.64,0,0,0.0,2000,11,11,20,2,1
29,25.8,90,1006.9,17.64,100,2,0.4,2015,11,23,1,1,1
39,28.0,57,946.0,39.24,100,1,0.0,2012,5,22,11,5,2
13,25.8,77,931.3,29.88,33,0,0.0,1998,4,30,8,4,2
36,23.0,88,945.4,44.28,54,2,0.1,2023,8,20,19,3,0
40,25.9,80,953.3,65.88,95,2,0.3,2018,7,11,9,6,0
33,26.4,52,949.8,18.72,83,1,0.0,2009,12,5,11,2,3
39,22.1,91,948.5,9.0,100,1,0.0,2010,11,11,21,4,1
3,22.7,51,972.7,23.4,0,0,0.0,2008,11,2,22,3,1
17,13.5,88,895.0,19.8,66,1,0.0,1999,12,21,4,5,3
43,27.5,85,1006.9,13.32,20,0,0.0,2025,3,27,21,4,2
28,24.4,93,1013.1,6.48,100,2,0.2,1998,10,18,7,3,1
5,23.5,62,946.9,18.72,63,1,0.0,2021,1,1,19,0,3
41,28.6,84,1004.7,30.24,96,1,0.0,1999,9,28,21,5,1
17,18.5,95,897.1,33.84,100,2,0.8,2012,9,4,8,5,1
28,30.2,51,1010.0,38.52,0,0,0.0,2006,12,30,14,2,3
14,16.1,77,992.8,30.96,0,0,0.0,2023,11,5,5,3,1
18,25.5,19,965.9,20.52,0,0,0.0,1998,3,2,17,1,2
11,18.0,98,899.4,21.24,99,1,0.0,2008,9,26,5,0,1
8,28.5,65,1008.4,16.92,0,0,0.0,2019,5,11,7,2,2
42,24.4,98,1004.6,21.96,100,2,1.4,2025,5,24,3,2,2
9,33.8,39,1003.7,35.64,8,0,0.0,1997,4,22,17,5,2
14,27.5,67,982.5,20.88,0,0,0.0,2009,9,23,2,6,1
32,30.4,26,968.9,25.92,1,0,0.0,2012,5,20,4,3,2
26,25.3,93,1004.4,17.28,100,1,0.0,2018,5,16,5,6,2
20,30.2,64,993.5,72.0,100,1,0.0,2002,7,29,15,1,0
29,28.6,67,1007.4,45.36,0,0,0.0,1996,2,29,18,4,3
16,25.0,69,956.1,28.44,4,0,0.0,2014,11,16,18,3,1
36,27.7,67,943.1,68.76,95,2,0.1,2022,8,1,15,1,0
16,24.0,77,949.9,80.28,6,0,0.0,2021,8,2,0,1,0
0,29.5,24,983.7,21.96,0,0,0.0,2003,12,6,14,2,3
26,27.7,75,1010.1,16.2,96,1,0.0,1997,4,22,21,5,2
20,27.9,90,990.5,55.44,100,1,0.0,2009,7,10,11,0,0
11,22.1,84,896.7,56.16,84,2,0.7,2000,6,10,16,2,0
27,13.9,68,990.3,21.6,58,0,0.0,2014,1,1,22,6,3
17,23.0,76,900.3,2.52,97,2,0.2,2010,4,8,19,4,2
10,11.4,59,987.8,32.04,0,0,0.0,2017,11,22,5,6,1
30,25.0,93,1006.2,31.32,60,2,0.2,2010,9,13,5,1,1
39,20.0,66,946.2,16.92,98,1,0.0,2023,2,5,7,3,3
27,13.6,50,986.7,26.28,0,0,0.0,2019,2,8,20,0,3
5,30.0,23,947.4,3.96,0,0,0.0,2019,4,10,8,6,2
18,32.1,17,960.4,34.92,30,0,0.0,2016,4,10,19,3,2
6,16.4,73,996.9,63.36,13,0,0.0,2012,12,15,9,2,3
33,23.0,90,943.9,27.36,88,1,0.0,2004,10,4,18,1,1
7,20.0,98,908.7,35.64,100,1,0.0,2022,6,19,4,3,0
21,28.8,70,953.2,20.16,100,2,1.6,2001,9,26,15,6,1
8,27.2,66,1002.9,59.04,0,0,0.0,2021,4,1,20,4,2
20,20.5,81,1002.3,23.76,0,0,0.0,2017,3,21,5,5,2
17,26.0,52,899.2,29.16,42,0,0.0,1998,1,17,14,2,3
30,27.3,86,1007.1,83.52,96,2,0.6,2012,9,13,13,4,1
45,36.7,43,975.0,32.04,80,1,0.0,2009,6,20,12,2,0
39,27.4,67,946.7,24.48,48,0,0.0,2001,4,26,9,4,2
4,31.6,28,1007.4,12.96,0,0,0.0,2003,11,30,15,3,1
33,29.4,39,946.4,15.48,97,1,0.0,2006,11,21,14,5,1
1,14.9,42,1005.2,41.04,10,0,0.0,2008,1,23,0,6,3
46,22.6,90,927.9,54.36,100,2,0.9,2021,7,21,10,6,0
21,24.5,87,955.6,73.08,99,2,0.4,2013,6,22,11,2,0
31,18.9,60,928.1,14.04,32,0,0.0,2025,2,16,4,3,3
3,24.4,57,975.5,19.44,37,0,0.0,2019,2,22,2,0,3
42,25.6,84,1010.6,50.76,47,0,0.0,2002,9,17,19,5,1
35,35.9,13,962.9,21.96,0,0,0.0,2001,4,1,17,3,2
6,24.9,20,987.4,47.88,0,0,0.0,2018,3,29,7,4,2
35,31.1,59,960.0,46.8,100,1,0.0,2024,7,10,15,6,0
30,30.1,68,1004.2,58.32,0,0,0.0,2014,5,23,18,0,2
7,19.8,89,910.4,66.6,100,1,0.0,2014,9,20,7,2,1
7,30.2,33,914.3,6.48,26,0,0.0,1999,3,29,10,1,2
45,24.2,60,985.8,54.0,23,0,0.0,2012,1,30,10,1,3
24,25.2,87,1006.1,20.88,99,2,0.3,1999,9,29,18,6,1
12,36.1,19,976.3,41.76,11,0,0.0,2003,4,3,14,4,2
7,20.8,96,908.5,14.76,96,2,2.1,1998,9,27,20,3,1
32,17.9,56,979.9,26.28,53,0,0.0,2026,1,23,5,0,3
7,16.1,77,911.7,34.2,100,1,0.0,2023,2,6,6,1,3
1,33.4,20,1003.5,35.28,9,0,0.0,2005,3,17,18,4,2
27,27.8,19,976.1,24.84,0,0,0.0,2025,4,28,1,1,2
8,21.1,35,1014.1,34.92,0,0,0.0,2014,12,15,19,1,3
23,30.9,55,991.4,70.92,100,1,0.0,2002,9,8,11,3,1
40,21.5,91,954.0,44.64,80,1,0.0,2001,8,19,6,3,0
8,21.0,97,1007.1,23.04,19,0,0.0,2016,10,13,4,4,1
2,27.3,78,948.7,23.04,68,2,1.7,2021,9,21,16,5,1
7,27.5,47,910.1,73.8,100,1,0.0,2022,9,22,14,4,1
5,22.5,92,936.0,69.12,100,2,1.0,2009,7,23,8,4,0
19,32.8,56,971.3,45.72,78,1,0.0,2013,7,5,16,0,0
20,24.9,26,1005.7,35.64,0,0,0.0,2000,12,3,19,3,3
35,22.3,78,966.7,12.96,2,0,0.0,1999,11,6,3,2,1
17,23.1,67,899.6,7.56,37,2,0.3,2015,12,19,15,2,3
21,28.8,68,956.8,75.6,100,2,0.1,2023,6,27,10,5,0
38,24.1,94,1000.3,14.04,100,2,0.4,2013,8,15,23,4,0
5,19.9,52,947.8,15.48,0,0,0.0,2018,1,19,21,0,3
4,30.2,65,1005.4,26.64,53,2,0.1,2004,9,13,12,1,1
17,26.4,52,901.0,10.08,6,0,0.0,2002,3,31,10,3,2
11,18.2,84,901.8,16.2,15,0,0.0,2015,1,17,23,2,3
27,24.8,96,970.9,33.12,100,2,3.1,2022,8,15,18,1,0
1,26.5,87,996.5,45.36,84,1,0.0,2000,8,27,0,3,0
36,28.6,48,949.3,31.68,7,0,0.0,2010,10,28,16,4,1
20,18.2,78,1000.3,29.16,0,0,0.0,2006,3,11,2,2,2
32,32.5,41,968.9,25.2,2,0,0.0,2009,5,16,23,2,2
2,22.5,90,953.8,36.72,1,0,0.0,2021,10,5,4,5,1
16,23.5,46,953.7,31.32,0,0,0.0,2011,12,2,20,0,3
23,28.9,42,1000.0,14.4,40,0,0.0,1996,12,28,14,2,3
20,35.0,35,1004.4,25.92,2,0,0.0,1997,10,12,12,3,1
12,37.6,21,969.5,86.04,0,0,0.0,2004,5,19,9,6,2
38,27.7,80,1004.3,23.04,95,1,0.0,2003,11,9,22,3,1
6,29.2,73,975.5,80.64,66,1,0.0,2025,6,20,1,0,0
19,24.4,87,980.9,43.2,10,0,0.0,2017,9,6,5,6,1
24,26.8,87,1007.6,16.92,89,1,0.0,2011,5,21,19,2,2
0,29.6,70,978.9,38.16,78,1,0.0,2006,9,3,12,3,1
21,28.0,58,957.6,71.28,96,1,0.0,2009,6,13,0,2,0
26,32.2,55,1007.5,46.8,35,0,0.0,2004,3,8,15,1,2
39,21.3,93,946.7,50.4,65,1,0.0,2006,10,6,7,0,1
33,24.5,41,948.3,19.8,2,0,0.0,2009,12,24,17,4,3
42,29.4,43,1011.3,25.92,1,0,0.0,2006,12,31,13,3,3
44,39.0,16,944.8,27.72,27,0,0.0,2012,5,22,13,5,2
34,28.9,68,976.9,49.32,80,1,0.0,2009,7,30,6,4,0
16,31.3,23,960.0,45.0,0,0,0.0,2017,2,28,10,5,3
8,28.2,80,1003.4,41.04,54,0,0.0,2025,5,18,0,3,2
19,33.2,41,979.4,94.68,86,1,0.0,2005,8,24,14,6,0
38,24.9,64,1003.9,25.92,0,0,0.0,2006,2,17,23,0,3
29,27.1,65,1005.8,22.32,90,1,0.0,2009,12,12,18,2,3
1,27.5,34,1010.5,23.04,8,0,0.0,2003,12,21,14,3,3
24,27.3,93,1006.7,12.24,71,1,0.0,2021,3,31,7,6,2
15,24.8,74,942.4,29.52,10,0,0.0,2010,3,3,23,6,2
31,20.2,96,928.6,31.32,100,1,0.0,2017,11,22,6,6,1
12,31.6,67,970.7,25.92,60,1,0.0,2013,7,1,20,1,0
1,29.0,65,1001.8,36.72,83,1,0.0,1999,8,24,9,5,0
32,28.2,70,966.7,76.68,100,1,0.0,2021,7,28,14,6,0
18,17.2,29,962.9,30.24,0,0,0.0,2003,3,8,22,2,2
5,26.1,76,943.7,65.16,45,2,0.1,2023,9,19,9,5,1
27,24.1,98,976.6,12.96,100,2,0.6,1998,9,23,7,6,1
40,30.3,17,962.4,36.0,0,0,0.0,2006,2,7,12,5,3
11,19.5,95,897.9,12.96,100,2,0.1,2001,11,7,3,6,1
36,20.0,86,949.7,26.64,40,0,0.0,2016,10,26,7,6,1
30,22.8,88,1009.6,25.56,0,0,0.0,2009,10,24,4,2,1
43,25.7,87,1004.8,28.44,99,2,0.6,2014,10,12,16,3,1
46,23.8,81,924.3,59.76,86,2,0.2,2006,8,14,14,1,0
23,23.8,72,1000.2,43.56,2,0,0.0,2003,2,5,23,6,3
39,21.2,92,941.5,83.52,98,2,0.5,2013,7,25,4,4,0
28,24.4,96,1007.8,29.88,98,2,1.7,2021,10,2,22,2,1
27,26.5,73,979.8,16.2,19,0,0.0,2022,9,27,0,5,1
32,28.9,74,965.8,33.12,98,1,0.0,2008,7,24,15,4,0
22,25.8,92,970.7,12.96,100,2,0.3,2020,9,19,23,2,1
3,16.7,72,978.7,33.12,0,0,0.0,2004,1,8,1,4,3
16,23.8,88,955.1,23.4,40,2,3.0,2007,4,19,23,4,2
39,22.8,75,949.6,1.44,92,1,0.0,2025,1,11,22,2,3
10,33.7,58,971.7,14.4,17,0,0.0,2009,7,16,22,4,0
30,27.2,84,1004.5,58.68,58,0,0.0,2006,6,4,19,3,0
43,27.9,75,1009.8,25.56,51,0,0.0,2005,9,26,10,1,1
16,27.2,66,953.9,32.4,100,1,0.0,2005,9,29,11,4,1
15,22.0,96,937.9,48.24,97,1,0.0,2020,9,18,20,0,1
45,31.6,57,974.4,61.56,86,2,0.1,2025,7,31,13,4,0
8,24.8,34,1008.1,29.16,0,0,0.0,2011,2,16,18,6,3
29,29.1,73,1008.2,66.24,5,0,0.0,2014,4,18,19,0,2
40,23.6,45,956.8,47.52,0,0,0.0,2010,4,1,5,4,2
18,23.2,57,963.0,39.24,61,1,0.0,1999,10,10,7,3,1
36,28.7,54,946.2,57.24,94,2,0.2,2015,9,2,14,6,1
32,22.6,52,981.6,28.8,92,1,0.0,2025,1,15,22,6,3
25,30.2,39,951.2,31.32,76,1,0.0,2020,11,23,13,1,1
4,24.5,34,1014.2,32.4,96,1,0.0,2003,12,30,12,5,3
43,22.4,87,1008.8,25.2,22,0,0.0,2017,1,11,6,6,3
34,17.8,48,994.2,47.52,0,0,0.0,2016,1,21,15,4,3
31,19.6,68,928.3,30.96,70,1,0.0,2014,1,7,1,5,3
25,27.1,59,947.8,36.36,5,0,0.0,2000,4,28,9,0,2
24,28.4,73,1007.8,66.24,18,0,0.0,2017,2,11,16,2,3
15,29.5,48,941.6,33.12,41,0,0.0,2006,10,19,15,4,1
10,31.6,56,974.7,84.6,47,0,0.0,2008,6,26,7,4,0
44,19.4,95,943.3,24.84,0,0,0.0,2014,9,21,6,3,1
30,25.9,90,1008.2,28.44,99,2,0.1,1999,9,1,8,6,1
2,25.3,85,947.0,51.84,90,1,0.0,2025,7,16,2,6,0
11,27.8,56,902.6,44.64,88,1,0.0,2010,6,5,11,2,0
0,24.0,33,985.7,25.92,0,0,0.0,2021,12,22,11,6,3
35,30.6,52,963.9,12.96,55,0,0.0,2015,4,10,18,0,2
21,26.8,79,958.2,32.04,63,2,0.2,1998,10,11,10,3,1
15,20.8,96,943.7,29.88,41,0,0.0,2010,11,10,6,6,1
0,25.9,64,979.9,18.36,28,0,0.0,2018,12,9,17,3,3
36,23.1,94,941.2,44.64,100,2,0.1,1996,7,18,3,4,0
3,29.2,73,963.5,57.24,97,2,0.1,2025,7,23,10,6,0
41,29.9,73,1003.0,105.48,38,2,0.1,2002,7,13,14,2,0
31,21.3,89,926.7,54.72,100,1,0.0,1997,6,23,6,1,0
36,23.4,90,945.8,30.96,95,2,0.1,2002,6,3,6,1,0
42,29.0,72,1009.6,23.04,100,2,0.4,2024,10,6,10,3,1
4,28.9,36,1008.7,21.96,41,0,0.0,2014,2,1,14,2,3
10,28.5,38,975.9,51.12,0,0,0.0,2000,4,24,2,1,2
44,26.0,84,936.8,30.96,100,2,0.1,2025,6,23,20,1,0
37,28.4,63,997.1,27.36,23,0,0.0,2015,9,27,11,3,1
41,27.9,36,1010.0,48.96,100,1,0.0,2021,11,8,20,1,1
33,21.9,49,952.0,9.0,0,0,0.0,2023,1,11,10,6,3
11,19.8,99,896.2,38.52,100,1,0.0,2022,6,7,6,5,0
36,20.1,84,952.7,26.28,7,0,0.0,1997,11,6,1,4,1
16,25.2,84,948.2,48.96,100,2,0.4,2019,7,20,10,2,0
17,18.5,96,895.5,9.36,100,1,0.0,2001,9,16,4,3,1
19,20.0,30,986.8,38.52,0,0,0.0,2017,2,26,21,3,3
34,16.9,60,987.9,45.72,0,0,0.0,2021,3,25,5,4,2
5,26.6,32,947.5,43.2,1,0,0.0,2007,3,24,0,2,2
39,16.5,93,943.4,14.76,68,1,0.0,2018,1,27,3,2,3
29,27.5,78,1006.5,47.88,100,1,0.0,2021,10,19,17,5,1
32,36.6,10,973.2,44.64,38,0,0.0,2001,2,24,14,2,3
2,30.9,26,951.2,39.24,0,0,0.0,2019,5,26,23,3,2
21,23.4,58,962.1,41.04,2,0,0.0,2012,10,18,22,4,1
10,11.5,79,991.3,30.24,0,0,0.0,1999,12,8,5,6,3
35,29.7,60,966.0,24.84,33,0,0.0,2014,10,8,12,6,1
25,22.3,88,948.4,23.4,23,0,0.0,2010,10,11,20,1,1
24,27.3,61,1010.7,7.56,100,1,0.0,2001,1,29,10,1,3
4,27.7,44,1007.9,27.36,2,0,0.0,2003,11,9,20,3,1
33,17.2,95,947.9,28.44,0,0,0.0,2023,12,9,4,2,3
4,25.5,30,1007.3,29.88,0,0,0.0,2007,3,2,19,0,2
13,30.6,47,931.2,19.44,98,1,0.0,2010,4,30,14,0,2
12,28.9,76,971.5,25.2,37,0,0.0,2019,7,7,7,3,0
9,20.5,65,1009.5,28.8,0,0,0.0,2023,2,8,1,6,3
40,35.8,13,955.9,52.2,0,0,0.0,2006,2,24,17,0,3
30,27.5,83,1006.5,27.36,40,0,0.0,2006,6,12,1,1,0
23,28.9,81,994.0,17.64,99,1,0.0,2010,10,1,10,0,1
21,34.8,15,959.1,30.96,0,0,0.0,1998,3,27,18,0,2
22,20.2,73,986.0,22.32,8,0,0.0,2021,12,12,7,3,3
46,26.2,72,926.0,47.88,100,2,0.1,2010,7,23,13,0,0
8,38.9,22,1003.0,20.88,20,0,0.0,2011,4,15,14,0,2
35,34.6,28,967.5,23.76,0,0,0.0,2015,4,2,11,4,2
29,27.0,84,1003.2,50.4,100,2,0.2,2022,9,4,16,3,1
35,19.0,73,968.3,23.04,14,0,0.0,2012,12,5,6,6,3
27,26.7,61,983.6,23.04,99,1,0.0,2019,10,28,13,1,1
44,28.3,67,940.4,46.8,91,1,0.0,2016,7,8,10,0,0
31,27.2,64,925.8,36.72,49,0,0.0,2000,5,4,18,4,2
39,21.9,72,947.6,47.88,3,0,0.0,2006,12,22,23,0,3
46,21.5,96,924.6,11.88,92,2,2.2,2002,10,29,17,5,1
39,24.9,77,943.6,97.2,100,2,0.2,2007,7,5,14,4,0
39,18.2,61,946.6,24.48,91,1,0.0,2002,1,15,23,5,3
44,32.7,40,940.0,47.52,34,0,0.0,2025,6,2,13,1,0
4,27.7,84,992.9,66.24,76,2,0.5,2020,8,15,17,2,0
12,32.1,63,973.6,41.04,95,1,0.0,1999,8,1,15,3,0
23,23.7,96,992.8,48.24,69,1,0.0,2013,3,27,5,6,2
19,17.4,28,994.3,48.24,0,0,0.0,1998,2,8,9,3,3
38,26.2,82,1004.8,13.68,0,0,0.0,2009,3,25,8,6,2
29,26.3,89,1012.6,32.76,100,2,0.1,2015,10,3,9,2,1
38,21.1,84,1005.3,35.28,0,0,0.0,2019,1,23,1,6,3
12,27.0,31,987.8,35.64,0,0,0.0,2006,2,11,16,2,3
14,13.3,65,995.2,28.44,96,1,0.0,2009,12,12,0,2,3
27,16.6,49,983.3,30.24,0,0,0.0,1998,3,7,2,2,2
37,20.4,98,995.0,20.88,2,0,0.0,2008,11,6,4,4,1
0,33.3,23,977.1,38.52,0,0,0.0,2001,4,24,21,5,2
16,22.4,97,956.0,31.32,6,0,0.0,2009,11,13,23,0,1
23,27.3,76,994.6,18.72,99,1,0.0,2005,8,23,8,5,0
20,29.2,69,996.4,46.8,1,0,0.0,1996,5,31,21,0,2
5,29.6,25,943.8,28.8,21,0,0.0,2011,3,24,19,4,2
36,21.0,68,945.4,13.68,1,0,0.0,2013,4,9,5,5,2
13,26.5,73,931.2,41.04,53,0,0.0,2020,4,5,0,3,2
28,31.5,62,1006.3,26.28,4,0,0.0,2016,4,6,17,6,2
15,21.5,93,940.7,38.88,96,1,0.0,2022,10,3,7,1,1
26,25.8,89,1007.7,37.8,73,1,0.0,2010,8,8,20,3,0
2,17.5,55,960.8,24.84,0,0,0.0,2022,12,16,9,0,3
29,24.3,94,1007.2,14.04,97,2,0.2,2010,9,22,6,6,1
11,25.7,72,901.5,14.4,41,0,0.0,2023,6,3,9,2,0
24,28.2,86,1005.1,12.96,95,2,0.2,2010,5,8,18,2,2
26,26.3,80,1009.1,60.48,100,2,0.5,1999,8,1,11,3,0
4,31.5,62,1003.2,25.2,13,0,0.0,2009,9,18,18,0,1
13,24.9,72,930.3,83.88,100,1,0.0,2002,7,2,10,5,0
31,19.6,71,933.2,58.32,40,0,0.0,1999,12,29,9,6,3
22,22.0,58,981.7,18.0,25,0,0.0,2014,12,4,19,4,3
46,23.7,84,928.8,16.92,100,1,0.0,2023,11,23,9,4,1
37,30.4,34,1001.0,13.68,0,0,0.0,2020,11,5,10,4,1
30,23.1,47,1015.6,32.04,0,0,0.0,2023,2,28,8,5,3
9,25.5,54,1012.1,9.72,42,0,0.0,2007,11,28,10,6,1
40,22.4,90,953.9,41.4,99,1,0.0,2003,8,19,5,5,0
15,18.4,66,940.9,21.96,74,1,0.0,2014,11,9,2,3,1
14,11.3,85,997.8,27.36,0,0,0.0,2021,2,5,22,0,3
43,27.8,73,1007.3,46.8,93,2,0.3,1999,6,4,16,0,0
3,37.8,29,970.9,7.92,10,0,0.0,2024,5,11,11,2,2
14,18.5,38,992.1,28.8,0,0,0.0,2020,11,18,17,6,1
10,23.5,35,984.0,22.68,0,0,0.0,2020,10,9,6,0,1
17,20.5,90,897.7,11.16,98,1,0.0,2000,11,21,9,5,1
39,23.4,83,944.9,44.28,100,1,0.0,2013,8,28,18,6,0
23,26.0,91,992.9,38.52,99,1,0.0,2023,4,4,4,5,2
32,26.8,58,979.0,23.76,8,0,0.0,2024,1,20,12,2,3
16,27.2,61,959.4,33.12,5,0,0.0,2024,3,20,10,6,2
1,20.5,65,1005.8,29.88,96,1,0.0,2013,11,26,0,5,1
8,26.5,93,1002.3,39.24,100,1,0.0,1998,8,3,2,1,0
7,25.3,45,916.5,60.84,1,0,0.0,2015,12,25,12,0,3
38,32.8,52,1002.5,22.32,9,0,0.0,2003,4,17,11,4,2
11,23.2,78,896.5,74.16,98,2,0.3,2000,7,1,11,2,0
43,22.6,93,1009.6,25.56,0,0,0.0,2023,2,19,5,3,3
26,24.7,92,1010.1,13.32,89,1,0.0,1997,10,29,3,6,1
17,21.3,86,897.0,19.44,98,2,0.2,2022,7,27,8,6,0
1,31.0,66,992.9,50.4,57,2,0.2,2007,6,27,16,6,0
0,18.7,47,984.3,8.64,5,0,0.0,2011,12,16,6,0,3
46,26.6,75,929.4,21.6,44,2,0.2,2017,4,21,9,0,2
17,24.0,35,898.7,6.48,45,0,0.0,2011,1,14,12,0,3
35,29.7,42,967.4,17.28,27,0,0.0,2015,12,1,17,5,3
46,23.8,81,926.7,30.24,88,2,0.4,2000,10,21,13,2,1
21,14.2,60,965.0,27.36,79,1,0.0,2019,1,3,3,4,3
16,24.2,82,949.3,53.28,99,1,0.0,2005,8,16,19,5,0
25,22.8,53,951.7,40.68,0,0,0.0,2020,12,23,10,6,3
46,31.8,45,929.2,21.24,31,0,0.0,2017,4,25,11,5,2
14,13.1,78,1000.7,27.36,0,0,0.0,2002,2,19,7,5,3
19,41.2,18,982.8,85.68,0,0,0.0,2016,5,10,13,5,2
9,24.3,41,1010.4,30.96,0,0,0.0,2012,3,25,8,3,2
33,24.6,75,947.6,8.64,17,0,0.0,2011,9,29,9,4,1
11,24.1,78,898.0,37.8,92,2,4.4,2016,5,31,15,5,2
33,25.9,37,947.3,18.72,11,0,0.0,2012,4,2,7,1,2
12,36.0,54,968.7,12.24,67,2,0.3,2024,7,12,16,0,0
41,26.9,86,1003.0,74.52,100,1,0.0,2013,7,6,23,2,0
5,16.4,61,945.4,25.92,82,1,0.0,2012,12,25,5,5,3
2,18.1,54,956.3,35.28,0,0,0.0,1996,11,6,4,6,1
30,29.8,54,1008.6,46.08,0,0,0.0,2025,4,7,22,1,2
2,12.1,82,963.0,26.64,0,0,0.0,2001,12,13,4,4,3
16,21.2,40,954.0,32.76,25,0,0.0,2018,3,9,4,0,2
19,16.5,50,992.3,39.96,100,1,0.0,2024,1,27,20,2,3
12,30.8,71,982.5,1.8,18,2,0.1,1998,9,26,16,2,1
2,26.1,40,956.8,36.36,1,0,0.0,1996,3,18,10,1,2
27,32.3,53,974.0,54.36,90,1,0.0,2007,6,27,9,6,0
12,36.6,18,973.5,29.88,47,0,0.0,2002,5,5,19,3,2
25,29.2,30,951.2,45.36,100,1,0.0,1996,11,21,13,4,1
10,32.4,46,975.2,99.36,0,0,0.0,2021,6,8,4,5,0
34,9.8,84,994.0,22.32,8,0,0.0,2016,1,25,9,1,3
46,31.0,21,927.7,24.48,0,0,0.0,2017,2,9,14,4,3
17,19.4,88,897.0,72.72,99,1,0.0,2021,1,15,7,0,3
46,16.3,90,927.9,19.44,0,0,0.0,2010,1,23,5,2,3
27,38.0,29,967.9,46.8,63,1,0.0,2003,6,16,18,1,0
41,27.5,63,1005.8,24.48,48,0,0.0,2020,4,16,3,4,2
33,29.0,26,948.5,16.56,0,0,0.0,2003,3,21,9,0,2
26,30.7,70,1008.1,6.48,18,0,0.0,2016,3,29,16,5,2
15,23.2,52,945.9,33.12,0,0,0.0,2013,2,22,8,0,3
34,30.5,79,975.2,48.24,92,1,0.0,2024,7,30,0,5,0
34,14.6,69,991.9,29.52,6,0,0.0,2002,12,15,23,3,3
32,36.8,12,975.3,19.44,0,0,0.0,2011,3,28,11,1,2
32,22.8,86,975.3,15.84,86,1,0.0,2024,12,7,3,2,3
33,21.8,96,939.6,75.24,100,2,0.7,2006,8,10,7,4,0
0,26.5,51,979.3,20.52,100,1,0.0,2013,3,25,5,1,2
32,36.7,28,967.8,44.64,33,0,0.0,1999,6,2,15,6,0
9,24.3,87,1006.3,24.48,6,0,0.0,2020,9,28,6,1,1
44,29.5,16,948.8,48.24,0,0,0.0,2025,1,29,14,6,3
16,29.7,61,954.5,29.16,100,2,0.1,2011,10,11,14,5,1
44,35.4,20,943.6,54.0,0,0,0.0,1996,3,26,13,5,2
43,27.6,78,1007.9,14.4,90,1,0.0,1999,4,6,22,5,2
8,20.6,81,1010.3,26.64,0,0,0.0,2002,12,18,23,6,3
40,32.0,36,955.8,55.8,27,0,0.0,2002,4,21,23,3,2
13,24.6,69,931.5,66.6,99,1,0.0,2004,8,25,11,6,0
11,21.4,75,903.1,9.72,7,0,0.0,2014,1,18,22,2,3
0,36.2,31,973.8,57.24,0,0,0.0,1999,5,30,12,3,2
18,35.0,16,955.1,35.28,81,1,0.0,2010,4,11,19,3,2
10,22.2,38,980.9,49.32,49,0,0.0,1996,2,25,17,3,3
41,33.7,49,1000.3,85.68,1,0,0.0,2013,5,30,16,4,2
6,30.5,58,980.1,82.44,7,0,0.0,2005,7,9,9,2,0
12,25.9,95,976.5,14.4,19,0,0.0,2013,8,4,5,3,0
32,28.6,30,977.3,13.68,94,1,0.0,2003,12,2,16,5,3
14,34.1,45,974.3,46.44,14,0,0.0,2017,7,4,22,5,0
8,27.9,90,993.8,30.6,90,1,0.0,1996,6,16,1,3,0
17,22.8,86,899.3,69.12,96,2,0.2,2021,8,11,10,6,0
13,22.2,89,930.1,48.24,100,1,0.0,2018,10,7,6,3,1
33,16.4,76,949.0,24.48,0,0,0.0,2001,12,17,3,1,3
41,29.8,73,1001.8,53.28,100,2,0.1,2023,9,7,13,4,1
43,23.0,99,1007.2,14.76,16,0,0.0,2017,9,23,3,2,1
22,22.7,83,979.5,25.92,0,0,0.0,2010,11,23,21,5,1
26,27.4,81,1006.4,41.04,85,2,0.4,2005,11,1,15,5,1
19,16.8,61,988.0,33.84,0,0,0.0,2016,11,21,23,1,1
33,15.7,88,947.7,19.8,20,0,0.0,2013,12,28,5,2,3
26,25.2,92,1006.3,32.4,99,2,0.3,2023,6,20,7,5,0
4,29.8,56,1006.5,42.48,30,0,0.0,1997,9,30,14,5,1
12,24.7,41,978.1,29.88,0,0,0.0,2012,5,15,3,5,2
22,39.3,21,975.3,5.76,31,0,0.0,2018,4,25,13,6,2
20,25.3,93,992.4,48.96,100,1,0.0,2008,7,16,4,6,0
37,32.1,23,996.2,21.6,0,0,0.0,2002,11,15,15,0,1
34,24.2,57,990.3,21.6,5,0,0.0,1996,3,3,12,3,2
37,38.5,13,996.2,29.16,0,0,0.0,2003,3,26,14,6,2
42,26.9,52,1009.1,29.88,0,0,0.0,2023,1,11,18,6,3
38,22.0,58,1002.2,9.0,0,0,0.0,2025,2,18,5,5,3
12,7.3,88,989.0,23.4,0,0,0.0,2005,12,8,7,4,3
38,30.8,39,1001.0,33.48,70,1,0.0,2008,11,14,12,0,1
19,16.6,24,988.4,34.2,1,0,0.0,2019,2,28,23,4,3
43,28.4,50,1006.7,58.68,100,1,0.0,2007,12,14,11,0,3
3,35.1,40,967.5,60.84,21,0,0.0,1999,5,21,11,0,2
25,19.0,59,950.7,20.52,0,0,0.0,2013,1,28,6,1,3
32,26.7,41,977.2,14.76,0,0,0.0,2000,11,24,18,0,1
32,39.5,19,974.3,49.68,8,0,0.0,1996,5,12,11,3,2
15,35.5,28,940.5,60.84,21,0,0.0,1998,4,23,17,4,2
29,26.2,75,1010.8,25.92,59,0,0.0,2010,2,11,8,4,3
1,31.4,32,1009.4,29.88,3,0,0.0,2002,11,7,11,4,1
11,18.1,89,899.1,3.96,97,1,0.0,1996,10,8,4,5,1
21,26.9,78,954.6,23.4,99,2,1.4,2015,9,14,17,1,1
4,12.9,25,1010.8,37.44,0,0,0.0,2005,2,20,1,3,3
38,25.6,86,999.9,46.8,94,2,0.8,2013,8,24,10,2,0
23,22.8,77,1003.4,35.64,19,0,0.0,2024,1,27,0,2,3
29,29.0,80,1007.9,24.84,15,0,0.0,2019,4,14,22,3,2
36,21.9,43,952.5,25.92,0,0,0.0,1999,1,15,20,0,3
10,25.9,33,986.1,6.84,52,0,0.0,2003,2,23,15,3,3
31,22.6,53,932.3,35.28,0,0,0.0,2025,12,17,20,6,3
1,35.5,22,1001.6,60.48,0,0,0.0,2016,3,18,16,0,2
17,19.2,95,895.8,6.84,100,1,0.0,2008,5,23,19,0,2
26,25.1,91,1008.4,21.24,54,0,0.0,2013,3,21,6,4,2
23,23.0,77,1001.8,30.24,10,0,0.0,2009,12,21,23,1,3
25,26.2,55,952.5,29.16,0,0,0.0,2015,11,26,9,4,1
46,18.7,84,926.4,8.64,25,0,0.0,2009,1,25,0,3,3
36,22.6,94,942.5,44.64,100,1,0.0,2011,6,22,3,6,0
11,18.9,72,898.6,28.44,100,1,0.0,2024,11,12,5,5,1
35,27.6,64,961.4,72.36,100,2,0.1,2016,8,18,11,4,0
18,26.5,43,953.4,26.28,4,0,0.0,2009,6,20,5,2,0
4,28.9,82,1001.0,25.56,100,1,0.0,2024,9,23,21,1,1
6,31.0,46,993.0,29.88,0,0,0.0,2006,10,11,10,6,1
8,33.0,54,1003.7,81.72,16,0,0.0,2009,5,15,10,0,2
10,22.9,16,981.9,33.48,94,1,0.0,2019,2,26,15,5,3
35,20.7,48,970.3,28.8,0,0,0.0,2002,11,21,22,4,1
43,24.4,89,1007.9,45.36,99,2,0.2,2016,8,19,22,0,0
43,29.1,64,1008.6,44.64,39,0,0.0,2004,1,5,17,1,3
34,19.5,89,986.9,48.96,79,1,0.0,2009,3,27,21,0,2
28,25.8,80,1007.4,15.48,91,1,0.0,2000,11,17,21,0,1
32,37.3,20,973.3,24.12,17,0,0.0,2006,3,25,14,2,2
26,25.1,87,1005.7,12.24,100,3,7.9,2021,1,12,17,5,3
46,20.6,100,923.5,17.28,100,2,0.4,2024,7,13,3,2,0
45,29.0,73,975.4,31.32,100,2,0.1,2020,6,27,21,2,0
16,18.3,77,958.5,47.88,0,0,0.0,2013,12,21,23,2,3
22,31.1,70,975.1,10.08,100,2,0.1,2020,9,5,13,2,1
15,24.5,61,940.9,19.44,0,0,0.0,2025,3,28,7,0,2
26,24.0,67,1010.9,44.28,98,1,0.0,2016,12,1,22,4,3
39,32.7,14,950.6,57.6,0,0,0.0,2002,2,23,14,2,3
15,26.9,45,942.9,50.4,73,1,0.0,2025,11,25,17,5,1
13,20.6,39,933.1,29.16,0,0,0.0,2016,11,9,20,6,1
4,24.5,95,998.5,41.04,100,2,0.7,2004,8,16,8,1,0
37,19.2,41,1002.0,30.24,0,0,0.0,2012,1,27,10,0,3
13,17.3,36,933.7,34.2,0,0,0.0,2015,1,10,22,2,3
40,26.0,44,963.4,38.88,11,0,0.0,2022,1,17,19,1,3
34,26.6,22,981.8,33.84,0,0,0.0,2022,4,24,1,3,2
30,27.8,87,1001.9,78.84,99,2,0.1,1998,7,11,8,2,0
46,21.3,68,927.9,22.68,26,0,0.0,1998,12,26,19,2,3
37,23.9,27,1000.1,33.84,0,0,0.0,2008,2,27,20,6,3
35,20.9,80,968.3,33.84,53,0,0.0,2010,10,31,5,3,1
15,25.8,57,943.9,14.4,67,1,0.0,2024,12,22,11,3,3
6,35.0,17,992.1,59.4,0,0,0.0,2017,3,21,12,5,2
5,20.6,26,945.8,29.52,0,0,0.0,2000,3,9,8,4,2
26,26.9,81,1007.0,51.12,98,2,0.2,2000,8,17,14,4,0
38,30.1,43,999.9,32.76,15,0,0.0,2003,11,28,16,0,1
4,29.6,85,998.5,36.0,100,2,0.9,2006,9,17,18,3,1
32,29.3,70,968.1,14.4,67,1,0.0,2011,7,25,15,1,0
3,18.5,59,973.6,23.76,0,0,0.0,1996,3,5,4,5,2
38,24.6,95,999.1,21.96,100,2,0.7,2000,6,1,1,4,0
28,23.1,95,1010.5,12.24,100,2,1.8,1997,8,6,23,6,0
11,31.1,35,898.6,39.6,93,1,0.0,1996,5,6,14,1,2
26,24.2,95,1005.3,35.64,100,2,0.2,2025,8,17,5,3,0
3,22.4,88,972.5,24.48,1,0,0.0,2022,10,20,0,4,1
0,20.8,78,980.0,10.8,64,1,0.0,1998,1,17,5,2,3
12,31.3,67,976.3,20.16,52,0,0.0,2015,8,12,17,6,0
29,22.9,79,1006.7,33.84,9,0,0.0,2017,1,10,2,5,3
38,28.3,51,1006.3,69.84,92,1,0.0,2007,12,5,11,6,3
2,24.9,97,942.9,23.76,96,2,0.2,1997,8,1,1,0,0
24,24.7,91,1005.3,30.96,100,2,1.0,2009,11,10,19,5,1
23,24.1,91,997.0,16.56,37,0,0.0,1996,11,12,1,5,1
35,23.4,61,971.7,21.96,0,0,0.0,2025,11,9,9,3,1
28,30.2,73,1006.5,30.24,66,2,0.1,2024,11,19,14,5,1
32,18.5,44,983.8,36.72,0,0,0.0,2022,1,28,10,0,3
8,29.7,59,1006.7,47.52,8,0,0.0,1999,4,28,9,6,2
38,24.8,94,999.1,20.88,100,2,0.2,2012,7,14,23,2,0
11,17.8,99,901.7,1.8,79,1,0.0,1997,10,31,6,0,1
16,28.2,67,951.1,34.92,28,0,0.0,2006,6,19,8,1,0
13,24.8,80,929.3,40.68,98,2,0.1,2017,10,7,9,2,1
38,30.8,57,1000.4,51.12,86,2,0.5,2023,3,16,14,4,2
9,27.0,85,1004.6,51.48,44,0,0.0,2015,7,1,7,6,0
6,18.1,44,993.4,47.16,0,0,0.0,2016,1,16,11,2,3
14,13.9,74,995.3,26.28,98,1,0.0,2018,12,4,1,5,3
5,26.5,65,941.7,24.84,21,0,0.0,2000,9,16,19,2,1
22,21.4,75,984.6,18.0,0,0,0.0,2020,2,19,8,6,3
19,27.1,83,977.4,79.92,3,0,0.0,2023,6,21,1,6,0
0,29.0,46,977.0,35.64,34,0,0.0,2012,4,9,6,1,2
12,11.3,93,987.0,25.56,7,0,0.0,2016,1,13,5,6,3
39,24.6,84,945.2,47.16,91,1,0.0,2023,6,8,21,4,0
24,24.4,88,1007.8,6.48,75,1,0.0,2011,1,4,5,5,3
0,22.2,28,982.2,29.52,0,0,0.0,2001,2,8,21,4,3
3,20.9,66,972.1,26.28,2,0,0.0,2023,11,24,2,0,1
13,26.5,73,927.2,34.56,91,2,2.0,2012,5,13,16,3,2
34,31.6,70,980.1,9.72,46,2,0.3,2008,8,23,13,2,0
7,20.3,93,909.3,38.88,100,1,0.0,2009,9,28,0,1,1
41,24.4,90,1005.3,1.44,0,0,0.0,2000,4,18,6,5,2
27,31.2,74,972.2,33.12,100,2,0.3,2023,7,14,15,0,0
7,27.2,30,914.4,36.72,77,1,0.0,2014,3,30,8,3,2
41,28.4,76,1011.6,46.8,3,0,0.0,2012,9,28,10,0,1
36,23.0,54,951.7,28.44,6,0,0.0,2013,1,9,21,6,3
4,21.5,64,1007.9,16.92,0,0,0.0,2005,2,5,22,2,3
10,23.3,29,991.2,11.88,0,0,0.0,1999,1,1,16,0,3
30,31.3,32,1015.2,27.36,49,0,0.0,2018,11,29,11,4,1
4,33.5,44,1004.2,25.56,28,0,0.0,2011,10,9,16,3,1
36,22.8,92,942.3,47.52,86,1,0.0,2020,8,8,5,2,0
7,20.1,95,909.4,58.32,95,1,0.0,1999,5,21,6,0,2
26,26.1,85,1006.1,37.08,100,2,0.2,2000,10,14,17,2,1
33,22.5,98,940.9,28.8,98,1,0.0,2005,7,18,2,1,0
18,32.2,55,956.9,21.6,20,0,0.0,2023,9,22,16,0,1
33,27.0,66,942.0,54.72,99,1,0.0,2022,8,27,15,2,0
31,24.2,46,929.8,36.36,97,1,0.0,2016,11,18,22,0,1
8,29.7,74,994.4,45.36,100,2,0.2,2014,7,16,15,6,0
8,22.8,47,1009.4,21.6,0,0,0.0,2022,3,13,7,3,2
26,24.5,93,1009.9,18.72,83,1,0.0,2006,10,6,6,0,1
12,11.5,91,982.5,28.08,89,1,0.0,2012,2,21,6,5,3
22,33.4,37,971.6,60.84,3,0,0.0,2001,5,3,23,4,2
46,20.1,99,926.5,23.04,100,2,0.2,2009,11,14,23,2,1
36,20.6,61,953.2,5.4,6,0,0.0,2020,2,14,8,0,3
41,26.5,92,996.0,109.44,95,2,0.8,2015,6,22,21,1,0
2,26.5,75,948.7,61.2,19,0,0.0,2021,6,25,5,0,0
6,20.5,36,987.5,13.68,0,0,0.0,2009,11,8,5,3,1
36,27.0,55,947.7,25.92,6,0,0.0,2008,4,20,23,3,2
37,15.2,44,1001.2,38.52,0,0,0.0,2016,1,23,3,2,3
42,24.1,93,1008.3,85.32,99,2,0.2,1997,8,28,7,4,0
35,24.9,85,969.4,8.28,14,0,0.0,2010,11,11,8,4,1
31,21.6,94,927.9,28.44,100,2,0.7,2009,8,16,22,3,0
3,33.4,29,970.0,27.36,18,0,0.0,1998,5,2,23,2,2
44,21.6,42,948.3,13.32,6,0,0.0,2008,10,23,6,4,1
19,15.1,43,997.1,48.24,0,0,0.0,2017,12,18,9,1,3
32,39.8,15,971.5,14.76,0,0,0.0,2000,5,4,10,4,2
35,27.0,68,961.5,21.24,99,1,0.0,2012,8,16,20,4,0
36,19.7,97,948.5,25.92,60,1,0.0,2009,10,10,0,2,1
28,28.8,80,1009.2,42.48,94,2,0.7,2019,9,28,13,2,1
12,31.8,66,977.1,61.56,100,1,0.0,2025,7,18,11,0,0
15,28.6,52,936.8,69.84,99,1,0.0,1999,5,29,15,2,2
23,28.7,46,1000.5,8.28,1,0,0.0,2011,12,13,11,5,3
1,29.6,26,1008.2,31.32,0,0,0.0,2002,12,1,12,3,3
35,36.7,14,968.6,25.92,0,0,0.0,2012,3,22,11,4,2
43,33.1,55,1007.5,29.88,10,0,0.0,2011,3,26,12,2,2
19,31.3,18,985.2,39.6,31,0,0.0,2002,10,1,21,5,1
3,27.8,39,974.7,12.96,21,0,0.0,2006,12,28,16,4,3
1,34.7,34,1003.1,45.72,0,0,0.0,2007,4,23,12,1,2
20,26.5,90,994.2,42.48,100,2,0.1,2023,7,13,20,4,0
29,24.9,91,1007.9,29.52,89,1,0.0,2015,11,14,7,2,1
40,29.0,64,957.7,56.16,79,2,0.2,2020,8,25,12,5,0
46,27.3,56,925.1,12.6,86,1,0.0,2013,11,22,14,0,1
32,35.1,18,973.8,26.64,0,0,0.0,2000,4,12,9,6,2
34,33.3,58,977.2,3.6,96,1,0.0,2006,8,23,15,6,0
20,25.0,50,1004.8,33.84,11,0,0.0,1997,11,3,0,1,1
5,20.9,50,948.7,31.32,97,1,0.0,1996,12,18,1,6,3
0,28.8,50,985.3,11.88,0,0,0.0,2024,11,6,10,6,1
40,31.0,42,957.7,31.32,39,0,0.0,2011,10,5,14,6,1
15,28.3,45,942.7,24.84,23,0,0.0,2015,3,17,20,5,2
31,34.3,22,931.4,22.32,0,0,0.0,2024,3,7,12,4,2
6,39.6,9,984.8,54.72,0,0,0.0,2007,4,10,16,5,2
9,25.5,78,1004.7,51.84,10,0,0.0,2018,9,13,2,4,1
42,26.6,83,1007.1,42.84,93,2,0.7,2009,11,18,16,6,1
16,33.3,33,952.1,40.32,27,0,0.0,2015,4,8,17,6,2
16,30.4,54,948.3,72.36,51,2,0.2,2006,6,1,16,4,0
26,27.8,79,1005.4,11.88,76,1,0.0,2006,4,13,19,4,2
29,24.6,94,1008.2,33.12,96,2,0.4,2005,7,19,23,5,0
25,27.4,55,945.5,43.2,40,0,0.0,1996,10,26,14,2,1
7,24.0,18,913.6,14.76,93,1,0.0,2012,1,16,11,1,3
15,27.0,34,940.8,49.68,0,0,0.0,2013,11,15,16,0,1
14,31.0,60,980.6,14.4,93,1,0.0,2016,8,18,22,4,0
36,22.8,84,947.0,55.44,96,1,0.0,2000,7,24,8,1,0
43,23.4,95,1011.1,17.28,12,0,0.0,2008,2,21,7,4,3
45,25.8,83,973.4,52.56,100,1,0.0,2025,9,3,7,6,1
39,24.9,84,945.4,43.56,33,0,0.0,1999,4,9,0,0,2
9,29.7,68,1002.7,32.4,8,0,0.0,2010,5,24,8,1,2
26,25.1,92,1007.3,32.4,100,1,0.0,2013,7,23,8,5,0
40,24.0,82,955.9,74.16,100,1,0.0,2007,8,13,8,1,0
45,29.5,58,979.9,23.76,69,1,0.0,2011,11,1,14,5,1
9,26.4,86,998.6,57.24,100,1,0.0,2025,7,31,2,4,0
13,20.7,88,928.6,72.72,100,1,0.0,1996,8,9,0,0,0
20,27.5,82,989.9,61.56,99,1,0.0,2008,7,31,18,4,0
5,23.4,84,939.9,69.84,100,1,0.0,2017,7,13,6,4,0
38,26.7,53,1001.2,38.88,0,0,0.0,2001,2,23,19,0,3
38,28.5,77,999.1,18.0,35,0,0.0,2019,6,2,20,3,0
31,21.1,92,927.2,65.88,100,1,0.0,2024,7,23,5,5,0
41,25.2,95,1007.4,17.64,84,2,1.0,1999,10,2,7,2,1
15,24.7,45,943.9,49.32,10,0,0.0,2014,2,16,10,3,3
18,20.2,34,958.1,25.92,0,0,0.0,2000,4,9,6,3,2
42,24.5,89,1008.3,74.16,97,1,0.0,2009,7,7,8,5,0
14,31.9,20,987.5,28.44,0,0,0.0,1996,10,31,17,4,1
28,23.6,97,1010.2,42.12,100,2,2.0,2018,8,13,22,1,0
16,28.1,67,952.9,15.48,97,1,0.0,2014,8,19,20,5,0
4,29.2,38,1008.6,14.4,0,0,0.0,2007,3,10,11,2,2
34,40.7,22,975.2,2.52,35,0,0.0,2000,5,11,15,4,2
39,22.9,93,943.2,43.56,100,2,1.6,2022,5,19,9,4,2
31,29.3,60,931.6,27.36,82,1,0.0,2010,4,18,10,3,2
10,22.5,62,986.3,41.04,0,0,0.0,2015,2,17,22,5,3
4,16.8,68,1005.8,25.56,2,0,0.0,2006,11,27,3,1,1
1,27.7,22,1005.3,43.56,0,0,0.0,1997,1,30,15,4,3
3,31.5,56,964.7,48.24,81,1,0.0,2008,7,16,13,6,0
46,20.5,98,927.4,9.0,98,2,1.3,2008,3,28,23,0,2
38,24.9,93,997.8,36.0,56,2,0.4,2004,7,18,20,3,0
9,28.4,69,1007.9,40.68,76,1,0.0,1999,9,22,9,6,1
32,16.9,60,978.8,24.48,1,0,0.0,2004,11,17,5,6,1
2,17.2,62,960.0,32.04,0,0,0.0,2016,12,1,0,4,3
23,32.3,55,988.0,16.56,100,1,0.0,2015,6,7,18,3,0
18,29.7,46,948.4,76.68,0,0,0.0,2002,5,20,7,1,2
19,35.3,20,979.9,25.56,30,0,0.0,2020,5,15,20,0,2
26,26.1,78,1010.2,15.12,0,0,0.0,2004,12,25,22,2,3
13,30.0,27,935.4,100.8,0,0,0.0,2017,2,17,12,0,3
15,24.9,43,944.0,35.64,0,0,0.0,2017,12,19,17,5,3
24,28.1,81,1010.1,13.32,62,1,0.0,2018,4,3,8,5,2
43,24.0,96,1003.8,6.48,31,0,0.0,2020,7,14,4,5,0
26,25.9,90,1005.9,57.6,100,2,0.1,2018,7,16,18,1,0
23,29.4,31,1000.3,37.44,0,0,0.0,2015,1,22,14,4,3
19,26.0,15,980.4,10.44,92,1,0.0,2024,5,3,3,0,2
22,26.7,43,983.1,31.32,0,0,0.0,2004,2,11,18,6,3
20,28.6,37,1004.7,29.52,44,0,0.0,2024,1,29,15,1,3
3,19.8,58,975.5,24.84,0,0,0.0,2016,11,17,20,4,1
27,14.7,64,982.8,10.8,1,0,0.0,2013,1,15,5,5,3
15,22.0,89,938.7,48.6,91,1,0.0,2001,8,22,21,6,0
37,28.0,84,989.6,42.48,100,1,0.0,2023,6,28,8,6,0
6,31.5,73,980.7,41.4,99,2,0.9,2019,8,28,12,6,0
11,17.0,69,899.1,21.6,23,0,0.0,1999,1,28,22,4,3
5,28.0,64,939.7,105.12,92,2,0.2,1997,8,4,14,1,0
8,25.5,91,1001.4,47.52,98,1,0.0,2016,8,11,3,4,0
46,18.6,99,926.2,16.56,53,0,0.0,2016,12,15,2,4,3
5,19.8,47,940.0,14.4,12,0,0.0,1999,3,6,5,2,2
34,34.7,50,973.7,77.76,17,0,0.0,2001,6,20,10,6,0
26,23.5,87,1009.8,19.44,13,0,0.0,2009,1,8,4,4,3
25,27.9,73,946.6,3.96,100,1,0.0,2025,10,10,17,0,1
7,20.2,96,910.8,47.52,98,1,0.0,2023,9,14,23,4,1
13,27.2,67,933.5,6.84,63,1,0.0,2015,10,12,12,1,1
5,26.2,60,945.6,21.24,44,0,0.0,2012,4,20,21,0,2
0,30.0,61,973.2,54.72,99,2,0.1,2018,7,30,13,1,0
26,24.9,92,1005.3,77.76,100,2,1.4,2024,7,15,4,1,0
29,23.7,84,1010.3,11.88,52,0,0.0,1999,12,6,7,1,3
4,22.9,48,1009.5,25.92,0,0,0.0,2012,12,7,9,0,3
12,27.4,28,987.1,43.2,0,0,0.0,2004,11,9,15,5,1
11,30.8,42,898.4,29.52,100,1,0.0,1997,5,17,13,2,2
5,28.5,50,945.5,7.92,60,1,0.0,2022,12,15,15,4,3
24,24.9,87,1011.0,11.16,97,1,0.0,1999,9,5,8,3,1
45,28.5,47,983.8,33.48,29,0,0.0,2010,2,19,21,0,3
40,28.1,69,953.8,33.84,90,1,0.0,2022,9,30,17,0,1
7,27.8,54,912.7,15.12,59,0,0.0,2015,9,23,12,6,1
23,37.2,41,988.3,18.36,18,0,0.0,2014,5,29,17,4,2
1,35.3,12,1003.1,44.28,0,0,0.0,2022,3,12,17,2,2
12,20.3,31,989.7,19.8,19,0,0.0,2001,2,5,12,1,3
13,25.5,72,928.0,81.36,99,2,0.3,2025,9,7,15,3,1
36,29.4,47,953.1,30.24,2,0,0.0,2015,10,22,9,4,1
32,35.3,42,968.9,40.32,85,1,0.0,2021,5,16,16,3,2
40,29.1,68,954.3,14.76,41,2,0.1,2020,6,25,10,4,0
1,17.5,69,1010.1,23.04,0,0,0.0,2018,2,1,8,4,3
42,25.5,88,1007.1,13.32,79,1,0.0,2004,4,10,5,2,2
16,26.5,73,947.5,39.24,100,2,0.1,2017,6,24,21,2,0
17,19.7,89,895.5,53.28,100,2,2.3,1996,7,21,15,3,0
9,30.5,61,1000.3,77.4,0,0,0.0,2016,6,16,23,4,0
33,22.9,90,940.7,46.08,61,1,0.0,2000,5,17,3,6,2
22,20.3,71,978.7,32.4,0,0,0.0,2013,11,20,20,6,1
32,29.0,26,973.1,30.24,0,0,0.0,2011,3,22,21,5,2
42,28.6,81,1010.7,22.68,24,0,0.0,2007,4,20,10,0,2
36,24.9,50,949.9,23.76,0,0,0.0,2019,11,24,17,3,1
37,25.1,52,998.4,18.0,41,0,0.0,2011,11,11,0,0,1
18,16.9,36,973.5,20.88,100,1,0.0,2021,12,31,12,0,3
15,22.1,93,940.2,32.04,100,1,0.0,2015,10,10,2,2,1
38,29.3,79,1001.9,19.44,16,0,0.0,2015,10,23,18,0,1
13,22.9,85,927.9,34.56,36,0,0.0,2000,4,7,3,0,2
27,16.8,83,986.5,27.0,0,0,0.0,2024,1,14,19,3,3
21,18.7,42,961.1,43.2,88,1,0.0,1999,1,24,1,3,3
0,35.0,17,981.3,33.48,0,0,0.0,1997,2,27,14,4,3
14,37.4,31,979.6,25.56,1,0,0.0,2016,5,27,19,0,2
8,39.8,17,1002.9,53.64,0,0,0.0,2018,5,6,17,3,2
42,24.5,96,1009.5,18.72,97,2,0.1,2018,11,2,22,0,1
18,27.6,74,953.8,74.16,70,1,0.0,2018,8,26,9,3,0
4,25.4,87,993.3,26.64,96,1,0.0,2005,7,31,5,3,0
0,25.1,87,976.9,19.44,73,1,0.0,2001,9,17,2,1,1
16,30.0,54,949.8,56.16,100,1,0.0,2015,9,1,16,5,1
44,28.5,46,942.9,56.52,0,0,0.0,2018,5,17,6,4,2
38,26.0,91,993.5,78.84,100,2,1.3,2017,7,20,17,4,0
14,39.3,14,982.6,57.96,2,0,0.0,2004,4,9,13,0,2
42,24.8,87,1011.1,31.68,24,0,0.0,2000,10,29,7,3,1
18,25.7,93,950.4,22.68,99,1,0.0,2007,8,5,23,3,0
45,24.7,50,985.1,23.76,0,0,0.0,2018,11,24,18,2,1
10,26.1,26,988.8,21.6,0,0,0.0,2018,12,8,13,2,3
15,23.1,90,939.3,51.84,99,1,0.0,2015,6,12,0,0,0
39,24.6,74,941.6,92.52,99,2,0.4,2001,7,4,14,6,0
40,24.2,51,959.6,45.72,41,0,0.0,2011,12,11,0,3,3
7,21.8,66,914.2,71.28,97,1,0.0,2005,11,21,10,1,1
1,28.3,28,1005.3,27.0,9,0,0.0,1996,3,1,21,0,2
7,19.9,92,911.3,27.36,100,1,0.0,2022,9,19,0,1,1
21,27.6,64,959.3,65.16,78,2,0.2,2001,8,26,11,3,0
35,36.2,25,965.2,15.48,0,0,0.0,2025,3,28,12,0,2
38,30.6,68,1001.4,45.0,100,1,0.0,2017,5,15,11,1,2
32,31.3,56,972.3,5.4,17,0,0.0,2008,9,30,14,5,1
36,22.9,69,946.8,25.92,6,0,0.0,2018,5,5,2,2,2
38,26.4,86,1004.1,23.4,92,2,0.2,2015,11,24,22,5,1
14,24.0,36,982.2,33.48,0,0,0.0,2000,4,18,3,5,2
34,24.4,63,979.5,22.32,33,2,0.4,1997,5,8,3,4,2
12,31.6,23,985.3,27.36,0,0,0.0,2008,3,5,13,6,2
5,22.5,45,945.8,27.72,0,0,0.0,2011,12,11,19,3,3
43,25.2,94,1007.9,13.68,29,0,0.0,2023,4,13,4,4,2
3,26.1,78,966.4,28.44,78,1,0.0,2014,8,11,22,1,0
35,23.5,42,968.1,29.88,1,0,0.0,2021,2,17,23,6,3
16,28.7,58,950.2,67.68,100,1,0.0,2012,8,14,14,5,0
23,33.5,48,986.6,34.56,100,1,0.0,2006,6,4,17,3,0
17,18.9,90,900.8,36.72,95,1,0.0,2023,12,27,22,6,3
30,30.3,71,1009.3,34.92,21,0,0.0,2012,9,29,11,2,1
28,25.5,87,1009.6,19.44,60,2,0.3,2022,9,14,18,6,1
15,35.1,32,940.7,15.12,52,0,0.0,2014,4,16,14,6,2
20,30.2,60,996.1,69.12,97,1,0.0,1999,9,2,14,4,1
29,26.5,73,1008.0,40.68,100,1,0.0,2021,11,28,23,3,1
26,25.5,88,1007.9,5.76,63,2,0.4,1997,4,5,1,2,2
0,30.8,25,978.8,21.24,0,0,0.0,2019,2,18,16,1,3
20,22.7,97,997.8,18.36,78,1,0.0,2020,10,2,3,0,1
15,26.6,40,945.5,12.96,18,0,0.0,2020,3,7,10,2,2
4,27.7,86,994.2,38.88,100,2,0.5,2018,6,25,21,1,0
45,25.3,56,988.2,11.16,93,1,0.0,2002,12,10,9,5,3
36,17.9,99,948.0,23.4,100,1,0.0,1997,12,9,7,5,3
7,25.8,42,913.6,32.76,40,0,0.0,2008,10,28,12,5,1
29,25.4,87,1010.1,17.28,100,2,0.5,2006,7,23,21,3,0
33,23.1,60,947.5,23.76,8,0,0.0,2000,11,5,21,3,1
5,14.4,52,948.0,39.6,0,0,0.0,2005,12,25,6,3,3
45,39.8,24,975.5,50.4,15,0,0.0,2013,5,12,12,3,2
0,24.4,92,976.7,25.92,60,1,0.0,2021,8,24,5,5,0
46,26.2,72,925.8,23.4,79,2,1.6,2017,3,14,16,5,2
7,18.8,93,909.6,40.68,50,0,0.0,2005,9,22,3,4,1
30,24.7,94,1007.6,21.24,100,2,0.1,1997,9,5,3,0,1
15,26.5,75,938.5,53.28,98,1,0.0,1998,7,25,11,2,0
0,23.6,76,985.0,13.32,21,0,0.0,2015,3,10,2,5,2
28,30.5,49,1013.9,27.36,21,0,0.0,2019,1,28,10,1,3
31,20.9,90,924.8,44.28,100,1,0.0,2004,7,29,5,4,0
26,32.0,45,1009.9,70.56,0,0,0.0,2023,3,3,14,0,2
28,21.3,93,1007.9,5.4,100,1,0.0,2025,1,2,4,4,3
43,30.1,70,1007.1,37.8,68,2,0.4,2024,11,3,13,3,1
31,22.8,80,926.3,42.48,98,1,0.0,2008,3,23,19,3,2
23,19.4,95,1001.4,25.2,97,1,0.0,2014,1,15,7,6,3
17,20.0,95,895.0,15.12,97,2,0.8,2001,11,7,15,6,1
30,27.5,86,1000.6,45.72,66,2,0.5,2010,7,16,15,0,0
32,32.5,50,968.3,33.48,100,1,0.0,2016,6,8,1,6,0
7,26.4,62,911.1,11.16,65,2,0.1,2011,5,17,18,5,2
23,28.2,75,993.7,29.88,27,0,0.0,2013,9,12,9,4,1
28,25.9,89,1010.6,16.92,25,0,0.0,2024,1,14,20,3,3
25,28.0,61,946.5,54.36,6,0,0.0,2017,4,19,19,6,2
19,19.0,48,991.2,45.0,0,0,0.0,2006,12,27,18,6,3
25,22.8,93,942.6,77.76,100,2,0.2,2015,7,19,4,3,0
3,29.2,77,968.0,32.04,100,2,0.1,2024,9,24,10,5,1
33,23.5,48,943.9,30.96,0,0,0.0,2022,4,25,6,1,2
4,25.9,54,1011.7,25.2,11,0,0.0,1998,1,4,19,3,3
40,21.8,47,964.0,43.2,3,0,0.0,1998,12,16,9,6,3
36,21.8,93,943.5,53.28,100,2,0.5,2008,9,16,5,5,1
22,29.5,56,973.1,65.16,100,1,0.0,2025,6,17,23,5,0
4,24.2,44,1010.0,27.36,20,0,0.0,2020,11,2,22,1,1
15,27.7,40,942.0,16.56,12,0,0.0,2002,1,7,17,1,3
35,26.9,87,957.7,7.92,100,1,0.0,2022,8,4,18,4,0
17,29.4,27,898.8,21.24,34,0,0.0,1997,3,15,15,2,2
16,20.1,79,955.3,29.88,2,0,0.0,2007,2,18,2,3,3
3,29.2,67,966.9,34.2,43,0,0.0,2007,7,22,10,3,0
37,16.3,98,998.7,29.52,90,1,0.0,2016,1,13,3,6,3
24,24.6,92,1010.4,10.8,100,2,0.3,1998,9,14,23,1,1
22,33.8,30,971.7,26.64,4,0,0.0,2011,5,7,20,2,2
3,28.5,57,973.3,26.28,13,0,0.0,1997,10,4,17,2,1
33,21.5,45,951.1,16.92,6,0,0.0,2003,12,20,19,2,3
6,23.8,37,990.0,112.68,79,1,0.0,1998,2,16,12,1,3
34,32.7,61,973.0,45.36,84,1,0.0,2011,6,30,13,4,0
42,26.5,88,1007.5,37.44,61,1,0.0,1996,4,25,23,4,2
43,26.1,95,1007.5,19.8,100,2,1.7,2019,5,25,23,2,2
24,32.0,61,1010.8,56.16,53,0,0.0,2025,3,6,12,4,2
31,19.3,96,926.8,5.76,98,1,0.0,2007,11,8,4,4,1
19,14.5,69,994.1,57.24,0,0,0.0,1996,2,11,23,3,3
2,26.0,77,944.5,41.4,4,0,0.0,2025,7,25,1,0,0
19,12.7,86,986.5,23.76,0,0,0.0,2013,12,8,4,3,3
29,26.8,81,1006.0,63.36,34,0,0.0,2005,8,26,18,0,0
42,24.2,94,1006.6,12.96,95,1,0.0,2017,11,13,1,1,1
1,30.3,62,1004.8,48.6,69,1,0.0,2020,10,5,10,1,1
32,22.3,46,980.8,19.44,0,0,0.0,2007,11,28,9,6,1
23,29.1,74,987.4,20.52,100,1,0.0,1998,8,12,18,6,0
3,27.7,17,966.8,38.52,0,0,0.0,2025,4,24,5,4,2
0,21.0,75,986.2,23.04,1,0,0.0,2016,12,4,23,3,3
29,26.5,85,1008.0,10.08,97,1,0.0,2009,4,28,21,5,2
35,24.1,82,961.4,35.28,99,1,0.0,2013,8,8,3,4,0
30,25.0,87,1007.3,38.88,51,0,0.0,2012,4,24,5,5,2
24,28.8,68,1007.9,29.52,4,0,0.0,2004,2,29,18,3,3
36,25.9,81,947.9,53.28,58,0,0.0,1998,10,9,9,0,1
45,39.1,22,972.0,32.4,23,0,0.0,1998,6,3,19,6,0
30,26.2,58,1013.7,26.28,68,1,0.0,2020,12,27,9,3,3
2,25.7,18,958.4,31.68,0,0,0.0,2007,3,8,10,4,2
44,11.7,64,952.4,30.24,0,0,0.0,2013,12,28,23,2,3
29,27.9,78,1008.1,10.44,24,0,0.0,2011,10,14,10,0,1
3,30.7,35,971.7,10.44,24,0,0.0,2023,11,23,14,4,1
39,35.3,29,946.5,20.52,13,0,0.0,2013,4,14,13,3,2
7,25.5,39,912.0,30.24,80,1,0.0,1999,12,10,15,0,3
33,13.0,53,949.7,14.4,70,1,0.0,2019,1,2,2,6,3
19,30.1,76,975.4,52.2,100,1,0.0,2017,7,28,16,0,0
5,29.3,42,947.7,29.16,21,0,0.0,1997,11,9,12,3,1
31,22.9,86,926.9,48.96,97,1,0.0,2021,9,25,20,2,1
15,25.1,84,938.9,65.52,98,2,2.0,2019,6,20,12,4,0
21,20.6,79,964.8,47.88,26,0,0.0,2003,12,29,2,1,3
37,36.3,13,995.7,32.76,0,0,0.0,2014,4,8,14,5,2
7,29.7,37,916.3,24.12,11,0,0.0,1998,3,28,10,2,2
6,26.7,36,992.1,82.44,0,0,0.0,2019,11,8,11,0,1
40,40.2,14,957.9,39.24,22,0,0.0,2025,5,1,11,4,2
3,27.9,73,966.8,70.56,100,1,0.0,2019,7,11,10,4,0
14,31.1,24,991.0,11.16,1,0,0.0,2025,3,22,17,2,2
23,35.1,49,990.6,9.36,100,1,0.0,2024,6,7,12,0,0
39,27.4,50,950.6,48.6,98,1,0.0,2025,11,26,10,6,1
32,17.6,72,975.9,25.92,19,0,0.0,2007,12,26,2,6,3
12,29.2,81,973.5,19.44,55,0,0.0,2003,6,24,0,5,0
25,26.6,72,944.9,91.8,97,1,0.0,2011,6,29,12,6,0
17,20.5,94,897.2,19.8,100,1,0.0,1998,7,20,9,1,0
35,28.6,68,958.2,36.0,85,1,0.0,2010,6,11,2,0,0
0,24.8,88,975.0,39.24,99,1,0.0,2002,9,4,21,6,1
5,25.2,74,942.2,28.8,100,1,0.0,2015,8,27,22,4,0
1,32.2,20,1009.7,14.04,41,0,0.0,2001,11,21,12,6,1
27,5.4,90,984.1,16.92,0,0,0.0,2011,1,11,7,5,3
29,24.7,91,1009.0,22.32,11,0,0.0,2004,2,25,3,6,3
16,26.3,70,951.9,84.24,73,1,0.0,2004,6,28,8,1,0
33,24.3,90,937.9,31.32,100,2,0.3,2021,9,7,17,5,1
41,22.8,82,1007.8,28.8,0,0,0.0,2023,3,27,4,1,2
9,32.5,43,1006.7,31.68,0,0,0.0,2017,10,21,11,2,1
19,20.3,39,986.7,39.24,0,0,0.0,2014,3,18,5,5,2
2,15.8,34,959.7,32.4,0,0,0.0,2004,12,27,18,1,3
26,24.2,72,1008.2,30.96,18,0,0.0,2006,1,7,6,2,3
20,21.3,61,1002.2,24.12,0,0,0.0,2004,3,10,8,6,2
13,35.7,34,929.2,28.08,55,0,0.0,2024,5,15,14,6,2
22,27.9,48,978.1,28.44,8,0,0.0,2021,3,20,22,2,2
15,19.0,55,942.5,29.52,0,0,0.0,2011,12,17,0,2,3
41,28.4,86,1000.4,24.84,42,0,0.0,2016,5,17,4,5,2
37,33.9,17,995.4,53.28,0,0,0.0,2006,3,25,14,2,2
43,26.7,86,1009.0,27.0,54,2,0.2,2016,7,12,9,5,0
40,26.2,61,962.8,39.6,26,0,0.0,2022,12,26,22,1,3
0,25.4,91,981.4,17.28,8,0,0.0,2015,10,5,7,1,1
22,24.5,83,971.1,50.4,97,1,0.0,2000,8,12,0,2,0
32,17.8,46,976.8,23.76,0,0,0.0,2023,2,22,6,6,3
24,27.0,78,1012.2,27.0,8,0,0.0,2020,1,28,8,5,3
20,30.8,23,1001.3,38.52,0,0,0.0,2016,3,27,20,3,2
3,29.6,66,970.4,36.72,86,1,0.0,2006,9,3,12,3,1
19,25.7,30,991.6,63.36,0,0,0.0,2024,2,27,12,5,3
8,20.0,68,1011.0,27.36,7,0,0.0,2003,11,30,4,3,1
18,38.8,9,957.9,35.64,66,1,0.0,2022,4,12,13,5,2
19,21.3,26,988.2,37.44,0,0,0.0,2011,1,1,15,2,3
8,30.7,63,1001.1,72.72,5,0,0.0,2015,6,3,19,6,0
17,18.2,97,894.8,9.72,100,1,0.0,2012,5,22,4,5,2
25,21.6,98,946.9,27.36,98,1,0.0,2019,8,20,2,5,0
27,38.4,10,981.9,27.36,0,0,0.0,2025,4,4,13,0,2
32,19.5,83,981.2,36.0,8,0,0.0,2003,2,3,7,1,3
28,25.8,94,1008.2,11.16,25,0,0.0,2011,5,16,6,1,2
27,30.8,68,969.2,45.72,79,1,0.0,2002,8,7,16,6,0
36,23.5,92,943.8,46.08,90,2,0.2,2009,6,26,6,0,0
14,28.9,81,983.0,35.28,83,1,0.0,2011,9,1,9,4,1
17,18.3,95,897.2,18.72,100,1,0.0,2011,7,21,21,4,0
15,21.4,28,943.4,38.16,0,0,0.0,2006,2,6,23,1,3
45,29.1,44,980.7,28.44,0,0,0.0,2024,12,22,14,3,3
20,25.0,95,999.1,26.64,96,2,0.7,2021,8,22,9,3,0
0,23.5,96,975.7,15.12,23,0,0.0,2017,10,11,5,6,1
32,24.8,47,977.1,26.64,0,0,0.0,2023,12,10,16,3,3
17,18.7,100,896.3,41.4,100,1,0.0,2025,9,18,5,4,1
17,23.0,77,897.3,14.4,85,2,4.2,2012,5,11,13,0,2
23,25.2,90,992.7,16.56,100,1,0.0,2001,10,14,23,3,1
4,31.0,61,1002.1,43.56,39,2,0.1,2007,5,21,9,1,2
37,25.4,16,997.3,39.6,0,0,0.0,2003,3,7,20,0,2
7,19.0,75,912.2,28.44,20,0,0.0,2000,10,28,21,2,1
42,25.2,92,1006.9,42.48,59,0,0.0,2014,9,25,2,4,1
6,25.2,52,985.5,37.44,0,0,0.0,1998,4,3,7,0,2
40,23.7,47,954.6,64.8,0,0,0.0,2017,3,8,3,6,2
17,19.3,79,899.0,19.44,100,1,0.0,2007,12,9,22,3,3
10,21.7,47,988.0,39.96,7,0,0.0,2012,3,29,3,4,2
44,19.8,48,945.1,25.92,95,1,0.0,2013,3,31,5,3,2
25,22.4,91,948.1,39.96,100,2,1.3,2020,9,13,9,3,1
35,23.9,41,975.1,36.72,0,0,0.0,2004,12,4,9,2,3
46,20.5,99,924.1,30.96,100,1,0.0,2015,8,9,6,3,0
38,19.6,80,1003.1,17.28,0,0,0.0,1997,12,10,4,6,3
11,19.6,78,904.1,57.24,98,1,0.0,2026,1,12,19,1,3
15,15.1,73,943.4,25.2,0,0,0.0,2021,12,20,2,1,3
40,21.0,62,959.2,37.8,67,1,0.0,2017,10,31,1,5,1
36,20.7,72,949.7,32.04,56,0,0.0,2010,10,31,22,3,1
1,20.9,26,1005.7,34.56,0,0,0.0,2000,3,8,22,6,2
23,40.7,15,987.7,23.4,7,0,0.0,2021,3,30,15,5,2
0,28.6,37,982.4,34.92,1,0,0.0,2003,11,11,16,5,1
42,28.2,60,1010.0,35.28,91,1,0.0,1999,12,9,13,4,3
39,21.7,95,943.0,57.96,100,1,0.0,1997,7,9,3,6,0
1,20.0,46,1008.7,34.92,0,0,0.0,2021,10,31,2,3,1
34,26.0,48,985.6,27.0,0,0,0.0,2006,10,12,0,4,1
19,35.1,33,978.3,31.32,55,0,0.0,2020,6,4,12,4,0
41,24.7,71,1010.8,36.72,8,0,0.0,2010,10,31,3,3,1
33,29.0,20,948.0,6.84,0,0,0.0,2021,2,9,15,5,3
3,21.2,49,972.8,23.76,100,1,0.0,2012,10,31,22,6,1
20,26.2,90,997.1,34.56,96,1,0.0,2010,8,22,22,3,0
31,28.6,42,928.0,54.72,1,0,0.0,2006,1,10,15,5,3
7,26.5,61,909.0,34.92,28,0,0.0,2019,5,27,23,1,2
28,26.0,92,1009.7,32.76,54,2,0.1,2019,7,12,19,0,0
30,19.6,95,1014.5,26.28,0,0,0.0,1998,1,26,0,1,3
22,24.2,92,970.2,59.76,100,2,1.1,2022,9,11,2,3,1
16,35.5,35,945.3,60.84,100,1,0.0,2024,5,25,13,2,2
14,37.7,17,977.4,34.56,0,0,0.0,2013,5,4,18,2,2
42,23.6,93,1009.9,16.2,84,1,0.0,2018,10,24,6,6,1
2,30.9,50,945.6,46.08,98,1,0.0,2018,7,8,22,3,0
4,35.0,28,1005.3,12.24,23,0,0.0,2014,10,23,15,4,1
17,24.9,69,898.4,19.8,35,0,0.0,2000,5,16,13,5,2
27,28.2,81,967.7,48.24,100,2,0.2,1997,7,30,14,6,0
19,37.0,21,983.7,28.8,46,0,0.0,2021,5,2,12,3,2
11,19.4,95,895.5,64.44,100,2,0.9,2013,8,1,23,4,0
17,18.8,98,898.0,12.96,100,2,0.3,2021,10,21,3,4,1
13,13.4,74,929.7,29.88,0,0,0.0,2005,11,15,3,5,1
25,24.0,88,944.7,43.2,29,0,0.0,2011,4,29,1,0,2
19,11.3,76,994.1,43.56,25,0,0.0,1996,1,4,8,4,3
7,20.9,88,909.3,54.0,55,0,0.0,2011,6,10,0,0,0
40,29.2,65,952.2,34.92,72,1,0.0,2011,8,23,16,5,0
16,28.4,67,948.7,23.4,100,2,0.2,2022,6,16,17,4,0
38,24.2,95,1003.4,15.48,100,2,0.1,2006,8,26,23,2,0
36,24.2,33,953.4,20.16,0,0,0.0,2013,12,15,10,3,3
9,23.2,66,1011.6,34.2,0,0,0.0,2016,11,13,2,3,1
42,25.5,89,1008.2,42.12,100,2,0.7,2022,11,13,13,3,1
1,28.2,86,989.9,74.16,100,2,0.4,2024,7,1,16,1,0
45,30.8,34,982.3,9.0,0,0,0.0,2017,1,31,14,5,3
0,27.4,84,970.5,18.72,100,1,0.0,2025,5,27,6,5,2
5,29.0,46,942.5,24.84,49,0,0.0,2020,5,15,2,0,2
27,22.2,40,986.9,11.52,0,0,0.0,2013,12,15,10,3,3
29,24.5,96,1005.4,45.72,100,3,7.1,2025,7,16,20,6,0
45,23.5,94,971.4,43.56,100,2,1.6,2022,9,11,2,3,1
37,29.0,71,985.3,69.48,99,1,0.0,2011,7,21,18,4,0
29,24.0,81,1014.0,21.96,96,1,0.0,2026,1,27,7,5,3
2,14.6,35,959.7,29.16,0,0,0.0,2010,2,20,0,2,3
25,34.2,27,946.2,28.08,16,0,0.0,2014,5,15,14,4,2
2,16.2,71,957.4,28.8,0,0,0.0,2020,12,5,7,2,3
38,25.3,93,999.6,31.68,100,2,0.8,2016,7,30,12,2,0
6,26.2,74,986.6,29.88,21,0,0.0,2001,9,15,4,2,1
31,24.3,72,928.3,46.44,93,1,0.0,1997,6,18,19,6,0
41,29.3,69,1004.1,53.28,21,0,0.0,2012,9,21,15,0,1
9,26.9,85,1001.9,44.28,95,1,0.0,2014,9,5,8,0,1
45,22.2,63,984.7,7.92,4,0,0.0,1999,12,29,21,6,3
25,22.8,89,946.3,54.36,100,1,0.0,2023,7,16,20,3,0
31,16.8,79,930.3,28.8,28,0,0.0,2010,2,7,5,3,3
44,17.1,95,949.4,30.96,0,0,0.0,2021,11,22,5,1,1
29,31.8,63,1004.9,52.56,76,1,0.0,2006,4,10,14,1,2
32,26.1,54,982.9,17.64,35,0,0.0,2014,3,8,11,2,2
11,14.9,80,896.8,18.72,0,0,0.0,2022,10,24,3,1,1
10,42.8,16,971.7,37.08,21,0,0.0,2020,6,15,15,1,0
3,28.0,67,962.3,32.4,100,1,0.0,2011,6,27,22,1,0
42,25.4,84,1010.6,26.28,0,0,0.0,2024,3,4,0,1,2
19,18.7,46,985.1,16.92,0,0,0.0,2008,11,13,8,4,1
29,24.4,97,1004.8,14.04,99,2,0.2,2023,11,24,3,0,1
0,36.0,32,977.7,12.24,80,2,2.1,2018,4,17,15,5,2
31,22.7,82,929.1,31.32,0,0,0.0,2012,3,20,1,5,2
17,19.0,98,896.3,18.0,100,1,0.0,2025,10,18,23,2,1
18,31.1,20,963.9,30.6,0,0,0.0,1997,3,10,16,1,2
43,24.1,94,1008.7,15.84,89,1,0.0,2014,11,9,4,3,1
27,43.9,12,967.1,58.32,5,0,0.0,2010,5,26,18,6,2
28,29.2,68,1012.1,11.16,3,0,0.0,2017,10,25,10,6,1
9,34.3,46,1003.8,20.88,2,0,0.0,2005,5,8,13,3,2
25,28.8,58,951.3,30.6,56,0,0.0,2005,4,12,21,5,2
35,30.5,41,961.4,33.84,79,1,0.0,1996,5,25,5,2,2
25,28.5,30,950.5,48.24,99,1,0.0,2011,12,20,13,5,3
7,19.8,97,908.8,14.76,100,1,0.0,2003,10,3,4,0,1
39,20.0,100,945.3,7.56,100,1,0.0,2024,10,7,1,1,1
13,20.6,97,925.9,52.56,100,2,1.1,2016,7,30,4,2,0
43,29.6,76,1005.5,48.96,92,1,0.0,2020,5,21,12,4,2
17,26.6,55,901.0,14.76,8,0,0.0,2013,4,1,10,1,2
4,26.5,87,1004.3,22.32,16,0,0.0,2006,9,29,1,0,1
44,24.5,84,941.5,31.68,92,1,0.0,2002,7,18,6,4,0
16,25.9,54,959.2,28.8,24,0,0.0,2013,1,4,9,0,3
8,20.9,36,1010.9,33.84,0,0,0.0,1998,2,22,23,3,3
13,28.6,55,929.0,68.4,26,0,0.0,1996,5,17,19,0,2
43,30.3,59,1003.4,46.08,99,1,0.0,2011,12,30,15,0,3
38,24.5,96,998.5,29.52,100,2,1.5,2019,9,19,1,4,1
39,18.0,65,948.1,32.4,100,1,0.0,2001,12,17,2,1,3
30,26.8,57,1007.1,32.04,0,0,0.0,1999,3,23,19,5,2
1,27.8,23,1005.9,37.08,0,0,0.0,2026,3,11,3,6,2
45,30.8,33,985.9,18.0,0,0,0.0,2008,2,28,11,4,3
22,28.9,54,984.3,35.28,34,0,0.0,2015,12,2,10,6,3
41,31.2,24,1011.8,36.72,0,0,0.0,2022,2,12,12,2,3
35,21.1,76,970.2,22.32,14,0,0.0,2008,12,14,1,3,3
41,33.8,33,1010.1,50.76,1,0,0.0,2014,3,15,15,2,2
6,38.1,9,984.3,7.2,19,0,0.0,2000,10,18,16,6,1
3,23.6,88,968.3,37.8,100,1,0.0,2008,8,19,7,5,0
39,21.7,90,943.7,81.72,98,1,0.0,2014,7,18,20,0,0
18,31.1,19,965.5,39.24,0,0,0.0,2026,3,2,12,1,2
39,26.6,56,951.3,54.0,83,1,0.0,2016,1,23,11,2,3
34,28.6,77,980.4,38.88,51,0,0.0,2022,7,26,20,5,0
23,33.1,44,993.7,32.4,43,0,0.0,2011,4,7,17,4,2
0,28.1,75,975.9,21.6,100,1,0.0,2007,9,30,16,3,1
43,26.5,86,1005.8,40.68,99,2,0.1,2018,8,28,16,5,0
20,24.4,91,997.1,36.36,100,2,1.6,2025,10,30,17,4,1
45,24.0,80,975.6,45.72,98,2,0.3,2004,8,11,6,6,0
28,25.5,87,1009.6,15.48,95,1,0.0,2003,7,30,23,6,0
42,30.4,60,1007.4,56.88,20,0,0.0,2022,2,1,13,5,3
7,22.4,81,912.7,46.44,92,1,0.0,2006,9,3,8,3,1
10,40.7,8,976.3,50.04,20,0,0.0,2000,4,17,17,1,2
44,31.7,33,949.9,12.96,10,0,0.0,2005,10,6,14,4,1
14,28.5,74,982.8,20.16,10,0,0.0,2007,9,9,22,3,1
28,23.9,92,1005.1,21.96,100,2,1.8,2009,11,10,23,5,1
17,19.2,88,897.0,21.24,100,1,0.0,2007,7,29,8,3,0
9,33.5,37,1004.6,17.28,0,0,0.0,2014,4,6,17,3,2
27,13.5,45,980.3,27.36,1,0,0.0,2000,2,20,4,3,3
21,30.0,44,959.3,50.4,35,0,0.0,2022,11,3,14,4,1
35,27.6,66,956.0,58.68,87,1,0.0,2013,6,16,19,3,0
22,29.8,34,979.5,27.72,47,0,0.0,2012,1,24,16,5,3
24,24.3,92,1009.3,24.48,100,2,1.1,2009,6,6,21,2,0
20,27.3,65,997.7,23.76,0,0,0.0,1996,5,8,0,6,2
9,19.5,70,1013.3,45.36,16,0,0.0,2013,12,26,3,4,3
30,27.1,90,1010.2,51.12,99,2,0.3,2015,7,3,22,0,0
21,23.6,67,961.5,27.72,21,0,0.0,1997,10,14,4,5,1
20,21.2,86,1003.3,24.12,0,0,0.0,2021,10,22,5,0,1
36,23.3,45,948.4,23.04,0,0,0.0,2007,3,7,8,6,2
2,13.5,87,958.1,48.6,100,1,0.0,2004,1,22,9,4,3
38,24.2,94,998.4,20.88,100,2,0.3,1999,7,9,1,0,0
42,26.7,84,1008.0,18.36,99,2,2.2,2006,10,19,16,4,1
12,29.3,35,990.1,41.4,16,0,0.0,2018,10,27,15,2,1
12,22.2,64,987.0,54.36,0,0,0.0,2008,3,7,21,0,2
4,19.9,61,1011.9,24.12,0,0,0.0,2016,1,1,2,0,3
4,27.5,40,1008.5,22.32,51,0,0.0,2006,11,30,17,4,1
8,28.2,74,1009.9,13.32,26,2,1.7,2025,10,7,11,5,1
45,20.5,64,979.8,40.68,32,0,0.0,2018,2,22,4,4,3
7,20.9,87,909.2,68.76,90,1,0.0,2018,7,18,0,6,0
1,27.0,57,1014.5,19.8,0,0,0.0,2009,1,13,11,5,3
3,27.8,30,976.0,14.4,0,0,0.0,2007,11,26,16,1,1
33,27.6,37,949.2,2.52,0,0,0.0,2024,3,26,8,5,2
3,25.3,33,971.6,5.4,3,0,0.0,2011,1,2,15,3,3
10,24.9,36,989.8,39.24,0,0,0.0,2020,2,23,18,3,3
39,23.4,88,940.0,79.2,100,2,0.1,2024,6,26,8,6,0
31,19.5,95,926.5,58.68,100,2,0.1,2012,6,19,6,5,0
5,25.9,74,940.0,56.88,100,1,0.0,2007,7,17,9,5,0
12,28.7,41,984.6,10.08,0,0,0.0,2002,3,22,10,0,2
1,28.9,82,994.5,51.84,100,1,0.0,2024,7,4,22,4,0
3,30.0,31,976.5,17.64,25,0,0.0,2011,2,27,12,3,3
45,27.6,74,971.5,31.68,98,2,0.9,2002,8,6,16,5,0
22,29.8,54,971.3,72.0,99,1,0.0,1996,6,22,1,2,0
43,27.1,87,1007.7,37.8,100,2,0.5,2016,6,29,12,6,0
38,32.0,45,999.0,55.8,0,0,0.0,2019,4,20,13,2,2
9,27.6,89,1000.0,24.12,90,1,0.0,2023,7,4,0,5,0
10,35.8,27,979.7,73.8,0,0,0.0,1997,9,28,15,3,1
9,27.5,82,999.9,61.56,69,1,0.0,2006,7,8,23,2,0
26,24.1,93,1008.4,23.76,100,1,0.0,2023,3,21,0,5,2
22,20.1,68,978.1,41.04,2,0,0.0,1996,11,6,7,6,1
39,16.8,75,945.2,15.84,0,0,0.0,2018,1,7,6,3,3
4,16.9,72,1011.8,41.04,0,0,0.0,2025,11,14,7,0,1
10,8.1,38,987.6,16.92,0,0,0.0,2024,3,4,5,1,2
24,27.5,86,1009.2,20.16,100,1,0.0,2025,10,9,18,4,1
45,31.2,37,982.4,7.56,0,0,0.0,2021,1,24,13,3,3
6,38.2,25,976.5,75.96,0,0,0.0,2016,5,19,22,4,2
4,28.0,76,1003.7,32.76,71,2,0.4,2019,10,27,16,3,1
28,28.4,72,1010.8,52.92,92,2,0.2,2005,9,18,14,3,1
18,26.1,28,966.3,21.24,0,0,0.0,2024,11,28,14,4,1
30,23.1,69,1010.8,12.96,0,0,0.0,2018,2,24,7,2,3
23,18.6,73,997.4,31.32,0,0,0.0,2006,1,24,4,5,3
20,21.7,62,1006.2,33.12,0,0,0.0,1999,2,17,22,6,3
12,21.9,53,985.0,64.08,96,1,0.0,2005,2,14,15,1,3
35,30.6,41,968.6,23.04,65,1,0.0,2002,10,22,11,5,1
15,22.7,90,939.3,32.4,95,1,0.0,2002,5,27,5,1,2
6,35.9,46,976.3,41.04,99,1,0.0,2015,7,21,16,5,0
44,27.6,78,944.0,44.64,79,2,0.1,2009,8,26,12,6,0
40,34.2,23,954.4,33.12,53,0,0.0,2014,5,15,21,4,2
33,29.8,26,947.1,30.96,39,0,0.0,2010,2,16,15,5,3
39,22.9,73,946.3,27.36,24,0,0.0,2012,2,11,1,2,3
42,25.9,86,1010.0,28.08,99,1,0.0,2020,3,26,23,4,2
22,23.0,73,981.3,24.48,1,0,0.0,2002,3,11,6,1,2
1,33.3,34,1007.9,4.68,0,0,0.0,2023,10,25,13,6,1
28,24.1,94,1008.8,7.92,100,2,1.5,1996,6,22,7,2,0
2,28.4,70,947.4,76.32,100,1,0.0,2021,7,19,10,1,0
21,20.9,92,960.4,16.92,11,0,0.0,2009,10,17,6,2,1
31,31.1,23,929.4,33.84,46,0,0.0,2005,2,25,18,0,3
37,26.6,84,990.4,42.12,65,1,0.0,2011,7,5,1,5,0
31,27.9,62,930.2,43.92,47,0,0.0,1998,4,15,21,6,2
2,15.7,39,957.8,27.36,0,0,0.0,2000,2,7,19,1,3
2,25.3,27,958.6,31.32,34,0,0.0,2002,11,6,18,6,1
42,26.1,87,1007.3,21.96,98,1,0.0,2015,6,3,7,6,0
45,34.1,36,976.0,42.48,98,1,0.0,2008,3,21,15,0,2
2,22.8,32,963.4,31.32,100,1,0.0,1998,12,16,11,6,3
2,16.1,34,958.1,34.2,0,0,0.0,2006,11,26,20,3,1
37,25.0,96,988.9,41.76,85,1,0.0,2019,8,29,5,4,0
29,24.4,92,1006.3,30.24,100,2,1.3,2001,7,23,0,1,0
15,19.0,98,940.3,28.44,100,1,0.0,2001,1,1,6,1,3
44,28.2,61,938.9,61.2,84,1,0.0,2012,6,25,1,1,0
41,31.2,53,1006.9,27.36,0,0,0.0,2019,11,11,16,1,1
39,21.6,93,943.9,52.2,99,1,0.0,2001,7,12,7,4,0
42,24.7,88,1008.5,55.08,100,1,0.0,1996,8,16,21,0,0
38,26.2,58,1005.2,35.28,0,0,0.0,2003,11,11,8,5,1
38,25.4,90,996.6,42.48,100,2,0.6,2003,7,8,16,5,0
7,18.3,80,915.9,72.72,61,1,0.0,2012,12,17,8,1,3
24,26.0,89,1010.4,49.68,89,1,0.0,2018,8,30,10,4,0
37,26.5,38,1002.3,45.0,32,0,0.0,2014,12,6,10,2,3
45,19.7,67,979.3,9.0,95,1,0.0,2000,11,29,3,6,1
33,28.0,22,947.1,15.84,0,0,0.0,2002,3,23,9,2,2
6,28.0,86,979.4,28.8,100,3,12.5,2019,8,28,14,6,0
44,9.1,58,953.1,24.84,0,0,0.0,2012,1,11,0,6,3
35,28.6,49,968.5,19.44,92,1,0.0,2002,2,8,12,0,3
17,18.2,93,892.8,9.0,31,0,0.0,1996,4,1,3,1,2
45,19.8,83,984.5,20.88,0,0,0.0,2023,12,31,23,3,3
12,22.1,58,984.0,11.16,91,1,0.0,2009,3,20,21,0,2
4,28.7,68,999.5,52.2,100,1,0.0,2002,8,19,11,1,0
6,35.5,21,988.6,10.44,0,0,0.0,2000,10,25,14,6,1
13,24.5,85,930.3,8.64,89,1,0.0,2018,9,30,20,3,1
9,29.4,64,1007.0,36.72,12,0,0.0,2000,10,6,8,0,1
35,26.4,70,966.5,38.88,63,1,0.0,2003,3,15,21,2,2
23,27.1,83,984.7,49.32,100,2,2.5,2024,7,26,18,0,0
0,33.1,42,971.3,43.2,55,0,0.0,2001,5,25,23,0,2
25,24.8,28,950.7,32.76,0,0,0.0,2000,12,10,19,3,3
38,31.2,26,1001.7,30.96,0,0,0.0,2007,11,17,13,2,1
46,17.9,100,926.5,17.28,100,1,0.0,2014,12,12,5,0,3
12,20.2,51,989.5,35.28,0,0,0.0,2007,12,24,10,1,3
18,26.9,66,954.5,48.24,5,0,0.0,2000,8,6,0,3,0
35,16.9,61,969.4,10.44,59,0,0.0,2003,12,6,2,2,3
17,19.7,99,896.8,36.0,3,0,0.0,2023,5,20,4,2,2
19,37.1,27,976.3,97.56,2,0,0.0,2006,6,16,18,0,0
32,10.4,63,978.0,22.32,0,0,0.0,2012,1,15,2,3,3
30,20.2,90,1011.4,34.56,11,0,0.0,2000,2,7,2,1,3
1,30.1,48,1000.1,15.48,0,0,0.0,2017,10,15,20,3,1
34,28.9,73,975.0,19.44,5,0,0.0,2001,6,5,21,5,0
0,33.5,39,980.4,28.44,42,0,0.0,2015,10,15,14,4,1
44,23.9,97,940.1,32.04,100,1,0.0,2010,9,4,2,2,1
41,26.0,91,1000.9,69.84,100,2,0.1,2008,8,1,21,0,0
35,27.8,31,968.5,90.0,2,0,0.0,2024,2,19,20,1,3
22,23.9,90,972.3,37.8,100,2,0.4,2001,8,8,6,6,0
22,24.7,87,975.0,32.4,96,1,0.0,2002,9,4,0,6,1
22,40.3,24,975.8,21.24,38,0,0.0,2024,4,18,13,4,2
9,28.4,74,996.4,45.72,100,1,0.0,2001,6,8,3,0,0
36,22.6,99,946.5,11.16,99,2,0.2,2009,9,23,1,6,1
24,28.0,83,1011.3,18.36,7,0,0.0,2020,4,16,8,4,2
41,18.1,93,1006.5,12.96,0,0,0.0,2000,3,6,5,1,2
24,24.3,94,1008.6,12.6,19,0,0.0,2014,11,18,3,5,1
46,16.7,61,926.4,20.52,14,0,0.0,2015,2,24,4,5,3
3,11.3,54,975.5,27.72,0,0,0.0,1997,2,13,7,4,3
25,20.9,91,950.6,27.36,2,0,0.0,2005,1,1,0,2,3
38,28.9,79,999.4,32.04,17,0,0.0,2015,5,9,21,2,2
32,14.1,65,978.2,28.8,0,0,0.0,1999,12,16,1,4,3
43,31.6,27,1007.1,21.6,47,0,0.0,2000,12,16,16,2,3
37,32.0,21,997.0,36.0,6,0,0.0,2004,11,7,13,3,1
18,36.8,9,955.5,63.36,0,0,0.0,2012,4,29,14,3,2
1,28.4,67,995.7,45.0,0,0,0.0,2021,5,15,6,2,2
1,26.2,95,993.2,46.8,100,2,0.4,2024,8,2,19,0,0
40,23.2,19,962.8,62.64,0,0,0.0,2004,2,6,9,0,3
15,23.7,88,939.8,23.4,66,1,0.0,2002,4,14,3,3,2
42,25.3,90,1009.9,57.96,30,0,0.0,1996,7,1,22,1,0
33,28.9,43,948.4,8.64,30,0,0.0,2020,11,1,13,3,1
13,20.5,94,927.3,25.92,100,1,0.0,2016,8,26,4,0,0
31,20.6,89,926.2,46.8,55,0,0.0,1999,7,3,0,2,0
30,24.7,89,1008.0,5.76,0,0,0.0,2012,4,1,3,3,2
13,20.4,98,924.5,47.88,100,1,0.0,2003,7,5,5,2,0
0,24.6,36,978.7,39.24,2,0,0.0,2018,3,3,6,2,2
20,32.3,48,994.7,75.24,0,0,0.0,2007,5,15,17,5,2
42,29.9,51,1008.2,14.76,75,1,0.0,2013,2,11,12,1,3
32,38.7,24,963.0,59.04,57,0,0.0,2014,6,9,20,1,0
9,36.5,37,998.7,112.32,19,0,0.0,2019,4,30,16,5,2
31,21.8,95,927.4,45.72,100,1,0.0,2019,6,17,3,1,0
38,25.1,87,993.8,91.44,100,2,0.9,2022,8,10,9,6,0
32,20.4,54,979.7,28.44,8,0,0.0,2016,1,9,21,2,3
25,25.1,85,945.6,46.8,44,0,0.0,1998,5,18,23,1,2
18,31.0,50,961.0,27.36,8,0,0.0,1997,9,28,11,3,1
23,25.9,86,988.9,40.68,100,2,0.4,2011,8,3,9,6,0
27,41.5,12,969.5,35.28,2,0,0.0,2010,6,11,18,0,0
29,24.4,94,1007.3,26.64,100,2,0.2,2008,9,8,21,1,1
0,35.0,27,972.3,37.44,56,0,0.0,1996,6,5,1,6,0
3,41.8,12,965.1,40.32,5,0,0.0,1997,5,14,16,6,2
3,25.0,42,971.4,45.0,1,0,0.0,2020,4,3,6,0,2
24,30.2,71,1005.3,31.68,100,1,0.0,2023,5,6,15,2,2
7,20.0,95,912.1,17.64,98,2,0.4,2021,4,15,5,4,2
36,26.6,37,950.5,41.76,1,0,0.0,2019,1,23,14,6,3
31,16.9,95,929.1,24.12,99,1,0.0,2006,1,13,7,0,3
8,24.3,39,1010.2,28.44,3,0,0.0,2010,2,3,21,6,3
3,28.1,67,974.3,21.24,23,0,0.0,2015,10,16,19,0,1
31,21.4,86,932.9,22.68,31,0,0.0,2007,12,21,21,0,3
7,27.4,53,912.9,64.08,98,1,0.0,1999,6,2,12,6,0
30,32.2,66,1004.1,67.68,14,0,0.0,1998,5,17,16,3,2
10,14.5,83,984.8,36.72,1,0,0.0,1998,3,5,2,4,2
9,32.0,49,1002.3,31.68,0,0,0.0,2024,5,18,1,2,2
20,25.5,73,999.9,14.04,74,1,0.0,2012,10,8,3,1,1
22,24.1,86,972.8,57.96,81,1,0.0,2013,10,13,6,3,1
42,25.8,89,1009.6,19.44,100,1,0.0,2023,12,2,8,2,3
14,15.2,61,994.3,20.88,0,0,0.0,1999,12,15,20,6,3
38,25.9,89,995.4,100.8,100,2,1.8,2023,10,1,15,3,1
39,22.6,89,943.1,43.2,99,1,0.0,2003,10,7,20,5,1
16,33.0,23,951.6,16.92,5,0,0.0,1997,5,31,20,2,2
37,19.8,51,1000.5,30.96,77,1,0.0,1997,12,27,20,2,3
7,23.1,81,908.6,47.88,100,2,1.5,2005,7,20,17,6,0
26,25.8,89,1009.2,22.68,87,1,0.0,2014,3,30,7,3,2
45,32.6,55,977.0,21.96,15,0,0.0,2006,9,8,14,0,1
14,6.8,61,996.3,18.72,0,0,0.0,2012,2,10,8,0,3
38,29.2,68,1001.0,46.08,67,1,0.0,2015,5,27,21,6,2
4,27.5,68,1000.8,51.48,0,0,0.0,1996,5,10,2,0,2
22,36.0,17,980.2,39.6,77,1,0.0,2002,3,18,15,1,2
15,29.6,47,943.6,34.92,15,0,0.0,2013,12,1,13,3,3
25,30.6,56,948.7,44.28,9,0,0.0,2014,5,27,10,5,2
3,33.8,28,962.3,36.0,2,0,0.0,1999,5,14,20,0,2
7,20.5,92,907.7,72.72,100,1,0.0,2014,7,14,1,1,0
0,31.0,40,975.5,74.88,0,0,0.0,2025,4,29,23,5,2
21,23.2,47,962.9,27.36,43,0,0.0,1996,1,9,21,5,3
37,39.9,15,991.4,47.88,0,0,0.0,2000,5,2,16,5,2
15,20.8,97,938.5,75.96,100,2,0.1,1996,10,4,5,0,1
9,17.7,41,1008.6,48.24,60,1,0.0,2008,1,23,1,6,3
6,17.7,77,989.6,36.72,14,0,0.0,2006,12,26,2,5,3
3,27.1,57,964.1,18.36,31,0,0.0,2024,5,22,4,6,2
3,26.8,81,966.1,43.92,93,1,0.0,1996,9,15,9,3,1
28,24.1,93,1008.4,15.84,100,2,1.6,2004,7,16,22,0,0
46,20.3,98,925.3,34.92,99,1,0.0,2009,9,29,7,5,1
15,26.7,58,945.9,63.0,91,1,0.0,2006,10,27,10,0,1
5,22.2,90,938.8,42.12,100,1,0.0,2010,9,4,3,2,1
15,20.0,84,941.2,45.36,16,0,0.0,1996,11,22,5,0,1
34,21.9,93,984.8,11.16,0,0,0.0,1998,10,7,4,6,1
2,23.9,46,957.7,28.44,54,0,0.0,2020,3,23,22,1,2
16,17.8,74,955.4,26.64,38,0,0.0,2002,10,31,5,4,1
7,19.7,94,910.9,18.36,78,1,0.0,2008,4,3,3,4,2
3,27.9,77,964.6,60.84,55,2,0.1,1996,9,17,14,5,1
32,29.8,46,974.2,27.72,40,0,0.0,1999,10,20,15,6,1
2,27.2,61,946.4,54.0,3,0,0.0,2004,7,15,2,4,0
38,30.2,74,994.5,34.2,98,2,1.0,2010,6,11,13,0,0
18,32.0,51,952.9,63.0,20,0,0.0,2014,7,13,7,3,0
4,32.4,26,1005.5,20.16,0,0,0.0,2000,4,19,9,6,2
27,28.3,35,979.6,35.28,60,1,0.0,2018,4,9,21,1,2
29,28.8,68,1007.2,28.44,83,1,0.0,2012,9,21,12,0,1
38,28.2,78,1000.1,13.32,67,1,0.0,2005,5,21,8,2,2
16,21.0,89,956.3,19.08,21,0,0.0,2015,3,7,4,2,2
32,22.1,44,977.5,29.52,0,0,0.0,2013,11,26,8,5,1
34,23.4,41,992.6,10.08,1,0,0.0,2025,2,17,10,1,3
43,24.8,90,1008.7,13.68,99,1,0.0,2006,7,24,3,1,0
30,34.3,52,1005.4,28.08,51,0,0.0,2024,5,16,18,4,2
14,8.8,93,995.2,18.36,0,0,0.0,2016,1,28,7,4,3
6,17.8,57,996.2,44.64,0,0,0.0,2013,11,29,8,0,1
21,26.0,70,957.3,29.16,100,1,0.0,2002,9,23,23,1,1
20,27.9,77,998.1,60.84,59,2,0.3,2003,8,16,11,2,0
34,17.5,95,986.0,41.76,1,0,0.0,2015,3,31,5,5,2
4,38.5,30,996.6,43.2,36,0,0.0,2007,6,1,18,0,0
11,18.7,97,898.0,20.88,66,1,0.0,2014,10,20,5,1,1
29,24.1,94,1007.2,25.56,97,2,0.2,2015,7,31,3,0,0
33,32.2,24,948.6,21.96,0,0,0.0,1996,2,28,13,6,3
18,22.8,21,968.2,46.8,0,0,0.0,2010,2,17,13,6,3
21,28.8,64,956.5,75.96,47,0,0.0,2014,9,5,13,0,1
27,10.9,68,987.7,28.08,0,0,0.0,2017,1,14,23,2,3
28,26.9,88,1005.4,8.28,67,1,0.0,2008,4,21,2,1,2
36,25.5,75,945.0,69.12,100,2,0.2,2001,7,21,12,2,0
16,30.0,43,953.5,19.44,7,0,0.0,2017,4,4,19,5,2
34,31.0,53,975.0,21.6,2,0,0.0,2023,6,10,23,2,0
10,32.5,56,971.1,111.24,100,1,0.0,2001,7,15,15,3,0
27,24.0,32,981.2,25.56,3,0,0.0,2011,4,10,3,3,2
44,35.9,33,941.1,57.24,26,0,0.0,2016,5,30,16,1,2
27,36.5,23,970.9,49.32,0,0,0.0,2003,6,4,23,6,0
10,31.4,61,970.6,64.44,37,0,0.0,2011,7,15,1,0,0
25,21.8,62,945.5,30.6,56,0,0.0,2013,3,22,3,0,2
46,36.7,25,925.9,12.96,98,1,0.0,2024,4,12,14,0,2
30,23.2,87,1008.6,24.48,0,0,0.0,2008,11,6,6,4,1
41,16.5,76,1014.2,55.8,0,0,0.0,2005,1,7,7,0,3
9,21.1,61,1008.5,41.04,0,0,0.0,2015,2,15,2,3,3
33,20.9,96,943.7,25.56,86,1,0.0,1996,9,29,5,3,1
17,19.6,86,896.8,21.6,99,1,0.0,2003,7,8,8,5,0
15,35.2,37,939.9,35.28,17,0,0.0,2009,5,17,13,3,2
3,24.0,93,962.9,76.32,100,2,2.0,2020,8,13,20,4,0
43,27.2,67,1004.5,36.0,100,1,0.0,1996,10,27,16,3,1
13,26.8,44,930.4,53.28,6,0,0.0,2011,4,6,20,6,2
5,39.3,16,941.5,25.2,20,0,0.0,2024,5,7,16,5,2
34,30.0,83,974.1,24.12,95,1,0.0,2025,6,23,7,1,0
12,21.8,52,981.8,6.48,2,0,0.0,2026,2,27,22,0,3
15,21.2,94,937.8,57.24,99,2,0.1,2001,8,12,2,3,0
13,23.2,48,930.9,34.2,0,0,0.0,2010,4,4,7,3,2
15,21.6,95,934.8,69.12,100,2,0.3,2015,6,18,4,4,0
37,24.5,81,990.8,21.6,2,0,0.0,2010,10,6,2,6,1
44,18.5,69,952.1,32.4,0,0,0.0,2019,11,17,21,3,1
46,23.6,79,924.3,46.08,96,2,0.5,2019,8,27,15,5,0
27,29.7,22,985.9,12.96,42,0,0.0,2003,11,13,13,4,1
20,27.0,93,990.2,25.92,98,1,0.0,2009,7,2,3,4,0
18,24.9,82,952.0,22.68,17,0,0.0,2003,8,20,0,6,0
30,28.2,55,1010.7,46.08,1,0,0.0,2002,2,17,17,3,3
16,23.7,87,951.5,30.96,48,0,0.0,2019,9,16,1,1,1
29,31.5,47,1008.5,9.36,85,1,0.0,2025,1,15,13,6,3
34,40.2,24,967.3,20.16,43,0,0.0,2007,6,10,20,3,0
29,24.0,91,1008.4,14.04,99,1,0.0,2005,11,29,23,5,1
35,30.2,55,967.0,10.08,89,1,0.0,2004,4,1,18,4,2
5,24.8,88,935.3,40.32,100,2,0.3,2021,9,13,17,1,1
33,27.6,42,948.3,21.24,54,0,0.0,2020,2,10,16,1,3
46,23.5,80,926.1,29.88,72,1,0.0,2000,5,13,19,2,2
35,31.0,26,967.5,24.48,11,0,0.0,2007,3,5,18,1,2
36,28.5,57,949.3,11.16,39,2,0.2,2025,10,8,13,6,1
26,24.8,92,1010.9,17.64,11,0,0.0,1998,1,23,7,0,3
26,26.8,86,1007.8,31.32,25,2,0.1,2000,5,20,21,2,2
9,25.9,88,999.5,43.2,100,1,0.0,2008,8,5,2,5,0
26,27.0,90,1006.6,10.44,100,1,0.0,1998,5,12,22,5,2
44,25.5,87,938.6,19.44,100,2,0.4,1999,6,12,1,2,0
20,29.3,50,999.2,20.88,0,0,0.0,2010,4,14,23,6,2
7,21.2,29,914.5,39.24,39,0,0.0,2008,3,7,21,0,2
36,30.0,47,948.8,24.84,44,0,0.0,2002,10,19,13,2,1
31,28.7,36,933.9,42.12,96,1,0.0,2020,2,19,11,6,3
35,33.2,49,959.8,49.68,100,1,0.0,2023,7,10,15,1,0
20,18.0,76,1006.6,46.44,0,0,0.0,2014,1,26,8,3,3
35,25.6,76,969.3,29.16,32,0,0.0,2006,10,16,20,1,1
44,28.1,68,947.5,46.44,57,2,0.1,2021,9,30,12,4,1
32,29.1,17,978.4,18.36,0,0,0.0,2025,1,19,15,3,3
0,29.2,72,979.6,50.4,100,2,0.1,1997,8,10,11,3,0
5,27.9,62,937.2,38.88,100,1,0.0,2014,7,14,14,1,0
36,32.7,16,950.1,41.4,0,0,0.0,2012,2,13,14,1,3
28,26.5,86,1007.5,21.6,83,1,0.0,2000,5,4,2,4,2
41,30.6,39,1009.7,56.16,95,1,0.0,2023,3,16,9,4,2
30,25.8,94,1008.2,21.96,15,0,0.0,2022,9,29,22,4,1
19,24.6,97,974.2,14.4,99,2,0.6,2012,8,13,2,1,0
39,23.5,81,943.7,58.32,89,2,0.1,2002,8,22,17,4,0
7,22.0,24,910.4,34.56,0,0,0.0,2014,2,8,20,2,3
44,21.5,53,947.3,29.16,0,0,0.0,2008,10,14,3,5,1
33,19.9,52,947.2,22.32,0,0,0.0,2005,2,26,4,2,3
13,26.9,23,930.3,39.24,33,0,0.0,2010,12,25,13,2,3
41,18.4,51,1016.1,25.56,0,0,0.0,2018,12,30,21,3,3
9,30.5,17,1007.1,33.48,0,0,0.0,2021,2,17,17,6,3
14,14.3,73,994.0,50.76,100,2,0.1,2019,1,20,23,3,3
5,26.5,45,947.8,21.96,0,0,0.0,2004,10,20,12,6,1
5,18.4,70,946.9,20.16,0,0,0.0,2022,10,28,0,0,1
6,19.5,21,997.9,42.84,0,0,0.0,2001,12,21,19,0,3
23,27.0,86,988.3,38.16,100,2,0.2,2021,8,17,15,5,0
38,25.1,92,999.1,23.76,96,2,0.1,2021,8,21,17,2,0
22,29.6,61,981.5,28.8,30,0,0.0,2016,10,31,14,1,1
32,27.0,82,967.9,16.56,70,1,0.0,2010,6,19,5,2,0
20,24.0,48,1002.0,36.72,22,0,0.0,2006,11,24,20,0,1
6,28.8,77,974.9,73.08,82,1,0.0,2010,7,20,3,5,0
0,20.9,77,986.0,9.0,0,0,0.0,2025,11,27,21,4,1
10,31.8,42,977.2,84.6,0,0,0.0,2008,9,5,2,0,1
32,39.8,19,964.2,42.84,7,0,0.0,1999,5,14,16,0,2
17,17.2,62,896.4,21.6,1,0,0.0,2005,2,27,2,3,3
23,29.1,65,992.9,11.16,84,1,0.0,2025,6,5,22,4,0
26,25.7,87,1005.9,11.16,100,2,0.5,1996,11,28,16,4,1
31,22.4,90,928.0,38.52,98,1,0.0,2005,7,15,22,0,0
46,20.2,99,925.9,38.52,98,1,0.0,2012,7,20,23,0,0
28,27.5,81,1013.2,2.88,57,0,0.0,2016,2,20,0,2,3
14,25.2,40,989.7,31.32,70,1,0.0,2011,4,8,20,0,2
37,23.7,45,1003.2,44.64,0,0,0.0,2022,1,16,11,3,3
0,21.5,73,981.5,11.88,2,0,0.0,2020,10,29,0,4,1
34,9.9,88,990.2,25.92,100,1,0.0,2023,12,14,4,4,3
1,28.1,33,1005.9,31.68,0,0,0.0,2001,10,23,20,5,1
31,21.9,67,933.5,41.04,11,0,0.0,2004,12,10,9,0,3
10,28.5,27,983.2,48.24,2,0,0.0,2002,9,30,0,1,1
34,40.8,24,973.3,76.68,38,0,0.0,2000,5,17,14,6,2
35,24.6,95,962.3,11.88,100,1,0.0,2025,8,7,0,4,0
15,29.3,56,939.0,41.4,95,2,0.4,2015,8,18,16,5,0
20,38.6,26,996.8,45.72,0,0,0.0,2019,5,26,12,3,2
43,24.1,86,1006.3,25.92,14,0,0.0,2021,1,17,3,3,3
34,12.0,90,991.8,14.04,0,0,0.0,2025,1,3,21,0,3
24,26.2,82,1010.2,14.4,64,1,0.0,2015,1,28,21,6,3
42,25.7,86,1006.6,72.72,100,1,0.0,2009,8,10,19,1,0
34,29.2,39,977.1,16.56,21,0,0.0,2025,5,17,5,2,2
16,28.8,34,955.2,13.32,0,0,0.0,2025,11,10,14,1,1
18,27.3,81,949.2,66.6,54,0,0.0,2010,7,26,9,1,0
33,21.1,74,945.6,23.4,1,0,0.0,2011,11,30,3,6,1
16,33.3,30,960.1,15.12,21,0,0.0,2024,2,7,13,6,3
1,14.5,43,1010.2,30.24,0,0,0.0,1997,1,21,22,5,3
42,27.2,82,1006.7,62.28,100,1,0.0,2023,7,11,15,5,0
27,27.0,81,981.6,39.24,1,0,0.0,2006,9,25,8,1,1
11,26.0,74,898.4,25.56,84,2,0.2,2009,9,17,13,4,1
24,24.9,89,1008.5,23.04,72,1,0.0,2005,12,21,5,6,3
10,23.8,33,990.5,23.04,0,0,0.0,2014,12,8,11,1,3
10,20.1,69,984.8,47.16,4,0,0.0,2014,4,20,5,3,2
34,20.0,63,988.9,23.04,10,0,0.0,2016,12,12,19,1,3
9,25.0,88,1005.8,45.36,39,0,0.0,2013,9,7,2,2,1
39,22.9,50,949.0,37.08,21,0,0.0,2024,12,31,20,5,3
15,21.1,97,940.0,15.12,100,1,0.0,2010,10,25,6,1,1
39,28.4,56,942.4,52.92,100,1,0.0,2011,11,28,14,1,1
35,18.5,69,967.0,20.16,2,0,0.0,2020,12,10,3,4,3
40,23.0,94,951.7,6.48,100,1,0.0,2022,8,4,2,4,0
26,28.7,78,1004.1,50.76,100,2,1.2,2009,5,22,14,0,2
45,28.3,82,971.4,27.36,100,2,0.5,2015,9,15,15,5,1
25,25.6,52,945.7,34.2,0,0,0.0,1996,4,1,23,1,2
8,17.4,51,1012.1,27.36,0,0,0.0,2019,2,1,1,0,3
4,17.0,57,1013.8,18.72,0,0,0.0,2014,1,18,9,2,3
40,32.7,35,954.1,54.0,18,0,0.0,2004,5,2,0,3,2
40,23.1,93,956.0,40.32,73,1,0.0,2006,9,29,3,0,1
25,24.2,65,951.1,31.68,23,0,0.0,2016,11,1,22,5,1
1,27.7,21,1001.4,73.8,66,1,0.0,2014,2,13,16,4,3
42,25.3,82,1011.3,7.92,100,2,1.6,2018,1,10,12,6,3
30,27.0,71,1011.3,37.8,72,1,0.0,2009,12,3,18,4,3
30,29.3,37,1009.4,46.08,78,1,0.0,2005,1,14,14,0,3
45,24.0,66,981.7,43.2,14,0,0.0,2019,3,27,4,6,2
0,33.0,24,975.2,30.24,4,0,0.0,2008,5,11,22,3,2
4,32.3,63,998.0,63.72,99,1,0.0,1998,6,19,21,0,0
25,22.8,92,946.7,51.48,100,1,0.0,2015,8,13,9,4,0
20,26.2,88,992.7,69.48,100,1,0.0,2019,7,26,20,0,0
25,28.5,63,946.7,12.96,29,0,0.0,2015,5,5,18,5,2
16,25.6,75,948.2,69.12,90,1,0.0,2013,8,6,15,5,0
23,29.4,80,986.5,21.96,8,0,0.0,2009,5,14,1,4,2
1,31.1,66,993.9,43.56,73,1,0.0,2017,8,3,17,4,0
32,21.4,42,971.9,22.68,17,0,0.0,2007,3,8,3,4,2
26,27.4,87,1008.3,29.88,12,0,0.0,2001,5,15,23,5,2
9,25.6,85,1005.6,34.56,6,0,0.0,2006,9,28,3,4,1
22,30.9,52,967.3,42.48,100,1,0.0,2006,7,17,17,1,0
20,35.5,41,995.4,79.56,36,0,0.0,2002,6,5,13,6,0
45,27.1,83,974.7,28.08,98,2,2.0,1998,7,4,19,2,0
3,32.0,60,968.8,31.32,29,0,0.0,2017,10,22,13,3,1
36,25.0,63,946.2,28.8,0,0,0.0,2024,10,27,18,3,1
16,14.8,79,955.6,32.4,37,0,0.0,2005,11,13,1,3,1
9,29.2,42,1011.0,39.6,0,0,0.0,2015,2,21,13,2,3
39,22.2,47,950.0,48.96,11,0,0.0,2002,1,3,21,4,3
19,12.0,59,988.2,32.4,0,0,0.0,2022,12,9,6,0,3
46,27.8,59,926.6,21.24,46,0,0.0,2008,5,7,10,6,2
37,31.2,45,991.2,54.72,0,0,0.0,2012,5,17,20,4,2
18,32.7,42,953.8,64.44,76,1,0.0,2002,7,28,21,3,0
44,38.3,14,943.6,68.4,0,0,0.0,2011,5,10,14,5,2
22,23.6,49,982.2,6.48,100,1,0.0,1996,12,13,17,0,3
28,25.6,93,1008.8,6.48,95,2,0.8,2015,6,24,1,6,0
33,23.9,82,943.5,56.16,78,1,0.0,2013,9,30,9,1,1
23,23.9,74,992.6,35.28,7,0,0.0,2016,11,5,5,2,1
33,21.4,98,943.1,29.88,100,1,0.0,2014,9,20,3,2,1
39,21.3,93,946.5,50.76,100,1,0.0,2012,10,21,0,3,1
34,26.5,80,978.9,28.8,2,0,0.0,2013,9,19,22,4,1
5,39.0,14,943.7,23.76,3,0,0.0,2009,5,8,13,0,2
22,17.9,92,979.8,23.04,91,1,0.0,2003,11,28,5,0,1
21,31.9,62,958.4,52.56,92,2,4.9,2024,6,4,11,5,0
18,20.4,25,964.9,29.52,34,0,0.0,2012,2,14,18,5,3
1,29.8,67,999.5,57.24,39,0,0.0,2014,7,7,7,1,0
17,21.1,89,896.3,31.68,100,2,2.4,2009,5,20,12,6,2
9,26.9,44,1008.1,27.36,0,0,0.0,1996,3,24,8,3,2
27,25.9,70,978.1,52.2,1,0,0.0,2009,9,15,0,5,1
42,25.6,80,1009.4,21.96,100,1,0.0,2000,11,21,10,5,1
41,37.5,30,1004.2,49.32,0,0,0.0,2010,4,29,14,4,2
24,31.0,51,1008.3,63.0,1,0,0.0,2025,1,10,16,0,3
36,24.2,41,949.7,19.8,9,0,0.0,2017,11,2,19,4,1
36,17.9,68,945.9,22.68,23,0,0.0,2012,12,30,5,3,3
1,25.3,92,998.6,26.28,92,2,0.9,2009,8,27,7,4,0
10,40.4,11,979.1,56.88,0,0,0.0,2004,4,20,16,5,2
32,27.3,70,968.1,41.4,95,1,0.0,2009,8,7,20,0,0
14,18.7,48,996.3,39.24,0,0,0.0,2021,1,11,13,1,3
35,31.6,45,957.5,56.52,97,1,0.0,2011,6,22,20,6,0
18,18.4,39,962.8,34.2,40,0,0.0,2011,1,11,17,5,3
21,22.3,99,955.4,14.4,75,1,0.0,2024,8,22,5,4,0
31,24.4,68,928.3,52.56,1,0,0.0,2001,5,14,8,1,2
42,28.0,77,1009.5,18.72,4,0,0.0,2024,3,31,19,3,2
39,22.4,86,945.2,40.68,65,1,0.0,2007,10,4,8,4,1
44,14.9,47,947.5,23.76,0,0,0.0,2022,12,20,4,5,3
17,18.6,72,898.8,47.52,2,0,0.0,2021,12,29,19,6,3
35,22.4,95,958.7,33.48,100,2,0.2,2001,8,4,4,2,0
25,27.5,78,948.3,13.32,75,2,0.1,2017,9,25,11,1,1
44,26.6,26,951.5,9.0,0,0,0.0,2013,1,11,16,0,3
27,25.5,95,969.4,18.36,76,2,0.7,2008,7,27,23,3,0
4,26.4,86,997.5,39.6,99,1,0.0,2016,7,7,6,4,0
13,28.5,32,937.4,39.24,40,0,0.0,2017,2,19,10,3,3
23,26.2,60,995.1,18.0,96,1,0.0,2004,1,23,17,0,3
40,25.3,36,960.6,30.6,0,0,0.0,2011,1,15,20,2,3
28,27.7,75,1009.3,15.48,54,0,0.0,1998,11,18,12,6,1
34,26.4,56,977.8,24.84,60,1,0.0,2006,6,14,5,6,0
27,21.0,45,987.1,16.92,0,0,0.0,2010,1,8,12,0,3
27,32.5,44,976.9,24.12,5,2,0.1,2006,5,16,23,5,2
7,25.6,55,912.6,26.64,99,1,0.0,2023,12,11,17,1,3
11,20.0,95,896.3,53.64,100,2,0.2,2011,8,6,8,2,0
12,29.0,57,979.6,35.64,0,0,0.0,2017,10,16,17,1,1
12,26.0,91,978.8,19.44,100,2,2.6,2003,8,1,9,0,0
41,16.6,69,1015.4,31.32,0,0,0.0,2022,12,31,5,2,3
28,28.4,40,1011.0,8.64,6,0,0.0,1996,1,30,10,5,3
29,25.6,90,1003.1,57.6,100,2,1.7,2020,9,20,18,3,1
23,24.8,92,990.1,17.64,100,1,0.0,2011,9,10,2,2,1
15,33.1,25,941.4,37.44,19,0,0.0,2012,2,18,14,2,3
14,35.7,45,977.8,25.92,6,0,0.0,2018,6,19,17,5,0
21,37.3,26,957.8,9.72,61,1,0.0,2013,4,24,15,6,2
45,25.2,81,973.7,62.64,100,2,0.9,2005,6,28,22,5,0
22,23.2,58,980.6,28.44,0,0,0.0,2020,2,26,19,6,3
45,24.9,84,978.5,42.84,0,0,0.0,2023,3,27,0,1,2
43,29.6,55,1006.8,13.32,95,1,0.0,2004,11,30,17,5,1
5,20.1,70,948.0,37.08,22,0,0.0,2020,1,3,19,0,3
26,25.0,93,1007.3,55.08,67,2,0.3,2020,9,16,6,6,1
44,17.8,32,949.4,27.72,1,0,0.0,2021,2,10,21,6,3
43,28.4,79,1005.1,20.88,45,0,0.0,2016,4,26,3,5,2
19,13.2,37,986.0,32.04,99,1,0.0,2016,2,24,5,6,3
3,39.1,16,970.3,21.6,5,0,0.0,2012,4,16,12,1,2
11,23.5,64,900.7,51.12,100,1,0.0,2005,11,26,12,2,1
43,26.0,86,1010.0,14.76,41,2,0.1,1996,4,15,22,1,2
3,30.2,70,973.1,18.72,14,0,0.0,2010,9,28,10,5,1
28,24.5,94,1005.4,6.84,100,2,2.6,2012,6,13,5,6,0
11,14.6,93,898.3,30.24,5,0,0.0,2004,12,28,5,5,3
9,22.7,57,1009.0,29.52,2,0,0.0,2015,3,19,5,4,2
43,33.8,39,1004.8,55.8,12,0,0.0,2012,12,21,13,0,3
9,26.5,41,1008.6,30.6,0,0,0.0,2017,12,24,16,3,3
41,29.9,76,999.6,88.92,0,0,0.0,2002,5,16,19,4,2
28,26.8,85,1012.5,2.88,100,1,0.0,1997,12,20,21,2,3
4,29.9,72,999.3,19.8,23,0,0.0,2010,9,18,12,2,1
40,27.0,75,957.2,9.36,72,1,0.0,1998,5,14,7,4,2
43,26.0,86,1009.2,16.56,45,0,0.0,2023,10,8,19,3,1
19,38.2,13,983.9,54.0,0,0,0.0,2019,3,28,17,4,2
1,30.1,76,989.4,31.32,35,2,0.7,2007,6,29,18,0,0
5,21.8,55,952.7,46.8,48,0,0.0,2017,1,23,8,1,3
34,17.0,73,992.3,22.68,0,0,0.0,2024,3,11,7,1,2
41,29.4,76,1001.7,73.8,18,0,0.0,2022,5,14,7,2,2
36,19.4,67,946.8,14.76,100,1,0.0,2014,2,5,5,6,3
30,28.2,80,1006.8,60.12,56,2,0.3,2019,9,17,12,5,1
9,34.5,49,1000.6,46.8,20,0,0.0,1999,9,28,16,5,1
28,28.1,74,1007.1,48.96,29,2,0.1,2015,8,26,13,6,0
12,38.0,35,969.4,50.04,19,0,0.0,2011,6,11,18,2,0
30,29.8,42,1010.6,44.64,0,0,0.0,2005,2,5,13,2,3
14,31.0,75,980.9,30.24,8,0,0.0,2022,7,8,6,0,0
30,30.1,73,1005.4,37.08,68,1,0.0,2014,6,4,8,6,0
30,25.5,91,1006.0,92.88,100,2,0.6,2001,7,12,23,4,0
32,27.4,77,968.3,14.76,100,1,0.0,1996,9,6,18,0,1
26,24.6,86,1010.6,12.24,7,0,0.0,2001,2,10,0,2,3
2,7.0,88,958.2,25.92,0,0,0.0,1999,1,9,4,2,3
39,30.1,40,948.9,47.88,16,0,0.0,2009,10,22,13,4,1
10,17.9,80,983.1,40.32,94,1,0.0,2007,3,11,19,3,2
41,27.6,68,1005.7,47.52,3,0,0.0,2006,4,23,2,3,2
26,24.9,97,1010.4,18.0,52,0,0.0,2019,10,8,22,5,1
31,20.4,91,928.7,45.0,84,1,0.0,2006,8,9,2,6,0
43,29.0,73,1009.7,24.84,97,2,0.2,2003,4,4,10,0,2
10,30.0,38,977.4,22.68,13,0,0.0,1998,5,6,2,6,2
45,24.6,94,976.1,15.12,67,1,0.0,2010,10,5,1,5,1
45,34.4,40,972.6,29.52,96,1,0.0,2011,6,1,19,6,0
4,27.5,86,997.5,33.12,34,0,0.0,2015,6,14,6,3,0
32,21.0,64,979.3,34.56,98,1,0.0,2020,1,9,18,4,3
22,21.8,92,983.6,9.36,43,0,0.0,2019,12,4,5,6,3
36,25.2,76,945.4,64.8,98,1,0.0,2019,8,21,17,6,0
25,28.5,40,949.7,59.76,0,0,0.0,2025,3,22,19,2,2
45,27.0,48,984.5,20.88,0,0,0.0,2016,12,6,12,5,3
12,11.8,83,990.1,26.28,1,0,0.0,2022,1,11,18,5,3
32,35.5,16,973.0,13.32,96,1,0.0,2003,3,15,15,2,2
7,19.5,72,916.8,41.76,100,1,0.0,2026,1,6,22,5,3
4,31.6,53,1000.8,50.76,1,0,0.0,1996,6,3,9,1,0
2,30.6,59,949.3,26.64,80,1,0.0,1997,8,20,17,6,0
38,27.0,77,1000.7,32.76,94,1,0.0,2002,9,25,17,6,1
11,16.8,76,900.9,34.92,0,0,0.0,2018,11,29,0,4,1
40,30.8,24,961.6,30.24,1,0,0.0,2007,2,1,18,4,3
1,36.2,16,998.8,18.0,0,0,0.0,2021,4,8,18,4,2
13,21.8,86,930.5,53.28,80,1,0.0,2003,8,16,21,2,0
35,40.5,16,960.3,60.12,59,0,0.0,2010,4,19,17,1,2
10,13.5,79,989.5,42.12,98,1,0.0,2019,12,19,21,4,3
23,42.4,22,986.8,11.88,5,0,0.0,1998,6,5,15,0,0
10,25.0,17,977.9,37.08,0,0,0.0,2025,4,24,6,4,2
31,22.4,60,929.6,27.72,90,1,0.0,2012,2,6,23,1,3
33,26.2,36,947.4,20.16,96,1,0.0,2014,12,1,17,1,3
46,29.1,39,928.3,21.24,53,0,0.0,1998,1,15,15,4,3
15,17.8,94,941.7,19.08,75,1,0.0,2016,2,12,7,0,3
31,20.8,94,924.4,58.68,82,1,0.0,2021,9,14,3,5,1
14,19.9,58,992.2,36.36,98,1,0.0,2010,2,26,23,0,3
37,32.3,30,998.7,21.6,2,0,0.0,1997,10,22,12,6,1
7,19.6,89,916.2,42.48,26,0,0.0,2021,12,11,21,2,3
12,31.8,71,975.2,26.28,31,2,0.2,2001,8,11,17,2,0
10,31.5,57,982.0,78.12,3,0,0.0,1997,9,15,10,1,1
33,21.9,94,940.2,82.08,100,2,0.4,2015,8,5,17,6,0
2,24.5,16,955.8,36.72,0,0,0.0,2022,3,28,0,1,2
25,25.8,76,945.6,77.4,100,2,0.1,2020,8,28,13,0,0
24,26.8,80,1009.9,14.4,34,0,0.0,2003,2,7,0,0,3
31,19.0,85,933.4,57.6,40,0,0.0,2021,12,28,8,5,3
18,13.8,54,963.9,27.0,0,0,0.0,2021,1,13,18,6,3
10,18.0,85,990.2,63.36,69,2,0.4,1997,10,27,2,1,1
1,27.4,78,995.5,58.32,81,1,0.0,2015,7,6,5,1,0
17,20.1,92,897.4,69.12,100,2,0.1,2022,8,23,10,5,0
17,17.7,89,895.9,9.36,60,1,0.0,2000,3,8,2,6,2
46,23.1,85,926.6,27.72,100,1,0.0,2022,9,7,10,6,1
27,41.0,12,980.4,52.92,0,0,0.0,2017,3,28,14,5,2
35,30.5,41,968.3,19.44,45,0,0.0,2022,12,26,15,1,3
37,22.4,39,999.9,34.56,0,0,0.0,2007,3,5,23,1,2
4,28.0,51,999.7,23.04,0,0,0.0,2017,5,15,5,1,2
35,29.0,65,959.1,42.12,99,1,0.0,2007,6,26,16,5,0
21,23.1,95,958.1,34.2,100,2,0.3,2015,9,13,2,3,1
41,29.7,73,1008.8,33.12,22,0,0.0,2004,9,17,12,0,1
23,22.0,91,1000.8,25.92,91,1,0.0,2005,3,8,6,5,2
38,26.7,72,1005.7,20.16,85,1,0.0,2002,3,11,8,1,2
31,22.4,87,926.9,56.88,100,1,0.0,1997,6,13,19,0,0
7,29.1,47,915.6,16.92,85,1,0.0,2018,4,18,9,6,2
26,25.5,84,1010.0,18.36,42,0,0.0,2003,2,7,23,0,3
0,20.8,55,982.2,34.56,44,0,0.0,2000,11,29,22,6,1
24,24.3,93,1007.9,20.88,100,2,0.3,2008,7,28,21,1,0
7,27.1,63,913.7,29.52,100,1,0.0,2007,5,24,9,4,2
45,32.0,66,971.0,23.4,100,2,1.1,1998,6,22,14,1,0
5,24.2,90,936.9,55.44,100,2,0.1,2025,9,1,17,1,1
34,19.1,83,994.3,59.76,42,2,2.2,2019,11,28,10,4,1
6,26.6,83,978.9,55.8,74,1,0.0,2021,7,9,6,0,0
16,26.1,66,948.7,79.2,86,1,0.0,2001,5,25,7,0,2
15,22.3,90,938.1,96.12,70,2,0.3,2018,8,18,8,2,0
39,21.0,96,948.0,20.16,52,2,0.1,1997,10,6,1,1,1
13,33.6,34,931.5,30.24,59,0,0.0,2007,3,28,14,6,2
21,18.9,48,960.0,29.16,0,0,0.0,2009,1,31,4,2,3
32,25.6,90,962.0,42.48,100,2,0.3,2018,7,16,2,1,0
46,29.0,60,928.9,13.68,25,0,0.0,2017,5,10,10,6,2
4,26.5,88,1003.9,13.68,92,1,0.0,2013,10,7,19,1,1
24,28.6,72,1008.5,23.04,0,0,0.0,1996,2,25,18,3,3
3,24.0,91,965.2,66.24,90,1,0.0,2020,8,12,4,6,0
33,23.6,44,949.5,27.36,47,0,0.0,1997,1,8,17,6,3
25,21.9,72,952.6,44.28,100,1,0.0,2019,12,5,0,4,3
12,26.8,43,979.3,13.32,9,0,0.0,1998,5,13,2,6,2
32,23.8,93,965.2,66.24,100,2,1.7,1998,9,13,6,3,1
4,17.1,60,1004.2,39.6,6,0,0.0,2013,2,16,7,2,3
38,26.3,72,1001.2,36.72,29,0,0.0,1996,3,18,20,1,2
30,27.5,38,1010.6,28.44,0,0,0.0,2025,3,10,8,1,2
10,31.4,61,972.0,71.64,43,0,0.0,2016,7,5,6,5,0
33,12.5,75,948.4,31.32,0,0,0.0,1998,11,27,7,0,1
7,25.3,29,913.6,38.52,0,0,0.0,1999,11,16,15,5,1
38,32.3,56,1002.2,40.32,0,0,0.0,2015,4,29,12,6,2
14,31.6,23,988.2,15.48,0,0,0.0,1996,11,2,16,2,1
31,24.9,71,932.0,66.6,100,2,0.1,1998,10,18,10,3,1
4,38.9,20,998.3,56.88,0,0,0.0,2001,5,3,13,4,2
9,21.2,81,1009.6,28.44,87,1,0.0,2021,11,4,6,4,1
37,21.9,51,996.2,28.8,25,0,0.0,2007,10,26,5,0,1
34,31.6,28,981.0,36.72,0,0,0.0,1998,4,23,8,4,2
10,27.0,88,977.6,44.64,21,0,0.0,2011,9,14,1,6,1
11,24.0,35,897.7,21.96,1,0,0.0,2019,3,1,18,0,2
40,29.8,19,956.8,36.72,82,1,0.0,2008,1,23,13,6,3
44,24.1,88,937.3,50.4,100,1,0.0,2000,7,20,0,4,0
34,22.3,40,993.5,40.68,0,0,0.0,2012,3,14,10,6,2
23,33.6,42,992.5,34.92,99,1,0.0,1997,6,8,21,3,0
2,18.8,41,958.9,33.48,47,0,0.0,2009,1,3,19,2,3
19,19.3,41,988.8,49.32,0,0,0.0,1998,3,15,8,3,2
40,23.6,48,964.9,41.76,3,0,0.0,2010,1,19,9,5,3
9,29.1,58,1001.5,46.44,3,0,0.0,2013,5,14,3,5,2
10,31.6,57,974.2,71.28,35,2,0.4,2013,9,22,17,3,1
13,19.1,85,930.6,6.48,62,1,0.0,2002,11,14,7,4,1
12,25.1,41,976.1,41.76,22,0,0.0,1996,5,14,6,5,2
32,32.3,15,971.4,27.36,0,0,0.0,2022,3,31,19,4,2
42,28.2,79,1004.8,55.08,88,2,0.1,2017,10,9,13,1,1
45,24.8,87,973.7,59.04,100,2,0.8,2019,7,29,8,1,0
3,28.6,30,971.4,28.8,69,1,0.0,2004,3,5,21,0,2
7,18.9,97,908.3,25.56,43,0,0.0,2000,2,26,5,2,3
27,28.9,23,982.8,27.36,0,0,0.0,2007,3,23,19,0,2
8,29.9,78,997.6,72.0,99,2,0.4,2001,6,18,17,1,0
8,28.0,75,1002.3,57.96,0,0,0.0,2008,5,2,22,0,2
2,23.6,23,962.6,24.48,0,0,0.0,2021,12,7,13,5,3
26,30.2,72,1006.5,78.84,51,0,0.0,2018,3,24,13,2,2
37,30.5,61,995.3,54.36,0,0,0.0,2024,5,11,22,2,2
29,25.0,93,1003.5,54.72,100,2,0.1,2005,9,3,2,2,1
2,29.1,55,947.6,57.24,5,0,0.0,2021,8,25,19,6,0
1,26.4,46,1011.8,44.28,0,0,0.0,2022,11,11,9,0,1
12,19.5,32,990.6,32.04,26,0,0.0,2002,2,10,15,3,3
23,27.1,49,999.5,13.32,4,0,0.0,2010,2,5,19,0,3
37,29.4,41,1000.0,42.84,90,1,0.0,2008,12,18,12,4,3
24,26.8,70,1008.3,19.8,100,1,0.0,2012,11,19,18,1,1
15,23.9,88,938.7,74.52,98,1,0.0,2023,6,13,0,5,0
46,33.5,12,928.5,47.52,0,0,0.0,1999,2,28,13,3,3
8,29.7,25,1010.0,18.0,0,0,0.0,2015,1,15,15,4,3
44,23.1,82,941.5,57.96,86,1,0.0,2006,8,31,3,4,0
30,26.0,91,1005.1,36.72,99,2,0.1,2007,7,31,1,5,0
16,34.4,36,954.9,40.68,79,1,0.0,2004,5,28,10,0,2
35,29.1,65,959.8,53.28,100,1,0.0,2003,6,30,12,1,0
8,26.1,90,999.0,43.92,98,2,0.8,2025,7,2,5,6,0
7,33.1,28,909.4,32.76,31,0,0.0,2000,4,4,15,5,2
11,18.0,77,899.5,15.12,9,0,0.0,1997,2,10,23,1,3
39,21.2,93,942.5,65.52,100,2,0.3,2007,7,17,6,5,0
23,18.1,86,1000.3,7.2,16,0,0.0,1998,12,8,6,5,3
1,27.5,86,1006.2,36.36,25,0,0.0,1999,10,11,8,1,1
10,20.4,21,979.8,60.48,0,0,0.0,2002,4,4,6,4,2
43,31.5,52,1006.2,28.08,11,0,0.0,2003,2,5,17,6,3
41,20.7,77,1007.3,42.48,0,0,0.0,2011,2,9,0,6,3
5,29.5,33,946.6,14.04,3,0,0.0,2012,12,10,12,1,3
46,21.4,99,926.9,24.12,98,1,0.0,2000,5,11,22,4,2
16,27.1,65,954.0,38.88,11,0,0.0,2013,4,10,7,6,2
38,21.0,68,1003.0,23.76,0,0,0.0,2012,1,29,0,3,3
33,24.1,83,940.4,78.12,99,2,0.2,2002,8,19,16,1,0
37,26.0,91,990.3,43.2,92,1,0.0,2004,6,29,2,5,0
14,36.2,44,973.7,22.32,20,0,0.0,1997,7,6,21,3,0
6,22.8,22,990.9,33.84,0,0,0.0,2000,3,26,0,3,2
1,25.6,56,1001.1,29.88,3,0,0.0,2001,4,20,3,0,2
25,30.2,44,944.5,58.68,0,0,0.0,2003,5,4,18,3,2
17,20.2,93,897.8,27.72,39,0,0.0,2021,5,17,22,1,2
3,26.6,83,963.1,16.92,99,2,0.3,2003,7,5,19,2,0
4,34.2,42,1005.0,25.92,0,0,0.0,2010,4,22,11,4,2
32,32.2,29,969.7,54.72,84,1,0.0,2025,4,29,23,5,2
15,24.2,89,934.7,53.64,100,1,0.0,2016,5,19,5,4,2
24,30.3,55,1011.5,3.96,25,0,0.0,2014,1,9,11,4,3
45,25.7,83,976.2,23.04,98,1,0.0,2014,7,24,21,4,0
6,30.3,76,982.5,63.72,79,2,0.1,2020,7,26,15,3,0
21,30.8,34,961.9,39.6,20,0,0.0,2002,11,8,13,0,1
36,28.9,70,946.1,25.56,14,0,0.0,2010,5,10,22,1,2
36,30.4,56,948.3,56.88,47,2,0.2,2000,5,29,11,1,2
39,19.7,91,946.3,20.16,76,1,0.0,1998,2,27,4,0,3
17,19.6,99,896.5,61.92,100,1,0.0,2020,6,21,22,3,0
40,32.0,45,957.1,86.76,65,1,0.0,2021,5,24,12,1,2
11,33.0,25,898.7,22.68,86,1,0.0,2010,4,2,16,0,2
2,29.8,59,951.6,71.28,64,1,0.0,2020,6,24,8,6,0
5,23.2,92,940.5,64.44,83,2,0.5,1997,7,28,19,1,0
43,27.3,84,1007.7,46.08,100,2,0.8,2016,6,9,11,4,0
13,29.2,20,934.0,59.76,0,0,0.0,2017,2,13,17,1,3
21,26.0,72,953.3,70.2,100,1,0.0,2011,6,25,1,2,0
39,26.6,68,943.0,49.68,84,1,0.0,2020,6,7,17,3,0
6,36.1,29,986.5,75.6,1,0,0.0,2014,9,29,15,1,1
21,27.3,61,955.9,83.16,100,1,0.0,2001,7,2,22,1,0
30,33.8,55,1007.0,58.32,0,0,0.0,2022,4,26,13,5,2
3,31.4,58,968.1,23.4,26,0,0.0,2017,9,29,12,0,1
28,24.3,95,1007.1,21.24,100,2,0.5,2013,9,19,22,4,1
21,23.9,92,959.6,31.32,89,1,0.0,2006,10,6,22,0,1
41,34.0,25,1007.9,52.92,84,1,0.0,1998,4,18,14,2,2
43,28.9,77,1008.1,19.44,60,2,0.1,2017,3,8,9,6,2
6,27.0,28,987.2,95.04,98,1,0.0,2007,3,11,17,3,2
3,36.8,20,965.2,41.04,31,0,0.0,2018,5,2,18,6,2
25,19.2,80,950.3,28.44,58,0,0.0,2014,11,6,6,4,1
29,25.1,91,1004.4,24.48,95,1,0.0,2006,9,8,4,0,1
44,27.1,80,938.7,28.44,100,1,0.0,1996,7,10,19,6,0
13,22.4,87,929.1,45.0,36,0,0.0,2011,5,23,1,1,2
36,26.4,71,953.1,24.84,27,0,0.0,2004,10,11,10,1,1
15,21.2,95,936.7,74.88,100,2,0.3,2007,8,8,8,6,0
4,28.0,40,1006.7,26.28,0,0,0.0,2017,3,26,23,3,2
16,32.3,51,950.5,70.56,94,1,0.0,2023,7,2,12,3,0
14,10.1,93,992.3,29.16,69,2,0.5,2004,1,30,7,0,3
6,15.5,91,990.3,30.24,0,0,0.0,2010,11,26,3,0,1
26,24.5,92,1008.4,18.36,97,1,0.0,2011,7,29,21,0,0
0,33.8,23,977.1,4.68,12,0,0.0,2026,2,22,15,3,3
29,27.0,85,1008.8,38.52,94,2,0.4,2019,9,11,10,6,1
30,30.4,39,1014.2,46.8,0,0,0.0,2004,11,21,10,3,1
37,16.7,41,1001.3,41.04,0,0,0.0,1996,12,7,4,2,3
29,24.6,93,1007.6,36.72,100,2,0.8,2009,8,17,0,1,0
18,32.9,19,954.0,24.84,0,0,0.0,2010,5,17,0,1,2
38,27.4,83,997.5,43.92,26,2,0.1,2019,9,22,16,3,1
34,20.5,93,986.4,24.48,26,0,0.0,2007,10,16,5,5,1
38,27.0,84,998.9,49.32,82,2,0.2,2007,7,18,11,6,0
26,25.2,91,1010.4,25.56,100,2,0.3,2024,10,23,23,6,1
15,31.8,23,940.2,15.48,67,1,0.0,2003,1,24,14,0,3
6,22.7,35,992.0,46.8,28,0,0.0,2008,1,8,19,5,3
36,32.7,18,950.2,45.72,100,1,0.0,2010,3,14,17,3,2
46,27.5,68,928.8,27.36,49,0,0.0,2017,4,20,9,4,2
35,25.9,85,962.7,19.44,41,0,0.0,1998,9,28,19,1,1
35,25.1,80,962.6,38.88,98,1,0.0,2017,7,30,3,3,0
28,26.8,86,1009.7,36.72,82,1,0.0,2019,12,30,19,1,3
26,25.6,91,1010.3,51.84,82,2,1.1,2024,12,22,0,3,3
8,25.4,93,1001.0,48.96,97,1,0.0,2012,9,10,3,1,1
10,13.0,64,992.9,41.76,16,0,0.0,2002,12,9,3,1,3
20,26.1,46,1003.5,34.92,0,0,0.0,1998,10,31,9,2,1
9,28.9,71,1004.3,37.44,51,0,0.0,1997,8,30,11,2,0
42,25.0,80,1009.6,16.2,100,1,0.0,2025,11,27,19,4,1
22,21.4,80,977.9,18.72,1,0,0.0,2000,11,6,2,1,1
20,34.4,32,998.5,56.88,6,0,0.0,2002,10,20,15,3,1
21,28.8,49,960.5,42.84,59,0,0.0,2010,12,2,12,4,3
12,29.5,83,975.1,18.36,92,2,0.2,2024,7,22,7,1,0
13,25.0,82,927.0,20.88,94,1,0.0,2020,9,5,21,2,1
14,21.3,49,982.5,34.92,0,0,0.0,2007,4,12,3,4,2
40,35.7,26,957.9,26.28,17,0,0.0,2025,5,10,12,2,2
44,12.8,96,950.2,11.88,26,0,0.0,2026,2,19,6,4,3
0,28.6,45,980.0,5.76,28,0,0.0,2005,12,21,16,6,3
13,24.1,76,927.1,84.24,100,1,0.0,1997,8,20,15,6,0
20,29.5,54,1002.7,44.64,12,0,0.0,2021,10,24,13,3,1
16,26.8,43,954.2,52.2,76,1,0.0,2015,2,28,20,2,3
15,17.1,61,943.1,45.72,0,0,0.0,2016,12,28,7,6,3
9,31.7,63,1000.3,44.28,39,0,0.0,2005,9,3,19,2,1
6,22.4,55,985.8,32.76,15,0,0.0,2012,4,16,6,1,2
40,25.2,81,955.2,44.64,3,0,0.0,2025,6,9,2,1,0
17,24.1,40,899.6,21.96,61,1,0.0,2015,2,2,17,1,3
39,33.9,29,946.7,12.6,64,1,0.0,2006,4,22,12,2,2
45,35.7,32,978.8,23.76,8,0,0.0,2017,3,29,17,6,2
5,27.4,71,941.3,55.08,89,2,0.2,1998,8,1,11,2,0
17,24.4,77,896.1,14.04,60,2,1.0,1996,4,12,14,0,2
41,33.0,34,1010.0,6.48,0,0,0.0,1996,10,16,11,6,1
43,27.8,75,1004.1,71.28,34,2,0.2,2010,8,11,16,6,0
36,34.8,28,950.4,50.04,33,0,0.0,2016,3,26,17,2,2
6,20.2,34,994.0,43.2,18,0,0.0,2024,2,1,23,4,3
8,25.9,90,1000.7,49.32,73,1,0.0,2007,7,19,3,4,0
32,21.1,40,978.7,35.64,0,0,0.0,2000,12,10,20,3,3
6,39.2,10,982.7,46.8,51,0,0.0,2018,4,8,16,3,2
10,32.8,22,984.4,23.4,14,0,0.0,2012,10,7,19,3,1
35,23.7,80,958.9,65.88,100,1,0.0,1999,7,24,6,2,0
45,17.9,66,985.4,38.88,0,0,0.0,2025,11,13,6,4,1
14,19.3,74,993.5,26.64,0,0,0.0,2013,10,24,5,4,1
38,25.8,87,998.9,43.56,73,2,0.5,2003,8,15,16,0,0
4,38.2,24,1001.9,43.56,0,0,0.0,2012,5,15,14,5,2
6,29.0,36,984.6,43.2,29,0,0.0,2000,10,8,4,3,1
35,32.9,27,969.7,11.88,0,0,0.0,2009,2,3,12,5,3
34,6.4,74,990.8,30.24,11,0,0.0,1997,1,26,2,3,3
46,21.6,68,926.1,41.04,94,1,0.0,2007,12,16,1,3,3
45,24.3,75,981.1,23.04,0,0,0.0,2020,2,25,19,5,3
8,32.6,62,999.9,91.8,67,1,0.0,2011,6,15,15,6,0
43,25.0,95,1006.3,24.48,100,2,1.8,2012,6,17,15,3,0
35,27.3,70,968.2,12.24,31,2,0.1,1999,10,26,10,5,1
2,29.1,58,945.0,51.12,99,1,0.0,2009,8,5,18,6,0
14,18.2,37,988.5,38.16,0,0,0.0,1999,3,19,0,0,2
19,30.0,72,976.8,7.92,64,1,0.0,1998,7,30,8,4,0
36,32.9,20,951.5,33.12,0,0,0.0,2009,2,2,14,1,3
3,34.1,37,965.6,29.88,6,0,0.0,2025,5,13,18,5,2
11,17.1,97,899.4,29.88,29,0,0.0,2022,3,8,6,5,2
21,35.0,40,952.6,52.56,100,1,0.0,2003,6,13,16,0,0
2,21.8,44,955.9,22.32,0,0,0.0,2015,3,24,5,5,2
14,29.4,39,989.8,19.8,0,0,0.0,2016,10,15,19,2,1
21,26.7,62,958.4,86.76,100,1,0.0,1997,8,30,9,2,0
24,28.2,86,1004.8,25.56,92,1,0.0,2020,5,20,18,6,2
45,23.6,97,973.5,20.16,100,2,0.5,2016,8,31,4,6,0
11,24.5,68,898.0,68.76,37,0,0.0,2017,5,31,11,6,2
39,22.0,96,943.9,34.56,92,1,0.0,2025,10,22,1,6,1
29,24.1,95,1006.9,14.4,89,1,0.0,2003,9,24,1,6,1
7,20.6,95,908.9,53.64,99,2,0.1,2014,7,8,1,5,0
34,29.6,82,976.8,28.44,75,1,0.0,2024,7,18,0,4,0
11,19.9,94,895.4,81.72,95,2,0.7,2018,7,23,15,1,0
5,27.1,69,943.8,55.8,27,0,0.0,2010,6,8,8,5,0
21,26.5,39,961.9,28.8,0,0,0.0,2021,12,28,17,5,3
16,24.8,61,961.7,46.8,82,1,0.0,2019,12,17,10,5,3
4,20.4,37,1012.1,45.0,0,0,0.0,2023,1,4,18,6,3
16,23.4,74,956.9,34.92,86,1,0.0,2010,2,22,23,1,3
39,21.0,91,944.8,64.44,97,2,0.2,2002,8,17,21,2,0
23,27.1,89,991.2,12.24,99,1,0.0,2017,10,6,19,0,1
27,17.8,61,985.1,19.44,18,0,0.0,2005,11,28,1,1,1
24,24.9,93,1007.3,22.32,100,1,0.0,2002,6,2,1,3,0
24,31.5,45,1006.3,64.44,51,0,0.0,2018,3,3,14,2,2
34,8.9,57,993.2,54.0,0,0,0.0,2019,1,15,0,5,3
19,10.2,90,987.4,25.92,0,0,0.0,2008,12,27,7,2,3
18,30.1,18,953.4,36.0,8,0,0.0,2013,5,4,22,2,2
0,23.7,91,980.4,14.04,99,1,0.0,2003,10,22,1,6,1
19,36.6,30,969.3,79.2,0,0,0.0,2006,5,29,21,1,2
31,25.4,70,925.3,57.6,99,2,0.1,2016,9,3,16,2,1
29,25.8,89,1009.2,12.24,96,1,0.0,2000,11,24,2,0,1
44,25.1,37,950.6,47.52,70,1,0.0,2019,2,5,17,5,3
46,22.0,87,927.1,46.44,88,2,0.3,2009,9,9,9,6,1
30,27.7,59,1011.7,38.52,45,0,0.0,2023,11,5,8,3,1
20,25.1,96,992.7,27.36,100,2,0.9,2006,7,22,9,2,0
44,28.4,20,952.0,46.08,0,0,0.0,2001,1,19,13,0,3
24,28.6,79,1010.6,48.96,82,2,0.1,2024,9,15,10,3,1
19,26.6,94,974.3,8.64,100,2,0.2,1996,7,18,6,4,0
30,26.2,93,1003.1,91.08,100,3,6.8,2025,9,28,4,3,1
11,20.1,92,897.5,40.68,100,1,0.0,2010,8,4,22,6,0
21,26.5,32,960.6,25.92,96,1,0.0,2002,11,23,18,2,1
11,19.6,95,895.8,106.92,100,2,2.7,2021,7,22,11,4,0
28,24.6,91,1008.3,17.64,100,1,0.0,2006,9,10,1,3,1
19,26.9,22,990.1,16.92,0,0,0.0,1998,12,31,14,4,3
20,12.0,44,1003.4,35.64,0,0,0.0,2023,1,16,4,1,3
43,29.8,72,1010.0,17.64,99,2,0.1,2025,10,3,10,0,1
46,20.4,73,930.3,37.08,27,0,0.0,2012,1,14,8,2,3
31,24.2,66,931.2,39.24,100,1,0.0,2003,11,7,11,0,1
9,22.5,61,1010.8,30.96,0,0,0.0,2000,1,1,23,2,3
46,20.4,99,927.6,25.56,100,1,0.0,2005,7,3,23,3,0
8,27.5,84,1002.6,63.72,95,1,0.0,2004,7,22,21,4,0
7,17.6,96,913.5,37.8,98,1,0.0,2009,12,24,3,4,3
23,25.3,89,990.6,9.72,100,2,0.3,2002,10,12,18,2,1
11,19.7,95,896.0,46.44,100,2,0.5,2012,7,11,18,6,0
26,29.8,72,1004.7,53.28,25,0,0.0,2006,4,23,17,3,2
19,28.6,80,974.3,57.96,100,1,0.0,2013,7,13,20,2,0
35,25.3,60,970.0,27.36,85,1,0.0,1997,12,6,18,2,3
35,24.6,76,970.1,18.0,32,0,0.0,1997,10,18,2,2,1
28,26.3,87,1008.2,14.4,16,0,0.0,2018,4,7,7,2,2
43,25.1,91,1007.7,13.68,50,0,0.0,2012,8,23,21,4,0
4,27.4,44,1008.2,11.88,14,0,0.0,2015,10,25,8,3,1
17,22.6,75,896.7,41.76,71,2,0.4,1998,7,31,13,0,0
42,28.2,75,1011.1,18.72,9,0,0.0,2003,4,7,9,1,2
29,25.3,91,1008.6,39.24,95,1,0.0,2003,1,22,4,6,3
37,28.9,78,989.9,22.32,99,1,0.0,2012,9,2,10,3,1
38,26.1,66,999.2,41.4,36,0,0.0,2017,3,5,18,3,2
9,27.3,40,1010.3,39.6,0,0,0.0,2005,12,11,15,3,3
46,22.2,96,927.8,18.72,75,1,0.0,2025,4,20,21,3,2
10,37.5,32,976.5,73.44,0,0,0.0,2021,8,12,17,4,0
21,29.3,42,963.2,22.68,48,0,0.0,2009,11,23,13,1,1
40,25.6,76,959.3,42.48,96,1,0.0,2024,11,14,18,4,1
38,28.2,81,1002.1,19.8,90,1,0.0,2025,5,3,7,2,2
16,30.0,44,951.5,24.48,91,1,0.0,2021,10,12,12,5,1
42,28.1,72,1009.7,71.28,15,0,0.0,1997,8,24,12,3,0
39,32.0,22,949.6,27.0,0,0,0.0,1996,3,6,11,6,2
8,26.7,63,1007.3,14.76,0,0,0.0,2016,4,20,6,6,2
13,19.4,94,930.6,37.8,97,1,0.0,2004,10,7,0,4,1
35,18.4,58,970.9,27.36,0,0,0.0,2017,12,26,23,5,3
43,24.8,96,1010.4,1.8,6,0,0.0,2025,2,23,3,3,3
3,25.2,28,971.4,30.6,0,0,0.0,2001,2,20,22,5,3
29,24.7,88,1005.5,63.36,41,2,0.5,1996,10,20,23,3,1
41,23.5,45,1011.3,28.08,0,0,0.0,2022,3,1,23,5,2
5,24.3,84,940.9,40.32,100,1,0.0,2024,9,8,19,3,1
37,30.3,23,991.5,24.48,1,0,0.0,2000,3,13,17,1,2
3,20.4,61,977.3,29.52,0,0,0.0,2018,11,29,21,4,1
27,38.9,15,977.8,58.32,13,0,0.0,1996,4,24,12,6,2
11,20.2,91,897.1,11.16,40,0,0.0,2006,3,22,3,6,2
35,24.0,93,965.6,16.2,100,1,0.0,2022,7,28,22,4,0
32,29.3,20,974.6,38.16,0,0,0.0,2010,4,5,0,1,2
8,38.5,23,1003.2,41.04,0,0,0.0,1996,4,30,12,5,2
19,31.9,64,972.2,15.48,96,1,0.0,2016,8,4,15,4,0
0,30.6,40,982.2,43.56,100,1,0.0,2004,11,1,14,1,1
4,31.6,64,991.4,72.0,94,1,0.0,2025,5,29,19,4,2
14,24.9,53,986.6,28.8,9,0,0.0,2018,4,6,21,0,2
38,27.3,79,997.3,98.28,100,2,0.3,2025,7,7,15,1,0
34,29.1,85,976.6,17.64,81,1,0.0,2012,9,1,20,2,1
10,39.1,30,973.5,69.84,18,0,0.0,2017,7,7,15,0,0
18,29.6,76,954.6,32.4,99,2,0.8,2010,8,13,15,0,0
33,23.8,87,939.7,83.16,96,2,0.1,2021,9,14,9,5,1
30,23.5,83,1012.4,18.36,95,1,0.0,2019,11,23,6,2,1
30,32.9,62,1004.8,68.4,26,0,0.0,2014,6,2,15,1,0
17,19.2,96,898.1,64.44,100,2,0.4,2025,9,4,8,4,1
40,23.2,90,954.3,51.48,100,1,0.0,2012,9,10,2,1,1
29,26.6,85,1006.3,56.88,38,2,0.2,2005,9,22,15,4,1
31,22.3,85,928.8,39.24,99,1,0.0,2020,8,12,20,6,0
10,33.7,51,974.4,118.08,2,0,0.0,1996,6,28,14,0,0
41,29.1,84,998.8,6.48,40,0,0.0,2016,5,18,3,6,2
42,24.4,94,1008.9,22.68,63,1,0.0,2022,12,22,23,4,3
19,28.6,68,976.3,78.12,100,1,0.0,2003,7,31,19,4,0
13,26.0,73,927.5,45.36,96,1,0.0,1998,9,19,13,2,1
18,26.1,88,954.0,17.28,72,1,0.0,2012,9,11,19,5,1
39,14.1,93,946.8,25.2,2,0,0.0,2019,1,8,5,5,3
4,26.1,53,1006.9,19.44,25,0,0.0,2026,1,1,14,4,3
13,20.6,95,930.0,38.16,85,1,0.0,1999,8,23,23,1,0
3,22.7,83,970.1,18.0,87,1,0.0,2002,9,27,5,0,1
5,23.0,25,943.5,31.32,1,0,0.0,2005,4,10,2,3,2
13,21.5,91,928.2,49.32,98,1,0.0,2016,8,21,8,3,0
6,39.2,15,982.7,86.4,0,0,0.0,1999,5,18,12,5,2
37,34.3,48,988.5,59.04,27,0,0.0,2015,6,28,17,3,0
36,30.3,16,948.0,51.12,0,0,0.0,2013,1,5,14,2,3
36,27.1,40,952.4,35.64,0,0,0.0,2005,2,3,12,4,3
46,20.2,73,927.9,12.24,11,0,0.0,2010,1,6,8,6,3
22,26.5,76,969.7,45.0,49,0,0.0,2013,6,18,3,5,0
28,30.4,60,1007.9,62.28,95,1,0.0,2022,1,21,14,0,3
2,18.0,38,958.5,27.0,0,0,0.0,2006,11,25,19,2,1
29,24.1,92,1009.2,19.44,19,0,0.0,1999,1,15,1,0,3
33,25.3,38,947.2,31.32,94,1,0.0,2010,12,15,13,6,3
8,27.9,84,1000.0,72.72,100,1,0.0,2016,7,5,22,5,0
17,18.1,100,896.9,13.32,100,2,1.7,2016,12,1,14,4,3
27,21.4,65,981.0,28.08,1,0,0.0,2016,10,16,2,3,1
19,26.3,25,991.9,19.8,0,0,0.0,2026,2,1,14,3,3
32,27.0,84,968.7,19.08,98,2,0.5,2025,8,28,9,4,0
19,39.4,29,974.3,48.96,0,0,0.0,2009,7,6,10,1,0
33,29.1,40,946.0,36.0,97,1,0.0,1997,4,28,19,1,2
28,23.7,92,1008.8,15.12,56,0,0.0,2004,8,27,5,0,0
27,24.5,88,979.8,7.56,66,1,0.0,1999,9,20,6,1,1
25,30.2,34,948.9,19.44,57,0,0.0,2001,11,14,15,6,1
29,27.6,78,1007.0,19.44,68,1,0.0,2023,6,6,0,5,0
9,26.0,44,1009.9,70.56,0,0,0.0,2024,1,6,17,2,3
42,28.0,75,1013.6,36.0,23,0,0.0,1997,9,29,11,1,1
24,27.2,86,1008.6,49.32,100,2,0.2,2024,7,20,10,2,0
6,31.2,54,986.5,41.04,98,2,0.1,2004,9,25,20,2,1
20,29.7,68,998.1,39.24,90,2,1.1,2000,9,22,18,0,1
38,30.2,74,997.5,28.8,97,2,0.1,2019,6,9,13,3,0
33,29.9,50,946.8,81.72,24,0,0.0,1998,5,27,10,6,2
0,22.1,53,983.9,25.56,1,0,0.0,2014,11,20,0,4,1
9,26.6,85,1000.3,38.52,82,1,0.0,2002,7,9,5,5,0
5,22.6,53,941.8,28.44,0,0,0.0,1996,3,28,6,4,2
13,21.1,93,927.4,46.08,100,1,0.0,2013,7,14,23,3,0
43,25.1,91,1007.2,14.4,9,0,0.0,2003,3,9,5,3,2
26,27.4,81,1008.6,22.32,100,1,0.0,2011,12,14,19,6,3
35,27.2,28,969.0,21.96,0,0,0.0,2000,1,24,17,1,3
33,15.9,86,951.2,27.0,0,0,0.0,2022,1,1,23,2,3
19,10.1,75,990.2,43.56,67,1,0.0,2005,1,23,3,3,3
21,29.3,28,960.5,34.2,80,1,0.0,2025,1,4,15,2,3
16,31.6,41,950.6,17.28,61,1,0.0,2011,5,24,19,5,2
40,30.7,57,957.2,28.8,30,0,0.0,2009,9,17,13,4,1
4,29.8,64,1004.0,36.0,0,0,0.0,2019,5,17,23,0,2
38,30.3,27,1004.7,24.48,0,0,0.0,1998,12,19,12,2,3
19,15.5,48,989.0,32.4,0,0,0.0,2004,3,8,7,1,2
35,23.8,82,958.5,46.8,100,1,0.0,2002,8,18,1,3,0
32,23.7,66,974.4,23.04,2,0,0.0,2020,3,31,2,5,2
40,30.5,33,962.1,30.96,0,0,0.0,2024,12,30,14,1,3
21,30.1,27,956.5,41.04,50,0,0.0,2009,4,18,7,2,2
30,31.1,71,1000.6,70.56,53,0,0.0,2018,6,4,17,1,0
14,40.7,16,978.0,32.4,7,0,0.0,2019,6,13,17,4,0
36,19.1,70,951.2,25.92,0,0,0.0,2005,2,18,21,0,3
6,17.4,40,993.1,39.24,0,0,0.0,2020,12,2,1,6,3
9,29.1,74,1006.4,30.24,15,0,0.0,2010,9,26,20,3,1
40,25.0,88,951.8,37.44,100,2,0.5,2020,8,19,19,6,0
23,26.4,78,989.5,21.96,100,2,0.9,2013,8,26,19,1,0
23,25.6,92,992.1,41.4,54,0,0.0,2013,4,9,4,5,2
7,19.5,88,909.3,57.6,100,1,0.0,2006,7,31,3,1,0
17,28.2,23,899.7,39.24,91,1,0.0,2017,2,19,16,3,3
8,27.2,84,1006.8,18.72,36,0,0.0,2017,9,26,8,5,1
5,29.1,28,945.0,30.6,0,0,0.0,2023,1,28,15,2,3
43,33.5,44,1006.7,20.52,37,0,0.0,2005,3,16,13,6,2
41,29.9,74,1005.3,37.8,88,1,0.0,2016,9,15,11,4,1
32,26.6,75,964.6,60.48,100,1,0.0,2000,7,15,18,2,0
30,25.7,93,1006.3,47.88,93,2,0.2,2009,8,11,22,5,0
44,28.5,25,944.5,21.24,0,0,0.0,2025,4,17,0,4,2
26,24.7,95,1006.8,44.64,99,2,0.1,2005,7,8,3,0,0
22,20.9,83,984.0,46.8,2,0,0.0,2020,1,22,3,6,3
35,29.5,66,956.5,57.96,37,2,0.1,2021,7,19,16,1,0
32,30.2,63,968.0,47.88,48,0,0.0,2003,6,12,22,4,0
36,23.4,89,944.3,40.68,73,1,0.0,2009,6,18,2,4,0
46,26.9,54,926.8,36.72,95,1,0.0,2018,12,1,14,2,3
21,24.4,89,958.6,28.8,100,1,0.0,1998,8,3,22,1,0
34,20.3,42,993.5,42.48,100,1,0.0,2006,1,30,10,1,3
46,24.8,82,926.8,50.04,93,2,0.6,2002,7,4,14,4,0
9,27.0,91,1001.7,14.4,97,1,0.0,2017,9,17,19,3,1
16,34.9,24,952.6,30.6,21,0,0.0,2025,3,30,18,3,2
8,22.9,48,1011.1,31.32,99,1,0.0,1997,3,6,0,4,2
12,22.5,47,979.0,37.08,38,0,0.0,2017,4,29,4,2,2
21,27.2,70,963.7,27.36,11,0,0.0,2007,10,20,10,2,1
28,26.4,78,1011.5,9.0,12,0,0.0,2003,2,19,0,6,3
15,15.1,84,939.4,11.88,0,0,0.0,2000,2,22,6,5,3
38,24.5,93,999.7,19.44,100,2,0.4,1998,7,16,5,4,0
13,29.3,51,929.5,44.64,28,0,0.0,2004,5,23,11,3,2
14,23.8,45,992.0,24.12,60,1,0.0,2015,3,13,18,0,2
45,22.2,86,985.6,14.4,100,2,0.2,1998,1,23,8,0,3
35,18.1,76,969.1,25.2,0,0,0.0,2016,11,18,3,0,1
12,33.7,54,975.6,56.16,11,0,0.0,2000,6,6,10,5,0
15,35.5,26,943.1,9.36,46,0,0.0,2019,4,25,11,4,2
37,31.4,48,998.8,42.12,100,1,0.0,2022,4,7,9,4,2
27,33.0,12,979.8,18.36,0,0,0.0,2000,4,6,10,4,2
35,29.1,63,970.1,20.88,5,0,0.0,2015,10,12,9,1,1
1,32.1,21,1006.6,40.68,0,0,0.0,2002,10,24,10,4,1
40,28.0,35,956.8,66.6,0,0,0.0,2002,3,30,1,2,2
9,24.6,50,1010.2,50.04,14,0,0.0,2001,3,6,21,5,2
9,29.2,88,1006.3,11.16,100,1,0.0,2013,9,13,21,0,1
42,23.5,76,1009.2,39.6,87,1,0.0,2013,12,24,2,5,3
38,25.5,91,998.6,25.2,100,2,1.2,2007,8,2,8,4,0
19,28.9,26,978.9,41.76,38,0,0.0,2016,4,23,23,2,2
27,14.7,82,982.9,30.24,20,0,0.0,2006,12,26,5,5,3
32,24.5,48,976.5,3.96,100,1,0.0,2022,11,23,18,6,1
5,20.8,39,946.5,36.36,31,0,0.0,2013,2,28,3,4,3
34,13.4,76,989.5,25.56,41,0,0.0,1997,11,14,2,0,1
42,24.2,96,1009.2,26.64,100,1,0.0,2019,7,31,5,6,0
23,33.8,51,995.9,30.24,96,1,0.0,2004,4,6,11,5,2
30,24.2,72,1011.3,32.4,0,0,0.0,2004,2,4,20,6,3
17,24.7,75,898.3,50.76,69,1,0.0,2019,6,8,9,2,0
12,19.1,49,994.7,43.92,0,0,0.0,1996,12,27,11,0,3
34,23.3,46,989.8,18.0,0,0,0.0,1997,11,19,12,6,1
19,13.8,75,991.9,39.6,0,0,0.0,2023,12,25,4,1,3
8,32.2,67,1002.2,23.04,99,1,0.0,2024,5,21,7,5,2
35,25.0,47,967.8,25.92,0,0,0.0,2002,12,1,19,3,3
2,9.1,84,967.9,37.44,0,0,0.0,2014,1,19,8,3,3
0,28.8,21,982.4,25.92,0,0,0.0,2018,1,20,14,2,3
28,26.3,95,1005.5,14.04,100,2,0.3,2019,6,5,20,6,0
1,30.1,61,999.1,49.68,96,1,0.0,1999,8,25,10,6,0
0,33.0,62,971.1,31.32,100,2,0.1,2020,6,14,13,3,0
28,27.5,82,1005.8,38.88,64,1,0.0,2003,8,9,12,2,0
14,38.3,38,975.4,33.12,52,0,0.0,1999,8,8,14,3,0
19,24.1,23,994.3,36.36,44,0,0.0,1997,1,1,12,6,3
41,25.4,95,1006.0,22.32,94,1,0.0,2019,9,23,5,1,1
7,20.1,92,909.6,55.8,97,1,0.0,2011,9,16,7,0,1
21,30.7,54,952.3,37.44,95,1,0.0,2010,6,29,18,5,0
22,28.9,47,983.4,25.2,77,1,0.0,2023,12,28,13,4,3
27,25.9,91,968.9,48.24,100,2,0.8,2000,7,17,13,1,0
7,26.2,55,914.2,45.0,58,0,0.0,2008,11,10,11,1,1
38,26.3,91,995.9,57.96,94,3,6.7,2010,6,25,12,0,0
21,27.0,70,958.3,37.44,94,2,0.2,2021,9,2,10,4,1
21,24.8,78,960.0,19.8,10,0,0.0,2019,11,5,19,5,1
28,23.0,92,1012.2,14.04,81,1,0.0,2007,1,19,3,0,3
46,28.7,36,926.5,16.92,32,0,0.0,2015,2,20,17,0,3
44,20.6,43,947.7,30.6,100,1,0.0,1996,3,12,6,5,2
31,22.2,85,927.6,45.0,91,1,0.0,2009,8,12,22,6,0
9,24.8,87,1010.6,18.0,2,0,0.0,2014,11,18,5,5,1
1,26.2,93,998.5,6.84,94,1,0.0,2006,9,17,3,3,1
23,22.7,81,1003.5,25.92,5,0,0.0,2021,12,30,8,4,3
44,20.2,46,948.8,25.56,12,0,0.0,2003,2,10,20,1,3
34,28.1,72,974.7,38.88,98,1,0.0,2018,8,3,3,0,0
19,24.2,84,982.8,21.24,45,0,0.0,2010,11,12,18,0,1
20,22.6,50,1005.7,27.36,0,0,0.0,2023,11,16,22,4,1
0,25.1,88,978.0,1.8,89,1,0.0,1998,10,10,6,2,1
1,28.3,67,1001.9,20.88,9,0,0.0,2000,9,21,23,4,1
41,17.6,76,1007.8,30.96,30,0,0.0,2025,1,28,6,5,3
17,18.8,100,895.2,42.84,100,2,3.1,2003,6,21,12,2,0
17,19.4,89,896.9,32.76,100,2,0.2,2007,7,28,10,2,0
4,31.9,39,1001.8,39.96,33,0,0.0,2013,4,9,19,5,2
41,18.1,70,1010.2,37.8,0,0,0.0,2012,11,22,6,4,1
28,26.1,79,1011.4,6.84,7,0,0.0,2012,2,5,23,3,3
45,28.0,60,974.3,50.4,38,0,0.0,2004,6,20,0,3,0
19,29.2,59,978.6,57.96,11,0,0.0,1999,7,8,6,4,0
3,27.8,33,976.9,10.08,6,0,0.0,2017,11,27,11,1,1
0,23.5,55,987.0,31.32,0,0,0.0,2020,11,22,9,3,1
8,29.5,75,1000.9,78.84,4,0,0.0,2017,6,19,23,1,0
8,30.5,62,1003.2,47.52,18,0,0.0,2017,9,25,16,1,1
26,24.2,94,1009.9,14.04,100,1,0.0,1997,10,20,6,1,1
9,32.7,35,1006.3,37.44,0,0,0.0,2003,11,1,16,2,1
17,18.5,100,894.8,27.72,100,2,2.0,2003,10,6,6,1,1
21,26.5,62,955.9,20.52,100,1,0.0,2002,9,8,18,3,1
24,25.0,94,1009.5,18.72,100,2,0.5,2014,6,17,23,5,0
7,20.7,75,913.7,33.84,19,0,0.0,2007,11,28,22,6,1
8,28.0,87,998.3,61.92,100,1,0.0,2024,6,21,3,0,0
12,7.2,83,989.4,37.08,0,0,0.0,2021,1,31,0,3,3
19,37.6,13,979.1,73.8,0,0,0.0,2002,4,28,11,3,2
13,24.2,81,932.6,25.2,52,0,0.0,2016,3,11,0,0,2
36,23.4,88,945.6,31.32,97,1,0.0,2017,9,15,20,0,1
44,21.6,49,950.6,5.4,7,0,0.0,2006,11,17,21,0,1
4,32.8,54,997.1,73.44,72,2,0.1,2001,5,30,16,6,2
16,31.5,54,951.6,16.2,45,0,0.0,2014,5,20,20,5,2
45,25.0,79,980.8,43.2,94,1,0.0,2005,9,17,7,2,1
8,21.5,33,1015.7,31.32,0,0,0.0,2018,12,31,20,1,3
11,32.1,29,900.1,31.68,37,0,0.0,2010,3,27,15,2,2
14,30.1,31,995.4,26.28,34,0,0.0,2009,3,14,12,2,2
35,26.0,79,964.1,17.28,75,1,0.0,2000,10,9,22,1,1
35,18.2,56,965.7,28.44,14,0,0.0,2022,11,29,4,5,1
33,21.9,96,941.6,5.4,98,1,0.0,2017,10,10,5,5,1
13,29.4,58,928.0,55.8,48,0,0.0,2006,5,8,18,1,2
23,28.5,72,993.9,32.4,30,0,0.0,2003,4,25,7,0,2
26,25.4,67,1011.0,34.92,59,0,0.0,2012,2,1,8,6,3
42,23.5,98,1008.8,41.76,98,2,0.2,2025,6,27,0,0,0
3,25.1,87,967.2,51.84,100,1,0.0,2006,7,26,23,6,0
13,32.7,22,927.2,54.72,6,0,0.0,2013,4,20,16,2,2
0,26.6,76,974.8,62.64,86,1,0.0,2002,8,13,9,5,0
19,23.1,32,987.0,21.24,0,0,0.0,2011,2,17,17,4,3
2,30.9,19,959.2,41.76,0,0,0.0,2018,11,12,13,1,1
11,29.3,53,900.0,27.36,7,0,0.0,2009,5,10,11,3,2
38,26.4,86,1002.6,12.6,42,0,0.0,1999,11,8,1,1,1
11,19.9,95,897.6,68.04,100,2,0.1,2020,6,18,8,4,0
3,24.1,94,959.7,90.36,100,2,2.5,1997,8,22,21,0,0
2,25.0,19,956.6,42.84,0,0,0.0,2001,3,16,20,0,2
9,29.4,37,1000.7,55.8,0,0,0.0,2003,5,1,3,4,2
33,26.6,48,949.2,14.4,8,0,0.0,2010,3,20,8,2,2
31,30.1,56,928.0,4.68,31,0,0.0,2000,5,9,13,5,2
38,24.1,95,997.0,35.64,100,2,0.9,2004,7,20,3,5,0
23,31.4,57,990.2,23.4,54,0,0.0,2008,3,30,17,3,2
40,37.8,20,958.7,32.4,42,0,0.0,1998,4,5,17,3,2
45,26.6,47,980.9,19.44,0,0,0.0,2006,3,20,21,1,2
11,29.3,31,899.4,9.0,87,1,0.0,2004,2,4,15,6,3
21,37.9,21,955.9,46.8,69,1,0.0,2020,5,25,19,1,2
38,25.5,43,1005.0,28.8,0,0,0.0,2023,2,3,21,0,3
12,17.9,98,989.1,14.04,10,0,0.0,1997,10,21,0,5,1
30,30.4,44,1011.5,31.32,56,0,0.0,1998,12,6,16,3,3
23,29.7,61,991.6,28.8,79,1,0.0,2008,6,2,7,1,0
20,15.8,62,1003.3,33.12,0,0,0.0,2012,3,15,7,4,2
33,36.7,23,940.6,59.76,2,0,0.0,2019,5,30,16,4,2
23,25.1,84,995.0,28.44,60,1,0.0,2025,4,5,3,2,2
33,27.0,21,945.7,18.36,6,0,0.0,2011,1,9,15,3,3
18,20.7,54,963.7,25.56,8,0,0.0,1999,11,7,3,3,1
3,21.5,68,977.9,23.76,0,0,0.0,2020,12,2,8,6,3
41,31.4,63,1005.5,47.88,47,0,0.0,2021,5,22,12,2,2
16,24.3,80,946.9,65.88,96,1,0.0,2011,7,14,22,4,0
37,32.6,33,995.8,52.92,3,0,0.0,2017,3,19,17,3,2
26,28.6,68,1006.6,64.44,93,2,0.1,2022,2,15,13,5,3
31,24.9,79,924.4,48.24,100,2,4.8,2010,8,15,15,3,0
37,34.1,42,989.7,57.96,64,1,0.0,1999,9,14,15,5,1
26,27.8,84,1007.9,28.44,22,0,0.0,1996,5,3,22,0,2
10,33.7,16,986.1,40.68,17,0,0.0,2026,3,2,14,1,2
40,23.8,94,956.0,24.48,94,1,0.0,2017,9,8,0,0,1
11,19.8,74,902.4,37.44,66,1,0.0,2001,11,21,23,6,1
40,23.4,89,953.8,69.12,100,1,0.0,2011,6,16,2,4,0
2,21.4,27,958.9,25.56,0,0,0.0,2004,3,6,8,2,2
19,13.4,29,995.5,52.92,0,0,0.0,1998,1,2,22,0,3
38,20.7,62,1003.5,25.2,39,0,0.0,2005,1,18,2,5,3
25,29.1,33,949.8,54.72,63,1,0.0,2021,3,9,19,5,2
9,21.7,51,1007.7,30.6,0,0,0.0,2012,2,22,0,6,3
33,33.0,31,944.4,55.44,0,0,0.0,2018,5,25,11,0,2
3,29.6,33,970.0,18.72,0,0,0.0,2000,1,14,15,0,3
18,23.4,63,959.1,28.8,13,0,0.0,1997,5,5,22,1,2
22,30.3,28,983.1,39.6,15,0,0.0,2018,11,11,11,3,1
10,37.0,20,981.3,37.08,13,0,0.0,2006,9,30,18,2,1
8,27.9,76,1000.4,42.48,100,1,0.0,2000,6,21,6,6,0
43,24.2,68,1011.2,31.68,94,1,0.0,2004,1,5,5,1,3
22,20.0,80,981.6,24.84,64,1,0.0,2021,1,25,6,1,3
31,20.9,42,928.1,38.52,0,0,0.0,2009,2,16,0,1,3
45,24.7,92,972.2,34.92,100,2,0.5,2013,6,11,4,5,0
17,19.8,80,897.9,6.48,65,1,0.0,1996,4,6,0,2,2
32,16.7,56,977.2,30.6,16,0,0.0,2012,11,15,5,4,1
9,30.9,62,1002.1,73.8,6,0,0.0,2016,6,11,23,2,0
33,25.4,82,939.1,41.76,99,2,0.8,2021,9,6,16,1,1
27,28.0,27,979.7,6.48,0,0,0.0,2016,12,24,16,2,3
6,17.1,54,995.6,50.04,0,0,0.0,2010,1,8,10,0,3
10,29.4,53,979.4,94.32,12,0,0.0,1997,9,4,22,4,1
33,22.2,88,945.0,34.92,40,0,0.0,2019,5,10,6,0,2
26,27.7,80,1006.4,42.84,73,2,0.3,1999,5,12,15,6,2
44,25.1,94,942.4,37.8,100,1,0.0,2007,7,25,23,6,0
39,31.6,22,946.9,14.4,0,0,0.0,2007,2,25,13,3,3
3,21.9,93,968.1,25.92,4,0,0.0,1997,9,3,6,6,1
18,24.7,46,959.9,23.4,72,1,0.0,2011,4,17,1,3,2
5,23.9,78,941.5,37.8,55,0,0.0,2025,6,4,0,6,0
18,33.3,54,954.3,28.44,100,2,0.9,2016,6,22,16,6,0
10,29.3,83,970.4,42.12,87,1,0.0,2000,7,13,21,4,0
9,33.0,48,1007.2,30.24,6,0,0.0,2022,10,4,12,5,1
40,31.1,17,959.0,38.52,0,0,0.0,2023,1,28,13,2,3
45,38.5,22,974.1,20.88,22,0,0.0,2010,4,11,18,3,2
31,27.9,50,929.3,38.16,100,1,0.0,2024,1,4,13,4,3
42,28.4,79,1010.5,19.44,98,1,0.0,2024,11,4,10,1,1
5,24.3,91,939.0,47.52,99,2,0.1,2019,7,8,21,1,0
44,25.9,18,948.5,23.76,0,0,0.0,2007,4,3,8,5,2
44,23.9,95,944.1,23.76,52,0,0.0,2014,8,26,4,5,0
38,25.5,89,996.5,57.6,100,2,2.0,2009,8,29,16,2,0
43,24.8,88,1005.7,25.2,95,2,1.1,2010,8,12,2,4,0
30,22.2,67,1013.2,38.16,0,0,0.0,2014,1,28,6,5,3
42,26.2,79,1011.6,24.48,13,0,0.0,2026,1,3,20,2,3
35,31.6,57,964.1,34.92,15,2,0.1,2022,6,14,11,5,0
16,39.7,16,949.5,40.68,4,0,0.0,2013,5,3,12,0,2
8,25.1,41,1010.3,43.92,0,0,0.0,2006,1,10,19,5,3
16,23.2,82,947.2,79.56,96,1,0.0,2002,8,18,1,3,0
26,24.0,89,1009.3,21.96,97,1,0.0,2021,12,6,6,1,3
15,21.6,97,936.8,23.4,53,0,0.0,2005,8,31,2,6,0
4,25.6,88,998.2,76.68,100,1,0.0,2006,8,20,2,3,0
4,32.2,25,1003.1,23.76,4,0,0.0,2002,4,20,21,2,2
17,19.6,100,895.8,38.88,100,2,0.1,2020,7,18,19,2,0
21,23.4,93,958.1,41.76,96,1,0.0,2004,9,20,23,1,1
46,20.6,98,923.7,28.08,100,2,0.1,2015,6,13,4,2,0
36,34.0,34,944.3,46.8,7,0,0.0,1999,5,11,16,5,2
39,23.3,92,945.2,48.24,100,1,0.0,2015,5,22,1,0,2
16,19.5,93,955.7,21.24,62,1,0.0,2005,11,6,2,3,1
9,20.2,82,1011.1,24.12,0,0,0.0,2026,2,13,6,0,3
27,26.9,24,984.2,36.36,0,0,0.0,2001,11,8,17,4,1
39,24.6,80,944.3,84.24,98,2,0.3,2010,7,23,12,0,0
14,14.8,61,992.1,30.24,0,0,0.0,2005,10,23,7,3,1
44,21.6,45,950.7,20.88,35,0,0.0,1998,3,17,20,5,2
16,24.1,72,952.4,41.4,83,1,0.0,2000,9,7,21,4,1
11,19.0,38,896.8,26.28,0,0,0.0,2012,1,16,20,1,3
36,23.3,93,945.7,44.64,55,0,0.0,2002,5,16,6,4,2
20,30.5,65,992.8,83.16,84,1,0.0,2001,6,29,13,0,0
42,27.4,80,1005.0,90.36,34,2,0.1,1998,7,12,16,3,0
15,29.2,29,941.8,31.32,0,0,0.0,2012,2,5,18,3,3
3,28.3,66,972.3,22.32,90,1,0.0,2003,4,11,21,0,2
24,24.8,91,1011.5,46.8,90,2,0.1,2018,8,28,22,5,0
28,27.0,71,1011.0,20.52,3,0,0.0,1997,2,22,21,2,3
14,19.0,56,993.1,33.84,0,0,0.0,1996,11,6,23,6,1
22,31.0,67,965.7,18.0,100,1,0.0,2000,6,4,18,3,0
23,26.4,77,988.9,30.24,100,1,0.0,2001,8,28,23,5,0
1,24.9,98,997.4,23.04,100,2,1.4,2007,8,30,0,4,0
25,24.5,65,948.2,27.36,0,0,0.0,2019,4,7,23,3,2
32,12.4,70,980.0,21.6,0,0,0.0,2016,1,25,7,1,3
38,27.4,90,999.3,38.88,3,0,0.0,2020,5,6,1,6,2
31,20.7,71,929.3,33.48,0,0,0.0,2001,1,13,1,2,3
43,26.5,75,1009.6,12.24,4,0,0.0,2003,11,19,22,6,1
7,26.4,69,907.4,78.12,94,1,0.0,2010,6,12,12,2,0
5,24.9,39,947.7,26.64,56,0,0.0,2019,1,26,15,2,3
2,28.0,81,946.9,8.28,100,2,0.1,2013,8,13,13,5,0
39,21.6,96,943.1,20.88,100,1,0.0,2022,5,30,3,1,2
25,27.3,64,949.1,59.76,0,0,0.0,2012,3,25,20,3,2
19,24.4,18,990.6,72.36,0,0,0.0,2022,2,27,19,3,3
0,35.1,38,978.7,67.68,0,0,0.0,2003,5,21,9,6,2
5,29.0,72,938.2,50.4,100,1,0.0,2018,6,20,14,6,0
25,34.9,24,947.3,16.2,12,0,0.0,2010,3,3,15,6,2
35,25.2,43,964.9,33.84,84,1,0.0,2009,3,28,3,2,2
22,28.0,67,979.5,39.24,85,2,0.2,2024,3,16,17,2,2
33,26.6,73,942.5,61.56,25,0,0.0,2005,6,10,8,0,0
31,24.7,71,930.1,26.28,30,0,0.0,2010,10,25,10,1,1
40,28.0,30,961.2,25.92,67,1,0.0,2016,11,19,11,2,1
14,33.2,34,982.0,28.44,11,0,0.0,2005,5,5,17,4,2
15,21.7,93,936.8,81.72,100,2,0.6,2013,7,26,8,0,0
19,28.2,71,977.3,75.24,2,0,0.0,2022,6,16,6,4,0
2,25.1,35,961.4,16.2,100,1,0.0,2023,11,13,16,1,1
30,20.3,53,1011.9,26.64,0,0,0.0,2024,12,15,4,3,3
15,20.9,97,934.2,74.16,100,2,0.5,2000,6,30,18,0,0
27,26.8,46,986.1,24.84,100,1,0.0,2009,1,19,16,1,3
28,31.8,52,1008.8,58.32,14,0,0.0,2023,3,5,16,3,2
28,26.2,90,1005.3,22.68,100,2,0.2,2000,6,1,14,4,0
4,21.4,39,1006.7,12.24,0,0,0.0,2025,3,22,4,2,2
31,27.0,61,921.5,34.92,96,1,0.0,2009,5,26,18,5,2
13,16.5,84,932.3,33.12,0,0,0.0,1996,11,17,6,3,1
4,24.5,60,1004.3,21.6,0,0,0.0,2010,4,26,6,1,2
44,27.1,27,945.4,33.84,6,0,0.0,2017,5,6,2,2,2
2,14.3,45,954.8,28.08,0,0,0.0,2000,2,2,0,6,3
17,18.6,96,898.0,15.84,43,0,0.0,2006,3,6,5,1,2
27,13.2,74,987.6,18.0,0,0,0.0,2015,1,11,0,3,3
17,25.8,47,899.4,28.8,60,1,0.0,1998,2,16,16,1,3
33,16.0,61,948.0,30.96,0,0,0.0,2016,12,29,0,4,3
29,24.5,94,1009.4,35.64,28,0,0.0,2026,1,16,6,0,3
14,16.4,88,986.1,28.08,100,1,0.0,2023,3,20,5,1,2
3,28.1,78,963.2,23.04,66,1,0.0,2007,7,11,18,6,0
42,27.7,84,1004.1,32.4,100,2,0.4,2010,5,9,15,3,2
15,21.2,60,943.8,54.36,71,1,0.0,2005,1,22,3,2,3
17,29.2,18,898.3,14.4,0,0,0.0,2013,2,2,15,2,3
3,28.1,62,967.6,84.24,52,0,0.0,2014,6,23,7,1,0
30,25.4,96,1006.6,14.76,77,1,0.0,2023,5,6,4,2,2
45,23.8,91,973.1,41.4,100,2,0.4,2004,7,27,0,5,0
7,22.9,80,907.4,55.44,100,3,8.2,2016,7,23,16,2,0
14,16.8,61,996.3,28.44,6,0,0.0,1998,1,13,11,5,3
30,28.0,80,1005.2,32.04,71,2,0.1,2025,7,11,8,0,0
35,17.6,73,966.5,27.36,0,0,0.0,2020,1,14,2,5,3
38,24.9,93,995.2,70.2,100,2,1.3,2018,7,10,3,5,0
38,28.4,72,1002.9,21.96,100,1,0.0,2023,11,6,18,1,1
39,23.8,89,943.8,33.12,28,0,0.0,2005,5,19,1,4,2
16,29.2,58,955.1,42.12,27,0,0.0,2011,9,27,11,5,1
36,24.0,86,944.3,48.24,100,1,0.0,2003,7,22,19,5,0
36,20.6,62,949.8,29.88,0,0,0.0,2001,10,24,0,6,1
14,34.1,44,982.6,25.92,6,0,0.0,2005,9,25,16,3,1
34,30.2,71,982.4,34.2,67,1,0.0,2022,8,30,19,5,0
1,16.5,51,1008.2,29.88,0,0,0.0,1999,11,29,3,1,1
4,28.5,83,995.2,63.72,87,2,0.4,2024,6,28,12,0,0
18,9.6,76,968.5,42.12,0,0,0.0,2020,1,23,5,4,3
46,22.9,82,931.7,31.32,93,1,0.0,2002,9,16,9,1,1
6,37.8,26,977.9,66.6,45,0,0.0,2013,9,15,18,3,1
9,18.4,61,1006.2,24.84,0,0,0.0,2011,2,9,6,6,3
7,23.0,63,916.2,32.04,7,0,0.0,2019,3,18,8,1,2
45,24.9,88,978.3,40.32,45,0,0.0,2013,4,21,21,3,2
24,24.5,92,1008.7,11.16,48,0,0.0,2014,12,22,2,1,3
19,31.5,49,974.6,60.48,99,1,0.0,2000,9,1,17,0,1
26,27.1,72,1012.6,20.16,0,0,0.0,2023,3,3,20,0,2
42,25.2,88,1006.0,27.0,15,0,0.0,2022,3,23,2,6,2
1,27.5,84,1000.8,49.32,77,1,0.0,2017,9,3,9,3,1
1,26.3,84,998.1,43.92,97,1,0.0,2001,8,20,0,1,0
14,27.1,56,985.8,32.4,0,0,0.0,2020,5,15,22,0,2
27,37.6,20,968.6,38.52,73,1,0.0,2009,5,24,18,3,2
26,29.2,77,1003.7,74.16,100,2,0.3,2001,6,1,14,0,0
25,30.9,54,945.4,36.72,19,2,0.6,2014,5,1,16,4,2
18,33.2,50,947.6,77.04,29,0,0.0,2007,6,30,18,2,0
1,25.5,47,1005.4,53.64,0,0,0.0,1996,3,22,8,0,2
0,31.5,55,972.7,14.4,76,1,0.0,2017,5,31,23,6,2
7,13.7,98,912.0,29.16,94,1,0.0,2008,12,21,7,3,3
38,30.5,56,1002.3,10.08,0,0,0.0,2014,11,10,12,1,1
43,24.9,76,1006.3,33.84,98,1,0.0,2004,11,24,2,6,1
43,24.2,96,1006.5,14.76,100,2,0.4,2014,10,19,2,3,1
19,23.5,28,988.2,36.0,0,0,0.0,2008,12,11,17,4,3
25,24.2,87,941.6,67.32,100,2,0.3,2024,7,8,17,1,0
38,25.4,89,999.4,29.52,100,1,0.0,2022,7,27,19,6,0
17,13.7,62,898.4,39.6,100,1,0.0,2019,1,21,7,1,3
29,28.2,72,1006.5,44.28,9,0,0.0,1999,4,30,20,0,2
40,36.3,23,958.4,45.72,0,0,0.0,2020,4,24,10,0,2
1,29.4,65,992.3,57.96,100,1,0.0,2008,6,16,21,1,0
32,35.2,27,969.0,49.68,64,1,0.0,2025,5,4,16,3,2
38,25.2,87,999.1,66.24,99,2,0.9,2021,8,5,5,4,0
13,19.1,54,929.8,34.2,97,1,0.0,2014,12,1,3,1,3
15,21.8,96,934.7,87.84,100,2,0.5,2007,7,2,7,1,0
18,16.1,64,963.1,29.52,0,0,0.0,2010,12,26,18,3,3
6,27.2,77,977.8,81.36,4,0,0.0,2000,6,13,4,5,0
10,27.3,21,987.3,35.64,0,0,0.0,2022,2,24,17,4,3
29,26.3,87,1005.6,7.92,100,2,0.9,2008,3,22,10,2,2
9,27.1,88,1006.5,27.72,16,0,0.0,2019,10,1,19,5,1
8,28.3,16,1015.3,44.28,0,0,0.0,2003,1,17,12,0,3
37,25.2,94,986.7,69.84,100,2,1.1,2020,8,13,4,4,0
31,26.9,64,928.4,39.24,35,2,0.1,2010,11,14,14,3,1
24,26.5,79,1008.1,28.8,0,0,0.0,2017,12,31,19,3,3
34,35.7,45,973.0,21.96,7,0,0.0,2021,6,14,13,1,0
40,31.3,26,959.5,24.12,0,0,0.0,1997,2,6,14,4,3
0,24.2,48,983.3,29.88,15,0,0.0,2008,1,1,21,5,3
42,25.4,83,1009.3,67.32,70,1,0.0,1996,8,22,9,4,0
5,23.6,80,945.3,37.08,97,1,0.0,2002,8,28,21,6,0
18,26.6,71,960.1,70.2,42,0,0.0,2016,9,6,10,5,1
35,21.0,43,969.0,36.72,0,0,0.0,2001,1,6,20,2,3
21,30.8,57,956.1,60.12,98,1,0.0,2019,8,20,14,5,0
45,30.2,67,968.1,30.24,100,1,0.0,2011,7,17,15,3,0
14,8.4,73,998.4,41.76,0,0,0.0,2020,12,18,21,0,3
39,22.1,94,945.5,45.36,96,2,0.1,2021,7,25,21,3,0
10,30.7,47,983.4,70.92,35,0,0.0,2008,10,7,9,5,1
11,19.8,95,900.9,28.8,54,0,0.0,1997,8,31,21,3,0
37,27.8,34,996.9,10.44,0,0,0.0,1999,1,19,18,5,3
0,22.4,53,982.6,27.72,0,0,0.0,2006,1,17,22,5,3
20,29.0,43,999.6,49.68,38,0,0.0,2002,1,15,15,5,3
22,30.9,33,984.5,7.2,14,0,0.0,2007,1,21,12,3,3
13,22.4,36,934.2,31.32,33,0,0.0,2002,11,27,8,6,1
19,15.6,57,983.2,11.88,0,0,0.0,1996,3,19,6,5,2
18,24.2,95,953.4,21.96,95,2,0.5,2004,8,13,2,0,0
11,20.5,91,902.6,22.32,95,1,0.0,1997,9,17,21,6,1
24,25.1,91,1004.1,11.88,100,3,6.6,2008,3,20,17,4,2
11,17.4,96,900.5,15.48,54,0,0.0,1996,11,9,7,2,1
41,24.0,95,1005.2,17.64,55,0,0.0,2012,4,9,5,1,2
35,25.2,37,967.7,29.52,100,1,0.0,2024,12,13,16,0,3
9,28.8,67,1005.6,53.64,4,0,0.0,1997,9,28,19,3,1
36,26.5,63,947.4,30.96,0,0,0.0,1996,5,2,20,4,2
12,24.5,82,979.9,14.4,24,0,0.0,2009,10,7,8,6,1
18,17.0,33,965.9,30.24,0,0,0.0,2004,2,20,23,0,3
11,22.2,88,898.1,18.0,73,1,0.0,2009,4,8,23,6,2
11,20.3,99,896.5,15.48,100,1,0.0,2018,6,2,0,2,0
34,23.2,47,989.4,39.96,0,0,0.0,2022,12,1,13,4,3
28,25.7,79,1009.2,6.48,1,0,0.0,2009,2,15,23,3,3
35,27.6,68,962.2,19.44,100,1,0.0,2010,10,24,17,3,1
39,22.3,88,942.7,34.92,99,1,0.0,1996,8,18,19,3,0
35,25.3,62,965.7,31.32,9,0,0.0,2003,3,21,0,0,2
33,29.6,23,946.1,15.48,0,0,0.0,2011,2,6,17,3,3
3,34.2,41,967.7,26.64,61,1,0.0,2002,6,3,9,1,0
23,30.6,60,990.5,13.68,19,0,0.0,1999,10,16,15,2,1
27,20.8,51,983.3,27.36,0,0,0.0,2006,11,2,2,4,1
22,31.9,53,972.6,43.2,53,2,0.1,2022,8,23,13,5,0
38,28.3,80,997.3,32.4,100,2,0.2,1996,7,7,13,3,0
23,25.6,83,993.1,25.2,10,0,0.0,2007,4,17,4,5,2
36,26.3,72,951.7,11.16,24,0,0.0,2013,10,15,10,5,1
18,17.7,77,965.7,41.4,2,0,0.0,2008,12,11,1,4,3
14,9.0,92,999.2,20.16,95,1,0.0,2008,1,7,7,1,3
17,25.9,53,900.6,35.64,6,0,0.0,2021,2,18,12,4,3
0,22.8,51,979.3,33.12,1,0,0.0,2013,11,21,18,4,1
36,17.6,70,950.7,44.28,0,0,0.0,2020,1,15,21,6,3
22,24.0,86,968.0,80.28,100,2,0.6,2024,7,26,3,0,0
6,26.9,90,980.0,78.84,98,1,0.0,2023,7,28,2,0,0
32,36.3,26,968.6,23.4,31,0,0.0,2007,5,19,19,2,2
29,26.2,88,1005.5,37.8,100,1,0.0,2016,9,16,14,0,1
13,26.9,33,931.4,33.48,66,1,0.0,2000,1,5,13,6,3
14,12.9,99,991.1,22.32,100,1,0.0,2007,3,13,7,5,2
4,27.5,86,993.3,52.92,100,2,0.2,2010,7,25,11,3,0
7,25.2,50,914.4,15.48,0,0,0.0,2007,2,26,9,1,3
30,30.6,75,1005.5,76.68,61,1,0.0,2000,6,11,13,3,0
17,25.5,61,895.7,4.68,87,2,0.3,2000,4,6,14,4,2
31,22.2,93,928.0,32.4,95,1,0.0,1996,4,19,2,0,2
37,23.4,64,994.7,28.8,0,0,0.0,2021,4,11,4,3,2
2,34.9,26,949.1,43.56,3,0,0.0,2009,6,11,20,4,0
35,24.8,31,968.1,52.56,0,0,0.0,2021,3,5,0,0,2
43,25.3,90,1011.1,4.68,89,1,0.0,2004,9,30,21,4,1
8,27.3,85,998.3,52.56,100,1,0.0,2006,7,17,21,1,0
25,17.3,91,949.4,21.24,2,0,0.0,2022,1,10,1,1,3
16,30.3,34,948.7,29.16,8,0,0.0,2001,5,15,4,5,2
43,25.5,91,1005.6,36.36,44,0,0.0,2024,8,11,22,3,0
14,16.8,96,991.3,23.4,0,0,0.0,2019,4,18,3,4,2
32,25.9,92,965.9,10.8,100,2,0.1,2023,7,4,23,5,0
21,25.8,55,962.1,34.92,47,0,0.0,1997,12,26,18,0,3
33,32.5,38,945.3,79.2,0,0,0.0,1997,5,19,12,1,2
34,29.1,42,989.6,28.8,44,0,0.0,2010,11,8,14,1,1
20,27.4,77,992.1,59.76,100,2,0.3,2002,8,10,16,2,0
44,29.6,22,948.1,36.72,73,1,0.0,2004,4,2,19,0,2
3,20.7,67,969.3,33.84,0,0,0.0,2020,4,2,5,4,2
5,23.7,75,942.5,27.72,90,1,0.0,2008,3,22,7,2,2
19,34.2,46,978.5,41.4,14,0,0.0,2007,9,16,14,3,1
15,27.0,25,944.4,26.64,0,0,0.0,2002,1,16,11,6,3
41,17.5,94,1008.8,11.16,0,0,0.0,2021,1,15,7,0,3
27,26.8,66,978.9,41.76,61,1,0.0,2001,9,9,3,3,1
14,16.8,72,993.3,33.84,0,0,0.0,2022,10,30,5,3,1
46,21.9,92,926.1,56.88,100,2,1.5,2007,7,4,14,6,0
40,30.8,53,955.5,70.2,59,0,0.0,2005,5,25,3,6,2
39,23.7,84,946.1,31.32,92,1,0.0,2009,9,19,19,2,1
5,19.1,38,942.9,34.2,0,0,0.0,2000,3,11,1,2,2
18,16.7,55,959.8,30.96,8,0,0.0,2004,2,28,6,2,3
13,18.3,52,930.4,43.56,2,0,0.0,2000,12,29,1,0,3
7,25.2,59,909.5,68.76,58,0,0.0,2006,7,30,17,3,0
2,10.8,79,957.2,30.24,0,0,0.0,2010,12,6,3,1,3
35,31.0,28,967.0,26.64,22,0,0.0,2011,2,23,16,6,3
3,21.8,77,972.4,36.36,100,1,0.0,2023,12,5,2,5,3
11,22.6,83,898.7,27.72,49,0,0.0,2004,3,25,21,4,2
13,26.8,23,930.8,14.4,0,0,0.0,1997,2,16,19,3,3
8,27.7,85,1000.5,55.8,93,1,0.0,2008,6,12,8,4,0
22,25.1,49,982.9,28.44,0,0,0.0,2015,3,13,22,0,2
26,25.3,81,1007.2,50.4,100,1,0.0,2020,11,16,20,1,1
19,29.4,58,979.6,78.12,63,1,0.0,2021,8,10,23,5,0
37,22.2,44,997.0,30.96,0,0,0.0,2012,10,28,3,3,1
45,26.0,31,982.7,25.2,36,0,0.0,2020,12,21,16,1,3
41,28.4,81,998.4,75.6,87,2,0.9,2005,7,30,12,2,0
22,25.9,82,967.0,18.36,100,1,0.0,2022,8,10,19,6,0
10,19.2,28,988.0,10.44,0,0,0.0,2014,2,11,11,5,3
6,28.0,77,977.7,48.6,96,1,0.0,2007,8,4,7,2,0
34,22.5,86,985.4,22.68,0,0,0.0,2024,10,30,7,6,1
4,27.1,29,1007.2,21.96,12,0,0.0,2005,1,14,14,0,3
6,28.4,32,993.2,45.36,13,0,0.0,1997,10,31,17,0,1
18,35.0,4,958.6,73.44,0,0,0.0,1999,4,14,15,6,2
20,25.2,31,1008.8,59.04,0,0,0.0,2020,2,8,11,2,3
34,27.1,58,980.0,44.28,100,1,0.0,2000,5,4,5,4,2
16,24.8,78,951.2,62.28,93,1,0.0,2007,8,22,8,6,0
34,17.7,44,992.2,47.52,38,0,0.0,2012,1,27,11,0,3
7,20.4,91,909.9,36.36,93,1,0.0,1996,5,7,6,5,2
38,23.3,87,1001.7,12.24,2,0,0.0,2012,12,10,5,1,3
32,35.0,23,974.9,9.72,4,0,0.0,1997,5,5,10,1,2
15,26.1,75,939.8,29.52,19,0,0.0,2010,5,5,8,6,2
29,24.0,93,1006.3,75.96,100,2,1.8,2018,8,17,0,0,0
7,25.1,72,912.3,61.56,85,2,0.3,1998,10,17,15,2,1
32,13.0,54,977.2,23.04,0,0,0.0,2018,1,4,3,4,3
18,17.2,64,969.0,14.76,0,0,0.0,2026,1,14,10,6,3
35,21.6,43,966.2,17.28,0,0,0.0,2010,3,1,2,1,2
9,30.9,61,1005.5,16.92,83,1,0.0,2002,9,22,13,3,1
10,20.6,48,986.0,40.32,12,0,0.0,2007,2,16,17,0,3
35,24.8,78,968.1,17.28,82,1,0.0,2009,11,8,8,3,1
29,30.5,55,1004.5,48.24,25,0,0.0,2025,1,22,16,6,3
8,26.0,93,1003.5,38.52,100,1,0.0,2024,8,14,1,6,0
10,36.8,14,978.3,27.36,2,0,0.0,2001,9,25,19,5,1
1,29.2,35,998.5,42.84,31,0,0.0,2006,4,12,21,6,2
26,27.8,82,1010.2,41.4,100,1,0.0,2025,6,21,10,2,0
13,23.6,85,931.1,31.32,70,1,0.0,2018,4,15,7,3,2
24,28.6,75,1007.9,23.04,65,1,0.0,2004,11,21,16,3,1
20,33.0,14,999.1,36.36,0,0,0.0,2017,3,5,14,3,2
8,30.3,41,1011.9,37.08,0,0,0.0,2007,3,20,10,5,2
1,26.3,85,996.0,27.72,98,1,0.0,2020,9,11,4,0,1
41,22.4,91,1008.4,23.4,0,0,0.0,2003,2,28,3,0,3
13,22.5,66,930.7,38.88,0,0,0.0,2020,2,26,0,6,3
38,25.7,91,997.1,51.84,90,2,0.6,2011,6,18,2,2,0
42,30.2,72,1009.9,47.52,44,2,0.3,2017,4,26,9,6,2
45,23.2,79,981.8,14.76,86,1,0.0,1996,10,14,4,1,1
35,24.8,80,965.9,14.04,5,0,0.0,2015,10,5,22,1,1
27,10.6,92,987.8,24.84,0,0,0.0,2024,1,19,22,0,3
26,31.3,57,1006.4,38.88,100,1,0.0,2006,3,17,14,0,2
30,27.9,85,1009.6,14.4,11,2,1.0,2000,9,24,9,3,1
39,18.6,78,946.0,26.64,75,1,0.0,2022,11,1,1,5,1
26,26.1,90,1007.0,14.04,92,1,0.0,2015,4,20,4,1,2
11,30.5,36,899.9,28.44,76,1,0.0,2005,4,9,14,2,2
45,29.8,60,980.9,32.76,0,0,0.0,2022,3,29,8,5,2
36,24.0,54,950.9,18.0,40,0,0.0,2020,1,4,12,2,3
27,28.8,18,984.2,32.04,0,0,0.0,2016,2,21,15,3,3
11,29.2,55,898.4,30.96,31,0,0.0,2012,5,17,14,4,2
27,30.2,45,977.8,20.88,0,0,0.0,2011,10,2,17,3,1
21,36.7,12,958.3,42.48,0,0,0.0,2009,3,2,16,1,2
35,28.4,36,967.0,8.28,43,0,0.0,2001,1,12,18,0,3
14,30.9,68,977.7,57.96,64,2,0.4,2013,6,15,14,2,0
21,22.9,95,953.2,37.44,100,2,0.5,2014,8,28,17,4,0
15,26.0,25,949.3,44.64,0,0,0.0,2002,2,22,9,0,3
4,32.3,61,1000.8,33.48,25,0,0.0,1998,9,5,15,2,1
10,27.8,31,982.1,13.32,0,0,0.0,2018,4,16,7,1,2
6,27.9,21,994.6,46.8,0,0,0.0,2001,11,12,11,1,1
21,28.1,60,959.3,42.84,88,1,0.0,2004,9,15,11,6,1
36,15.1,78,950.2,20.16,10,0,0.0,2018,2,12,6,1,3
28,25.5,87,1007.1,46.44,100,2,0.9,2002,7,30,9,5,0
11,21.3,51,903.0,26.28,0,0,0.0,2026,3,4,8,6,2
22,29.2,46,977.4,47.88,96,1,0.0,2012,10,31,13,6,1
3,25.8,91,966.7,9.0,100,2,0.3,2004,6,9,4,6,0
2,14.4,27,961.9,37.8,4,0,0.0,1996,1,24,21,6,3
28,27.6,78,1007.8,6.84,92,2,0.8,1999,11,28,18,3,1
22,25.5,82,977.9,41.4,95,2,0.2,2002,10,14,9,1,1
29,32.8,56,1005.6,40.68,97,1,0.0,1996,4,3,12,6,2
18,12.5,73,968.2,31.68,97,1,0.0,2013,1,31,8,4,3
12,27.5,90,973.2,46.8,42,0,0.0,2023,7,5,4,6,0
45,21.2,73,983.1,32.76,9,0,0.0,2005,2,5,23,2,3
10,38.9,31,977.8,52.56,42,0,0.0,1998,8,25,11,5,0
23,28.7,39,998.8,15.84,26,0,0.0,2016,1,6,17,6,3
9,30.0,41,1010.5,38.16,1,0,0.0,2020,11,29,14,3,1
3,21.8,69,974.4,45.72,1,0,0.0,2024,1,19,22,0,3
7,20.1,32,913.7,37.8,0,0,0.0,2004,2,15,21,3,3
3,25.7,53,977.2,28.08,0,0,0.0,2023,1,28,10,2,3
24,26.0,88,1009.6,7.2,100,2,1.6,2003,8,16,17,2,0
39,21.6,97,942.0,34.56,100,2,0.2,2007,7,27,2,0,0
8,30.5,75,997.8,81.72,84,2,0.1,2019,7,8,15,1,0
3,29.4,67,968.5,18.72,18,0,0.0,2000,9,25,18,1,1
18,11.4,56,968.6,36.72,0,0,0.0,1999,2,3,0,6,3
7,26.5,60,911.2,58.68,48,0,0.0,2016,10,10,13,1,1
37,34.9,13,991.8,67.32,0,0,0.0,2004,3,25,15,4,2
19,32.5,23,980.3,57.96,31,0,0.0,2007,5,27,22,3,2
10,27.5,89,974.8,50.4,100,1,0.0,1997,7,28,23,1,0
14,30.4,68,982.7,35.28,100,2,0.2,2013,8,6,11,5,0
2,23.2,98,949.7,9.0,100,2,0.7,1996,9,7,8,2,1
42,26.0,76,1009.8,15.12,89,1,0.0,2017,1,1,19,3,3
26,25.7,90,1009.0,11.52,98,1,0.0,2014,10,9,23,4,1
0,27.6,64,973.2,60.84,82,1,0.0,2011,6,16,6,4,0
4,31.0,63,1000.4,48.24,1,0,0.0,2013,5,27,1,1,2
8,25.6,94,1007.0,17.28,2,0,0.0,2010,10,15,7,0,1
9,22.4,37,1011.1,48.24,0,0,0.0,2008,2,11,19,1,3
34,13.7,79,992.9,23.04,0,0,0.0,2021,2,2,0,5,3
4,29.0,58,1006.8,21.24,0,0,0.0,2025,10,14,10,5,1
31,21.3,84,929.2,38.88,89,1,0.0,2016,10,6,22,4,1
24,25.4,91,1009.2,21.24,100,2,0.6,1997,8,1,8,0,0
42,25.2,93,1006.5,55.08,99,2,0.2,2005,6,14,5,5,0
21,23.6,90,952.4,74.52,100,2,0.6,2000,7,11,10,5,0
14,10.0,91,1002.7,30.96,3,0,0.0,2015,2,3,23,5,3
45,24.9,76,973.9,53.28,100,1,0.0,1996,8,3,3,2,0
13,20.1,97,929.4,16.92,57,0,0.0,2006,11,25,4,2,1
42,24.6,90,1007.6,62.28,98,2,0.2,2013,7,21,20,3,0
33,27.9,38,948.1,31.32,0,0,0.0,2019,4,7,8,3,2
45,31.1,63,971.3,39.24,100,1,0.0,2013,6,21,15,0,0
42,27.5,82,1009.4,2.88,95,1,0.0,2019,4,19,8,0,2
9,27.2,83,1005.9,50.4,11,0,0.0,1997,8,15,1,0,0
23,25.8,87,993.9,21.96,99,1,0.0,2015,9,24,1,4,1
5,23.1,49,947.9,21.6,0,0,0.0,2009,1,5,9,1,3
11,21.5,47,903.1,42.84,6,0,0.0,2026,2,3,20,5,3
15,18.8,62,939.4,29.16,0,0,0.0,2000,3,1,4,6,2
27,33.3,46,970.8,70.2,0,0,0.0,2007,6,12,8,5,0
31,22.2,91,926.3,30.96,0,0,0.0,2025,5,16,3,0,2
33,20.8,53,949.0,18.72,0,0,0.0,2022,2,23,8,6,3
22,34.4,23,978.6,16.92,0,0,0.0,2009,1,31,14,2,3
23,32.4,53,988.6,27.0,100,1,0.0,2003,5,14,10,6,2
22,27.4,75,973.3,30.6,100,2,0.1,2008,6,10,0,5,0
11,19.0,97,893.4,67.32,100,2,0.6,2021,7,13,5,5,0
44,12.7,32,945.1,38.52,0,0,0.0,2012,3,11,4,3,2
12,27.0,91,973.5,16.56,3,0,0.0,2008,6,23,2,1,0
14,33.5,52,984.0,30.24,69,1,0.0,1996,8,26,14,1,0
46,21.0,100,924.5,24.84,99,2,0.4,2017,8,5,0,2,0
23,26.0,76,993.1,26.28,9,0,0.0,1999,10,19,21,5,1
27,28.8,81,967.2,34.92,100,2,1.4,2012,7,28,17,2,0
37,35.0,42,995.2,43.92,5,0,0.0,2018,9,24,13,1,1
44,31.7,27,947.3,13.32,0,0,0.0,2005,5,29,8,3,2
29,26.0,91,1007.7,10.44,4,0,0.0,2009,10,28,0,6,1
40,37.1,13,957.9,33.12,0,0,0.0,2013,4,15,11,1,2
15,23.4,83,937.5,54.36,100,1,0.0,2004,7,20,18,5,0
11,19.8,27,898.6,22.32,0,0,0.0,2007,2,23,23,0,3
8,27.9,71,1006.2,27.0,21,0,0.0,1996,10,6,18,3,1
11,24.1,40,899.1,45.36,100,1,0.0,2017,1,10,15,5,3
1,29.9,38,1006.5,28.44,5,0,0.0,2025,11,29,17,2,1
13,21.6,49,931.1,32.04,0,0,0.0,1998,11,26,19,4,1
45,27.4,70,975.6,29.88,99,1,0.0,2017,7,27,20,4,0
45,34.3,31,974.2,39.24,56,0,0.0,2012,5,21,21,1,2
44,37.9,13,941.4,51.48,0,0,0.0,2016,6,5,19,3,0
20,27.5,88,993.6,54.0,28,0,0.0,2024,5,25,0,2,2
22,30.8,48,973.2,53.28,0,0,0.0,2014,5,30,2,0,2
27,20.3,72,985.7,6.48,0,0,0.0,2024,11,12,7,5,1
15,24.0,48,945.8,45.72,93,1,0.0,2016,12,8,9,4,3
21,25.0,33,959.3,32.76,0,0,0.0,2008,3,4,23,5,2
30,31.4,32,1010.0,23.76,0,0,0.0,2007,3,26,10,1,2
36,18.6,54,950.8,32.76,0,0,0.0,2004,11,30,22,5,1
13,22.0,98,927.8,56.16,100,2,0.3,2020,7,9,8,4,0
4,30.6,43,1006.9,18.0,0,0,0.0,2008,11,5,11,6,1
37,36.6,38,989.4,33.48,44,0,0.0,2011,6,4,11,2,0
4,31.9,67,1003.6,9.36,42,2,0.1,2022,8,30,13,5,0
33,25.8,52,945.2,41.76,0,0,0.0,2023,6,1,23,4,0
20,25.5,84,998.1,20.88,25,0,0.0,2000,9,19,21,5,1
31,30.4,21,932.1,64.8,30,0,0.0,1999,2,22,13,1,3
8,29.9,66,1006.5,24.48,86,1,0.0,1999,9,27,9,1,1
24,24.5,95,1011.0,28.08,100,2,1.4,2021,8,10,0,5,0
34,32.4,62,974.5,63.72,27,0,0.0,1999,8,14,15,2,0
37,27.4,68,992.5,30.96,32,0,0.0,1997,9,4,20,4,1
33,20.0,51,945.8,36.72,0,0,0.0,2023,1,15,19,3,3
24,25.8,87,1009.3,6.84,77,1,0.0,2013,11,11,0,1,1
2,35.1,29,953.4,35.28,38,0,0.0,2002,9,25,15,6,1
20,21.1,50,1000.2,25.92,0,0,0.0,2003,3,12,1,6,2
42,27.6,86,1009.3,32.4,100,2,0.1,2017,4,28,23,0,2
10,35.4,18,975.2,56.88,7,0,0.0,2003,6,1,23,3,0
10,32.9,23,986.3,7.92,1,0,0.0,2024,10,23,18,6,1
37,27.4,83,988.2,50.4,100,1,0.0,1998,7,4,22,2,0
26,26.5,95,1005.0,40.68,100,2,0.1,2024,6,2,3,3,0
8,23.2,69,1010.9,36.36,4,0,0.0,2006,3,10,9,0,2
13,21.9,36,929.9,43.56,0,0,0.0,2021,3,4,3,4,2
31,23.6,83,927.1,52.2,98,2,0.3,2015,8,2,16,3,0
30,27.5,83,1006.9,30.24,22,0,0.0,2003,5,3,23,2,2
46,23.3,60,928.3,20.88,8,0,0.0,2022,1,16,19,3,3
36,14.8,67,945.6,14.4,77,1,0.0,2008,1,25,3,0,3
45,38.1,27,974.4,31.68,30,0,0.0,2005,5,7,13,2,2
25,24.6,83,945.2,68.04,99,2,0.2,2006,7,7,16,0,0
15,32.3,17,940.1,30.24,0,0,0.0,2017,3,12,15,3,2
38,28.4,48,1004.3,34.92,91,1,0.0,1998,12,13,20,3,3
20,25.2,31,1004.6,42.84,95,1,0.0,2005,1,25,13,5,3
20,19.2,63,1004.8,33.84,0,0,0.0,2019,3,13,2,6,2
36,20.6,76,949.7,18.72,100,1,0.0,2015,11,4,5,6,1
25,22.2,58,953.2,14.04,0,0,0.0,2025,11,11,9,5,1
3,23.4,50,970.3,10.8,21,0,0.0,2011,3,23,7,6,2
41,23.2,49,1012.8,42.84,0,0,0.0,2011,12,26,10,1,3
35,28.2,72,961.9,27.72,31,2,0.2,1999,9,23,15,4,1
30,27.1,73,1006.6,36.0,100,1,0.0,2010,11,7,19,3,1
31,27.1,57,931.6,55.08,87,1,0.0,2023,11,27,11,1,1
24,24.9,90,1007.9,16.56,100,2,0.1,2008,6,28,6,2,0
0,30.1,60,975.3,42.48,64,1,0.0,2010,9,10,12,0,1
39,21.7,93,947.0,8.28,85,1,0.0,2020,10,25,7,3,1
36,19.0,48,951.8,15.48,0,0,0.0,2005,1,11,9,5,3
45,23.4,90,970.9,56.16,100,2,1.0,2013,7,20,1,2,0
2,21.6,24,961.2,11.52,0,0,0.0,1996,12,13,17,0,3
16,21.1,51,959.3,34.92,3,0,0.0,1998,2,14,0,2,3
18,30.0,21,956.5,27.72,6,0,0.0,2004,4,8,21,4,2
34,27.2,94,974.5,17.28,87,1,0.0,2011,8,5,0,0,0
34,20.0,55,984.9,43.2,0,0,0.0,2013,3,25,22,1,2
8,25.9,90,1003.7,46.08,99,1,0.0,2005,8,20,8,2,0
17,18.5,98,899.9,8.28,98,1,0.0,2005,9,30,21,0,1
6,25.2,27,986.4,38.88,0,0,0.0,2005,3,28,8,1,2
12,29.6,33,980.0,46.08,92,1,0.0,2012,4,9,19,1,2
12,27.4,56,974.5,28.8,0,0,0.0,2017,6,3,5,2,0
9,22.3,50,1009.7,47.88,0,0,0.0,2004,1,27,21,5,3
42,24.8,98,1008.3,14.76,99,1,0.0,2020,11,14,0,2,1
39,23.3,93,946.3,28.08,25,0,0.0,2014,5,10,22,2,2
8,30.5,35,1013.1,23.4,0,0,0.0,2011,11,19,10,2,1
5,20.1,37,943.6,32.04,0,0,0.0,1997,3,31,5,1,2
14,23.1,54,989.8,26.64,0,0,0.0,2024,10,14,2,1,1
30,26.6,91,1006.3,59.4,100,2,0.3,2011,6,14,21,5,0
31,28.0,72,929.6,29.88,100,1,0.0,2023,5,11,9,4,2
4,28.8,68,1006.4,20.88,67,2,0.1,2011,9,27,11,5,1
42,27.2,89,1007.0,32.4,100,1,0.0,2016,4,18,2,1,2
12,14.6,58,984.1,37.44,0,0,0.0,2017,3,3,3,0,2
8,24.9,89,1000.8,39.24,38,0,0.0,2018,8,27,4,1,0
16,23.4,94,948.4,24.84,99,2,0.9,2016,6,18,22,2,0
22,30.1,54,973.4,46.08,28,0,0.0,2001,5,22,6,5,2
9,28.4,75,998.6,34.56,57,0,0.0,2019,7,20,4,2,0
19,32.8,65,974.5,27.36,9,0,0.0,2024,7,20,9,2,0
11,27.7,63,900.0,28.44,80,1,0.0,2001,4,20,11,0,2
29,29.1,76,1002.6,80.64,4,0,0.0,2023,4,23,18,3,2
29,25.1,95,1002.7,14.04,95,2,0.1,2020,6,29,5,1,0
13,29.3,64,927.5,66.96,99,1,0.0,2010,6,22,14,5,0
7,17.8,95,911.2,32.04,14,0,0.0,2002,9,13,5,0,1
12,25.1,94,976.5,22.68,100,2,0.4,2013,8,18,9,3,0
26,28.8,76,1009.0,36.0,100,1,0.0,2022,10,9,10,3,1
7,25.0,41,913.6,37.8,0,0,0.0,2008,12,12,12,0,3
7,26.1,68,911.7,30.24,95,2,0.1,2013,10,16,12,6,1
41,32.9,58,1002.3,87.84,0,0,0.0,2015,5,29,17,0,2
22,23.9,45,980.4,35.28,38,0,0.0,2007,2,6,23,5,3
8,38.9,12,1003.9,33.12,0,0,0.0,2000,4,8,17,2,2
29,25.7,93,1005.9,26.64,100,2,1.6,2016,6,4,0,2,0
32,25.0,85,970.1,29.88,98,1,0.0,2013,9,29,3,3,1
31,20.2,71,931.7,38.52,63,1,0.0,2000,1,5,9,6,3
15,23.2,43,947.1,63.36,9,0,0.0,2026,1,10,10,2,3
17,22.5,83,897.0,32.04,98,2,0.4,2014,5,9,13,0,2
14,15.1,94,994.3,32.04,76,1,0.0,2005,3,3,3,4,2
3,26.2,85,967.7,26.64,35,0,0.0,2006,9,22,20,0,1
32,38.0,22,974.7,23.04,0,0,0.0,2014,4,29,10,5,2
11,26.7,45,902.6,8.64,0,0,0.0,2012,3,22,9,4,2
25,22.8,90,943.5,72.36,100,2,1.1,1996,8,27,15,5,0
34,28.4,63,982.7,54.72,5,0,0.0,1996,9,21,9,2,1
28,24.7,93,1010.9,7.92,52,2,0.1,2020,1,29,3,6,3
4,27.5,93,996.5,15.48,100,2,3.1,2021,7,11,23,3,0
44,35.7,21,939.8,26.28,73,1,0.0,2024,5,25,21,2,2
27,8.9,92,990.3,16.92,83,1,0.0,1997,12,21,8,3,3
45,29.4,41,981.8,26.28,11,0,0.0,2011,11,22,14,5,1
1,26.5,40,1008.0,22.32,0,0,0.0,2018,1,21,11,3,3
23,28.6,50,999.0,11.16,2,0,0.0,2017,12,25,12,1,3
22,22.1,70,982.5,26.64,0,0,0.0,2024,11,16,7,2,1
39,19.8,56,946.7,28.44,0,0,0.0,2020,2,20,5,4,3
33,22.1,98,940.9,67.68,100,2,0.5,2003,7,7,19,1,0
23,28.0,84,990.2,59.04,100,2,0.1,2023,6,26,8,1,0
2,24.2,43,960.9,34.92,15,0,0.0,2006,10,26,20,4,1
19,27.6,69,981.0,83.88,15,0,0.0,2014,6,28,7,2,0
28,28.1,72,1009.9,10.44,59,0,0.0,2005,12,14,11,6,3
23,26.2,42,1001.3,21.96,100,1,0.0,2001,12,21,17,0,3
41,26.0,74,1006.5,38.88,1,0,0.0,2014,10,11,7,2,1
20,26.2,34,1005.9,49.68,0,0,0.0,2011,1,31,12,1,3
10,31.7,12,986.0,19.44,0,0,0.0,2004,3,7,19,3,2
39,29.0,51,945.2,23.4,7,0,0.0,2006,11,25,14,2,1
42,25.4,85,1013.1,5.4,79,1,0.0,1996,2,26,21,1,3
37,37.4,36,984.6,95.4,0,0,0.0,2024,5,29,17,6,2
25,29.5,50,949.2,33.84,33,0,0.0,2023,11,22,13,6,1
44,24.1,97,941.3,15.48,100,1,0.0,2024,7,10,5,6,0
37,27.1,72,993.8,75.24,43,0,0.0,2002,5,26,7,3,2
13,17.7,73,931.4,23.4,21,0,0.0,2015,3,6,5,0,2
7,22.8,55,911.3,26.64,100,1,0.0,2016,10,21,21,0,1
40,34.8,26,959.8,19.8,1,0,0.0,2021,4,27,10,5,2
20,22.5,49,1000.0,32.04,0,0,0.0,1997,12,8,19,1,3
3,24.4,23,967.9,31.32,0,0,0.0,2012,3,6,23,5,2
2,18.9,72,958.4,30.24,3,0,0.0,2011,11,5,6,2,1
10,23.7,35,981.7,34.56,0,0,0.0,2000,10,21,1,2,1
10,11.1,42,987.5,39.24,0,0,0.0,1996,11,28,5,4,1
31,25.5,47,929.4,28.8,33,0,0.0,1999,12,17,17,0,3
21,23.9,89,958.8,28.8,90,1,0.0,2010,7,8,22,4,0
26,25.6,88,1010.7,23.76,99,2,0.4,2004,8,7,9,2,0
7,18.3,97,914.2,31.68,99,1,0.0,2004,11,15,1,1,1
29,33.3,60,1005.7,51.48,99,1,0.0,2014,4,23,14,6,2
19,15.6,46,990.1,58.32,20,0,0.0,1996,2,29,5,4,3
12,23.2,38,988.1,30.6,60,1,0.0,2008,12,15,16,1,3
1,26.7,86,993.7,20.88,100,1,0.0,2015,7,21,4,5,0
25,25.1,84,942.0,59.76,100,2,0.2,1996,7,12,13,0,0
40,26.5,68,959.9,48.24,69,1,0.0,2011,9,20,10,5,1
7,21.8,93,908.8,55.44,100,2,0.1,2024,9,24,21,5,1
17,19.3,100,897.1,70.56,100,2,1.5,2020,8,2,22,3,0
36,25.7,70,947.2,57.24,69,2,0.1,2004,8,30,16,1,0
7,21.5,82,908.6,62.28,100,1,0.0,2003,8,6,21,6,0
2,28.4,61,948.6,45.72,100,1,0.0,2007,8,19,19,3,0
42,25.0,92,1007.0,45.72,99,2,0.6,1996,6,6,2,4,0
42,23.8,94,1006.1,64.08,100,2,2.7,2022,8,2,0,5,0
20,20.3,48,1005.1,24.84,27,0,0.0,2015,11,30,3,1,1
40,27.4,82,954.0,39.96,100,1,0.0,2007,6,9,21,2,0
25,22.4,71,952.5,21.96,67,1,0.0,2003,1,9,23,4,3
11,28.2,20,901.8,53.64,79,1,0.0,2008,3,11,11,5,2
28,22.4,94,1009.1,14.76,100,1,0.0,1996,11,21,5,4,1
10,27.8,48,980.8,64.08,35,0,0.0,2008,10,7,5,5,1
43,24.5,92,1006.2,29.52,68,1,0.0,2010,8,11,5,6,0
1,32.3,60,995.0,51.84,100,1,0.0,2016,6,25,19,2,0
35,24.6,61,968.6,19.44,35,0,0.0,2024,11,7,19,4,1
25,23.1,95,946.4,26.64,98,2,0.2,2021,6,5,20,2,0
6,28.5,31,987.0,44.64,97,1,0.0,1996,3,15,21,0,2
20,26.6,90,997.0,23.76,11,0,0.0,2016,5,13,7,0,2
9,28.9,78,1002.7,40.32,64,1,0.0,2001,7,26,11,4,0
34,20.2,51,989.3,33.12,0,0,0.0,2010,12,3,17,0,3
10,32.7,34,972.9,92.88,0,0,0.0,2009,6,23,3,5,0
6,28.0,78,977.8,65.52,100,1,0.0,2018,7,24,7,5,0
21,25.5,41,963.0,24.12,97,1,0.0,2025,2,7,22,0,3
36,22.7,94,945.6,66.96,100,2,0.3,2005,9,14,23,6,1
8,22.6,31,1009.7,44.64,0,0,0.0,2000,2,13,19,3,3
39,22.0,68,946.5,26.28,0,0,0.0,2010,2,26,0,0,3
29,33.8,53,1006.1,33.48,3,0,0.0,2012,4,14,12,2,2
10,19.8,81,982.9,30.24,85,1,0.0,2009,3,29,7,3,2
33,20.4,48,947.4,22.32,0,0,0.0,2016,12,23,20,0,3
0,34.4,52,973.4,19.44,93,1,0.0,2016,6,22,14,6,0
40,19.7,98,959.6,18.72,35,0,0.0,1997,12,14,4,3,3
34,23.5,62,991.2,28.44,99,1,0.0,2011,11,23,18,6,1
16,25.7,75,955.1,44.64,62,1,0.0,1996,11,8,14,0,1
1,25.6,16,1007.4,64.8,0,0,0.0,2018,12,26,15,6,3
32,28.6,63,968.6,52.2,100,1,0.0,2000,6,22,11,4,0
17,23.8,87,898.5,46.8,100,2,0.2,2019,5,26,9,3,2
46,20.3,99,926.3,14.04,100,1,0.0,2002,9,27,2,0,1
38,26.7,83,1003.1,10.44,3,0,0.0,1996,4,15,21,1,2
10,33.0,17,983.1,44.64,49,0,0.0,2017,3,22,19,6,2
25,20.5,55,953.9,30.24,0,0,0.0,2009,1,16,1,0,3
7,19.7,94,908.0,35.28,94,1,0.0,1999,5,17,6,1,2
26,30.2,35,1012.5,33.12,16,0,0.0,2006,12,29,11,0,3
15,21.2,94,939.7,41.04,100,1,0.0,2006,8,30,5,6,0
9,21.8,42,1007.9,25.56,0,0,0.0,2018,1,25,18,4,3
17,13.6,83,897.1,20.88,22,0,0.0,2013,12,31,3,5,3
31,26.9,65,928.4,62.64,75,1,0.0,1997,6,12,10,4,0
13,29.3,47,930.7,50.76,7,0,0.0,2003,5,6,10,5,2
19,27.2,56,982.2,18.36,11,0,0.0,2004,9,24,4,0,1
19,17.6,63,990.6,44.64,0,0,0.0,2003,1,28,21,5,3
30,18.6,82,1010.5,36.72,89,1,0.0,2008,1,31,1,4,3
33,34.1,38,943.5,48.96,56,2,0.1,2016,6,1,16,6,0
7,25.5,35,912.9,48.96,0,0,0.0,2007,1,7,16,3,3
5,23.3,24,945.6,32.04,31,0,0.0,2000,12,29,18,0,3
13,21.3,94,926.6,63.72,100,1,0.0,2007,8,30,7,4,0
19,28.0,19,975.4,41.04,0,0,0.0,2002,5,6,6,1,2
38,27.9,82,1001.5,34.2,98,1,0.0,2019,10,4,17,0,1
40,26.0,39,960.2,61.92,0,0,0.0,2020,11,25,21,6,1
26,25.9,89,1010.6,20.52,14,0,0.0,2025,3,23,6,3,2
5,22.8,32,943.9,23.76,0,0,0.0,2017,4,30,5,3,2
16,30.8,60,947.4,57.24,89,2,0.4,2010,6,22,17,5,0
17,21.6,76,896.3,38.88,89,2,0.3,1999,9,1,16,6,1
11,19.9,97,896.7,39.6,100,1,0.0,2002,10,12,3,2,1
9,27.9,76,999.1,66.24,65,1,0.0,2002,8,12,20,1,0
5,20.7,73,940.2,26.64,46,0,0.0,2010,10,9,0,2,1
46,21.1,100,929.8,10.44,84,2,0.9,2023,10,8,22,3,1
39,26.4,58,945.9,21.24,18,0,0.0,2014,11,8,17,2,1
27,34.2,31,982.6,8.64,2,0,0.0,2012,10,6,12,2,1
4,28.3,78,992.6,19.08,100,2,0.2,2006,8,15,16,5,0
3,24.3,56,976.6,12.96,8,0,0.0,2002,2,14,20,4,3
21,31.6,42,957.5,22.32,100,1,0.0,2003,10,10,13,0,1
19,10.8,44,988.9,33.12,0,0,0.0,2008,2,16,5,2,3
27,28.2,22,978.7,37.44,0,0,0.0,2004,5,1,23,2,2
33,22.8,95,941.0,55.08,100,1,0.0,2003,7,10,20,4,0
16,17.1,94,958.6,35.64,0,0,0.0,2000,1,27,7,4,3
13,20.6,30,929.8,46.44,79,1,0.0,2017,2,27,5,1,3
44,32.6,24,949.1,47.88,82,1,0.0,2024,4,13,11,2,2
39,21.4,46,949.1,39.96,0,0,0.0,2013,1,21,23,1,3
1,22.8,69,1005.0,28.44,90,1,0.0,2015,10,2,6,0,1
15,27.6,31,944.5,58.32,0,0,0.0,2011,2,6,11,3,3
12,26.4,55,980.5,28.8,3,0,0.0,2016,5,8,3,3,2
25,25.9,22,953.0,38.88,0,0,0.0,2019,2,9,12,2,3
17,17.9,99,895.8,8.28,100,1,0.0,2014,6,27,3,0,0
46,22.6,99,928.6,26.28,99,1,0.0,2015,5,1,23,0,2
19,34.7,17,984.5,59.4,0,0,0.0,2002,10,21,16,1,1
5,22.6,92,939.4,39.6,100,1,0.0,2022,8,2,3,5,0
10,25.5,43,983.3,33.48,41,0,0.0,2013,4,9,8,5,2
37,32.6,56,990.2,52.92,52,2,0.1,1997,7,24,12,4,0
18,20.7,22,961.6,43.2,89,1,0.0,2003,3,10,21,1,2
38,31.3,60,1002.8,56.52,8,0,0.0,2019,5,8,12,6,2
26,27.4,69,1010.4,19.44,76,1,0.0,1999,2,27,9,2,3
8,34.8,25,1008.9,11.52,0,0,0.0,2025,3,25,10,5,2
33,19.4,69,947.8,36.36,93,1,0.0,2004,11,1,6,1,1
20,23.2,98,996.7,13.68,99,1,0.0,2017,9,10,1,3,1
30,23.0,84,1012.1,12.96,0,0,0.0,2020,3,2,8,1,2
8,28.9,31,1013.7,44.64,13,0,0.0,2002,2,26,10,5,3
17,19.0,99,898.6,37.8,98,1,0.0,2020,11,6,1,0,1
23,26.3,88,987.5,26.64,100,2,0.2,2009,7,3,0,0,0
10,34.3,27,984.5,34.92,2,0,0.0,2014,10,1,19,6,1
45,24.3,90,986.0,20.52,35,0,0.0,2010,11,9,22,5,1
8,27.8,81,1003.3,46.08,10,0,0.0,2002,5,22,5,6,2
23,23.6,82,991.1,25.56,57,0,0.0,2007,10,9,2,5,1
37,25.1,93,988.5,38.88,98,1,0.0,2020,8,28,6,0,0
10,15.7,37,982.5,42.48,21,0,0.0,2009,11,12,0,4,1
14,28.2,84,980.2,33.12,92,2,0.6,2006,7,25,6,5,0
32,40.9,15,973.0,31.32,0,0,0.0,2003,4,17,13,4,2
7,26.5,30,915.6,55.44,0,0,0.0,2026,2,6,17,0,3
27,31.5,58,975.3,29.88,15,0,0.0,2022,9,17,13,2,1
18,13.6,95,968.9,28.44,100,1,0.0,2014,1,22,20,6,3
38,27.1,79,1000.2,84.6,38,2,0.3,2018,8,1,10,6,0
29,28.5,73,1004.9,42.84,18,0,0.0,2006,6,12,16,1,0
5,19.4,70,947.2,33.12,5,0,0.0,2014,11,8,7,2,1
17,18.2,96,894.9,40.68,8,0,0.0,2020,8,18,3,5,0
6,11.0,40,992.2,36.0,0,0,0.0,2011,12,19,5,1,3
14,17.2,71,992.7,50.76,67,2,0.4,2000,2,4,11,0,3
17,18.6,99,896.1,6.84,95,1,0.0,2012,5,16,5,6,2
46,31.7,34,928.4,25.2,5,0,0.0,2015,3,27,14,0,2
42,25.0,90,1010.7,60.12,97,2,0.4,2012,8,2,21,4,0
8,25.0,91,1005.1,36.36,5,0,0.0,2022,8,26,23,0,0
29,27.5,81,1005.0,34.56,85,1,0.0,2011,5,13,3,0,2
33,22.5,94,944.5,45.36,100,1,0.0,2024,8,10,0,2,0
33,28.0,32,950.9,30.96,0,0,0.0,2005,2,11,18,0,3
8,25.9,46,1007.2,22.32,0,0,0.0,2005,3,23,9,6,2
4,38.8,27,994.6,65.16,1,0,0.0,2022,5,12,18,4,2
14,14.7,76,993.6,15.84,86,1,0.0,2015,3,2,23,1,2
0,25.6,60,981.6,23.76,6,0,0.0,1996,11,13,18,6,1
14,18.3,43,996.7,36.72,0,0,0.0,2008,11,20,19,4,1
15,25.5,77,938.9,91.8,83,2,0.4,1997,6,24,10,5,0
9,28.4,81,998.2,45.72,83,1,0.0,2002,6,19,2,6,0
17,24.0,70,899.6,26.64,94,2,0.2,2025,11,10,12,1,1
45,26.9,64,974.8,46.44,66,1,0.0,2009,8,5,5,6,0
12,27.0,90,975.9,35.64,98,2,0.2,2011,8,14,0,3,0
38,24.4,96,1002.6,18.72,100,2,0.2,1999,8,16,0,1,0
32,31.9,58,970.6,38.16,25,0,0.0,2017,9,27,13,6,1
7,26.9,66,915.2,26.28,24,2,0.1,2023,4,6,9,4,2
31,24.2,59,929.9,36.36,79,1,0.0,2006,10,22,19,3,1
3,12.8,87,972.6,23.04,0,0,0.0,2001,1,2,1,5,3
38,24.6,94,995.3,57.96,100,2,1.8,1996,7,16,1,5,0
8,28.5,73,1006.1,54.72,35,0,0.0,2003,8,17,10,3,0
37,25.6,94,990.1,34.56,100,2,0.3,1998,8,27,8,4,0
42,24.4,89,1010.8,22.32,85,1,0.0,2014,10,29,6,6,1
13,19.1,59,931.0,28.08,16,0,0.0,2011,11,16,3,6,1
15,21.8,98,935.9,54.72,100,1,0.0,2023,7,4,4,5,0
23,38.5,24,990.6,75.96,38,0,0.0,2003,5,22,9,4,2
2,25.7,74,945.4,48.96,98,1,0.0,1999,7,22,1,4,0
14,13.0,80,995.5,29.52,28,0,0.0,2014,12,13,22,2,3
37,16.4,85,996.2,31.68,0,0,0.0,2000,2,11,3,0,3
35,18.0,60,970.4,10.08,20,0,0.0,1998,12,7,3,1,3
43,26.0,86,1004.8,25.2,0,0,0.0,2024,9,18,18,6,1
1,24.3,96,994.6,30.6,100,1,0.0,2013,8,14,4,6,0
39,32.5,19,946.4,46.08,97,1,0.0,2025,2,13,17,4,3
13,28.0,62,933.2,77.4,2,0,0.0,2024,3,10,19,3,2
32,26.5,58,981.4,7.92,78,1,0.0,2019,12,14,12,2,3
30,30.8,64,1011.0,13.68,12,0,0.0,2025,4,21,9,1,2
25,21.1,66,948.6,21.24,59,0,0.0,2012,12,24,2,1,3
21,29.0,30,959.5,34.92,74,1,0.0,2001,4,8,0,3,2
4,38.8,18,996.9,27.72,17,0,0.0,1998,5,16,19,2,2
15,19.0,53,941.6,28.08,0,0,0.0,2006,1,19,5,4,3
10,14.4,44,989.5,39.6,73,1,0.0,2001,1,10,19,6,3
28,28.9,78,1008.7,11.88,12,0,0.0,2015,3,29,21,3,2
14,30.7,41,982.7,58.32,27,0,0.0,2018,5,2,19,6,2
22,24.9,82,979.5,37.44,54,0,0.0,2011,9,26,7,1,1
0,24.0,87,976.5,17.28,97,2,0.1,2020,7,24,6,0,0
37,31.9,20,997.0,5.04,0,0,0.0,2001,2,22,13,4,3
1,26.6,85,994.2,40.32,100,1,0.0,2016,8,2,2,5,0
24,29.1,71,1009.2,18.72,27,0,0.0,2007,11,24,13,2,1
45,23.8,95,978.6,28.8,100,1,0.0,2007,9,30,23,3,1
29,26.5,86,1007.7,25.56,100,1,0.0,2014,5,19,10,1,2
11,19.5,95,895.9,42.12,100,1,0.0,1999,8,1,6,3,0
31,27.0,31,928.6,27.36,34,0,0.0,2011,1,11,13,5,3
17,18.5,98,898.8,18.0,100,1,0.0,2016,8,9,0,5,0
18,21.0,42,970.9,9.36,0,0,0.0,2025,12,17,10,6,3
33,26.7,77,941.5,73.08,100,2,0.3,2022,8,21,13,3,0
33,37.4,17,947.7,13.32,27,0,0.0,2020,4,16,12,4,2
24,25.4,89,1012.7,23.04,12,0,0.0,2021,2,13,22,2,3
24,24.0,60,1014.2,20.88,0,0,0.0,2019,1,22,8,5,3
35,19.4,75,969.1,18.72,9,0,0.0,2020,12,15,6,5,3
42,25.9,85,1008.8,16.2,97,1,0.0,2018,4,23,0,1,2
31,27.5,64,926.5,49.32,72,2,0.4,2006,5,17,18,6,2
6,11.9,73,994.4,57.96,0,0,0.0,2001,1,4,2,4,3
24,26.7,74,1010.9,13.68,53,0,0.0,2014,2,4,9,5,3
23,25.7,84,989.8,28.08,100,1,0.0,2010,7,27,8,5,0
20,20.7,43,1005.9,24.12,0,0,0.0,2016,2,5,9,0,3
27,32.0,34,982.1,25.56,2,0,0.0,2012,10,9,10,5,1
15,22.5,91,941.2,26.28,95,1,0.0,2001,4,14,2,2,2
46,22.2,90,923.0,45.72,100,2,0.4,2025,7,23,14,6,0
19,25.4,35,986.2,20.52,91,1,0.0,2013,11,26,18,5,1
38,25.9,86,1002.2,27.36,6,0,0.0,2022,4,19,1,5,2
13,34.7,37,927.5,34.92,45,2,1.1,2002,5,7,14,5,2
18,33.2,50,951.1,22.32,22,0,0.0,2017,6,18,19,3,0
2,19.4,63,954.1,25.92,0,0,0.0,2001,4,21,4,2,2
29,23.9,94,1005.5,52.2,99,2,0.3,1996,8,13,22,5,0
12,39.7,18,982.6,10.44,0,0,0.0,2017,5,8,11,1,2
45,23.2,82,980.1,31.32,42,0,0.0,2006,3,14,2,5,2
40,24.2,83,953.7,53.64,100,2,0.4,2000,6,28,23,6,0
46,28.9,55,925.2,46.8,29,0,0.0,2019,11,27,14,6,1
0,27.1,80,975.7,11.52,100,1,0.0,2006,9,1,19,0,1
11,22.0,50,898.8,9.72,15,0,0.0,2000,2,14,21,1,3
20,31.3,25,999.8,29.88,0,0,0.0,2015,2,18,17,6,3
9,27.6,83,1004.1,25.92,71,1,0.0,1998,9,6,23,3,1
6,32.6,10,986.0,34.92,0,0,0.0,2009,3,5,18,4,2
36,24.7,73,946.9,25.92,0,0,0.0,2000,4,27,22,4,2
32,14.5,84,979.7,25.92,99,1,0.0,2007,12,1,5,2,3
33,26.2,80,940.2,101.88,99,2,0.4,2025,6,20,14,0,0
33,25.4,79,938.1,59.76,100,1,0.0,2012,7,9,15,1,0
24,24.4,93,1007.0,20.16,99,2,0.1,2011,6,27,4,1,0
1,34.3,52,999.1,29.52,19,0,0.0,2010,10,18,13,1,1
1,28.8,50,1001.7,40.68,93,1,0.0,2006,4,16,9,3,2
46,22.8,94,927.1,29.52,75,1,0.0,2002,5,10,19,0,2
43,30.3,63,1007.5,45.72,63,2,0.5,2007,3,21,14,6,2
6,17.6,33,989.3,36.36,0,0,0.0,2023,2,5,2,3,3
39,22.9,86,946.9,23.04,80,1,0.0,2006,4,15,7,2,2
9,27.6,78,1003.4,50.4,18,0,0.0,2010,5,31,5,1,2
10,23.3,23,989.7,37.44,0,0,0.0,2003,11,2,22,3,1
35,25.4,36,967.6,29.52,100,1,0.0,2003,12,14,17,3,3
16,32.4,38,949.5,33.12,100,1,0.0,2013,5,15,8,6,2
46,30.5,36,928.1,39.6,2,0,0.0,2023,10,20,13,0,1
21,23.9,97,951.8,55.44,100,2,2.5,2025,5,25,21,3,2
1,38.8,32,997.5,43.56,4,0,0.0,2011,5,24,16,5,2
42,27.9,73,1007.2,34.92,58,2,0.9,2009,3,16,14,1,2
23,36.4,37,987.6,47.52,100,1,0.0,2005,6,23,14,4,0
32,25.4,84,968.6,23.04,97,1,0.0,2007,7,21,6,2,0
24,26.4,83,1009.2,25.2,91,2,0.1,2006,9,9,9,2,1
27,26.1,42,982.6,26.28,0,0,0.0,2007,12,25,17,5,3
6,18.6,29,996.1,37.08,0,0,0.0,2015,2,6,10,0,3
26,26.0,89,1006.8,27.72,100,1,0.0,2015,5,10,7,3,2
33,36.5,19,947.5,30.6,73,1,0.0,2021,4,25,11,3,2
34,28.5,56,982.7,6.48,0,0,0.0,2017,10,7,21,2,1
2,25.7,24,963.1,38.16,0,0,0.0,2018,1,31,11,6,3
32,27.1,82,966.4,41.04,87,1,0.0,2012,9,10,15,1,1
46,26.6,80,928.0,6.48,100,1,0.0,2015,5,6,10,6,2
27,29.7,50,977.5,12.96,8,0,0.0,2025,5,7,10,6,2
43,30.6,71,1010.3,25.56,56,0,0.0,2015,4,11,11,2,2
44,15.4,48,950.9,21.24,0,0,0.0,2016,12,23,0,0,3
24,24.6,87,1007.3,13.32,32,0,0.0,2013,12,11,2,6,3
41,25.0,64,1005.9,64.44,0,0,0.0,2000,3,13,18,1,2
10,19.4,46,992.8,36.0,0,0,0.0,1997,12,5,12,0,3
32,19.6,84,980.5,23.4,52,0,0.0,1997,12,25,21,4,3
8,29.6,63,1012.0,34.92,100,1,0.0,2015,11,24,10,5,1
35,30.8,29,963.8,27.36,2,0,0.0,2021,4,16,19,0,2
19,32.3,58,975.5,70.2,82,1,0.0,2020,7,8,19,6,0
30,29.2,78,1010.4,3.6,40,0,0.0,2000,10,6,10,0,1
27,26.1,92,977.3,15.12,100,1,0.0,2022,7,27,21,6,0
5,26.8,40,944.5,28.8,53,0,0.0,2010,2,9,17,5,3
46,20.9,93,927.9,16.92,42,2,0.1,2023,1,25,20,6,3
4,20.6,64,1012.8,34.92,76,1,0.0,2013,12,26,9,4,3
39,24.6,85,947.6,12.24,100,2,2.1,2011,4,10,18,3,2
31,22.8,78,929.3,23.4,89,1,0.0,2010,4,8,6,4,2
25,23.3,78,949.1,27.36,4,0,0.0,2013,3,8,4,0,2
24,27.2,88,1007.9,31.68,94,1,0.0,2019,7,7,0,3,0
46,24.9,61,921.7,10.44,38,0,0.0,2010,12,7,15,5,3
38,31.7,38,1000.5,5.04,5,0,0.0,2004,11,6,15,2,1
13,24.0,59,933.9,31.68,0,0,0.0,2018,11,10,8,2,1
18,25.7,88,952.2,28.8,68,1,0.0,2000,7,3,6,1,0
20,18.3,55,1007.2,25.92,0,0,0.0,2005,1,13,9,4,3
38,30.0,72,1000.1,23.04,42,2,0.3,2008,6,3,10,5,0
32,31.6,32,974.0,26.64,98,1,0.0,2008,10,22,14,6,1
7,20.5,97,906.8,24.48,100,2,0.3,1999,5,15,0,2,2
9,25.0,60,1012.0,8.64,64,1,0.0,2023,12,28,22,4,3
31,23.3,80,925.0,73.08,100,2,0.1,2007,7,13,17,0,0
36,29.1,39,953.0,16.2,6,0,0.0,2014,2,26,10,6,3
25,24.2,87,941.6,52.92,93,1,0.0,2012,7,10,17,5,0
10,32.8,39,981.6,83.52,0,0,0.0,2018,9,14,11,0,1
22,26.9,85,976.3,22.68,100,1,0.0,2014,9,12,19,0,1
43,24.5,94,1003.0,32.04,100,2,0.4,1997,6,28,19,2,0
9,31.9,38,1005.1,11.52,0,0,0.0,2015,3,31,15,5,2
29,24.5,93,1004.7,58.68,100,2,1.2,2017,7,18,4,5,0
6,32.5,51,982.0,96.12,0,0,0.0,2019,5,28,0,5,2
22,21.1,50,984.3,26.64,0,0,0.0,2019,2,10,19,3,3
37,26.5,87,986.1,26.28,93,1,0.0,2006,6,28,3,6,0
15,31.0,51,939.9,24.12,19,0,0.0,2022,5,25,14,6,2
5,22.7,90,939.7,25.2,99,1,0.0,2015,8,8,4,2,0
31,17.9,59,930.5,24.84,84,1,0.0,2002,12,19,8,4,3
37,27.5,50,997.4,22.32,0,0,0.0,2020,4,4,8,2,2
15,22.6,92,939.2,56.16,100,1,0.0,2022,6,13,20,1,0
28,24.8,94,1008.7,5.4,99,1,0.0,2017,8,16,7,6,0
24,27.3,83,1010.1,30.6,76,2,0.1,2020,8,31,9,1,0
33,31.9,28,950.0,9.36,9,0,0.0,2009,3,14,12,2,2
31,23.6,83,928.6,16.92,95,1,0.0,1997,5,8,23,4,2
29,23.7,96,1005.7,6.48,72,1,0.0,1996,10,11,4,0,1
1,31.5,41,1004.1,61.92,6,0,0.0,2022,12,13,16,5,3
4,26.6,95,993.5,19.44,100,2,1.5,2007,6,30,3,2,0
5,33.5,16,946.3,16.2,0,0,0.0,2008,3,6,16,4,2
27,25.1,51,982.2,26.64,25,0,0.0,2016,10,15,21,2,1
27,36.7,41,970.2,12.24,26,0,0.0,2017,6,24,12,2,0
24,25.6,91,1011.4,6.48,100,2,0.4,2012,9,30,9,3,1
11,18.5,95,897.5,30.96,99,1,0.0,2003,9,15,5,1,1
24,26.7,85,1011.0,10.44,23,0,0.0,2013,2,20,21,6,3
42,25.1,94,1009.7,15.48,95,1,0.0,2017,11,10,21,0,1
46,19.4,99,924.3,15.48,98,1,0.0,2001,9,1,4,2,1
31,25.2,63,929.1,40.68,97,1,0.0,2001,10,3,10,6,1
37,27.6,67,995.5,46.8,15,0,0.0,1996,9,24,22,5,1
43,30.7,73,1007.5,20.16,88,1,0.0,2014,5,19,11,1,2
10,24.3,84,983.0,27.0,25,0,0.0,2003,9,30,7,5,1
14,23.7,42,991.5,19.44,0,0,0.0,2021,11,19,13,0,1
21,29.0,61,953.3,111.24,97,2,0.1,2019,7,6,12,2,0
14,33.5,66,978.8,17.64,66,2,0.1,2018,7,1,12,3,0
1,23.2,31,1000.9,37.08,0,0,0.0,2012,2,28,20,5,3
0,24.8,85,976.0,38.88,100,1,0.0,2003,9,5,0,0,1
32,24.4,95,968.7,25.2,100,2,0.2,2003,8,11,2,1,0
43,23.8,97,1005.8,25.2,100,2,2.1,2024,7,26,2,0,0
6,26.2,21,992.5,32.04,91,1,0.0,2026,1,16,13,0,3
6,26.2,91,980.6,43.56,67,1,0.0,2015,8,15,3,2,0
9,28.5,76,1000.0,44.28,60,1,0.0,2001,7,22,10,3,0
34,25.8,33,989.3,47.52,0,0,0.0,1998,11,27,15,0,1
2,26.8,27,956.2,43.2,0,0,0.0,2016,4,10,23,3,2
46,20.0,98,927.4,15.48,100,1,0.0,2001,7,29,23,3,0
44,10.6,82,951.8,29.52,0,0,0.0,1999,12,28,4,5,3
33,25.2,43,946.2,23.4,2,0,0.0,2015,2,24,20,5,3
3,32.6,26,969.3,6.84,0,0,0.0,2001,2,4,14,3,3
13,20.8,97,925.9,31.68,100,1,0.0,2004,7,18,5,3,0
24,26.2,88,1007.3,9.36,35,0,0.0,2013,3,26,2,5,2
0,21.8,53,981.7,19.44,50,0,0.0,2008,12,4,4,4,3
0,23.5,83,978.4,22.68,11,0,0.0,2002,9,29,3,3,1
5,24.4,60,947.3,6.48,31,0,0.0,2019,12,15,18,3,3
43,26.4,84,1007.3,51.84,97,2,0.3,2018,8,7,12,5,0
23,24.6,90,992.8,46.08,100,2,0.4,2002,7,24,6,6,0
8,15.9,55,1012.4,30.6,0,0,0.0,2004,2,12,5,4,3
27,16.8,58,983.3,24.48,0,0,0.0,2022,12,20,23,5,3
42,24.0,94,1006.3,39.6,89,2,0.1,2024,9,24,4,5,1
39,23.5,79,943.6,60.84,85,1,0.0,2009,10,5,17,1,1
17,26.1,46,898.9,59.76,94,1,0.0,2020,2,10,16,1,3
14,35.2,27,978.9,28.8,49,2,1.2,1996,5,14,18,5,2
21,23.5,81,957.9,23.04,100,1,0.0,2012,9,19,0,6,1
20,36.9,28,996.1,57.24,1,0,0.0,1998,3,28,17,2,2
33,23.1,90,944.0,47.52,100,2,0.5,2024,9,28,18,2,1
3,23.8,85,965.8,23.04,72,1,0.0,2011,9,12,0,1,1
3,27.2,80,963.7,41.04,14,0,0.0,2000,6,2,7,0,0
42,26.4,79,1008.7,5.04,87,1,0.0,2014,3,28,2,0,2
28,25.3,76,1011.9,8.28,0,0,0.0,2009,2,7,8,2,3
10,15.2,75,995.1,14.4,0,0,0.0,2001,12,13,9,4,3
2,15.0,52,962.2,29.88,0,0,0.0,2003,1,1,18,6,3
24,25.0,79,1009.8,15.48,0,0,0.0,2006,2,16,1,4,3
38,26.5,82,997.1,26.64,49,0,0.0,2015,9,19,18,2,1
24,26.4,93,1011.8,10.44,93,2,0.1,2018,9,24,21,1,1
23,25.0,90,990.2,16.92,48,0,0.0,2010,9,10,3,0,1
11,25.5,31,901.2,27.0,52,0,0.0,1996,12,1,12,3,3
4,26.2,39,1009.2,34.92,18,0,0.0,2006,1,4,13,6,3
7,21.0,95,910.7,15.84,95,2,0.1,2021,10,4,23,1,1
44,24.6,88,940.0,65.52,98,1,0.0,2013,6,27,7,4,0
7,22.6,79,912.6,26.28,70,2,1.8,2009,11,21,16,2,1
17,20.1,99,894.5,5.4,100,1,0.0,2013,5,4,0,2,2
4,35.7,51,993.8,56.88,95,1,0.0,2007,6,15,14,0,0
11,13.2,89,900.0,18.36,6,0,0.0,1999,1,17,6,3,3
45,30.3,62,972.7,66.24,6,0,0.0,2001,5,3,1,4,2
18,24.2,54,959.4,41.76,14,0,0.0,2016,10,11,22,5,1
5,36.6,19,946.8,30.96,3,0,0.0,2004,4,21,11,6,2
21,25.1,49,964.1,25.56,2,0,0.0,2014,1,6,10,1,3
37,23.6,84,996.1,41.04,21,0,0.0,2009,3,30,1,1,2
31,20.4,92,930.0,37.08,8,0,0.0,2003,9,20,0,2,1
44,27.1,76,944.4,6.84,79,2,0.4,1998,9,8,21,5,1
2,21.2,54,961.2,32.04,27,0,0.0,2019,2,4,18,1,3
21,28.4,47,962.4,51.84,1,0,0.0,2019,11,27,12,6,1
28,24.6,93,1011.6,16.56,100,1,0.0,2006,10,13,7,0,1
41,27.0,85,1002.0,104.4,93,2,0.9,2013,6,28,11,0,0
37,27.0,76,989.0,51.48,99,1,0.0,2021,8,6,21,0,0
40,33.2,24,959.6,61.2,98,1,0.0,2024,1,22,16,1,3
46,20.6,93,929.5,37.8,64,1,0.0,2013,11,7,7,4,1
30,32.6,62,1006.9,59.76,70,1,0.0,2004,6,1,14,5,0
20,27.0,86,994.6,73.8,75,2,2.5,2019,7,25,13,4,0
7,23.6,69,907.7,24.84,100,1,0.0,2022,5,9,0,1,2
28,32.7,40,1006.7,54.36,0,0,0.0,2023,2,23,14,4,3
21,22.9,86,956.6,52.92,100,1,0.0,2016,8,9,6,5,0
38,24.9,96,997.5,9.0,100,1,0.0,1998,10,9,4,0,1
34,16.9,56,990.4,28.8,0,0,0.0,1999,11,16,2,5,1
0,26.2,85,972.6,62.64,100,3,5.1,2024,8,4,16,3,0
37,28.8,30,1000.4,43.92,0,0,0.0,2018,11,29,17,4,1
16,19.1,87,956.9,41.4,66,1,0.0,2024,1,4,0,4,3
33,26.9,41,947.6,5.76,0,0,0.0,1997,5,3,8,2,2
25,27.9,71,943.6,46.8,99,2,0.5,2021,7,7,14,6,0
46,23.9,51,929.5,34.92,7,0,0.0,1999,12,31,10,0,3
20,25.0,49,1000.6,33.12,0,0,0.0,2002,3,21,22,4,2
11,19.9,92,895.9,60.12,100,2,0.1,2014,7,16,19,6,0
33,19.0,97,944.8,37.8,21,0,0.0,1998,10,20,1,5,1
5,25.9,40,946.0,27.36,95,1,0.0,2021,4,21,7,6,2
12,25.1,80,980.3,39.6,5,0,0.0,2005,9,27,0,5,1
31,25.2,75,928.9,41.04,43,0,0.0,2008,4,22,8,5,2
14,27.6,78,982.4,23.04,1,0,0.0,1997,8,31,0,3,0
22,27.5,70,974.7,74.16,100,1,0.0,2003,7,28,9,1,0
5,22.7,97,938.8,23.4,94,1,0.0,2019,8,30,4,0,0
6,27.2,24,986.8,48.96,12,0,0.0,2006,3,12,20,3,2
36,23.8,29,950.4,32.4,0,0,0.0,2020,2,27,21,4,3
44,32.9,17,948.3,33.12,0,0,0.0,2006,3,19,15,3,2
39,22.2,90,946.3,37.8,99,2,0.3,2021,8,12,6,4,0
26,31.3,46,1011.8,22.32,32,0,0.0,2013,2,5,11,5,3
22,30.4,62,972.9,88.56,99,1,0.0,2020,8,9,10,3,0
24,25.9,86,1008.8,12.96,85,1,0.0,2000,4,1,9,2,2
43,29.5,66,1005.2,20.16,77,1,0.0,1997,11,15,15,2,1
42,26.7,79,1008.0,77.4,97,1,0.0,2001,6,30,13,2,0
45,24.3,94,972.0,60.84,100,2,2.0,2024,9,1,0,3,1
42,23.8,92,1010.4,3.96,100,1,0.0,2000,1,12,23,6,3
4,23.2,50,1003.5,14.4,0,0,0.0,2008,4,16,7,6,2
15,25.8,34,943.1,38.52,0,0,0.0,2017,1,31,20,5,3
16,22.9,84,945.3,93.6,100,1,0.0,2013,7,24,7,6,0
13,28.5,48,929.9,54.0,87,1,0.0,2002,10,28,12,1,1
4,26.0,90,1004.5,30.96,11,0,0.0,2001,10,12,2,0,1
20,36.5,33,1001.3,51.48,0,0,0.0,2009,5,3,11,3,2
6,36.0,44,977.0,104.76,100,1,0.0,2022,6,29,11,6,0
3,27.3,39,975.0,9.36,0,0,0.0,2016,12,5,16,1,3
31,20.2,98,928.1,21.96,99,1,0.0,2011,9,30,6,0,1
4,25.4,31,1014.2,59.04,0,0,0.0,2015,3,9,10,1,2
46,19.9,98,927.7,7.92,100,1,0.0,2024,12,9,7,1,3
43,24.2,96,1008.6,11.16,100,2,0.7,2022,6,27,22,1,0
35,34.6,36,962.2,52.56,73,1,0.0,2006,6,7,12,6,0
13,18.2,84,928.9,23.76,59,0,0.0,2000,2,25,3,0,3
33,23.2,96,941.1,24.48,85,2,0.1,2019,6,26,4,6,0
21,24.1,39,964.1,29.52,0,0,0.0,2017,2,18,21,2,3
23,26.5,43,999.2,23.76,9,0,0.0,2025,1,14,18,5,3
18,32.8,39,951.3,13.32,99,1,0.0,1999,7,3,21,2,0
43,26.3,87,1007.4,15.84,84,1,0.0,2007,5,19,7,2,2
25,37.2,20,948.6,20.88,28,0,0.0,2014,4,5,14,2,2
45,24.2,63,981.4,57.6,6,0,0.0,2019,3,12,3,5,2
13,27.8,31,932.5,59.76,14,0,0.0,2001,1,21,12,3,3
26,26.8,84,1009.2,15.48,22,0,0.0,2014,4,17,21,4,2
15,28.0,68,939.0,12.96,71,1,0.0,2000,10,14,14,2,1
34,31.6,41,987.5,32.4,32,0,0.0,2019,10,17,14,4,1
44,31.5,18,950.1,15.84,2,0,0.0,2025,3,20,14,4,2
24,24.1,93,1010.4,12.96,100,2,0.1,2004,7,12,20,1,0
6,39.8,26,976.6,91.8,0,0,0.0,2006,5,24,17,6,2
27,7.6,82,987.9,26.64,0,0,0.0,1999,1,8,7,0,3
13,21.3,96,927.1,50.4,100,1,0.0,2011,7,2,1,2,0
15,23.6,89,940.4,42.12,40,0,0.0,2004,5,26,23,6,2
22,22.8,69,981.8,29.16,14,0,0.0,2015,3,5,23,4,2
41,26.9,87,998.2,83.88,61,2,0.2,2008,6,29,21,3,0
24,25.5,87,1011.9,7.56,70,1,0.0,2009,3,23,22,1,2
36,32.5,34,949.8,60.84,9,0,0.0,1996,5,9,11,4,2
36,28.2,71,947.1,30.96,100,1,0.0,2020,5,16,21,2,2
39,22.3,91,945.1,50.4,67,1,0.0,2002,7,7,1,3,0
43,24.4,96,1008.7,24.48,99,1,0.0,2024,12,9,23,1,3
34,10.0,94,990.8,22.32,91,1,0.0,2011,2,22,6,5,3
21,34.1,19,963.2,30.24,27,0,0.0,2025,2,23,14,3,3
13,26.0,74,928.4,73.8,66,2,0.5,2018,8,30,13,4,0
10,25.4,33,980.4,38.52,90,1,0.0,2007,4,8,2,3,2
41,27.3,65,1005.9,47.88,0,0,0.0,2012,4,26,22,4,2
11,24.1,74,899.8,33.84,86,2,0.6,2020,11,5,15,4,1
30,24.6,51,1014.3,57.24,0,0,0.0,2006,1,25,19,6,3
19,28.0,39,981.6,36.36,100,1,0.0,1998,10,15,1,4,1
42,27.9,74,1008.7,58.68,87,1,0.0,2007,10,31,11,6,1
1,32.4,17,1006.4,28.44,3,0,0.0,1999,11,20,15,2,1
18,31.5,51,949.0,52.92,11,0,0.0,2014,6,20,4,0,0
24,26.9,85,1008.2,18.72,65,2,0.3,2005,6,19,10,3,0
15,21.5,44,939.4,33.12,65,1,0.0,2022,2,21,2,1,3
30,26.3,89,1004.8,25.2,100,2,0.3,2011,9,15,20,4,1
15,29.0,60,942.4,12.96,87,1,0.0,2004,10,14,14,4,1
35,26.0,79,963.9,16.2,100,1,0.0,2020,10,6,21,5,1
46,29.1,20,932.1,45.0,28,0,0.0,2007,1,19,12,0,3
39,24.3,77,942.5,88.92,100,2,0.5,2001,7,4,13,6,0
13,17.4,59,928.8,25.92,0,0,0.0,2025,1,23,4,4,3
21,30.6,47,955.1,78.48,72,1,0.0,2001,5,24,21,4,2
13,23.3,78,928.9,54.36,92,2,0.1,2013,8,15,9,4,0
26,30.1,42,1012.0,49.68,56,0,0.0,2017,12,18,12,1,3
29,29.3,70,1004.2,26.64,83,1,0.0,2004,11,7,14,3,1
11,22.2,85,900.7,5.4,94,1,0.0,2013,4,26,23,0,2
38,32.4,50,999.7,20.16,37,0,0.0,2012,10,27,13,2,1
43,32.2,48,1010.6,16.92,2,0,0.0,2019,2,19,10,5,3
17,17.0,90,896.4,13.32,14,0,0.0,2000,2,22,7,5,3
11,20.4,87,898.7,28.44,94,1,0.0,1999,8,22,20,3,0
1,16.0,72,1005.6,25.56,0,0,0.0,2016,12,13,5,5,3
30,26.7,88,999.0,74.16,96,2,0.3,1996,7,15,16,1,0
15,21.4,96,937.6,77.04,100,2,1.7,1999,7,22,17,4,0
20,30.2,29,1001.7,37.8,0,0,0.0,2009,11,17,12,5,1
30,27.7,87,1006.5,12.96,32,0,0.0,2021,5,10,1,1,2
7,20.2,97,911.5,61.92,100,2,0.9,2020,9,12,22,2,1
37,16.5,22,1000.7,50.4,0,0,0.0,2000,2,13,23,3,3
17,18.4,100,894.1,20.88,100,2,2.7,1998,10,10,17,2,1
41,41.0,8,1002.9,53.28,0,0,0.0,2017,4,10,16,1,2
12,10.3,95,987.9,23.04,1,0,0.0,2014,2,15,22,2,3
32,22.8,43,980.7,54.36,18,0,0.0,2000,2,14,10,1,3
6,29.0,22,991.6,30.96,0,0,0.0,2022,11,21,14,1,1
3,25.5,84,964.1,34.56,99,2,0.2,2010,8,31,20,5,0
10,21.6,26,990.8,40.32,89,1,0.0,1996,1,7,16,3,3
26,24.8,82,1009.6,46.8,100,1,0.0,2019,12,31,3,5,3
35,18.7,51,966.5,28.8,0,0,0.0,2000,1,23,3,3,3
24,25.7,91,1009.9,17.28,96,1,0.0,2008,10,11,5,2,1
11,20.0,93,899.8,27.0,100,1,0.0,2006,8,19,23,2,0
12,19.3,51,982.4,37.8,0,0,0.0,2016,10,21,6,0,1
45,26.1,78,982.8,7.92,7,0,0.0,2011,10,25,8,5,1
27,36.5,9,981.6,15.48,0,0,0.0,2009,4,24,10,0,2
22,21.0,98,982.3,18.0,89,1,0.0,2006,11,6,6,1,1
44,14.2,42,950.6,30.96,0,0,0.0,2016,2,26,6,0,3
21,40.5,14,956.9,25.92,22,0,0.0,1999,4,10,13,2,2
27,28.4,42,979.5,37.8,0,0,0.0,2014,10,11,21,2,1
5,26.1,26,948.3,23.4,0,0,0.0,2002,12,24,11,5,3
9,20.0,65,1014.1,34.56,0,0,0.0,2010,1,19,2,5,3
10,10.7,93,988.6,29.88,0,0,0.0,2017,1,30,3,1,3
20,34.7,25,1000.6,28.8,0,0,0.0,2018,10,17,14,6,1
1,12.7,54,1009.1,30.24,0,0,0.0,2005,12,26,3,1,3
19,27.5,88,973.3,34.56,96,2,1.8,2009,7,23,0,4,0
7,24.9,60,908.6,29.88,47,0,0.0,2001,5,2,23,6,2
11,28.4,18,903.1,54.36,0,0,0.0,2012,2,20,11,1,3
46,27.5,30,932.0,19.8,10,0,0.0,2013,1,17,11,4,3
32,25.6,96,969.5,20.88,99,2,0.2,2020,7,28,4,5,0
42,22.8,85,1010.0,11.52,13,0,0.0,2021,12,20,4,1,3
30,25.8,94,1005.7,21.96,100,2,0.4,2010,8,16,7,1,0
2,21.1,27,960.7,29.16,0,0,0.0,1998,11,24,19,5,1
11,23.9,40,901.3,13.32,51,0,0.0,2023,3,24,8,0,2
13,33.1,29,930.6,6.48,22,0,0.0,2004,4,23,11,0,2
30,22.0,82,1009.7,24.84,9,0,0.0,2012,11,26,3,1,1
11,19.8,96,897.2,45.72,100,2,1.8,1999,7,22,19,4,0
4,32.9,57,997.1,36.72,34,0,0.0,2003,6,15,9,3,0
12,26.7,86,978.2,22.32,100,1,0.0,2023,6,26,8,1,0
2,26.0,86,951.1,21.6,100,2,3.5,2016,10,5,14,6,1
40,22.5,98,956.0,34.56,100,2,0.1,2025,9,13,23,2,1
6,41.6,11,980.2,115.92,78,1,0.0,2010,4,19,14,1,2
4,30.1,75,996.8,10.44,97,1,0.0,2017,8,17,18,4,0
42,25.2,92,1008.0,81.72,98,2,1.0,2006,5,29,9,1,2
2,25.0,88,945.0,64.8,100,1,0.0,2007,8,12,4,3,0
5,21.4,65,951.4,15.12,11,0,0.0,2010,1,17,20,3,3
21,22.0,89,958.5,20.52,64,1,0.0,2009,11,15,3,3,1
5,16.6,62,946.3,22.68,31,0,0.0,2016,2,14,7,3,3
38,24.9,97,1002.8,11.52,100,1,0.0,2016,10,24,6,1,1
42,25.2,92,1007.7,21.6,100,2,0.1,2008,4,15,7,5,2
43,25.9,91,1006.3,31.32,100,2,3.2,2024,5,8,4,6,2
11,19.9,99,899.5,18.36,100,2,0.6,2015,10,5,5,1,1
1,15.9,51,1013.8,60.48,0,0,0.0,2021,12,18,8,2,3
18,35.8,42,957.8,74.52,5,0,0.0,2017,6,8,10,4,0
21,24.5,70,964.3,34.2,94,1,0.0,2012,11,26,8,1,1
43,24.1,96,1009.4,22.32,100,1,0.0,2007,8,3,7,0,0
2,26.4,85,948.9,15.48,99,1,0.0,2014,8,31,1,3,0
44,27.8,57,942.0,37.08,100,1,0.0,2015,9,17,21,4,1
28,24.5,92,1009.8,34.2,97,2,0.3,2017,8,3,21,4,0
40,19.1,54,961.2,41.76,0,0,0.0,1998,12,17,1,4,3
36,28.6,63,944.6,32.04,39,2,2.2,2001,9,28,16,0,1
10,32.7,19,977.9,100.44,0,0,0.0,2017,4,22,23,2,2
13,22.4,46,937.0,55.44,0,0,0.0,2003,12,23,10,5,3
36,33.2,15,948.5,39.24,0,0,0.0,2006,3,4,16,2,2
14,19.1,32,997.9,14.4,0,0,0.0,1997,1,13,13,1,3
28,28.9,74,1007.8,23.04,55,0,0.0,2002,10,6,12,3,1
45,24.7,89,973.7,39.96,95,2,0.5,2005,8,4,19,4,0
44,30.0,21,949.9,26.28,90,1,0.0,2017,10,28,16,2,1
25,36.8,23,946.1,42.12,36,0,0.0,1997,5,15,14,4,2
31,23.1,89,926.1,31.68,67,2,0.5,2007,10,10,18,6,1
35,28.3,61,961.5,94.32,100,1,0.0,1997,8,24,11,3,0
33,21.5,99,946.0,19.44,90,2,0.2,2001,10,14,6,3,1
17,24.3,65,897.8,14.4,59,2,0.3,2003,10,26,12,3,1
5,27.5,33,946.7,20.52,67,1,0.0,2022,12,20,12,5,3
3,19.5,57,980.3,10.44,0,0,0.0,2015,1,10,10,2,3
25,30.8,53,946.8,60.84,49,0,0.0,1997,4,24,18,4,2
5,36.9,16,940.7,38.52,34,0,0.0,2000,4,5,17,6,2
37,34.2,27,999.3,26.28,33,0,0.0,2012,10,21,12,3,1
23,33.0,47,989.4,71.28,26,0,0.0,1999,6,7,9,1,0
0,25.7,29,981.1,36.0,100,1,0.0,2008,1,27,15,3,3
30,26.0,91,1000.3,78.12,100,3,23.2,2011,6,10,6,0,0
34,34.0,20,978.7,31.32,0,0,0.0,2018,5,21,19,1,2
16,26.6,70,945.9,90.72,100,2,0.1,1996,7,26,16,0,0
30,30.6,34,1011.1,32.04,0,0,0.0,1998,11,22,12,3,1
4,31.5,50,1010.6,18.36,16,0,0.0,2023,10,21,10,2,1
1,28.1,75,1001.9,24.48,24,0,0.0,2004,10,3,20,3,1
40,18.9,65,965.2,36.36,68,1,0.0,2001,12,29,7,2,3
1,31.2,60,996.6,36.72,94,1,0.0,2017,8,6,13,3,0
29,25.2,92,1005.5,57.24,100,2,1.6,2013,6,19,10,6,0
17,26.6,39,896.8,14.76,96,1,0.0,2014,1,5,15,3,3
15,35.0,22,939.2,21.24,1,0,0.0,1999,3,13,13,2,2
40,33.1,28,958.7,68.04,2,0,0.0,2000,4,22,9,2,2
40,29.1,43,961.0,31.68,13,0,0.0,2000,11,23,18,4,1
43,26.1,88,1008.1,7.56,99,2,0.9,2001,11,14,17,6,1
42,27.0,51,1009.0,28.44,0,0,0.0,2013,12,18,11,6,3
26,24.3,93,1007.8,23.04,100,2,0.4,1999,10,29,2,0,1
18,29.5,72,951.1,48.24,94,1,0.0,2011,8,6,13,2,0
46,24.5,69,930.5,6.48,10,0,0.0,2012,11,21,9,6,1
30,27.8,61,1008.7,60.84,15,0,0.0,1998,3,5,17,4,2
26,29.8,45,1009.6,21.96,98,1,0.0,2001,12,14,15,0,3
45,26.9,62,979.5,11.16,37,2,0.1,2005,12,23,13,0,3
20,26.4,92,999.0,36.72,30,0,0.0,2003,5,26,2,1,2
42,25.3,76,1010.7,20.88,15,0,0.0,2006,1,29,1,3,3
37,26.2,89,988.8,54.36,98,1,0.0,2023,7,25,7,5,0
33,24.0,56,949.9,20.16,3,0,0.0,2008,12,11,9,4,3
45,29.4,56,982.8,23.04,88,2,1.0,2016,3,2,17,6,2
4,23.4,76,1005.8,25.92,3,0,0.0,2013,10,28,0,1,1
7,21.9,88,909.9,30.24,99,1,0.0,2005,5,3,4,5,2
24,23.9,95,1009.7,56.88,100,2,1.8,2018,8,17,0,0,0
28,27.4,84,1008.6,19.44,50,2,0.2,2012,5,14,9,1,2
31,28.9,40,930.6,13.68,41,0,0.0,2019,2,9,18,2,3
26,30.0,56,1008.0,28.08,95,1,0.0,2000,12,25,12,1,3
24,26.2,67,1009.3,18.72,0,0,0.0,2012,1,24,19,5,3
32,27.4,72,969.7,23.76,48,0,0.0,2015,8,25,20,5,0
2,27.1,28,956.9,48.24,43,0,0.0,2006,3,12,13,3,2
6,30.0,59,976.6,79.92,46,0,0.0,2008,6,28,2,2,0
38,24.0,60,1002.3,33.84,69,1,0.0,2005,11,30,8,6,1
14,5.3,100,998.2,29.88,37,0,0.0,2022,1,16,5,3,3
44,26.1,66,939.5,63.36,1,0,0.0,1996,5,28,5,5,2
3,22.8,77,975.6,23.04,0,0,0.0,2003,11,4,0,5,1
42,25.5,93,1009.9,12.24,94,2,0.3,2019,8,3,20,2,0
21,27.1,62,962.0,35.28,14,0,0.0,2005,10,24,10,1,1
42,28.7,60,1010.1,41.4,34,0,0.0,2014,1,12,14,3,3
28,28.9,68,1010.1,38.88,15,0,0.0,2002,9,13,12,0,1
42,27.6,77,1009.3,1.44,44,0,0.0,2003,3,9,20,3,2
37,31.0,52,995.4,28.44,2,0,0.0,2013,10,21,12,1,1
1,22.9,25,1004.7,55.08,82,1,0.0,1997,3,25,7,5,2
41,28.3,38,1011.9,38.16,0,0,0.0,2003,12,19,15,0,3
43,25.4,91,1005.6,21.6,100,2,0.3,1998,6,14,21,3,0
26,23.2,92,1009.8,12.96,15,0,0.0,2012,1,12,2,4,3
30,30.5,71,1006.7,31.32,68,1,0.0,1999,10,5,13,5,1
27,20.2,25,982.7,28.8,0,0,0.0,2004,3,3,23,6,2
38,33.0,37,999.5,30.24,1,0,0.0,2008,10,21,13,5,1
43,26.7,90,1008.0,20.16,45,2,0.2,2009,5,2,1,2,2
11,18.8,97,898.2,27.36,100,1,0.0,2004,10,20,4,6,1
21,22.7,90,958.5,42.84,100,1,0.0,1998,9,2,6,6,1
32,27.4,50,975.2,29.16,62,1,0.0,1997,5,1,3,4,2
6,38.3,18,984.3,26.28,18,0,0.0,2021,5,7,16,0,2
23,26.5,78,997.9,30.96,44,2,0.7,2014,10,17,19,0,1
45,27.6,64,974.7,34.2,100,1,0.0,2025,5,23,7,0,2
38,29.9,60,998.7,22.68,45,0,0.0,2007,10,26,17,0,1
26,26.6,93,1007.2,10.44,72,2,0.3,2016,5,12,20,4,2
10,12.4,64,988.1,36.0,0,0,0.0,2004,2,15,5,3,3
15,29.6,25,940.4,60.12,6,0,0.0,2001,3,13,18,5,2
25,36.2,21,952.0,40.68,92,1,0.0,2010,3,12,15,0,2
12,41.7,12,972.5,66.96,1,0,0.0,2009,6,21,17,3,0
17,18.6,89,898.6,23.4,80,1,0.0,1998,1,2,2,0,3
2,6.9,53,958.6,32.04,0,0,0.0,2005,2,3,6,4,3
8,26.0,89,1001.5,64.44,100,1,0.0,2023,8,8,3,5,0
8,35.2,25,1009.0,17.64,0,0,0.0,2022,11,4,14,0,1
6,27.2,89,974.9,87.12,94,1,0.0,1998,7,7,2,5,0
34,26.4,90,977.4,18.0,97,2,2.4,2017,8,31,17,4,0
39,28.3,48,946.4,47.88,35,0,0.0,2016,3,16,19,6,2
43,22.8,73,1010.7,35.28,0,0,0.0,1997,1,26,7,3,3
0,25.4,85,981.1,31.32,96,1,0.0,2019,10,10,22,4,1
20,28.2,86,991.7,45.72,91,2,1.1,2019,9,2,15,1,1
31,21.8,69,929.6,25.92,26,0,0.0,2008,1,28,23,1,3
39,22.4,92,943.3,28.8,97,1,0.0,2017,8,9,5,6,0
34,11.9,78,992.4,26.64,70,1,0.0,2004,1,25,9,3,3
33,23.1,92,938.3,43.56,100,1,0.0,1999,6,11,4,0,0
0,43.5,12,974.5,15.84,9,0,0.0,2018,5,11,13,0,2
42,28.8,77,1008.6,40.68,36,2,0.2,2021,1,22,13,0,3
41,26.5,91,996.7,45.36,100,2,1.0,2009,7,16,7,4,0
4,27.4,42,1004.4,43.92,0,0,0.0,2006,4,1,22,2,2
37,29.1,31,1000.9,47.52,0,0,0.0,2024,11,25,11,1,1
14,7.8,97,989.4,19.44,14,0,0.0,2005,2,18,7,0,3
28,26.7,79,1008.0,8.28,54,0,0.0,1997,3,25,2,5,2
21,23.3,71,961.8,39.24,50,0,0.0,2022,11,25,0,0,1
2,30.1,17,959.1,37.44,0,0,0.0,2026,3,4,18,6,2
42,26.4,86,1006.3,49.68,55,2,0.7,2017,10,1,16,3,1
43,25.4,89,1007.7,10.44,100,1,0.0,2006,4,21,2,0,2
45,24.7,95,976.1,13.68,86,2,1.2,2020,9,15,23,5,1
19,16.2,62,986.7,39.24,0,0,0.0,2002,12,22,2,3,3
17,18.7,56,899.4,21.96,0,0,0.0,2003,12,22,20,1,3
26,24.9,81,1010.8,11.88,37,0,0.0,2015,1,15,1,4,3
41,28.1,64,1010.4,32.04,0,0,0.0,2014,11,1,22,2,1
27,41.9,26,967.8,44.28,81,1,0.0,1998,6,26,12,0,0
35,31.4,24,960.9,55.44,0,0,0.0,2001,5,10,2,4,2
17,20.4,98,894.7,58.32,100,2,1.6,2024,6,24,8,1,0
24,24.5,91,1009.7,3.24,100,2,0.4,2025,11,10,2,1,1
23,28.0,86,989.7,56.88,43,0,0.0,2013,5,5,5,3,2
31,20.9,75,931.0,14.04,5,0,0.0,2003,2,24,7,1,3
8,29.7,75,999.1,56.16,98,1,0.0,1998,7,24,18,0,0
17,21.6,92,899.6,6.84,95,1,0.0,2010,4,18,22,3,2
20,27.0,80,998.8,76.32,45,2,0.4,2023,8,28,9,1,0
40,30.8,36,961.3,49.68,21,0,0.0,2009,3,23,10,1,2
39,21.0,98,942.2,28.44,100,1,0.0,2005,10,15,2,2,1
0,29.8,70,976.0,7.56,100,2,0.1,2011,8,22,12,1,0
4,17.8,58,1009.3,22.68,8,0,0.0,2006,12,8,4,0,3
2,26.8,81,944.6,65.88,100,1,0.0,2024,7,27,3,2,0
9,31.1,53,1002.2,58.32,5,0,0.0,2000,9,18,17,1,1
42,25.3,92,1010.5,45.36,100,2,0.5,2007,5,9,23,6,2
45,29.6,64,975.3,53.64,7,0,0.0,2012,5,2,2,6,2
21,22.4,46,962.8,28.8,7,0,0.0,2001,11,22,2,4,1
22,28.6,49,976.8,30.96,94,1,0.0,2011,4,14,1,4,2
27,33.6,25,978.3,13.68,72,1,0.0,1998,4,28,20,5,2
19,31.6,73,971.5,28.8,98,2,1.5,2019,8,4,15,3,0
44,30.9,37,948.3,15.84,0,0,0.0,2005,10,3,12,1,1
23,21.9,95,1003.7,9.36,6,0,0.0,2010,1,17,1,3,3
23,25.9,75,999.0,23.76,95,1,0.0,1997,10,19,22,3,1
9,24.5,52,1009.4,30.96,0,0,0.0,2018,3,15,8,4,2
40,25.4,78,951.1,78.48,100,1,0.0,1997,6,25,21,6,0
30,25.9,48,1013.0,50.04,82,1,0.0,2000,12,1,9,0,3
40,25.2,81,952.7,58.68,100,1,0.0,2009,9,8,19,5,1
40,33.3,30,958.2,39.6,1,0,0.0,1998,3,22,21,3,2
4,31.9,51,1002.0,26.28,0,0,0.0,2010,5,4,9,5,2
11,18.3,96,897.0,9.36,30,0,0.0,1997,5,6,6,5,2
43,28.9,73,1003.1,34.92,83,2,0.4,2010,10,4,14,1,1
26,24.6,96,1009.1,13.68,100,1,0.0,2022,12,2,22,0,3
27,28.2,74,972.5,72.36,100,1,0.0,2007,8,12,9,3,0
26,25.8,91,1007.4,36.72,100,2,1.0,2010,6,10,9,4,0
8,30.4,62,1004.6,61.56,55,0,0.0,2001,9,3,14,1,1
33,22.7,95,937.2,81.72,100,2,1.2,2025,7,27,6,3,0
43,28.5,75,1006.5,23.76,100,1,0.0,2001,6,3,9,3,0
29,29.7,74,1003.4,42.12,92,1,0.0,2002,4,27,19,2,2
19,31.6,24,989.9,34.2,0,0,0.0,1999,10,24,10,3,1
15,23.7,81,939.0,77.76,97,2,0.7,2006,7,30,14,3,0
14,30.0,53,981.4,36.0,0,0,0.0,2022,9,3,22,2,1
21,22.2,76,959.7,22.32,10,0,0.0,2017,12,6,23,6,3
16,26.0,41,959.6,36.0,0,0,0.0,2004,12,16,10,4,3
2,24.3,94,950.8,21.24,63,1,0.0,2010,9,13,1,1,1
3,27.3,39,970.4,22.68,33,0,0.0,2002,2,6,19,6,3
10,34.4,39,977.0,73.08,100,1,0.0,1997,7,22,23,5,0
14,9.7,55,1002.0,14.4,0,0,0.0,2002,2,9,9,2,3
24,26.4,86,1007.2,44.28,100,2,4.1,2005,7,28,15,4,0
31,22.4,87,926.3,60.84,87,1,0.0,2012,7,23,8,1,0
42,24.5,89,1007.9,15.12,84,1,0.0,2002,11,1,4,0,1
13,22.6,64,928.5,34.2,17,0,0.0,2001,3,23,23,0,2
17,22.3,82,896.6,14.76,99,2,1.2,2015,4,21,15,5,2
14,29.4,56,978.1,59.4,13,0,0.0,2005,8,11,5,4,0
34,21.9,51,984.7,28.8,0,0,0.0,2009,3,26,21,4,2
14,29.6,79,980.9,42.48,0,0,0.0,2025,8,17,1,3,0
23,22.8,39,1003.4,30.6,45,0,0.0,2026,1,11,21,3,3
46,19.6,100,926.7,15.48,100,1,0.0,2023,7,26,0,6,0
26,25.0,92,1006.9,48.6,100,2,0.7,2022,5,19,6,4,2
23,23.2,94,996.1,34.92,96,1,0.0,2002,1,22,5,5,3
12,29.0,33,987.9,19.44,99,1,0.0,2012,3,27,11,5,2
33,23.5,35,951.0,24.84,0,0,0.0,2001,12,22,17,2,3
1,25.1,91,999.0,29.16,100,2,0.2,2003,8,5,7,5,0
34,17.6,50,994.1,18.72,19,0,0.0,2006,11,29,9,6,1
25,34.3,22,943.2,30.96,0,0,0.0,1999,3,12,17,0,2
4,29.6,72,1000.5,39.96,0,0,0.0,2011,5,28,23,2,2
42,26.0,89,1008.2,23.76,74,2,0.2,2002,4,21,7,3,2
24,25.8,94,1011.0,8.28,100,1,0.0,2004,4,3,1,2,2
4,26.2,87,1000.2,47.52,73,2,0.2,2004,8,17,20,5,0
23,37.5,35,990.9,11.52,23,0,0.0,2004,5,26,12,6,2
39,21.9,97,942.0,75.96,100,2,0.2,2008,6,15,1,3,0
11,25.8,67,897.8,45.36,92,3,8.0,2009,5,31,14,3,2
0,37.4,38,974.2,15.84,82,1,0.0,2004,6,7,13,1,0
45,24.6,91,974.5,46.44,100,2,1.1,2011,9,8,2,4,1
6,25.4,69,986.0,54.36,0,0,0.0,2011,10,2,0,3,1
23,25.0,81,986.6,49.32,98,1,0.0,2012,8,5,4,3,0
34,33.5,61,970.1,25.92,99,1,0.0,2018,7,12,16,4,0
12,16.5,88,985.4,30.96,2,0,0.0,2015,3,28,5,2,2
17,19.9,99,895.7,46.8,96,1,0.0,2020,7,1,20,6,0
33,26.4,76,941.8,21.96,89,2,2.1,1999,9,28,16,5,1
19,21.3,36,985.3,56.88,0,0,0.0,1997,2,25,3,5,3
22,37.0,20,973.2,27.36,14,0,0.0,2014,5,2,18,0,2
32,17.5,78,975.9,21.6,3,0,0.0,2012,12,1,5,2,3
38,27.6,77,997.7,29.88,98,1,0.0,2004,5,19,19,6,2
2,28.3,67,948.1,39.24,99,2,0.1,1996,8,14,12,6,0
28,25.5,78,1008.4,7.92,96,1,0.0,2000,2,25,3,0,3
36,22.9,96,947.6,14.04,44,2,0.1,2021,10,4,23,1,1
30,21.5,67,1012.8,37.8,0,0,0.0,2007,1,7,3,3,3
1,29.5,74,991.8,127.08,93,2,1.3,1998,6,9,12,5,0
30,20.4,80,1013.2,21.96,0,0,0.0,2011,1,23,0,3,3
41,26.2,92,996.2,54.72,100,1,0.0,2011,7,16,3,2,0
32,29.2,20,976.2,11.16,0,0,0.0,1996,2,7,17,6,3
19,25.9,38,979.3,40.32,0,0,0.0,2008,5,1,6,4,2
25,19.0,83,949.3,31.68,86,1,0.0,2024,1,17,22,6,3
42,26.2,82,1008.3,30.24,97,1,0.0,2008,9,3,9,6,1
37,26.2,81,991.6,34.92,17,0,0.0,2006,6,19,6,1,0
36,33.8,20,949.4,18.72,21,0,0.0,2018,3,10,13,2,2
37,27.2,89,981.3,28.44,100,2,1.5,2013,6,16,2,3,0
22,24.5,88,967.6,73.8,100,3,8.3,2008,7,28,11,1,0
46,18.6,65,927.8,45.36,1,0,0.0,2017,1,24,4,5,3
3,16.7,61,971.9,26.28,0,0,0.0,2007,2,16,4,0,3
2,26.6,25,961.4,30.6,0,0,0.0,2004,11,30,12,5,1
20,24.5,94,1000.3,18.36,70,1,0.0,2013,10,9,1,6,1
24,27.3,89,1008.5,7.2,98,1,0.0,2014,4,24,19,4,2
34,26.8,96,977.5,16.2,97,2,0.1,2017,8,8,3,5,0
15,22.4,88,940.5,41.4,33,0,0.0,2018,10,6,5,2,1
5,27.5,34,947.0,9.36,18,0,0.0,2004,12,24,15,0,3
40,22.7,49,961.3,30.24,63,1,0.0,2004,12,24,22,0,3
23,36.0,36,989.7,23.4,51,2,0.1,1996,4,19,17,0,2
0,24.8,91,973.6,49.68,100,2,1.1,1999,9,13,14,1,1
2,8.0,86,959.8,23.76,0,0,0.0,1999,1,13,3,6,3
1,34.1,52,991.8,59.76,99,1,0.0,2020,7,3,18,0,0
18,34.7,46,956.3,42.12,40,0,0.0,2015,7,2,15,4,0
9,28.2,70,1002.8,38.52,2,0,0.0,2014,5,30,4,0,2
24,27.4,79,1011.1,21.24,38,0,0.0,1999,2,6,19,2,3
13,26.5,74,926.2,30.24,76,2,1.9,2000,9,19,15,5,1
7,27.5,12,913.2,41.4,0,0,0.0,2011,2,13,12,3,3
5,24.7,41,949.8,50.04,0,0,0.0,2020,12,25,11,0,3
19,34.2,28,984.3,19.44,0,0,0.0,2017,5,12,8,0,2
17,20.8,88,897.1,12.6,100,2,1.6,2011,10,12,14,6,1
20,26.1,95,991.5,50.76,100,2,0.2,2019,6,29,4,2,0
12,22.8,53,991.3,9.72,0,0,0.0,2002,11,10,9,3,1
4,34.2,18,1000.3,39.96,0,0,0.0,2009,4,12,19,3,2
24,26.7,83,1011.0,16.92,100,2,0.2,2009,8,24,11,1,0
38,26.5,88,997.8,54.0,71,2,0.1,2019,9,17,16,5,1
1,27.0,22,1009.3,24.12,0,0,0.0,1996,2,11,15,3,3
0,27.5,45,982.1,14.04,20,0,0.0,2021,1,25,19,1,3
17,19.2,87,892.7,52.2,100,2,2.0,2009,10,1,16,4,1
38,24.5,94,1000.7,46.08,100,2,0.9,2023,7,8,21,2,0
11,19.9,93,897.1,20.88,100,1,0.0,2016,9,28,4,6,1
36,18.5,68,951.5,19.44,0,0,0.0,2022,11,1,23,5,1
35,18.9,79,966.2,19.44,25,0,0.0,2003,10,25,7,2,1
7,21.8,81,915.3,25.92,40,0,0.0,2003,3,18,8,5,2
41,24.5,56,1010.3,26.64,0,0,0.0,2023,10,21,1,2,1
25,22.1,95,945.6,21.96,100,1,0.0,2009,9,11,1,0,1
37,33.0,23,997.8,38.88,38,0,0.0,2026,2,13,16,0,3
14,14.4,65,992.2,33.48,0,0,0.0,2018,1,6,17,2,3
30,20.2,61,1012.4,51.84,0,0,0.0,2020,1,9,5,4,3
30,30.2,57,1009.5,66.24,6,0,0.0,1999,2,19,17,0,3
34,7.8,93,992.9,16.92,35,0,0.0,2023,12,16,7,2,3
36,16.3,82,950.1,7.92,2,0,0.0,2002,12,30,6,1,3
40,19.1,51,963.1,37.8,0,0,0.0,2016,12,29,8,4,3
20,24.7,57,1007.6,24.12,0,0,0.0,2008,1,9,11,6,3
28,26.8,58,1013.2,10.44,1,0,0.0,2000,1,18,9,5,3
14,19.6,63,996.8,25.92,0,0,0.0,2010,10,31,0,3,1
2,30.3,22,965.2,33.84,0,0,0.0,2016,2,29,12,1,3
14,33.7,64,980.5,42.12,100,1,0.0,2019,7,22,12,1,0
13,26.3,51,931.1,59.04,2,0,0.0,2015,3,2,17,1,2
13,21.4,91,929.2,52.2,98,1,0.0,2015,8,30,7,3,0
26,24.6,89,1010.9,17.28,32,0,0.0,1997,2,7,0,0,3
27,29.4,35,976.4,46.08,7,0,0.0,1997,5,8,0,4,2
21,27.9,58,957.6,61.56,75,1,0.0,2014,5,6,3,5,2
23,30.7,54,989.8,21.6,97,1,0.0,2022,3,21,16,1,2
18,24.9,23,969.3,14.4,0,0,0.0,2001,11,24,11,2,1
31,19.8,98,925.0,29.88,97,1,0.0,1996,9,9,2,1,1
16,29.7,36,958.7,55.44,23,0,0.0,2001,11,20,12,5,1
15,24.7,85,939.3,55.08,100,1,0.0,2016,6,5,20,3,0
7,19.3,51,914.8,41.4,79,1,0.0,2002,12,26,22,4,3
0,18.7,69,980.6,24.48,85,1,0.0,2011,11,2,4,6,1
16,19.8,60,959.3,28.8,95,1,0.0,2004,1,1,21,4,3
20,32.2,19,1002.7,34.92,0,0,0.0,2018,2,17,14,2,3
2,27.1,31,958.8,28.08,98,1,0.0,1997,3,28,9,0,2
21,23.7,48,958.2,30.96,7,0,0.0,2002,1,18,20,0,3
34,15.4,96,989.8,23.76,37,0,0.0,2008,12,21,1,3,3
46,36.3,23,926.7,25.2,10,0,0.0,2024,3,20,14,6,2
4,36.0,39,997.9,83.52,22,2,0.1,1996,6,29,15,2,0
23,34.7,47,996.4,2.88,53,0,0.0,2020,5,11,10,1,2
22,34.3,43,979.2,23.04,1,0,0.0,2019,4,23,9,5,2
9,28.3,61,1008.7,24.48,47,0,0.0,2015,3,26,21,4,2
44,32.2,19,945.7,67.68,0,0,0.0,2017,10,22,14,3,1
7,20.6,65,909.2,24.84,1,0,0.0,2001,3,18,4,3,2
10,15.9,51,993.9,34.92,0,0,0.0,2002,2,13,21,6,3
37,30.2,59,992.3,41.76,19,0,0.0,2022,9,19,15,1,1
9,26.2,88,1002.8,60.84,100,1,0.0,2023,8,5,2,2,0
20,24.5,96,998.4,43.92,41,0,0.0,2023,8,11,5,0,0
43,24.3,97,1007.3,36.36,100,2,1.4,2024,6,8,0,2,0
44,21.9,61,942.6,26.28,0,0,0.0,2001,9,27,3,4,1
2,26.5,19,954.0,34.2,0,0,0.0,2009,4,12,23,3,2
24,32.6,55,1009.6,24.12,9,0,0.0,2025,5,11,10,3,2
3,29.0,57,973.9,11.52,70,1,0.0,2013,11,25,12,1,1
44,18.9,48,945.9,37.8,0,0,0.0,2018,2,22,4,4,3
30,28.1,81,1006.4,32.4,100,1,0.0,2008,8,31,19,3,0
22,33.7,42,971.4,51.48,99,1,0.0,2022,6,1,20,6,0
40,25.4,75,954.6,68.4,100,2,0.4,2002,8,31,19,2,0
45,31.3,45,974.6,34.56,4,0,0.0,2001,3,25,20,3,2
32,31.2,27,976.5,21.96,0,0,0.0,2011,10,29,13,2,1
12,22.0,87,985.4,26.64,0,0,0.0,2013,10,17,7,4,1
42,26.0,84,1013.7,2.88,11,0,0.0,2026,1,12,22,1,3
16,23.7,88,952.4,22.32,96,2,0.2,1999,8,20,1,0,0
15,23.3,86,936.3,96.48,100,2,1.2,2022,8,6,11,2,0
31,23.2,80,926.3,56.16,100,1,0.0,2020,7,24,19,0,0
26,24.0,92,1007.2,11.88,100,2,0.1,2013,11,13,3,6,1
14,17.8,84,990.0,23.04,35,0,0.0,2014,4,5,5,2,2
45,25.5,75,977.3,42.84,3,0,0.0,2021,8,3,6,5,0
43,24.3,93,1008.9,15.48,15,0,0.0,2006,11,1,7,6,1
12,23.6,80,980.7,24.48,15,0,0.0,2005,5,3,21,5,2
42,24.5,95,1008.1,47.52,100,2,1.1,2019,10,30,19,6,1
39,28.1,59,946.1,16.56,100,1,0.0,2001,4,12,12,4,2
24,24.8,94,1014.0,4.68,96,2,0.7,1997,11,4,22,5,1
31,28.3,47,929.6,12.96,45,0,0.0,2008,4,12,10,2,2
37,28.4,28,999.1,35.64,0,0,0.0,2013,11,20,12,6,1
37,21.8,35,996.5,23.4,96,1,0.0,2002,11,24,4,3,1
0,20.3,51,980.7,25.2,0,0,0.0,2015,2,24,4,5,3
18,20.6,40,965.8,31.32,0,0,0.0,2005,11,23,20,6,1
9,26.6,89,999.5,45.72,100,1,0.0,2001,6,19,4,5,0
19,29.0,70,974.4,49.32,100,1,0.0,2012,7,14,21,2,0
26,24.8,93,1003.2,10.08,98,2,0.1,1999,4,24,3,2,2
15,21.6,96,939.5,54.72,95,1,0.0,2015,8,13,22,4,0
16,25.5,76,950.0,100.08,100,2,0.1,2017,6,28,10,6,0
45,27.4,79,978.4,39.6,100,1,0.0,1998,10,31,13,2,1
12,30.8,30,985.3,13.68,38,0,0.0,2008,3,8,15,2,2
42,24.7,92,1007.3,50.04,94,1,0.0,1998,6,24,5,6,0
40,29.7,57,953.9,82.44,100,1,0.0,2025,7,1,11,5,0
42,25.2,91,1010.4,45.0,100,2,0.1,2018,8,1,8,6,0
8,29.2,71,998.5,73.8,42,0,0.0,2009,8,9,16,3,0
3,25.5,24,973.2,22.32,0,0,0.0,2024,3,20,20,6,2
26,26.0,87,1008.2,11.52,72,1,0.0,2013,4,10,0,6,2
46,28.1,73,925.7,13.32,17,0,0.0,2010,5,5,11,6,2
12,17.9,34,988.7,39.6,4,0,0.0,2011,1,15,11,2,3
7,27.5,59,908.8,96.12,97,1,0.0,2018,6,20,13,6,0
28,26.7,85,1011.3,30.24,100,1,0.0,2025,12,3,9,6,3
2,32.1,29,947.8,31.32,1,0,0.0,2010,6,20,0,3,0
1,27.3,84,1001.0,38.16,93,2,0.8,2012,9,22,17,2,1
32,27.9,65,975.4,18.72,59,0,0.0,1997,11,25,15,5,1
23,29.9,64,994.2,46.8,22,0,0.0,2002,5,3,8,0,2
26,26.8,83,1010.0,17.28,99,1,0.0,2013,10,18,10,0,1
21,16.8,73,961.9,26.28,0,0,0.0,2005,11,11,23,0,1
21,13.5,65,961.1,28.08,0,0,0.0,2010,12,18,6,2,3
42,26.3,80,1008.8,13.32,84,2,0.8,1997,11,27,17,4,1
27,40.3,28,974.1,45.72,11,0,0.0,2021,5,28,12,0,2
23,28.0,46,996.3,33.12,0,0,0.0,2017,3,13,21,1,2
10,28.4,31,979.8,32.04,0,0,0.0,2003,10,10,22,0,1
6,24.3,26,994.7,3.96,100,1,0.0,1999,1,2,12,2,3
16,26.4,64,958.9,48.24,44,0,0.0,2003,3,19,9,6,2
32,41.6,18,962.1,85.68,0,0,0.0,2002,5,19,14,3,2
46,20.2,99,923.9,34.92,99,1,0.0,2016,8,2,19,5,0
31,24.1,52,927.5,34.92,32,0,0.0,2006,3,3,1,0,2
16,23.2,51,956.9,28.44,0,0,0.0,2009,10,20,21,5,1
29,21.5,74,1006.6,23.4,100,1,0.0,2025,12,20,3,2,3
38,27.6,78,1002.5,18.0,62,1,0.0,2007,10,20,18,2,1
30,26.4,94,1001.7,50.04,100,2,0.8,2024,6,23,1,3,0
42,25.3,71,1011.5,20.88,78,1,0.0,2005,1,7,22,0,3
35,37.1,18,964.5,38.52,3,0,0.0,2021,3,26,15,0,2
21,23.2,94,953.8,50.4,100,1,0.0,2024,7,12,2,0,0
22,31.8,36,969.6,30.24,10,0,0.0,2014,6,1,2,3,0
20,22.5,73,1000.0,14.4,0,0,0.0,1996,10,19,6,2,1
10,26.3,43,984.3,36.36,1,0,0.0,2018,9,29,7,2,1
44,26.4,77,940.5,30.24,100,1,0.0,2022,9,12,21,1,1
41,25.0,36,1008.4,46.44,1,0,0.0,2011,2,16,17,6,3
15,21.1,99,937.4,63.36,100,1,0.0,1998,10,15,18,4,1
10,36.8,22,979.1,38.16,1,0,0.0,2016,9,22,19,4,1
33,27.6,40,949.8,18.72,33,0,0.0,2014,1,2,15,4,3
44,21.7,91,946.9,19.08,1,0,0.0,2013,10,12,0,2,1
23,39.2,37,990.6,27.36,15,0,0.0,2010,4,21,13,6,2
16,31.2,29,959.4,32.76,2,0,0.0,2014,3,13,12,4,2
28,28.4,67,1010.2,15.48,42,0,0.0,2001,12,31,18,1,3
28,25.9,86,1005.5,35.64,99,2,0.6,2008,7,16,13,6,0
28,26.1,83,1008.9,22.32,100,1,0.0,2002,6,18,8,5,0
1,30.8,56,1005.0,12.96,99,2,0.3,2014,11,13,17,4,1
27,23.0,18,980.4,39.24,0,0,0.0,2004,3,18,6,4,2
19,18.8,34,988.7,51.12,0,0,0.0,2004,12,21,10,5,3
25,31.6,48,943.5,52.56,55,2,1.7,1999,5,6,15,4,2
31,28.9,68,928.3,36.36,85,1,0.0,2017,5,22,10,1,2
16,26.1,66,953.7,14.4,12,0,0.0,2018,4,11,23,6,2
42,28.3,65,1009.4,53.64,98,1,0.0,1998,2,18,17,6,3
24,27.3,83,1007.4,39.6,71,1,0.0,2016,9,25,13,3,1
12,39.4,7,979.6,72.36,0,0,0.0,1996,5,7,13,5,2
30,29.4,75,1009.4,34.56,39,2,0.7,2011,10,6,16,4,1
15,31.1,42,942.4,61.2,25,0,0.0,1997,5,28,18,6,2
4,22.5,66,1007.0,33.12,0,0,0.0,2011,11,14,4,1,1
42,26.3,83,1005.2,96.12,98,2,0.5,2000,6,4,10,3,0
27,25.5,93,976.8,20.88,99,2,1.4,2016,8,27,1,2,0
12,21.2,40,983.9,27.0,1,0,0.0,2010,2,9,17,5,3
38,29.2,74,1000.4,30.96,56,2,0.8,1999,10,13,13,6,1
6,36.2,19,982.4,101.16,100,1,0.0,2023,4,19,16,6,2
40,23.2,93,952.8,44.64,100,2,0.6,2010,8,13,5,0,0
45,35.0,19,977.6,25.56,0,0,0.0,1999,3,5,13,0,2
1,26.6,44,1001.4,41.76,0,0,0.0,2019,3,30,3,2,2
30,27.6,88,1008.8,21.24,1,0,0.0,2020,4,24,22,0,2
24,31.0,54,1009.2,14.76,82,1,0.0,2011,1,31,12,1,3
7,20.6,91,911.3,18.0,78,2,0.2,1999,10,27,23,6,1
6,18.7,18,995.7,36.0,0,0,0.0,2020,12,17,17,4,3
26,29.2,75,1008.0,33.48,70,1,0.0,1997,6,11,13,6,0
19,30.4,49,976.4,69.84,0,0,0.0,2009,5,16,4,2,2
6,28.0,89,977.9,68.76,100,1,0.0,2020,8,10,20,1,0
26,29.9,50,1006.6,27.72,56,0,0.0,2004,12,21,13,5,3
39,25.0,79,949.7,61.92,100,2,0.3,2021,10,30,9,2,1
36,17.5,76,947.3,16.92,0,0,0.0,2015,2,19,5,4,3
21,31.4,15,964.7,45.72,0,0,0.0,1996,2,29,11,4,3
38,28.2,51,1006.2,24.84,50,0,0.0,2014,2,23,11,3,3
18,32.5,57,951.4,25.56,32,0,0.0,2008,6,22,17,3,0
36,22.4,97,945.6,18.36,100,1,0.0,2022,9,5,4,1,1
15,30.0,23,941.7,18.72,15,0,0.0,2025,3,5,19,6,2
30,27.0,83,1003.7,38.88,69,1,0.0,2021,8,26,18,4,0
37,28.9,54,991.8,38.52,31,0,0.0,2013,4,20,20,2,2
5,23.1,89,942.5,46.8,100,1,0.0,1998,9,1,1,5,1
27,28.8,63,976.9,45.72,27,0,0.0,2015,6,29,7,1,0
39,27.4,66,942.9,66.96,100,1,0.0,2025,8,1,15,0,0
29,27.3,83,1009.1,31.32,100,1,0.0,2023,7,27,11,4,0
44,24.5,85,938.0,79.92,86,1,0.0,1996,6,22,1,2,0
36,29.6,27,948.7,23.4,4,0,0.0,2018,1,17,16,6,3
30,17.7,72,1009.8,33.48,0,0,0.0,2013,1,6,4,3,3
25,24.0,89,943.5,73.08,100,2,0.3,1997,7,9,17,6,0
8,26.9,83,1003.4,69.12,25,0,0.0,2014,8,16,19,2,0
33,25.2,80,941.0,66.96,81,2,0.1,2007,9,26,16,6,1
30,28.4,86,1008.8,35.64,78,1,0.0,2021,4,29,21,4,2
1,31.4,39,1002.4,46.08,45,0,0.0,2018,4,15,8,3,2
21,26.3,82,959.7,8.28,52,0,0.0,2017,10,4,8,6,1
25,31.7,27,947.4,32.4,0,0,0.0,2011,12,4,14,3,3
32,40.1,14,971.7,2.88,1,0,0.0,2007,4,13,13,0,2
43,25.9,91,1006.6,11.88,98,2,0.6,2011,5,1,19,3,2
38,24.3,94,995.6,30.6,100,2,0.1,2020,10,12,5,1,1
12,21.6,28,990.3,40.32,0,0,0.0,2000,12,21,15,4,3
29,31.3,61,1012.1,17.64,21,0,0.0,2016,3,29,10,5,2
46,22.1,98,923.2,18.0,99,1,0.0,2010,5,18,2,5,2
27,25.7,87,976.0,27.36,98,1,0.0,2018,9,4,20,5,1
43,24.5,98,1010.9,16.2,16,0,0.0,2026,3,14,23,2,2
23,23.5,97,998.0,21.96,4,0,0.0,2022,10,16,23,3,1
34,25.9,54,979.3,31.68,0,0,0.0,2009,10,8,21,4,1
14,16.0,63,994.2,31.32,73,1,0.0,2006,1,18,18,6,3
10,17.7,32,989.8,42.84,0,0,0.0,2001,11,26,23,1,1
37,19.8,69,1002.2,42.48,0,0,0.0,2026,1,23,9,0,3
14,12.4,79,999.1,31.32,97,1,0.0,2017,1,21,19,2,3
42,26.5,81,1005.7,70.2,46,2,0.1,2000,9,18,17,1,1
31,19.7,98,931.0,42.48,94,1,0.0,2024,12,27,5,0,3
23,25.4,90,996.4,20.16,83,1,0.0,2001,4,16,5,1,2
32,23.1,41,980.1,30.6,94,1,0.0,2004,2,25,8,6,3
0,30.5,56,971.9,20.88,100,1,0.0,2014,7,4,22,0,0
17,16.0,64,896.5,20.16,1,0,0.0,2014,3,25,6,5,2
26,29.0,87,1005.9,15.48,100,1,0.0,2019,4,27,20,2,2
44,23.1,28,949.6,18.0,0,0,0.0,2013,1,2,15,6,3
36,27.1,39,952.5,76.68,2,0,0.0,2015,11,20,10,0,1
29,26.3,77,1009.0,27.36,0,0,0.0,2005,11,14,19,1,1
4,21.8,53,1008.8,46.44,3,0,0.0,2023,11,25,6,2,1
2,31.5,45,954.0,91.8,9,0,0.0,2020,5,3,8,3,2
6,13.3,17,986.8,34.92,0,0,0.0,2012,3,10,2,2,2
9,29.4,67,1003.3,72.0,0,0,0.0,2013,5,25,0,2,2
32,25.6,85,971.9,38.52,100,1,0.0,2023,8,6,0,3,0
22,24.7,85,975.4,55.8,9,0,0.0,2000,4,2,5,3,2
34,24.8,34,982.7,21.96,0,0,0.0,1999,4,2,23,0,2
20,21.4,43,1004.7,35.64,0,0,0.0,2014,2,28,9,0,3
31,21.1,95,929.3,45.0,100,1,0.0,2025,9,17,22,6,1
0,30.0,58,973.6,42.48,53,0,0.0,2006,6,19,3,1,0
27,17.8,66,987.0,35.64,0,0,0.0,2020,12,1,21,5,3
18,19.5,23,958.6,32.4,0,0,0.0,2017,2,21,18,5,3
35,26.6,40,965.2,25.2,3,0,0.0,2016,4,8,6,0,2
13,14.1,63,928.9,23.76,0,0,0.0,2001,1,31,7,6,3
17,17.7,98,894.9,15.48,59,0,0.0,2012,5,7,5,1,2
15,30.3,54,937.8,80.64,60,1,0.0,2022,4,30,18,2,2
12,35.5,24,978.1,22.68,0,0,0.0,2022,3,20,14,3,2
30,31.0,40,1011.6,33.84,0,0,0.0,2002,3,16,11,2,2
37,20.6,44,996.7,24.48,0,0,0.0,2016,3,8,5,5,2
39,21.5,91,945.3,18.36,11,0,0.0,2020,3,24,4,5,2
35,24.1,81,962.6,54.72,81,1,0.0,2002,7,26,1,0,0
3,22.3,50,976.1,21.96,2,0,0.0,1996,12,8,18,3,3
30,30.1,38,1009.2,11.88,0,0,0.0,1996,12,2,14,1,3
42,25.2,86,1010.5,13.68,100,1,0.0,2000,2,23,22,6,3
4,26.0,85,997.3,42.48,100,1,0.0,2009,8,7,3,0,0
19,30.9,59,975.6,79.56,34,0,0.0,2013,6,29,23,2,0
13,23.2,69,931.2,9.0,7,0,0.0,2016,3,6,6,3,2
5,14.9,44,945.2,28.08,0,0,0.0,2000,12,25,2,1,3
36,21.1,31,947.9,31.68,0,0,0.0,1998,3,26,2,4,2
24,26.2,89,1012.5,9.0,100,2,1.2,2010,10,27,10,6,1
26,27.5,78,1009.8,27.36,97,1,0.0,2022,11,29,10,5,1
23,28.7,75,991.5,50.4,100,1,0.0,2014,9,15,10,1,1
32,34.8,28,973.9,30.6,22,0,0.0,2015,3,31,14,5,2
3,30.7,23,975.2,47.88,0,0,0.0,2009,3,12,9,4,2
43,25.3,93,1006.1,24.12,100,1,0.0,2022,7,30,7,2,0
30,24.9,64,1012.8,23.4,0,0,0.0,2014,3,4,9,5,2
8,26.9,91,999.7,55.8,100,2,0.1,2025,7,15,0,5,0
39,23.7,80,945.0,48.24,39,0,0.0,2015,8,30,19,3,0
9,37.2,22,1003.6,45.0,0,0,0.0,2007,3,30,17,0,2
31,26.0,71,930.9,55.8,99,2,0.3,1997,11,4,14,5,1
3,14.1,62,977.2,30.6,0,0,0.0,1998,12,25,5,0,3
7,19.9,96,913.2,15.84,100,2,1.0,2021,11,4,22,4,1
20,26.6,85,1000.0,74.52,98,2,0.1,2005,9,18,9,3,1
38,22.4,50,1004.7,42.84,0,0,0.0,2019,1,16,6,6,3
5,29.9,52,936.1,83.52,86,1,0.0,2011,6,19,17,3,0
38,24.3,57,1002.6,42.48,97,1,0.0,2026,3,1,8,3,2
32,29.4,38,975.5,23.04,15,0,0.0,2014,3,28,21,0,2
37,20.5,40,997.9,12.24,0,0,0.0,2023,2,18,5,2,3
35,28.0,43,964.8,28.44,23,0,0.0,2005,4,23,5,2,2
24,23.9,90,1011.3,21.6,24,0,0.0,1997,12,26,5,0,3
34,28.9,74,979.0,27.36,100,2,0.5,2007,7,24,0,5,0
28,27.6,77,1011.2,26.64,99,1,0.0,2014,3,9,22,3,2
17,17.9,92,895.3,8.64,25,0,0.0,2001,10,23,5,5,1
26,31.3,62,1006.9,16.92,34,0,0.0,2012,4,14,12,2,2
12,25.9,93,973.2,29.88,100,1,0.0,1999,7,23,7,0,0
10,25.2,26,993.0,14.4,0,0,0.0,1998,12,3,12,4,3
31,21.6,92,927.9,49.32,100,1,0.0,2023,9,10,23,3,1
11,30.4,19,902.1,10.44,16,0,0.0,1997,3,11,18,5,2
44,22.1,46,948.0,23.76,0,0,0.0,2016,11,5,20,2,1
24,28.6,68,1006.4,29.16,94,1,0.0,2011,1,4,14,5,3
19,35.8,25,986.3,35.28,0,0,0.0,2015,10,12,15,1,1
32,28.5,76,969.3,46.8,100,2,0.3,2005,7,11,14,1,0
27,42.7,9,972.9,63.72,0,0,0.0,2010,5,9,15,3,2
9,29.6,71,1002.6,39.24,100,1,0.0,2022,8,21,11,3,0
14,9.7,70,997.3,24.84,100,1,0.0,2017,1,14,8,2,3
34,19.4,68,993.8,39.96,0,0,0.0,2021,10,30,8,2,1
37,27.1,48,999.0,26.64,0,0,0.0,2014,11,5,19,6,1
35,29.6,40,970.6,37.8,0,0,0.0,2016,11,16,12,6,1
1,17.5,65,1008.6,27.0,0,0,0.0,2006,12,22,1,0,3
11,16.7,80,897.5,23.04,57,0,0.0,2007,12,30,3,3,3
40,27.2,40,960.6,32.76,16,0,0.0,2007,12,16,19,3,3
23,30.7,41,995.0,46.8,3,0,0.0,2024,3,7,19,4,2
43,24.5,89,1008.6,2.52,96,2,0.2,2016,12,9,2,0,3
39,25.2,58,950.8,37.8,26,0,0.0,1997,12,27,10,2,3
4,14.7,59,1005.8,23.76,99,1,0.0,2024,12,21,4,2,3
20,30.0,49,996.6,55.8,2,0,0.0,2007,4,17,19,5,2
17,21.8,63,897.5,11.52,95,1,0.0,1999,1,21,18,4,3
32,25.5,95,972.5,22.68,95,1,0.0,2021,8,23,23,1,0
0,24.9,72,976.2,38.16,99,1,0.0,2007,9,27,5,4,1
24,26.5,90,1009.4,4.68,98,1,0.0,2000,4,9,7,3,2
25,14.4,67,947.9,23.04,0,0,0.0,2023,1,12,3,4,3
31,25.6,69,927.4,40.68,100,1,0.0,1998,8,27,17,4,0
22,25.1,72,979.9,21.96,2,0,0.0,2020,3,11,23,6,2
18,36.7,43,948.2,13.68,15,0,0.0,1997,6,26,12,4,0
37,15.2,68,997.4,23.76,0,0,0.0,2013,12,15,4,3,3
11,19.5,64,901.0,34.2,7,0,0.0,2000,1,3,9,1,3
22,33.9,29,977.6,9.0,27,0,0.0,2011,4,8,18,0,2
13,24.2,81,929.1,95.04,100,2,0.1,2018,8,21,12,5,0
33,25.2,24,944.9,31.32,0,0,0.0,2000,1,15,16,2,3
21,32.7,35,961.7,37.8,0,0,0.0,2023,10,12,13,4,1
6,28.5,13,987.5,38.16,9,0,0.0,2006,3,5,19,3,2
33,25.5,60,942.5,25.92,0,0,0.0,2003,5,1,23,4,2
45,25.1,76,976.6,36.72,90,1,0.0,2018,9,2,1,3,1
28,26.2,87,1007.4,14.4,100,2,1.1,2002,5,28,17,5,2
20,28.4,71,998.7,55.8,72,1,0.0,2008,9,21,11,3,1
34,26.2,44,983.9,19.44,87,1,0.0,2015,4,11,20,2,2
25,23.9,81,946.6,57.24,4,0,0.0,2001,5,8,0,5,2
5,13.5,51,942.9,23.76,0,0,0.0,1999,1,30,4,2,3
23,27.9,67,994.4,56.52,8,0,0.0,2017,4,2,23,3,2
24,24.0,92,1010.4,11.88,47,0,0.0,2008,9,26,3,0,1
27,26.5,94,971.7,39.6,100,2,2.5,2023,7,16,16,3,0
18,23.3,62,959.4,30.96,0,0,0.0,2010,10,15,22,0,1
13,29.5,54,925.7,68.76,76,2,0.1,2003,6,11,16,6,0
36,17.2,94,951.3,11.88,1,0,0.0,1996,1,2,1,5,3
7,15.4,80,910.6,43.2,70,1,0.0,2013,12,6,7,0,3
8,31.2,72,994.7,69.48,76,1,0.0,2016,7,2,15,2,0
44,23.6,42,944.8,26.28,0,0,0.0,2021,5,3,2,1,2
21,29.5,31,955.6,40.32,50,0,0.0,2002,3,27,0,6,2
1,29.0,69,993.0,79.2,92,1,0.0,2008,6,16,9,1,0
4,24.9,96,998.7,19.44,95,1,0.0,2002,9,5,4,4,1
42,25.1,74,1011.2,24.84,99,1,0.0,1999,1,21,0,4,3
15,20.6,81,940.0,14.4,18,0,0.0,2000,1,14,6,0,3
39,21.8,87,943.0,81.72,100,2,0.6,1999,7,26,18,1,0
27,32.0,58,971.9,28.8,100,1,0.0,2017,9,21,14,4,1
42,25.4,92,1008.6,56.16,46,2,0.4,2017,9,19,18,5,1
8,22.3,41,1010.1,19.8,10,0,0.0,2022,1,23,12,3,3
16,21.8,93,946.5,70.92,100,2,1.4,2020,8,15,5,2,0
19,23.8,16,989.4,39.6,0,0,0.0,2009,10,22,22,4,1
18,13.1,52,968.8,8.28,0,0,0.0,2001,12,24,23,1,3
37,30.0,36,998.2,20.88,7,0,0.0,2023,12,29,14,0,3
44,10.6,76,948.4,24.84,0,0,0.0,2010,12,17,1,0,3
15,27.9,40,941.5,48.6,4,0,0.0,2013,3,19,20,5,2
45,29.6,51,981.1,24.12,45,0,0.0,2019,3,22,19,0,2
3,27.2,75,964.9,29.88,88,1,0.0,2007,7,18,22,6,0
30,29.8,72,1005.7,90.72,51,2,0.4,2017,6,20,11,5,0
4,28.5,47,1006.5,17.28,20,0,0.0,2008,12,15,18,1,3
35,27.5,68,966.2,37.08,86,2,0.1,2005,8,25,10,4,0
33,27.1,65,946.7,58.68,36,2,0.1,1999,6,1,10,5,0
25,27.6,69,945.9,72.72,99,2,0.2,2023,9,12,14,5,1
7,24.6,78,907.5,51.48,99,2,3.0,2004,5,16,16,3,2
42,26.6,81,1009.0,89.64,98,2,0.5,2005,6,24,11,0,0
25,29.3,32,951.3,47.88,0,0,0.0,2011,11,10,11,4,1
28,24.9,92,1011.0,11.16,100,2,0.2,1997,9,24,22,6,1
14,17.0,83,994.8,27.72,80,1,0.0,2019,11,16,1,2,1
45,25.4,91,974.4,39.96,100,2,1.1,2016,6,26,3,3,0
10,21.6,48,981.3,43.92,94,1,0.0,2024,3,23,5,2,2
20,19.5,68,1001.5,25.56,0,0,0.0,2003,10,24,7,0,1
17,25.8,62,897.5,17.64,53,2,0.1,2000,5,9,13,5,2
17,21.0,85,897.7,62.28,98,1,0.0,2022,12,26,17,1,3
2,28.5,61,948.0,75.96,100,1,0.0,2002,8,3,7,2,0
11,20.9,98,898.0,23.4,99,2,1.7,2005,7,16,10,2,0
2,17.1,81,954.4,82.44,99,2,0.4,2003,2,18,9,5,3
29,27.3,81,1008.0,18.72,97,1,0.0,2015,12,11,19,0,3
26,26.5,81,1007.2,25.92,4,0,0.0,2011,3,23,5,6,2
26,30.3,73,1005.4,38.52,50,2,0.2,2000,4,9,15,3,2
17,20.0,97,898.3,27.36,100,2,0.1,2024,10,25,1,0,1
2,26.1,15,956.7,39.96,0,0,0.0,2001,2,10,17,2,3
11,22.9,69,900.8,23.76,12,0,0.0,2004,11,18,18,4,1
38,33.1,38,1002.8,24.48,0,0,0.0,2006,2,20,12,1,3
8,27.0,35,1010.1,27.0,0,0,0.0,2016,12,27,17,5,3
13,21.1,95,930.6,41.04,100,1,0.0,2024,9,16,21,1,1
29,25.9,89,1006.7,27.36,17,0,0.0,2000,10,31,22,5,1
13,34.1,27,934.7,25.92,8,0,0.0,2020,4,12,11,3,2
1,21.6,37,1006.5,30.24,0,0,0.0,2014,3,20,8,4,2
20,16.6,36,1004.5,34.92,0,0,0.0,2015,2,12,6,4,3
4,22.9,54,1009.4,21.24,52,0,0.0,2013,2,3,9,3,3
12,24.8,62,983.4,27.72,1,0,0.0,2002,10,19,20,2,1
41,26.4,52,1007.7,52.56,0,0,0.0,2006,3,27,21,1,2
13,24.0,61,929.9,30.24,0,0,0.0,2005,3,28,0,1,2
11,28.1,59,903.4,9.36,33,0,0.0,2020,5,4,10,1,2
2,25.7,73,947.0,66.96,100,1,0.0,1996,7,31,0,6,0
32,27.2,83,972.8,18.72,96,1,0.0,2015,8,18,20,5,0
10,33.3,51,972.2,68.04,41,0,0.0,2018,6,25,6,1,0
25,24.0,88,948.2,60.84,29,0,0.0,1998,5,28,1,4,2
21,23.1,89,961.0,36.0,88,1,0.0,2019,10,31,22,4,1
40,27.1,71,955.3,56.16,28,0,0.0,1997,6,12,8,4,0
13,15.5,47,931.5,32.4,0,0,0.0,2006,2,12,6,3,3
35,24.4,79,961.0,55.44,57,0,0.0,2004,8,1,7,3,0
29,25.8,84,1008.4,49.68,98,1,0.0,2012,10,2,23,5,1
19,12.6,64,990.4,38.52,0,0,0.0,2021,2,5,4,0,3
31,22.8,62,933.4,18.36,0,0,0.0,1999,11,11,9,4,1
0,30.4,66,970.6,15.48,100,2,0.2,2008,7,23,17,6,0
9,32.6,66,993.9,73.08,94,1,0.0,1997,6,27,14,0,0
2,8.4,96,961.8,35.64,0,0,0.0,2024,12,31,5,5,3
36,23.2,63,950.9,24.48,6,0,0.0,2008,12,16,20,5,3
16,38.6,17,951.6,14.76,28,0,0.0,1999,4,8,13,4,2
34,17.4,65,992.7,19.8,0,0,0.0,2022,2,6,11,3,3
36,18.1,75,948.0,6.84,91,1,0.0,2018,11,18,5,3,1
5,26.5,23,944.3,33.84,0,0,0.0,2006,4,4,22,5,2
34,26.5,79,976.1,45.72,17,0,0.0,2021,6,19,20,2,0
39,23.1,92,944.9,35.28,92,1,0.0,1997,5,24,2,2,2
12,9.4,96,985.5,22.32,100,1,0.0,2020,1,27,5,1,3
40,40.2,12,956.9,36.0,3,0,0.0,2025,5,3,12,2,2
0,30.0,28,976.4,25.56,14,0,0.0,2001,4,24,0,5,2
46,27.5,75,924.7,27.0,57,2,0.5,2019,5,26,14,3,2
14,31.4,66,979.8,55.44,97,2,0.6,2019,8,17,11,2,0
46,29.1,67,927.1,15.48,87,1,0.0,2010,4,25,12,3,2
1,21.2,30,1009.2,35.28,0,0,0.0,2013,1,23,19,6,3
10,23.4,48,986.2,42.12,6,0,0.0,2016,3,7,19,1,2
26,30.9,63,1006.2,25.92,86,1,0.0,2009,10,30,14,0,1
0,23.6,66,979.7,21.96,4,0,0.0,2009,3,21,7,2,2
3,29.7,61,963.3,42.12,100,1,0.0,2014,7,12,21,2,0
3,30.6,15,968.5,31.68,0,0,0.0,2009,4,19,0,3,2
33,28.2,62,945.7,12.96,58,2,0.3,2011,9,30,14,0,1
10,30.4,57,970.3,93.96,1,0,0.0,1999,8,12,23,4,0
44,25.4,22,950.5,36.36,0,0,0.0,2000,2,28,19,1,3
15,28.1,43,947.1,9.0,0,0,0.0,2003,2,2,11,3,3
39,25.4,37,949.4,40.68,0,0,0.0,1997,2,24,22,1,3
42,26.1,76,1011.0,17.64,16,0,0.0,2007,1,10,0,6,3
2,15.7,32,964.0,30.24,0,0,0.0,2002,2,12,19,5,3
17,19.9,80,898.3,8.28,24,0,0.0,2012,12,31,22,1,3
41,30.8,68,999.9,65.52,78,1,0.0,2016,6,25,15,2,0
19,29.8,64,979.7,38.52,5,0,0.0,2006,9,4,18,1,1
5,23.3,75,944.2,32.04,3,0,0.0,2025,10,19,1,3,1
35,23.3,46,965.6,24.48,0,0,0.0,2013,3,18,4,1,2
5,24.7,48,949.5,37.44,0,0,0.0,2022,1,6,11,4,3
42,27.9,72,1006.2,21.24,67,1,0.0,2013,12,3,17,5,3
5,31.3,27,944.4,34.92,0,0,0.0,2010,2,14,15,3,3
34,26.5,66,979.6,56.16,0,0,0.0,2013,6,2,6,3,0
13,21.1,92,927.4,55.08,71,1,0.0,2016,6,21,23,5,0
25,21.6,81,952.3,51.48,90,1,0.0,2023,12,17,8,3,3
32,32.7,15,977.8,37.44,0,0,0.0,2017,2,24,15,0,3
30,26.8,94,1008.5,32.04,95,1,0.0,2017,9,30,7,2,1
1,26.9,18,1006.6,45.72,0,0,0.0,2002,1,24,15,4,3
42,29.2,62,1012.3,17.28,88,1,0.0,2020,3,17,8,5,2
14,21.1,66,993.2,30.24,85,1,0.0,2018,11,1,1,4,1
22,26.9,75,974.3,77.76,100,1,0.0,2022,8,21,8,3,0
21,29.8,57,950.9,66.24,90,1,0.0,2009,6,6,18,2,0
15,21.5,71,944.1,47.52,100,1,0.0,2021,1,12,8,5,3
0,20.0,52,980.3,12.96,76,1,0.0,2018,11,13,2,5,1
46,13.9,87,927.8,33.84,0,0,0.0,2011,1,25,7,5,3
40,24.2,84,954.6,68.76,90,1,0.0,2007,8,11,8,2,0
16,28.6,48,957.0,32.76,97,1,0.0,2004,4,6,8,5,2
26,27.0,64,1009.0,23.04,0,0,0.0,2007,2,16,19,0,3
3,27.3,42,975.3,17.28,0,0,0.0,2006,12,26,12,5,3
40,19.2,50,958.0,39.6,8,0,0.0,2004,2,1,6,3,3
33,27.8,55,943.6,37.44,51,0,0.0,2020,5,16,0,2,2
18,14.5,62,965.5,42.48,0,0,0.0,2009,1,3,21,2,3
20,30.2,26,1001.8,9.72,0,0,0.0,2010,2,3,14,6,3
33,26.2,79,941.4,85.32,100,2,0.4,2024,7,31,13,6,0
1,26.2,86,999.9,33.84,100,1,0.0,2022,7,30,2,2,0
21,19.5,76,961.4,38.88,19,0,0.0,2019,12,24,3,5,3
16,26.9,70,943.6,95.76,100,1,0.0,2004,6,14,17,1,0
26,26.6,84,1003.7,49.32,97,2,0.2,2013,9,19,16,4,1
33,23.4,94,942.9,55.08,100,1,0.0,2018,9,21,22,0,1
44,26.4,38,952.2,22.32,20,0,0.0,2001,4,15,8,3,2
46,26.6,39,927.1,29.16,77,1,0.0,2000,12,17,16,3,3
39,27.4,46,951.4,24.84,0,0,0.0,1998,3,17,9,5,2
29,30.0,49,1012.1,28.08,1,0,0.0,1998,2,12,10,4,3
17,24.3,68,900.2,25.56,34,2,0.2,1998,10,26,11,1,1
8,29.2,81,998.0,41.4,100,2,0.1,2024,6,22,3,2,0
33,22.1,47,950.2,42.12,0,0,0.0,2022,11,10,20,4,1
4,27.7,80,995.5,55.08,100,1,0.0,2004,6,19,5,2,0
0,26.7,31,979.8,32.4,0,0,0.0,2002,10,29,18,5,1
19,12.3,64,995.0,44.64,0,0,0.0,2013,1,19,21,2,3
4,31.5,60,1002.0,26.28,22,0,0.0,2020,9,29,14,5,1
4,26.1,95,996.0,40.68,100,2,0.5,2018,7,20,9,0,0
42,27.5,78,1008.6,50.4,80,1,0.0,2025,8,8,9,0,0
41,26.9,92,1001.3,48.6,98,2,0.1,2024,7,10,1,6,0
38,26.1,90,996.9,54.36,100,2,1.7,2007,6,28,13,4,0
27,13.0,49,982.9,32.04,63,1,0.0,2012,2,12,1,3,3
16,18.9,94,957.5,30.24,52,2,0.3,2014,3,3,7,1,2
27,27.8,38,987.3,20.52,0,0,0.0,2020,12,9,11,6,3
8,28.2,77,1008.0,49.32,21,0,0.0,1997,6,3,8,5,0
20,30.3,59,999.4,29.16,41,0,0.0,2017,10,15,10,3,1
20,28.9,74,994.4,78.12,86,2,0.1,1998,8,7,10,0,0
21,19.1,63,961.6,27.0,0,0,0.0,2007,12,18,4,5,3
39,34.2,21,945.3,36.72,0,0,0.0,2020,2,24,15,1,3
14,43.6,22,976.2,56.52,0,0,0.0,2002,5,13,15,1,2
41,27.1,54,1006.8,71.64,0,0,0.0,2011,4,3,19,3,2
43,30.8,42,1006.4,19.8,7,0,0.0,1999,1,17,17,3,3
39,26.2,80,945.8,37.8,63,1,0.0,2019,5,20,22,1,2
2,27.2,80,950.0,36.0,100,1,0.0,2003,8,11,19,1,0
42,27.1,86,1011.1,68.4,69,1,0.0,2006,7,6,12,4,0
38,24.8,92,999.6,12.96,95,1,0.0,2007,10,10,3,6,1
28,30.0,67,1005.8,21.96,92,1,0.0,2009,11,1,14,3,1
34,24.5,48,990.9,30.96,22,0,0.0,2009,11,2,19,1,1
24,25.8,85,1011.7,5.4,100,2,0.4,2025,1,19,10,3,3
45,30.1,46,977.3,18.72,23,0,0.0,2008,3,19,20,6,2
33,21.7,96,943.5,42.84,100,1,0.0,2023,8,27,4,3,0
7,21.7,82,912.3,28.08,42,0,0.0,2003,10,10,21,0,1
26,28.9,77,1006.4,20.16,86,2,0.1,2017,10,10,10,5,1
23,34.3,32,998.8,26.64,10,0,0.0,2019,2,21,15,4,3
22,29.7,57,977.7,14.4,89,1,0.0,2018,9,9,12,3,1
35,27.9,42,969.2,7.92,0,0,0.0,2014,1,6,12,1,3
11,19.2,94,898.6,54.36,100,1,0.0,2023,8,18,20,0,0
21,37.0,37,958.3,49.32,30,0,0.0,2023,6,4,12,3,0
27,21.7,53,986.4,12.6,0,0,0.0,2016,11,1,4,5,1
8,25.6,43,1010.2,30.6,0,0,0.0,2025,3,11,7,5,2
7,18.8,87,908.9,29.16,32,0,0.0,2017,11,13,23,1,1
40,27.0,33,963.8,43.92,0,0,0.0,2021,2,14,10,3,3
30,24.3,94,1009.5,16.56,58,2,0.4,2013,10,11,4,0,1
3,35.6,34,963.7,38.88,24,0,0.0,2010,5,21,21,0,2
25,22.1,97,945.0,46.8,100,1,0.0,2003,7,10,20,4,0
39,25.6,66,947.9,47.88,89,1,0.0,2016,2,9,20,5,3
10,32.9,56,971.9,15.48,100,2,3.2,2019,8,16,17,0,0
34,14.0,79,990.6,34.2,0,0,0.0,2013,12,1,23,3,3
25,28.3,30,950.2,30.24,0,0,0.0,2022,2,5,12,2,3
12,25.6,61,984.8,30.6,0,0,0.0,2022,11,3,17,4,1
20,15.5,58,1001.1,32.4,0,0,0.0,2012,12,31,4,1,3
32,22.6,50,979.4,27.72,20,0,0.0,2004,10,29,22,0,1
21,25.7,42,961.0,41.04,48,0,0.0,2003,3,25,7,5,2
22,29.1,68,975.1,33.12,100,1,0.0,2008,8,20,16,6,0
10,31.4,13,984.6,34.92,0,0,0.0,2000,10,28,18,2,1
16,26.1,72,948.3,89.64,100,1,0.0,2005,6,21,7,5,0
7,23.8,66,912.4,70.56,100,1,0.0,1999,8,26,10,4,0
46,22.1,98,927.0,26.64,92,1,0.0,2005,5,16,0,1,2
38,30.1,68,1000.9,45.36,23,0,0.0,2007,3,31,17,2,2
40,25.4,28,954.5,29.16,0,0,0.0,2004,3,22,5,1,2
30,27.7,87,1002.8,84.96,100,1,0.0,2011,6,18,2,2,0
12,21.7,41,987.5,33.12,0,0,0.0,2012,11,25,17,3,1
42,24.6,89,1005.0,75.96,100,2,1.2,2022,8,3,13,6,0
21,26.7,74,954.2,27.36,96,1,0.0,1999,5,17,5,1,2
36,24.5,86,941.4,60.48,21,2,0.3,2020,8,7,18,0,0
3,23.6,37,971.3,27.36,0,0,0.0,2000,2,6,18,3,3
41,27.3,85,997.2,93.6,39,0,0.0,2016,8,4,18,4,0
27,25.3,37,986.7,27.36,92,1,0.0,1996,11,22,11,0,1
35,23.8,90,960.2,40.32,100,2,0.9,2008,6,26,5,4,0
19,29.2,55,977.6,39.6,9,0,0.0,2003,9,12,18,0,1
25,22.5,98,942.5,36.0,100,1,0.0,2010,7,18,4,3,0
19,20.7,51,989.7,22.32,68,1,0.0,2005,3,4,8,0,2
27,23.8,91,980.2,33.48,13,0,0.0,2019,10,3,4,4,1
2,23.2,31,961.9,38.88,29,0,0.0,2009,1,3,12,2,3
8,31.3,67,1001.0,61.2,100,1,0.0,1997,7,18,12,0,0
43,30.6,59,1007.7,42.84,96,1,0.0,2018,9,14,12,0,1
17,17.3,100,895.0,5.76,99,1,0.0,2014,5,30,4,0,2
1,16.8,89,1006.2,22.32,0,0,0.0,2021,12,24,2,0,3
7,28.7,44,916.4,24.84,0,0,0.0,2016,3,12,10,2,2
2,28.4,25,959.5,3.6,0,0,0.0,2012,10,27,16,2,1
18,27.4,71,961.1,45.72,9,0,0.0,2010,10,17,9,3,1
17,18.5,100,896.4,77.04,100,2,0.3,2018,8,21,6,5,0
10,12.9,83,988.9,36.0,1,0,0.0,2007,12,12,22,6,3
6,27.9,84,981.5,16.92,78,2,0.1,2016,8,24,9,6,0
9,30.1,64,999.9,23.76,100,1,0.0,1996,9,8,14,3,1
27,25.6,23,986.1,30.96,0,0,0.0,1998,3,1,17,3,2
19,9.9,61,992.7,28.44,0,0,0.0,2021,2,7,7,3,3
37,24.1,32,1001.6,32.04,24,0,0.0,2023,3,5,2,3,2
42,29.4,76,1007.8,16.92,100,2,0.2,2013,5,1,10,6,2
19,40.9,8,980.6,46.44,91,1,0.0,2015,5,5,17,5,2
31,23.6,80,928.1,18.72,14,0,0.0,2013,4,25,2,4,2
31,21.5,95,927.0,19.44,100,1,0.0,2014,10,10,1,0,1
21,40.6,14,955.0,42.12,0,0,0.0,2000,4,26,13,6,2
35,38.2,14,965.2,26.28,0,0,0.0,2017,4,21,11,0,2
34,32.1,54,978.6,33.12,82,2,0.5,2021,6,1,14,5,0
26,25.2,72,1011.6,19.44,91,1,0.0,2005,1,11,8,5,3
36,22.6,72,946.7,20.16,0,0,0.0,2005,5,1,7,3,2
20,27.1,88,991.2,46.8,16,0,0.0,2014,6,18,0,6,0
0,28.4,77,973.9,28.44,87,1,0.0,2013,10,4,15,0,1
7,24.6,46,915.8,47.16,100,1,0.0,2023,2,8,9,6,3
41,36.9,18,1005.3,43.2,0,0,0.0,2018,3,17,15,2,2
19,33.1,42,982.6,34.92,0,0,0.0,2005,9,3,10,2,1
12,27.1,83,976.7,30.24,44,2,1.5,2010,9,15,17,6,1
36,23.2,96,940.1,59.76,100,2,0.6,2006,7,2,3,3,0
14,21.9,70,989.6,21.24,0,0,0.0,1998,10,13,3,5,1
16,15.1,60,954.3,28.8,27,0,0.0,2011,1,6,2,4,3
29,23.8,94,1009.9,25.56,100,2,0.4,2003,9,6,21,2,1
13,24.2,42,929.1,27.72,0,0,0.0,2000,11,17,18,0,1
45,26.9,90,972.3,30.24,100,2,2.6,1999,5,25,20,5,2
14,26.1,74,980.8,51.84,20,0,0.0,2015,9,22,19,5,1
10,28.5,78,970.5,41.4,30,0,0.0,2007,7,4,7,6,0
31,23.4,51,932.1,22.32,24,0,0.0,2008,2,16,22,2,3
3,14.9,75,973.7,22.32,0,0,0.0,1998,12,23,0,6,3
11,20.6,87,896.2,93.6,89,2,0.6,2020,9,22,9,5,1
30,23.1,84,1010.6,23.76,1,0,0.0,2014,11,25,4,5,1
12,24.7,31,981.9,39.6,0,0,0.0,2003,4,21,23,1,2
15,30.6,50,940.9,12.96,65,1,0.0,2022,4,16,10,2,2
14,24.7,33,984.0,30.24,0,0,0.0,2010,4,25,1,3,2
41,28.5,79,1004.7,40.32,0,0,0.0,2013,4,30,1,5,2
45,31.8,40,977.9,30.6,25,0,0.0,2005,4,6,19,6,2
45,29.2,70,973.5,3.6,24,0,0.0,2020,6,23,18,5,0
21,24.7,82,954.2,87.84,100,2,0.4,2015,6,23,22,5,0
34,17.8,63,992.8,53.64,0,0,0.0,2006,12,27,10,6,3
38,21.1,98,1003.0,15.48,100,1,0.0,2008,10,28,6,5,1
3,26.0,82,969.0,84.6,100,2,0.1,2019,9,13,9,0,1
42,26.0,87,1012.4,5.4,20,0,0.0,2018,12,12,23,6,3
32,20.1,20,977.1,40.32,0,0,0.0,2003,3,5,0,6,2
24,29.9,70,1007.7,6.48,100,1,0.0,2006,4,19,14,6,2
8,32.7,18,1011.1,43.92,0,0,0.0,2023,2,13,15,1,3
36,26.0,39,950.8,20.16,99,1,0.0,2025,2,28,23,0,3
42,28.6,81,1005.7,56.52,84,2,0.1,2017,5,26,14,0,2
21,29.6,57,956.4,21.24,38,0,0.0,2008,3,29,18,2,2
20,36.8,34,998.5,63.72,24,0,0.0,1998,4,25,14,2,2
4,20.2,44,1007.4,26.64,0,0,0.0,2002,12,23,23,1,3
16,22.9,52,954.6,24.84,0,0,0.0,1996,11,27,19,6,1
42,27.6,78,1009.6,64.08,64,2,0.3,2008,5,10,10,2,2
30,23.2,68,1010.2,40.68,0,0,0.0,2017,11,6,6,1,1
10,12.4,50,992.2,31.68,96,1,0.0,1997,1,22,20,6,3
38,25.2,94,999.4,11.16,100,1,0.0,2000,4,10,3,1,2
17,24.8,45,899.8,17.64,48,0,0.0,1997,2,9,11,3,3
20,32.2,31,1001.5,39.96,100,1,0.0,1998,4,15,10,6,2
13,28.9,23,930.5,24.48,0,0,0.0,2021,2,10,17,6,3
26,27.8,87,1008.3,11.16,95,1,0.0,1998,4,12,3,3,2
6,20.9,38,991.4,9.0,82,1,0.0,1999,3,2,8,5,2
23,25.5,87,986.7,37.8,100,2,0.3,2013,6,22,2,2,0
22,26.7,72,969.7,50.4,98,1,0.0,2009,7,7,3,5,0
28,29.4,55,1009.6,47.16,3,0,0.0,2006,1,24,16,5,3
14,17.1,44,996.1,48.6,76,1,0.0,2017,1,17,14,5,3
36,21.3,50,948.2,27.36,1,0,0.0,2003,3,10,1,1,2
1,24.5,49,1001.9,26.64,40,0,0.0,2016,4,19,6,5,2
5,29.6,26,944.5,45.36,0,0,0.0,2011,2,14,12,1,3
6,23.6,20,990.6,25.2,0,0,0.0,2023,2,7,19,5,3
32,24.1,92,965.2,59.76,100,2,0.8,2016,7,6,6,6,0
31,21.5,77,930.4,30.24,4,0,0.0,2020,4,11,5,2,2
0,29.9,55,981.0,18.36,30,0,0.0,2018,10,23,17,5,1
26,31.6,64,1011.5,37.44,47,0,0.0,2019,4,1,10,1,2
34,22.9,37,988.8,40.32,0,0,0.0,2009,11,24,17,5,1
23,22.8,82,994.9,21.96,0,0,0.0,2012,3,25,4,3,2
38,22.1,73,1004.4,33.84,0,0,0.0,2022,10,27,23,4,1
44,17.9,37,950.1,23.4,0,0,0.0,1999,3,1,23,1,2
35,33.2,31,959.9,21.96,12,0,0.0,2005,5,7,20,2,2
11,17.9,82,894.0,19.44,100,1,0.0,2008,11,16,4,3,1
17,18.9,92,895.1,19.08,24,0,0.0,2011,6,22,20,6,0
17,18.3,100,896.8,27.72,100,2,2.0,2006,9,16,15,2,1
4,28.5,83,993.1,33.12,100,1,0.0,2022,8,5,17,0,0
23,19.9,91,999.0,3.96,65,1,0.0,2009,12,9,6,6,3
44,16.8,59,955.3,24.84,42,0,0.0,2017,12,17,18,3,3
31,25.9,42,928.8,37.08,100,1,0.0,2025,12,22,15,1,3
42,25.6,81,1011.6,19.44,11,0,0.0,2011,1,27,23,4,3
8,25.5,94,999.3,34.2,65,2,0.1,2008,7,25,7,0,0
2,28.7,24,957.2,31.68,0,0,0.0,2015,10,2,20,0,1
43,36.8,27,1008.3,10.44,0,0,0.0,2017,2,23,12,4,3
30,25.5,69,1011.6,74.88,0,0,0.0,2017,12,11,16,1,3
28,23.6,92,1007.7,19.08,96,2,0.1,2000,7,14,3,0,0
43,30.7,55,1007.4,19.8,100,1,0.0,2000,1,15,12,2,3
20,25.1,37,1001.2,21.96,18,0,0.0,2021,4,14,1,6,2
30,21.3,62,1008.9,14.4,14,0,0.0,2025,1,22,5,6,3
20,23.1,95,998.0,20.16,0,0,0.0,2025,4,17,2,4,2
19,15.4,34,989.2,47.52,0,0,0.0,2011,1,28,22,0,3
38,24.5,87,1002.5,14.4,0,0,0.0,2002,4,1,1,1,2
12,25.1,62,977.8,7.2,1,0,0.0,2009,10,7,22,6,1
42,23.9,90,1009.4,29.16,94,2,0.1,2013,8,18,1,3,0
24,24.5,96,1008.8,17.28,22,0,0.0,2022,5,28,0,2,2
8,27.1,79,1004.3,33.84,0,0,0.0,2007,5,24,5,4,2
5,22.0,87,943.4,20.16,24,0,0.0,2017,10,22,0,3,1
13,25.7,43,933.3,75.24,67,1,0.0,2008,11,26,11,6,1
29,27.6,69,1011.1,44.28,20,0,0.0,2009,2,4,19,6,3
2,9.2,47,962.7,28.8,0,0,0.0,1998,1,26,1,1,3
17,24.4,83,896.8,37.8,85,2,0.5,2024,4,18,16,4,2
18,13.8,96,965.2,21.24,49,0,0.0,2022,1,6,19,4,3
23,24.2,72,1000.1,21.96,0,0,0.0,1996,2,19,8,1,3
29,28.0,80,1011.3,28.08,11,0,0.0,2024,3,30,23,2,2
33,27.7,58,950.0,23.76,4,0,0.0,2007,10,12,9,0,1
25,22.5,96,944.0,45.72,100,1,0.0,2003,7,6,8,3,0
10,25.7,35,982.7,76.68,1,0,0.0,2020,3,20,22,0,2
43,23.8,96,1007.4,37.08,100,2,1.1,2005,7,25,2,1,0
41,29.8,33,1010.8,16.92,82,1,0.0,2010,1,27,15,6,3
21,28.2,41,957.7,48.24,23,0,0.0,2022,4,18,1,1,2
35,23.6,46,965.5,38.16,0,0,0.0,2022,3,6,2,3,2
2,34.4,21,952.3,59.04,0,0,0.0,2002,5,9,20,4,2
31,21.8,86,930.7,44.64,98,1,0.0,2023,11,29,22,6,1
22,26.7,71,974.5,70.2,100,1,0.0,2017,9,21,9,4,1
41,26.5,88,1001.0,88.2,100,1,0.0,1999,8,10,0,5,0
18,31.6,50,952.1,21.24,100,2,0.2,2003,6,18,19,6,0
19,28.2,26,989.6,9.36,0,0,0.0,2021,11,25,12,4,1
28,23.4,94,1011.2,20.88,100,2,0.2,2022,7,11,22,1,0
33,32.1,24,945.7,34.92,19,0,0.0,2020,3,30,18,1,2
4,22.0,52,1008.3,30.6,0,0,0.0,2017,1,1,19,3,3
1,12.1,45,1007.5,26.28,0,0,0.0,2007,12,30,5,3,3
9,24.6,47,1008.1,30.24,0,0,0.0,2004,3,15,1,1,2
15,23.0,91,937.3,61.2,99,2,1.4,2015,9,15,16,5,1
42,24.9,95,1009.0,48.6,99,2,3.2,2002,5,21,8,5,2
21,22.9,91,955.3,38.88,100,1,0.0,2011,8,18,6,4,0
15,29.2,58,941.6,73.44,38,0,0.0,2021,4,18,18,3,2
29,29.7,55,1006.6,63.36,28,0,0.0,2020,2,10,16,1,3
9,32.8,40,1008.0,46.44,6,0,0.0,2001,10,17,11,6,1
23,26.7,84,995.9,25.56,100,1,0.0,2024,10,14,21,1,1
21,23.5,92,953.6,75.24,100,2,1.7,2018,8,20,14,1,0
36,23.3,92,947.0,43.56,96,2,0.8,2015,8,12,9,6,0
28,29.8,59,1006.9,9.0,43,0,0.0,2001,3,8,17,4,2
36,20.5,90,946.7,31.32,53,0,0.0,2016,4,23,5,2,2
32,27.0,79,967.9,31.32,100,1,0.0,2001,8,3,10,0,0
3,18.8,54,972.2,25.56,0,0,0.0,1996,3,6,4,6,2
45,26.9,75,979.7,21.24,99,1,0.0,1997,9,27,22,2,1
7,20.4,87,912.1,21.24,98,1,0.0,2024,4,16,6,5,2
28,26.3,85,1008.2,43.2,99,2,0.3,2005,7,12,15,5,0
9,35.0,28,1007.7,31.68,27,0,0.0,2018,10,20,17,2,1
2,25.6,90,946.0,51.12,33,0,0.0,2013,8,2,7,0,0
38,24.3,93,999.2,61.2,65,2,0.9,1996,7,28,21,3,0
6,11.3,43,986.1,27.36,0,0,0.0,2010,12,12,2,3,3
23,20.1,93,995.3,20.52,86,1,0.0,2017,12,7,1,4,3
11,11.3,91,897.4,25.92,52,0,0.0,2011,12,18,5,3,3
4,16.2,57,1007.7,32.4,0,0,0.0,2025,2,11,3,5,3
10,35.8,17,984.1,44.28,99,1,0.0,2024,10,16,12,6,1
10,30.9,71,975.7,29.88,44,0,0.0,2023,7,13,7,4,0
35,29.2,46,962.7,46.8,62,1,0.0,2012,4,19,4,4,2
15,27.4,63,941.0,53.28,100,2,0.2,2006,6,7,12,6,0
46,21.2,82,928.2,1.8,20,0,0.0,1997,2,5,8,6,3
15,27.2,50,941.7,40.32,95,1,0.0,2021,12,14,16,5,3
38,27.4,69,1002.0,57.96,0,0,0.0,2017,1,31,17,5,3
41,15.6,72,1014.1,45.0,66,1,0.0,2026,1,10,5,2,3
43,33.2,35,1009.5,5.76,1,0,0.0,2014,1,12,13,3,3
36,39.3,17,947.7,29.52,43,0,0.0,2003,4,22,14,5,2
44,27.5,62,944.5,51.84,30,0,0.0,2016,9,4,16,3,1
19,33.9,53,978.5,25.92,18,0,0.0,2010,7,15,13,4,0
36,22.1,95,943.4,83.88,100,2,1.9,1997,8,23,8,2,0
20,33.7,21,1003.5,36.0,46,0,0.0,2022,11,11,14,0,1
28,26.7,84,1008.0,34.92,100,1,0.0,2012,7,26,12,4,0
12,8.8,88,990.7,26.64,0,0,0.0,2010,1,12,0,5,3
29,28.5,78,1005.6,20.88,65,1,0.0,2008,4,21,21,1,2
13,20.6,50,934.1,53.28,0,0,0.0,1999,12,21,9,5,3
13,23.1,82,929.6,42.84,91,1,0.0,1999,8,15,19,3,0
16,31.2,41,956.0,32.76,52,0,0.0,2015,11,4,13,6,1
19,31.2,57,974.1,81.72,83,1,0.0,2008,6,28,1,2,0
37,31.3,56,996.9,33.48,8,0,0.0,2002,9,21,12,2,1
23,23.0,61,1001.6,30.96,24,0,0.0,1997,1,18,21,2,3
2,31.4,34,951.6,64.08,5,0,0.0,2017,5,17,8,6,2
30,28.7,86,1008.3,21.24,40,2,0.2,2016,6,1,7,6,0
8,24.0,79,1006.1,29.52,18,0,0.0,2019,10,24,7,4,1
34,15.6,76,992.4,23.04,96,1,0.0,2015,1,1,22,4,3
45,24.7,92,970.0,43.92,100,2,0.9,2011,7,13,6,6,0
38,26.7,64,1005.5,25.56,0,0,0.0,2016,1,24,19,3,3
12,26.0,96,978.7,14.76,88,1,0.0,2003,8,5,0,5,0
46,26.8,70,924.6,21.24,59,0,0.0,2012,4,7,16,2,2
16,28.5,47,950.3,56.16,100,1,0.0,2021,5,25,7,5,2
17,16.6,100,895.7,19.44,82,1,0.0,2013,11,23,1,2,1
41,28.6,70,1003.2,100.8,48,0,0.0,2004,5,21,7,0,2
22,30.4,64,971.0,40.32,100,1,0.0,1998,8,13,16,4,0
10,39.1,9,979.1,57.6,15,0,0.0,2012,4,6,14,0,2
37,24.2,95,987.2,55.8,100,2,2.7,2004,8,8,4,3,0
0,40.0,14,977.9,14.04,22,0,0.0,2021,4,7,14,6,2
36,23.4,86,944.8,52.92,100,2,0.1,2012,6,20,20,6,0
14,30.8,25,992.0,11.52,0,0,0.0,2021,3,10,13,6,2
5,23.1,36,952.1,18.72,0,0,0.0,2004,1,1,10,4,3
37,20.7,92,996.9,38.88,9,0,0.0,2016,3,12,3,2,2
14,21.5,51,989.9,51.12,100,1,0.0,2020,4,10,3,0,2
15,25.8,68,941.3,73.08,48,2,0.1,2014,9,10,12,6,1
20,22.8,41,1005.2,32.04,0,0,0.0,2000,2,28,9,1,3
32,37.1,18,972.3,37.44,31,0,0.0,1996,4,6,16,2,2
20,32.1,51,997.3,20.88,41,0,0.0,2017,10,1,16,3,1
38,24.5,58,1006.1,13.32,4,0,0.0,2012,1,31,9,5,3
16,26.1,69,947.1,74.52,100,1,0.0,2005,7,5,19,5,0
43,25.2,53,1007.6,44.64,100,1,0.0,2025,11,29,0,2,1
14,21.9,68,986.7,33.12,0,0,0.0,2022,10,3,6,1,1
35,26.3,71,959.2,59.76,100,1,0.0,2015,7,19,6,3,0
14,15.8,79,990.2,32.04,0,0,0.0,2021,11,23,19,5,1
7,20.0,94,909.2,47.88,99,1,0.0,2019,8,22,2,4,0
43,25.3,75,1004.5,44.64,70,1,0.0,2000,11,13,5,1,1
7,23.9,74,912.7,39.6,100,1,0.0,2025,9,16,9,5,1
35,29.4,61,963.2,46.8,99,1,0.0,2011,8,15,12,1,0
45,27.6,55,984.0,50.4,84,1,0.0,2016,2,12,10,0,3
43,30.0,55,1006.3,48.24,0,0,0.0,1996,3,2,18,2,2
33,24.7,47,942.6,35.64,0,0,0.0,2022,4,30,4,2,2
30,25.5,63,1011.8,13.32,1,0,0.0,2004,12,20,11,1,3
36,30.8,26,950.8,10.44,4,0,0.0,2008,10,27,11,1,1
11,19.6,98,896.6,5.76,100,1,0.0,2013,9,1,2,3,1
3,16.3,59,970.5,30.24,0,0,0.0,1999,1,6,0,6,3
38,29.0,68,1000.4,28.44,61,1,0.0,2009,5,29,8,0,2
46,25.0,84,923.9,34.56,53,2,0.3,2009,5,8,16,0,2
16,32.7,41,950.8,72.36,1,0,0.0,2014,5,31,8,2,2
22,21.1,56,982.3,32.04,0,0,0.0,2004,2,15,23,3,3
7,18.1,98,913.3,54.72,100,2,1.8,2005,11,21,22,1,1
12,38.1,34,975.6,48.24,15,0,0.0,2000,5,31,14,6,2
26,25.1,95,1006.8,16.56,82,2,0.2,2019,9,21,2,2,1
24,27.2,76,1008.7,13.32,12,0,0.0,1996,2,13,20,5,3
23,30.5,67,987.4,26.64,23,0,0.0,2017,10,10,15,5,1
42,25.4,86,1011.2,5.4,30,2,0.3,2015,2,14,0,2,3
18,29.8,68,952.4,27.36,100,1,0.0,2018,7,1,21,3,0
0,27.6,71,971.2,71.28,90,1,0.0,2006,8,16,10,6,0
41,30.0,69,1006.7,36.72,3,0,0.0,2014,10,3,19,0,1
23,31.5,17,990.8,42.48,0,0,0.0,2017,4,11,19,5,2
25,23.0,31,949.3,34.92,0,0,0.0,2007,11,17,22,2,1
21,21.1,62,957.2,24.12,37,0,0.0,2008,10,22,3,6,1
1,26.5,93,994.3,38.52,100,2,0.4,2007,8,2,19,4,0
26,28.1,73,1007.6,48.24,1,0,0.0,2024,12,22,18,3,3
2,23.1,35,957.5,43.2,0,0,0.0,2025,3,1,21,2,2
28,30.2,67,1006.9,28.08,36,0,0.0,2008,4,19,11,2,2
31,26.3,60,928.7,88.92,100,1,0.0,1996,8,2,13,0,0
27,37.9,13,972.6,33.84,7,0,0.0,2016,6,5,21,3,0
9,21.8,61,1008.6,36.36,0,0,0.0,2000,1,20,21,4,3
39,28.5,41,947.9,37.44,0,0,0.0,2018,12,20,13,4,3
34,27.1,50,984.9,23.76,94,1,0.0,1997,5,1,20,4,2
33,20.4,39,946.6,32.4,0,0,0.0,2000,3,4,21,2,2
16,29.1,56,949.5,41.4,100,1,0.0,2002,7,21,17,3,0
10,27.6,71,978.0,38.52,9,0,0.0,2022,9,23,23,0,1
0,40.2,12,972.2,28.8,1,0,0.0,2022,5,6,17,0,2
38,25.0,73,1005.0,20.16,72,1,0.0,2008,12,11,8,4,3
9,20.6,47,1012.7,32.4,0,0,0.0,1997,1,14,21,5,3
24,25.9,85,1008.8,28.44,67,2,0.3,2013,7,6,9,2,0
22,25.6,92,975.2,14.76,100,2,1.4,2013,8,28,17,6,0
15,24.8,89,938.9,29.88,71,1,0.0,2017,5,13,2,2,2
22,25.5,87,972.2,47.52,14,0,0.0,2016,6,21,6,5,0
15,27.5,56,946.1,10.44,2,0,0.0,2013,3,9,9,2,2
45,27.7,38,985.4,15.84,0,0,0.0,2011,12,17,12,2,3
32,25.4,52,979.4,21.6,24,0,0.0,2010,3,12,2,0,2
21,20.3,93,960.8,21.96,50,0,0.0,2012,10,24,5,6,1
25,27.1,36,950.9,33.12,0,0,0.0,2000,1,19,20,6,3
46,23.4,94,926.3,23.76,55,0,0.0,2004,3,26,20,0,2
0,27.2,79,970.2,25.56,100,2,0.4,2011,8,7,18,3,0
22,25.8,76,972.7,55.8,100,1,0.0,2010,8,1,2,3,0
2,17.5,61,959.0,41.4,12,0,0.0,2006,12,25,23,1,3
40,29.6,39,957.9,74.88,0,0,0.0,2008,5,6,9,5,2
1,30.0,66,997.9,35.64,68,1,0.0,2006,8,29,16,5,0
7,23.2,64,911.7,27.36,40,0,0.0,2005,1,31,17,1,3
1,28.2,30,1006.6,48.6,0,0,0.0,2012,2,17,14,0,3
33,14.2,85,948.2,28.8,0,0,0.0,2023,1,19,0,4,3
46,21.1,99,924.8,13.32,98,1,0.0,1999,4,17,5,2,2
44,34.0,20,946.2,48.96,72,1,0.0,2020,4,20,14,1,2
42,27.6,80,1007.7,20.16,23,2,0.2,2009,3,11,17,6,2
37,30.2,69,987.8,32.4,52,0,0.0,2016,6,30,10,4,0
40,37.8,29,950.2,41.4,14,0,0.0,2004,5,15,15,2,2
30,24.0,94,1007.0,32.4,3,0,0.0,2008,4,20,5,3,2
30,22.7,97,1008.1,22.32,11,0,0.0,2004,3,24,6,6,2
41,24.9,93,1005.9,69.48,99,2,0.6,1997,9,11,6,4,1
13,20.5,97,928.8,27.72,100,1,0.0,1996,8,23,2,0,0
44,23.9,97,939.3,12.24,99,1,0.0,2007,9,3,4,1,1
40,28.3,68,949.3,77.4,90,2,2.6,2013,6,17,15,1,0
46,28.8,57,926.4,29.88,85,1,0.0,2005,5,4,12,6,2
38,28.0,55,1004.3,25.92,84,1,0.0,2006,12,9,18,2,3
16,28.5,38,960.3,30.24,0,0,0.0,1999,2,24,9,6,3
6,37.8,31,976.8,92.52,8,0,0.0,2022,6,18,17,2,0
23,37.8,29,990.5,23.04,46,0,0.0,2017,4,9,15,3,2
18,30.7,23,956.9,26.64,7,0,0.0,2005,5,25,22,6,2
0,37.5,27,977.9,61.56,68,1,0.0,2022,4,14,10,4,2
46,19.9,99,929.4,17.64,99,2,1.1,1997,12,6,22,2,3
38,21.7,89,1002.2,14.4,0,0,0.0,2015,1,29,3,4,3
9,28.8,80,1002.1,42.84,55,2,0.1,2001,8,14,11,5,0
39,23.4,89,946.1,37.44,95,1,0.0,2002,5,28,22,5,2
41,25.7,93,1008.9,68.4,10,0,0.0,2019,4,5,6,0,2
40,20.6,79,959.9,67.32,78,2,0.2,2004,1,28,8,6,3
15,32.2,27,940.1,36.36,16,0,0.0,2020,3,26,18,4,2
24,29.4,84,1007.7,12.6,93,2,0.4,2017,5,21,10,3,2
2,24.1,35,958.2,33.12,12,0,0.0,2005,10,18,1,5,1
17,18.9,100,897.5,42.48,100,2,0.5,2022,8,24,20,6,0
20,22.7,35,1005.3,33.12,0,0,0.0,2016,11,14,21,1,1
45,31.2,34,974.6,33.12,0,0,0.0,2002,3,24,20,3,2
13,28.7,51,929.8,61.92,33,0,0.0,2001,6,1,10,0,0
26,27.0,82,1010.4,18.36,62,1,0.0,2021,2,19,21,0,3
43,32.0,56,1009.5,46.44,12,0,0.0,2023,11,16,11,4,1
3,33.0,37,963.1,46.8,100,1,0.0,2014,7,4,21,0,0
5,40.0,18,939.7,32.04,14,0,0.0,2022,5,14,13,2,2
0,30.4,71,971.9,29.52,100,1,0.0,2000,6,4,10,3,0
44,19.1,56,947.0,33.84,0,0,0.0,2003,10,13,2,1,1
35,28.2,41,970.2,24.12,0,0,0.0,2025,1,13,12,1,3
6,28.8,60,985.8,65.16,14,0,0.0,2008,9,22,10,1,1
31,21.4,54,933.4,43.92,44,0,0.0,2020,2,18,8,5,3
23,34.2,36,994.0,15.48,2,0,0.0,2018,3,8,17,4,2
21,29.6,23,962.5,17.64,0,0,0.0,2004,2,9,15,1,3
32,20.2,87,979.0,18.0,51,2,0.6,2014,3,10,0,1,2
23,32.8,30,997.9,23.04,0,0,0.0,2006,1,20,13,0,3
22,26.5,87,969.3,27.72,95,1,0.0,2016,6,19,18,3,0
15,17.4,80,940.7,45.0,100,1,0.0,2021,11,28,4,3,1
27,27.6,77,983.9,12.6,2,0,0.0,2019,10,6,9,3,1
27,12.1,55,988.6,16.92,17,0,0.0,1998,1,20,9,5,3
33,24.4,84,940.4,73.8,98,2,0.3,2012,6,24,9,3,0
16,17.5,50,962.0,29.88,0,0,0.0,2004,1,10,8,2,3
12,26.6,92,973.3,28.8,88,1,0.0,2008,7,28,2,1,0
40,20.5,58,959.4,36.0,13,0,0.0,2022,11,22,6,5,1
34,16.9,58,988.2,27.36,56,0,0.0,2017,3,15,22,6,2
9,34.8,60,999.3,19.44,76,1,0.0,2002,6,11,13,5,0
34,32.6,65,976.5,51.84,61,1,0.0,1996,7,1,14,1,0
22,29.0,66,975.9,75.24,100,1,0.0,2021,6,19,12,2,0
43,28.0,88,1009.6,2.52,42,2,0.3,2019,10,10,9,4,1
14,43.0,18,979.5,6.48,9,0,0.0,2014,6,4,15,6,0
31,21.7,45,931.7,29.88,0,0,0.0,2017,2,3,21,0,3
32,25.3,82,968.6,53.28,100,1,0.0,2005,8,19,6,0,0
23,25.6,91,993.6,14.76,93,1,0.0,2006,9,13,7,6,1
13,24.0,66,935.6,55.8,12,0,0.0,2013,11,6,10,6,1
10,29.8,70,975.7,78.84,94,1,0.0,2021,8,3,8,5,0
32,29.6,39,967.0,27.72,5,0,0.0,2014,5,22,2,4,2
40,31.9,21,961.2,38.16,0,0,0.0,2008,3,2,11,3,2
20,25.7,81,998.9,29.52,57,0,0.0,2008,9,23,19,5,1
41,19.2,62,1013.7,42.12,0,0,0.0,2010,1,20,6,6,3
39,30.0,46,949.0,56.88,76,1,0.0,2024,12,27,13,0,3
13,28.3,64,928.1,15.48,57,2,0.1,2011,10,14,15,0,1
43,24.4,96,1009.3,12.96,91,2,0.1,2017,9,18,19,1,1
26,26.1,89,1009.3,36.0,100,1,0.0,2005,6,25,9,2,0
14,32.8,24,986.2,36.72,10,0,0.0,2003,4,28,19,1,2
26,25.2,96,1010.0,11.88,12,0,0.0,2020,11,4,22,6,1
10,34.7,46,976.1,96.12,9,0,0.0,2008,6,21,11,2,0
18,11.9,68,965.7,31.68,80,1,0.0,2019,2,17,1,3,3
5,25.0,87,933.8,54.72,99,2,0.1,2018,7,14,17,2,0
25,17.5,89,945.8,16.56,84,1,0.0,2023,3,28,4,5,2
44,28.5,18,952.5,27.72,0,0,0.0,2006,2,9,17,4,3
31,21.0,96,928.6,20.16,82,1,0.0,2019,10,12,6,2,1
22,38.1,31,978.2,23.4,8,0,0.0,2010,3,30,12,5,2
29,25.1,92,1006.4,62.64,99,2,1.8,2018,7,12,22,4,0
36,22.0,94,946.2,70.92,99,2,0.8,2015,7,29,18,6,0
25,25.0,67,950.3,23.4,85,1,0.0,2014,11,4,19,5,1
13,22.0,93,926.3,52.92,100,2,0.9,2009,8,23,17,3,0
44,27.7,72,937.7,80.64,98,2,0.3,2006,7,10,16,1,0
9,27.9,50,1007.9,32.4,26,0,0.0,1999,11,25,18,4,1
11,21.0,85,901.8,14.4,95,2,0.1,2014,10,17,22,0,1
27,28.6,38,985.2,32.04,1,0,0.0,2010,11,7,11,3,1
10,40.0,33,970.1,89.28,7,0,0.0,2003,6,26,14,4,0
36,27.9,69,942.6,59.76,93,2,0.8,2015,6,18,13,4,0
30,19.6,62,1011.9,24.12,75,1,0.0,2025,12,1,7,1,3
7,31.8,42,910.8,33.48,90,1,0.0,2014,5,26,13,1,2
15,29.8,31,941.2,49.68,0,0,0.0,2001,10,28,13,3,1
28,22.0,80,1010.1,12.24,0,0,0.0,2008,1,18,4,0,3
19,30.6,30,977.1,50.4,0,0,0.0,1996,5,1,23,6,2
13,29.1,43,934.8,52.56,22,0,0.0,2020,2,2,12,3,3
23,25.3,91,994.0,20.16,100,2,0.3,2016,9,4,21,3,1
41,24.9,78,1008.8,46.8,0,0,0.0,2014,3,26,0,6,2
19,26.1,91,973.9,30.24,100,1,0.0,2017,6,28,6,6,0
43,28.8,75,1010.0,39.24,71,2,0.2,2002,6,29,11,2,0
23,24.4,93,992.5,3.96,65,2,0.1,2008,9,1,5,1,1
22,24.5,82,976.7,45.72,100,2,0.4,2002,7,23,6,5,0
38,28.2,83,997.2,47.52,59,2,0.1,2020,9,8,15,5,1
14,19.2,67,993.3,24.84,45,2,0.1,2015,3,5,18,4,2
39,22.0,92,946.1,40.68,96,1,0.0,2021,9,10,2,0,1
29,25.6,88,1006.8,23.76,100,1,0.0,2007,9,17,9,1,1
33,16.3,99,944.7,9.0,18,0,0.0,2000,3,14,6,5,2
32,28.4,16,973.7,45.0,0,0,0.0,2001,2,21,19,6,3
10,15.8,83,986.8,31.32,88,2,0.9,2002,3,2,8,2,2
21,28.0,31,965.8,62.28,99,1,0.0,2012,12,18,11,5,3
10,29.1,85,971.2,36.0,99,1,0.0,2014,7,18,0,0,0
14,35.4,52,978.8,15.84,93,1,0.0,2004,7,30,16,0,0
2,37.4,11,950.6,67.32,14,0,0.0,2003,4,2,15,6,2
21,27.6,66,953.9,46.44,79,1,0.0,2022,6,5,5,3,0
4,15.2,55,1008.2,33.12,0,0,0.0,2002,1,23,2,6,3
13,17.8,53,931.7,30.24,0,0,0.0,2002,1,13,1,3,3
25,24.4,69,948.5,30.96,0,0,0.0,2011,3,9,1,6,2
44,30.9,27,951.7,24.48,0,0,0.0,2003,10,18,11,2,1
44,14.7,43,945.9,23.76,1,0,0.0,2019,3,7,2,4,2
24,26.8,85,1009.1,22.32,95,2,0.9,1998,8,7,11,0,0
10,34.5,39,971.3,82.44,30,0,0.0,2001,6,29,0,0,0
11,25.5,36,905.2,31.32,2,0,0.0,2021,3,1,10,1,2
36,25.2,39,948.3,26.64,0,0,0.0,2026,3,13,1,0,2
28,27.1,59,1012.6,3.96,13,0,0.0,2013,1,14,9,1,3
13,22.2,92,925.2,66.6,100,2,0.4,2000,7,5,18,6,0
32,30.0,29,971.5,10.08,0,0,0.0,2025,4,21,3,1,2
2,32.4,28,953.8,15.84,23,0,0.0,2020,10,20,14,5,1
9,16.9,52,1006.8,37.8,13,0,0.0,2010,12,11,3,2,3
46,20.1,99,926.6,29.88,100,1,0.0,2006,6,3,0,2,0
7,22.6,74,914.6,71.28,100,1,0.0,1997,8,9,9,2,0
29,31.4,68,1006.0,53.28,55,0,0.0,2008,4,23,13,6,2
12,19.2,37,995.4,36.0,0,0,0.0,1997,1,8,13,6,3
37,20.2,44,999.9,38.88,0,0,0.0,2026,2,9,22,1,3
5,25.4,34,943.8,38.52,0,0,0.0,2015,2,26,20,4,3
46,20.8,85,926.2,16.92,69,1,0.0,2023,4,5,0,6,2
12,29.1,36,983.6,28.8,0,0,0.0,2011,10,17,17,1,1
16,25.1,87,950.0,39.24,96,1,0.0,1998,7,23,7,4,0
41,33.9,36,1004.4,54.36,0,0,0.0,2004,3,22,15,1,2
18,31.9,55,953.1,24.84,33,0,0.0,2021,8,29,16,3,0
12,13.9,71,991.4,32.76,4,0,0.0,2012,1,8,18,3,3
19,17.1,66,987.9,47.16,5,0,0.0,2009,1,5,0,1,3
7,19.0,90,912.4,30.24,2,0,0.0,2025,10,31,1,0,1
23,24.5,89,985.0,44.64,100,2,0.5,2001,7,9,6,1,0
39,18.6,51,947.2,29.88,0,0,0.0,2019,1,19,4,2,3
2,14.2,44,961.3,27.36,0,0,0.0,2003,12,17,19,6,3
21,30.0,50,955.8,75.6,100,1,0.0,2001,6,29,11,0,0
17,16.6,99,896.8,18.0,74,1,0.0,2011,11,5,6,2,1
41,30.5,75,1002.7,132.48,0,0,0.0,2016,5,23,18,1,2
32,39.3,19,969.1,33.84,24,0,0.0,2006,6,14,14,6,0
43,25.4,94,1007.8,18.36,100,2,0.9,2012,10,24,19,6,1
37,24.5,69,998.2,26.28,100,1,0.0,1997,4,20,8,3,2
34,29.3,77,975.2,28.44,96,1,0.0,2001,7,13,19,0,0
43,26.6,82,1008.3,40.32,99,2,0.2,1999,9,3,14,0,1
16,29.2,33,956.8,36.36,86,1,0.0,2007,2,18,13,3,3
0,25.6,86,975.0,38.52,100,1,0.0,2004,7,22,21,4,0
15,21.2,92,938.5,72.0,100,2,0.1,1999,6,23,2,6,0
17,19.8,100,891.9,100.44,100,2,1.6,2017,8,28,18,1,0
6,23.3,7,991.9,59.76,0,0,0.0,2010,2,10,17,6,3
19,9.6,33,990.0,46.08,32,0,0.0,2008,1,2,3,6,3
45,32.4,47,973.7,52.2,100,1,0.0,1996,6,21,12,0,0
41,29.9,74,1005.7,35.64,43,0,0.0,2014,10,8,19,6,1
18,27.8,22,969.1,39.6,0,0,0.0,2004,11,14,11,3,1
21,26.1,67,957.0,119.88,69,1,0.0,1997,8,4,9,1,0
19,35.1,11,976.1,12.96,0,0,0.0,2008,4,27,20,3,2
24,25.6,94,1009.0,30.96,100,2,0.4,2016,6,7,8,5,0
43,24.3,93,1006.0,11.16,100,2,0.3,2009,9,27,5,3,1
10,33.7,18,984.6,33.48,0,0,0.0,2016,10,16,18,3,1
36,24.2,88,942.6,43.2,96,2,0.2,2011,8,31,9,6,0
1,36.7,21,999.1,56.88,0,0,0.0,2010,3,31,16,6,2
21,18.6,68,961.1,29.52,0,0,0.0,2020,12,12,4,2,3
15,24.8,75,941.2,61.56,100,1,0.0,2007,10,28,9,3,1
23,30.0,68,989.7,31.32,100,1,0.0,1998,8,22,12,2,0
15,20.5,49,942.7,38.52,0,0,0.0,2023,2,3,0,0,3
5,29.3,61,938.0,54.72,95,1,0.0,2002,6,18,17,5,0
11,32.4,20,905.5,59.76,86,1,0.0,2010,3,12,13,0,2
25,31.0,26,947.4,45.36,53,0,0.0,2007,2,18,16,3,3
25,20.4,53,954.4,29.88,72,1,0.0,2002,12,13,1,0,3
11,32.8,28,900.7,20.88,0,0,0.0,2013,3,31,12,3,2
6,30.9,47,980.7,93.96,6,0,0.0,2012,5,17,0,4,2
36,24.9,72,951.0,18.72,1,0,0.0,2008,11,19,8,6,1
26,26.6,83,1007.9,24.84,87,1,0.0,2010,10,11,18,1,1
11,21.5,84,900.6,45.36,100,1,0.0,2024,8,9,9,0,0
4,30.4,79,996.2,16.92,27,0,0.0,2019,7,23,8,5,0
36,18.0,60,951.5,28.44,18,0,0.0,2010,1,30,1,2,3
10,28.3,72,975.7,61.56,44,0,0.0,2006,8,21,9,1,0
44,27.5,29,949.9,16.2,2,0,0.0,2020,3,2,12,1,2
44,21.8,42,946.4,30.24,100,1,0.0,2013,3,31,1,3,2
7,16.9,80,910.7,25.92,10,0,0.0,2001,11,1,2,4,1
42,26.9,56,1012.7,32.4,0,0,0.0,2015,2,22,9,3,3
35,24.4,93,960.3,39.24,100,2,2.0,2004,7,16,10,0,0
10,22.0,30,992.9,28.08,0,0,0.0,2002,1,1,17,5,3
17,23.8,76,896.1,27.36,94,2,0.2,2006,6,14,15,6,0
20,24.5,94,993.0,29.16,100,1,0.0,2025,8,14,2,4,0
30,18.5,82,1010.5,19.08,0,0,0.0,2016,12,26,5,1,3
15,25.6,71,941.9,11.88,100,2,0.2,1997,11,26,16,6,1
38,27.0,80,1001.8,40.32,0,0,0.0,2019,5,16,20,4,2
12,35.6,43,972.3,18.0,99,1,0.0,2013,6,14,17,0,0
1,26.6,90,999.5,55.44,100,2,0.4,2014,9,8,11,1,1
15,21.6,82,942.3,57.24,98,1,0.0,2005,11,23,1,6,1
25,27.1,46,947.5,25.92,100,1,0.0,2000,11,12,18,3,1
41,30.5,61,1006.1,53.28,71,1,0.0,2019,10,21,15,1,1
40,29.5,24,960.2,46.08,99,1,0.0,2016,1,13,13,6,3
8,26.3,93,1001.8,50.4,99,2,4.4,2008,7,3,12,4,0
34,9.4,76,991.0,36.36,0,0,0.0,2025,1,26,8,3,3
28,22.6,93,1009.3,12.96,12,0,0.0,1999,2,1,7,1,3
16,31.0,37,954.1,42.84,0,0,0.0,1996,5,20,8,1,2
42,24.4,96,1007.3,24.48,89,2,0.1,2024,8,19,21,1,0
11,17.8,100,897.6,9.72,100,1,0.0,2024,10,13,5,3,1
23,19.4,94,999.8,21.6,45,0,0.0,2003,12,1,5,1,3
24,24.4,95,1009.9,8.28,31,0,0.0,2002,11,26,1,5,1
11,20.6,82,898.5,3.6,1,0,0.0,2012,4,1,1,3,2
10,23.1,73,988.9,29.16,100,1,0.0,2019,11,15,16,0,1
41,27.0,34,1013.1,45.0,0,0,0.0,2008,2,25,11,1,3
19,30.7,63,973.6,58.32,8,0,0.0,2024,7,13,22,2,0
0,23.9,46,983.3,18.72,57,0,0.0,2023,3,7,2,5,2
36,20.0,55,948.7,28.44,0,0,0.0,2022,1,20,20,4,3
16,27.1,61,946.6,19.44,18,0,0.0,2018,5,28,3,1,2
31,23.1,90,926.6,21.24,99,1,0.0,2018,5,9,7,6,2
26,29.0,66,1007.9,48.24,100,1,0.0,2023,1,17,16,5,3
32,18.5,65,978.9,23.76,1,0,0.0,2002,12,7,1,2,3
27,28.2,78,974.0,36.72,59,0,0.0,2017,8,13,18,3,0
9,27.2,85,995.9,41.4,100,2,0.2,2019,7,7,1,3,0
38,25.0,92,994.8,53.64,100,2,1.2,1996,7,22,17,1,0
10,9.3,86,994.0,32.04,0,0,0.0,2015,2,10,7,5,3
15,21.5,98,937.1,84.6,100,2,1.0,2009,7,8,22,6,0
6,28.9,48,981.7,57.96,3,0,0.0,2000,5,6,4,2,2
2,26.1,23,956.8,56.16,0,0,0.0,2011,4,7,21,4,2
25,29.1,62,944.5,72.0,80,1,0.0,2016,6,17,13,0,0
7,24.9,51,913.2,38.52,3,0,0.0,2016,3,21,1,1,2
40,19.6,50,960.4,45.36,0,0,0.0,1999,12,7,0,5,3
1,19.4,37,1003.7,32.76,0,0,0.0,2001,2,14,0,6,3
40,25.2,77,955.4,72.0,99,1,0.0,1997,8,20,8,6,0
30,21.4,69,1009.9,28.8,3,0,0.0,2012,11,23,3,0,1
43,24.9,95,1004.6,26.28,100,2,2.2,2022,5,14,0,2,2
22,29.1,46,979.9,18.72,2,0,0.0,2024,3,20,17,6,2
24,24.5,87,1009.7,12.24,2,0,0.0,2023,12,28,4,4,3
19,20.2,35,984.1,9.36,0,0,0.0,2025,3,8,7,2,2
28,24.3,91,1009.0,15.12,100,2,0.1,2013,10,12,1,2,1
38,26.4,62,1002.1,39.24,84,1,0.0,2023,11,20,4,1,1
35,23.5,95,963.8,23.76,100,2,1.2,2012,10,2,0,5,1
30,24.1,72,1010.2,31.68,0,0,0.0,2013,12,7,1,2,3
24,26.3,93,1011.1,13.68,94,2,1.2,2019,11,8,20,0,1
9,27.2,88,1006.9,29.16,100,1,0.0,2024,10,14,0,1,1
12,23.5,68,986.9,24.84,12,0,0.0,2006,10,18,1,6,1
21,23.8,78,959.8,42.84,100,1,0.0,2005,10,28,23,0,1
17,22.5,85,898.0,61.56,100,2,0.1,2006,6,26,11,1,0
30,27.4,73,1009.2,27.36,64,1,0.0,2008,5,8,7,4,2
32,27.1,81,972.9,33.12,46,0,0.0,2024,10,2,22,6,1
9,27.2,84,1001.6,45.0,97,1,0.0,2011,7,28,23,4,0
30,24.5,88,1009.9,16.56,55,0,0.0,1996,11,9,2,2,1
13,23.8,61,928.3,45.36,6,0,0.0,2001,3,22,22,4,2
34,25.2,97,975.7,14.4,100,2,0.2,2006,7,27,4,4,0
19,41.8,15,979.9,56.88,17,0,0.0,2018,5,14,13,1,2
6,21.7,23,990.8,33.84,0,0,0.0,2012,1,27,18,0,3
39,28.7,30,947.7,50.76,86,1,0.0,2001,1,21,12,3,3
0,33.1,17,975.7,32.04,0,0,0.0,2003,5,6,21,5,2
4,22.6,80,1005.5,23.04,0,0,0.0,2005,10,8,5,2,1
26,30.6,57,1008.2,24.48,33,0,0.0,2004,12,4,14,2,3
12,30.3,26,981.2,4.68,0,0,0.0,2025,4,6,20,3,2
17,21.2,90,897.5,16.92,57,2,0.1,2018,11,12,17,1,1
19,20.9,25,991.8,36.72,93,1,0.0,2002,2,14,19,4,3
33,18.2,41,949.5,21.24,0,0,0.0,2023,2,15,8,6,3
30,33.2,43,1005.2,57.96,0,0,0.0,2016,3,23,17,6,2
22,29.4,24,980.7,33.84,1,0,0.0,2012,3,14,20,6,2
34,25.2,61,987.7,14.76,0,0,0.0,2008,10,12,0,3,1
1,30.6,75,992.4,44.64,0,0,0.0,2025,5,30,21,0,2
28,25.2,88,1008.2,33.12,43,0,0.0,2022,9,28,22,6,1
0,28.5,43,985.9,27.72,0,0,0.0,2004,12,25,12,2,3
26,27.1,79,1011.6,27.72,24,0,0.0,2009,10,11,9,3,1
2,18.6,57,964.1,47.88,43,0,0.0,2015,1,21,10,6,3
28,24.4,94,1007.9,19.44,100,2,0.5,2007,7,22,8,3,0
41,26.9,90,998.7,81.0,69,2,0.4,2003,7,26,9,2,0
10,9.5,40,995.3,41.4,0,0,0.0,2002,2,10,9,3,3
0,32.8,17,982.6,18.72,0,0,0.0,2006,2,12,14,3,3
2,33.3,17,954.1,70.2,0,0,0.0,2003,10,11,14,2,1
42,26.7,90,1010.0,17.28,68,1,0.0,2013,4,26,22,0,2
11,19.6,97,897.9,66.96,100,1,0.0,2023,7,1,5,2,0
14,18.7,56,1001.0,12.6,30,0,0.0,2001,12,29,13,2,3
11,21.3,88,901.0,22.32,53,2,0.3,2021,4,21,7,6,2
25,27.0,58,946.6,34.56,0,0,0.0,2024,4,27,23,2,2
24,30.0,68,1009.2,19.44,24,0,0.0,1998,1,23,13,0,3
0,30.1,65,970.7,34.92,94,2,0.3,1998,7,12,17,3,0
10,8.4,73,988.1,46.44,0,0,0.0,1996,1,11,7,4,3
45,39.6,17,969.5,29.16,0,0,0.0,2012,6,2,18,2,0
33,26.8,26,946.1,29.16,0,0,0.0,2013,12,9,13,1,3
29,27.6,73,1007.4,47.88,1,0,0.0,2008,3,7,19,0,2
31,23.2,82,928.7,41.04,98,1,0.0,2010,6,21,8,1,0
29,27.6,86,1006.5,1.8,98,1,0.0,2014,5,20,22,5,2
24,23.4,91,1008.6,9.72,53,0,0.0,2010,12,27,3,1,3
33,20.5,35,948.2,54.36,29,0,0.0,2008,11,27,21,4,1
44,13.4,38,947.4,33.84,0,0,0.0,2025,2,2,5,3,3
6,35.0,38,981.0,39.24,2,0,0.0,2001,5,22,21,5,2
22,25.0,74,983.2,54.72,62,1,0.0,2018,12,9,8,3,3
6,20.5,47,991.6,51.48,0,0,0.0,2011,3,7,3,1,2
15,22.4,93,939.9,45.36,98,1,0.0,2017,8,8,23,5,0
31,23.0,81,927.5,54.36,100,1,0.0,2013,8,5,10,1,0
9,20.0,61,1012.0,44.28,86,1,0.0,2008,1,14,1,1,3
46,19.1,99,925.9,15.84,94,1,0.0,2013,8,30,5,0,0
2,38.8,25,942.0,53.64,29,0,0.0,2018,6,8,18,0,0
1,26.5,83,998.6,45.72,97,2,0.4,2000,8,19,9,2,0
12,26.0,96,974.5,11.88,100,1,0.0,2004,8,9,2,1,0
34,9.0,79,993.3,34.2,0,0,0.0,1998,1,23,23,0,3
32,33.7,34,967.0,24.48,24,0,0.0,2009,5,21,21,4,2
42,25.4,90,1008.6,36.0,100,1,0.0,1998,6,7,6,3,0
7,26.0,69,912.9,30.24,97,1,0.0,2005,9,28,11,6,1
2,28.5,57,957.4,64.08,0,0,0.0,2009,9,13,9,3,1
6,26.2,95,978.0,46.08,100,2,1.5,2020,8,8,6,2,0
38,24.1,73,1001.5,14.76,0,0,0.0,2018,3,3,0,2,2
46,20.6,100,926.5,27.72,100,2,1.1,2012,6,27,19,6,0
27,9.9,74,980.1,17.28,0,0,0.0,2011,1,13,5,4,3
19,19.8,50,989.2,43.92,0,0,0.0,1998,12,30,20,6,3
35,24.8,36,968.1,22.32,0,0,0.0,2015,2,15,21,3,3
6,24.2,22,995.4,31.32,0,0,0.0,2007,12,20,12,4,3
6,13.8,83,987.9,39.24,0,0,0.0,2013,2,16,22,2,3
36,30.0,18,950.6,32.04,0,0,0.0,2018,2,1,15,4,3
25,19.8,61,947.6,32.4,0,0,0.0,2009,2,14,2,2,3
21,23.5,50,963.9,41.04,13,0,0.0,1999,2,7,0,3,3
17,22.7,71,898.8,40.32,95,2,0.2,2008,7,10,11,4,0
1,31.9,59,1001.3,43.92,46,0,0.0,2010,6,8,10,5,0
17,25.3,24,897.6,15.48,1,0,0.0,2009,2,17,18,5,3
8,35.5,49,1000.7,48.6,11,0,0.0,2017,6,1,10,4,0
6,26.0,84,978.2,53.28,90,2,0.4,2014,8,6,7,6,0
35,21.1,77,969.3,25.56,1,0,0.0,1997,12,4,0,4,3
33,27.2,45,951.2,49.68,48,0,0.0,2023,1,5,13,4,3
9,31.6,65,998.4,52.56,46,2,0.1,2020,6,21,18,3,0
20,21.2,54,1001.1,29.52,0,0,0.0,2025,3,2,3,3,2
24,29.4,78,1009.5,31.32,35,0,0.0,2018,4,25,11,6,2
4,21.6,32,1010.8,38.52,0,0,0.0,2008,2,26,9,5,3
34,20.9,44,990.7,35.64,0,0,0.0,2010,2,14,11,3,3
15,25.3,71,940.1,54.36,100,2,0.2,2000,9,6,11,6,1
15,22.2,96,939.3,30.24,96,1,0.0,1998,9,5,2,2,1
36,20.8,57,951.4,16.92,5,0,0.0,2026,1,17,0,2,3
20,22.1,55,1004.7,55.8,0,0,0.0,2024,1,7,20,3,3
39,24.9,72,946.2,31.32,99,1,0.0,2007,10,18,18,4,1
38,27.7,53,1003.0,33.12,0,0,0.0,1998,11,25,18,6,1
43,28.6,73,1007.1,65.16,100,2,0.1,2007,6,26,11,5,0
0,25.5,52,975.5,25.56,16,0,0.0,1996,4,10,4,6,2
34,26.4,92,976.1,41.76,33,0,0.0,2023,7,6,4,4,0
39,29.0,49,947.9,43.92,2,0,0.0,2000,5,13,10,2,2
45,33.2,48,977.2,12.24,27,0,0.0,2008,3,30,14,3,2
22,35.8,19,979.1,27.36,7,0,0.0,2005,2,28,15,1,3
28,25.3,84,1011.1,15.84,13,0,0.0,1999,11,10,20,6,1
19,9.1,65,994.1,46.8,0,0,0.0,2013,1,21,1,1,3
13,24.8,77,926.5,77.04,87,2,0.1,1996,6,21,16,0,0
4,23.3,61,1010.3,23.4,0,0,0.0,2026,2,10,19,5,3
1,23.3,46,1009.1,28.08,0,0,0.0,2012,11,19,9,1,1
37,31.0,61,990.3,96.84,97,1,0.0,2023,8,13,12,3,0
3,27.8,70,968.9,71.64,68,2,0.1,2006,7,24,10,1,0
42,26.3,76,1008.9,41.76,57,0,0.0,2011,5,13,7,0,2
17,21.5,90,900.4,10.44,91,1,0.0,2016,4,20,23,6,2
37,27.8,75,994.9,55.08,36,0,0.0,1997,8,10,9,3,0
19,27.5,82,974.7,57.6,99,2,0.2,2001,7,17,19,5,0
30,25.1,85,1006.1,9.36,35,0,0.0,2004,4,19,3,1,2
21,28.9,62,954.0,88.2,90,1,0.0,2006,8,12,12,2,0
23,31.3,72,990.5,1.8,100,1,0.0,2024,6,4,19,5,0
12,30.5,63,977.6,80.64,1,0,0.0,2008,8,28,9,4,0
7,14.3,82,913.7,27.36,1,0,0.0,2013,2,1,6,0,3
44,35.5,23,944.2,38.88,84,2,0.8,2012,5,19,17,2,2
12,30.7,73,981.6,7.92,26,0,0.0,1997,9,13,13,2,1
0,22.9,56,980.6,24.48,18,0,0.0,2005,3,1,2,5,2
17,18.3,89,900.1,32.76,77,1,0.0,2018,2,12,1,1,3
29,23.0,81,1006.8,23.4,94,1,0.0,2013,2,13,7,6,3
8,31.6,52,1007.6,12.96,0,0,0.0,2007,4,15,9,3,2
39,22.9,82,945.1,10.44,12,0,0.0,2001,4,5,3,4,2
23,35.6,33,989.5,27.36,44,0,0.0,2025,5,8,16,4,2
12,28.5,79,974.5,33.12,98,1,0.0,2004,8,6,22,0,0
36,26.9,29,954.0,12.24,3,0,0.0,1997,2,26,9,6,3
38,24.5,62,1006.8,26.28,0,0,0.0,2004,2,8,22,3,3
28,25.3,81,1008.4,13.32,60,1,0.0,2000,3,6,6,1,2
16,29.3,61,950.4,43.2,100,1,0.0,2009,8,12,13,6,0
19,28.9,67,982.9,67.32,53,2,0.6,1997,6,4,16,6,0
10,32.1,42,974.9,92.16,0,0,0.0,2008,5,17,1,2,2
27,21.4,67,982.9,31.68,0,0,0.0,2010,11,19,19,0,1
12,16.8,64,987.3,37.8,0,0,0.0,2003,10,13,7,1,1
22,24.9,91,975.5,23.4,85,2,0.4,2003,9,27,20,2,1
8,26.0,53,1009.9,29.52,0,0,0.0,2011,3,5,9,2,2
46,20.3,100,928.2,21.24,90,2,0.6,1997,8,17,21,3,0
25,22.1,98,945.0,37.8,100,2,0.3,2007,9,18,7,5,1
6,11.3,39,993.7,55.08,0,0,0.0,2003,12,26,1,0,3
32,38.9,9,972.2,34.92,0,0,0.0,2000,3,30,15,4,2
29,28.1,77,1006.2,13.68,74,1,0.0,2006,5,17,3,6,2
24,24.2,91,1012.4,28.8,100,1,0.0,2023,1,10,1,5,3
4,29.0,42,1005.6,15.84,0,0,0.0,2011,2,5,17,2,3
8,26.4,94,997.3,60.84,100,2,1.5,2010,8,2,13,1,0
38,27.3,75,1001.4,52.2,72,2,0.9,2002,9,21,15,2,1
34,26.0,39,988.7,37.8,38,0,0.0,2010,2,25,11,4,3
20,31.6,69,988.7,92.16,68,1,0.0,1997,6,26,13,4,0
9,30.1,81,1003.2,50.04,85,2,0.1,2023,9,21,13,4,1
30,25.7,56,1011.0,29.88,0,0,0.0,2005,2,23,18,6,3
42,24.4,88,1008.5,16.92,99,1,0.0,2003,11,2,3,3,1
7,21.1,89,907.9,76.32,100,1,0.0,2015,6,19,8,0,0
41,27.4,47,1014.5,41.76,0,0,0.0,2020,11,29,9,3,1
46,30.0,34,930.3,58.68,6,0,0.0,2007,2,20,12,5,3
33,22.6,90,940.0,52.2,31,0,0.0,2005,6,5,4,3,0
8,27.5,88,999.8,54.0,37,2,0.1,2021,6,10,4,4,0
23,30.2,51,999.4,49.32,2,0,0.0,2023,11,27,11,1,1
37,18.8,49,1001.0,28.08,0,0,0.0,2022,2,9,23,6,3
19,29.3,66,971.2,82.08,100,1,0.0,2008,8,7,16,4,0
44,23.6,41,946.5,25.2,97,1,0.0,2024,4,12,2,0,2
40,21.1,42,959.3,36.36,0,0,0.0,2005,1,14,23,0,3
